filename,timestamp,mode,nsweeps,weighted_dbz,weather_class
NHB250801000007.RAWLTHU,2025-08-01 00:00:07,Long Range,4,26.2,Clear
NHB250801000303.RAWLTHY,2025-08-01 00:03:03,Short Range,8,26.23,Clear
NHB250801001007.RAWLTJ1,2025-08-01 00:10:07,Long Range,4,26.78,Clear
NHB250801001304.RAWLTJ5,2025-08-01 00:13:04,Short Range,8,28.87,Clear
NHB250801002008.RAWLTJ8,2025-08-01 00:20:08,Long Range,4,28.46,Clear
NHB250801002303.RAWLTJC,2025-08-01 00:23:03,Short Range,8,28.49,Clear
NHB250801003008.RAWLTJF,2025-08-01 00:30:08,Long Range,4,28.45,Clear
NHB250801003305.RAWLTJK,2025-08-01 00:33:05,Short Range,8,29.35,Clear
NHB250801004007.RAWLTJN,2025-08-01 00:40:07,Long Range,4,28.87,Clear
NHB250801004304.RAWLTJT,2025-08-01 00:43:04,Short Range,8,29.77,Clear
NHB250801005007.RAWLTJW,2025-08-01 00:50:07,Long Range,4,28.34,Clear
NHB250801005305.RAWLTK0,2025-08-01 00:53:05,Short Range,8,30.31,Light rain
NHB250801010009.RAWLTK3,2025-08-01 01:00:09,Long Range,4,28.14,Clear
NHB250801010304.RAWLTK7,2025-08-01 01:03:04,Short Range,8,31.12,Light rain
NHB250801011008.RAWLTKA,2025-08-01 01:10:08,Long Range,4,29.62,Clear
NHB250801011304.RAWLTKE,2025-08-01 01:13:04,Short Range,8,30.13,Light rain
NHB250801012008.RAWLTKH,2025-08-01 01:20:08,Long Range,4,29.14,Clear
NHB250801012304.RAWLTKM,2025-08-01 01:23:04,Short Range,8,29.66,Clear
NHB250801013008.RAWLTKR,2025-08-01 01:30:08,Long Range,4,29.94,Clear
NHB250801013304.RAWLTKV,2025-08-01 01:33:04,Short Range,8,30.96,Light rain
NHB250801014008.RAWLTKY,2025-08-01 01:40:08,Long Range,4,29.72,Clear
NHB250801014305.RAWLTL2,2025-08-01 01:43:05,Short Range,8,30.93,Light rain
NHB250801015008.RAWLTL5,2025-08-01 01:50:08,Long Range,4,29.15,Clear
NHB250801015303.RAWLTL9,2025-08-01 01:53:03,Short Range,8,30.82,Light rain
NHB250801020008.RAWLTLC,2025-08-01 02:00:08,Long Range,4,30.36,Light rain
NHB250801020304.RAWLTLG,2025-08-01 02:03:04,Short Range,8,30.03,Light rain
NHB250801021008.RAWLTLK,2025-08-01 02:10:08,Long Range,4,30.63,Light rain
NHB250801021304.RAWLTLP,2025-08-01 02:13:04,Short Range,8,30.95,Light rain
NHB250801022007.RAWLTLT,2025-08-01 02:20:07,Long Range,4,29.43,Clear
NHB250801022304.RAWLTLX,2025-08-01 02:23:04,Short Range,8,31.5,Light rain
NHB250801023009.RAWLTM0,2025-08-01 02:30:09,Long Range,4,30.63,Light rain
NHB250801023303.RAWLTM4,2025-08-01 02:33:03,Short Range,8,29.46,Clear
NHB250801024008.RAWLTM7,2025-08-01 02:40:08,Long Range,4,28.5,Clear
NHB250801024303.RAWLTMB,2025-08-01 02:43:03,Short Range,8,29.78,Clear
NHB250801025008.RAWLTME,2025-08-01 02:50:08,Long Range,4,28.93,Clear
NHB250801025304.RAWLTMJ,2025-08-01 02:53:04,Short Range,8,28.34,Clear
NHB250801030007.RAWLTMM,2025-08-01 03:00:07,Long Range,4,28.38,Clear
NHB250801030304.RAWLTMS,2025-08-01 03:03:04,Short Range,8,28.32,Clear
NHB250801031008.RAWLTMV,2025-08-01 03:10:08,Long Range,4,28.63,Clear
NHB250801031303.RAWLTMZ,2025-08-01 03:13:03,Short Range,8,28.71,Clear
NHB250801032008.RAWLTN2,2025-08-01 03:20:08,Long Range,4,28.59,Clear
NHB250801032303.RAWLTN6,2025-08-01 03:23:03,Short Range,8,28.25,Clear
NHB250801033008.RAWLTN9,2025-08-01 03:30:08,Long Range,4,28.79,Clear
NHB250801033304.RAWLTND,2025-08-01 03:33:04,Short Range,8,27.18,Clear
NHB250801034007.RAWLTNG,2025-08-01 03:40:07,Long Range,4,28.18,Clear
NHB250801034303.RAWLTNL,2025-08-01 03:43:03,Short Range,8,29.05,Clear
NHB250801035007.RAWLTNP,2025-08-01 03:50:07,Long Range,4,32.25,Light rain
NHB250801035305.RAWLTNU,2025-08-01 03:53:05,Short Range,8,32.61,Light rain
NHB250801040008.RAWLTNX,2025-08-01 04:00:08,Long Range,4,32.66,Light rain
NHB250801040304.RAWLTP1,2025-08-01 04:03:04,Short Range,8,32.32,Light rain
NHB250801041007.RAWLTP4,2025-08-01 04:10:07,Long Range,4,30.52,Light rain
NHB250801041303.RAWLTP8,2025-08-01 04:13:03,Short Range,8,30.83,Light rain
NHB250801042008.RAWLTPB,2025-08-01 04:20:08,Long Range,4,30.94,Light rain
NHB250801042304.RAWLTPF,2025-08-01 04:23:04,Short Range,8,30.92,Light rain
NHB250801043008.RAWLTPJ,2025-08-01 04:30:08,Long Range,4,31.89,Light rain
NHB250801043303.RAWLTPN,2025-08-01 04:33:03,Short Range,8,29.12,Clear
NHB250801044008.RAWLTPS,2025-08-01 04:40:08,Long Range,4,30.02,Light rain
NHB250801044304.RAWLTPW,2025-08-01 04:43:04,Short Range,8,30.43,Light rain
NHB250801045008.RAWLTPZ,2025-08-01 04:50:08,Long Range,4,29.82,Clear
NHB250801045303.RAWLTR3,2025-08-01 04:53:03,Short Range,8,29.27,Clear
NHB250801050008.RAWLTR6,2025-08-01 05:00:08,Long Range,4,28.51,Clear
NHB250801050303.RAWLTRA,2025-08-01 05:03:03,Short Range,8,29.65,Clear
NHB250801051007.RAWLTRD,2025-08-01 05:10:07,Long Range,4,28.99,Clear
NHB250801051303.RAWLTRH,2025-08-01 05:13:03,Short Range,8,29.97,Clear
NHB250801052008.RAWLTRL,2025-08-01 05:20:08,Long Range,4,31.52,Light rain
NHB250801052303.RAWLTRR,2025-08-01 05:23:03,Short Range,8,35.09,Light rain
NHB250801053008.RAWLTRU,2025-08-01 05:30:08,Long Range,4,31.61,Light rain
NHB250801053303.RAWLTRY,2025-08-01 05:33:03,Short Range,8,35.75,Light rain
NHB250801054008.RAWLTS1,2025-08-01 05:40:08,Long Range,4,34.66,Light rain
NHB250801054303.RAWLTS5,2025-08-01 05:43:03,Short Range,8,35.63,Light rain
NHB250801055008.RAWLTS8,2025-08-01 05:50:08,Long Range,4,32.99,Light rain
NHB250801055303.RAWLTSC,2025-08-01 05:53:03,Short Range,8,34.7,Light rain
NHB250801060008.RAWLTSF,2025-08-01 06:00:08,Long Range,4,33.02,Light rain
NHB250801060303.RAWLTSK,2025-08-01 06:03:03,Short Range,8,34.89,Light rain
NHB250801061008.RAWLTSN,2025-08-01 06:10:08,Long Range,4,33.4,Light rain
NHB250801061303.RAWLTST,2025-08-01 06:13:03,Short Range,8,37.04,Light rain
NHB250801062008.RAWLTSW,2025-08-01 06:20:08,Long Range,4,37.07,Light rain
NHB250801062303.RAWLTT0,2025-08-01 06:23:03,Short Range,8,39.47,Light rain
NHB250801063007.RAWLTT3,2025-08-01 06:30:07,Long Range,4,37.95,Light rain
NHB250801063304.RAWLTT7,2025-08-01 06:33:04,Short Range,8,41.08,Moderate rain
NHB250801064008.RAWLTTA,2025-08-01 06:40:08,Long Range,4,38.88,Light rain
NHB250801064303.RAWLTTE,2025-08-01 06:43:03,Short Range,8,41.9,Moderate rain
NHB250801065008.RAWLTTH,2025-08-01 06:50:08,Long Range,4,41.81,Moderate rain
NHB250801065303.RAWLTTM,2025-08-01 06:53:03,Short Range,8,43.5,Moderate rain
NHB250801070008.RAWLTTR,2025-08-01 07:00:08,Long Range,4,41.33,Moderate rain
NHB250801070304.RAWLTTV,2025-08-01 07:03:04,Short Range,8,42.83,Moderate rain
NHB250801071007.RAWLTTY,2025-08-01 07:10:07,Long Range,4,42.01,Moderate rain
NHB250801071303.RAWLTU2,2025-08-01 07:13:03,Short Range,8,43.77,Moderate rain
NHB250801072008.RAWLTU5,2025-08-01 07:20:08,Long Range,4,41.37,Moderate rain
NHB250801072303.RAWLTU9,2025-08-01 07:23:03,Short Range,8,41.18,Moderate rain
NHB250801073008.RAWLTUC,2025-08-01 07:30:08,Long Range,4,41.63,Moderate rain
NHB250801073303.RAWLTUG,2025-08-01 07:33:03,Short Range,8,45.19,Moderate rain
NHB250801074008.RAWLTUK,2025-08-01 07:40:08,Long Range,4,44.6,Moderate rain
NHB250801074304.RAWLTUP,2025-08-01 07:43:04,Short Range,8,44.65,Moderate rain
NHB250801075008.RAWLTUT,2025-08-01 07:50:08,Long Range,4,43.17,Moderate rain
NHB250801075304.RAWLTUX,2025-08-01 07:53:04,Short Range,8,42.92,Moderate rain
NHB250801080008.RAWLTV0,2025-08-01 08:00:08,Long Range,4,42.98,Moderate rain
NHB250801080303.RAWLTV4,2025-08-01 08:03:03,Short Range,8,42.54,Moderate rain
NHB250801081008.RAWLTV7,2025-08-01 08:10:08,Long Range,4,41.88,Moderate rain
NHB250801081304.RAWLTVB,2025-08-01 08:13:04,Short Range,8,41.76,Moderate rain
NHB250801082007.RAWLTVE,2025-08-01 08:20:07,Long Range,4,42.44,Moderate rain
NHB250801082304.RAWLTVJ,2025-08-01 08:23:04,Short Range,8,40.68,Moderate rain
NHB250801083008.RAWLTVM,2025-08-01 08:30:08,Long Range,4,40.18,Moderate rain
NHB250801083304.RAWLTVS,2025-08-01 08:33:04,Short Range,8,38.8,Light rain
NHB250801084008.RAWLTVV,2025-08-01 08:40:08,Long Range,4,41.46,Moderate rain
NHB250801084303.RAWLTVZ,2025-08-01 08:43:03,Short Range,8,39.56,Light rain
NHB250801085008.RAWLTW2,2025-08-01 08:50:08,Long Range,4,42.04,Moderate rain
NHB250801085303.RAWLTW6,2025-08-01 08:53:03,Short Range,8,38.4,Light rain
NHB250801090007.RAWLTW9,2025-08-01 09:00:07,Long Range,4,41.68,Moderate rain
NHB250801090303.RAWLTWD,2025-08-01 09:03:03,Short Range,8,38.6,Light rain
NHB250801091008.RAWLTWG,2025-08-01 09:10:08,Long Range,4,40.21,Moderate rain
NHB250801091304.RAWLTWL,2025-08-01 09:13:04,Short Range,8,37.22,Light rain
NHB250801092008.RAWLTWP,2025-08-01 09:20:08,Long Range,4,40.03,Moderate rain
NHB250801092303.RAWLTWU,2025-08-01 09:23:03,Short Range,8,37.87,Light rain
NHB250801093008.RAWLTWX,2025-08-01 09:30:08,Long Range,4,42.93,Moderate rain
NHB250801093303.RAWLTX1,2025-08-01 09:33:03,Short Range,8,40.84,Moderate rain
NHB250801094007.RAWLTX4,2025-08-01 09:40:07,Long Range,4,44.4,Moderate rain
NHB250801094304.RAWLTX8,2025-08-01 09:43:04,Short Range,8,42.8,Moderate rain
NHB250801095008.RAWLTXB,2025-08-01 09:50:08,Long Range,4,45.63,Moderate rain
NHB250801095303.RAWLTXF,2025-08-01 09:53:03,Short Range,8,45.12,Moderate rain
NHB250801100008.RAWLTXJ,2025-08-01 10:00:08,Long Range,4,46.91,Moderate rain
NHB250801100304.RAWLTXN,2025-08-01 10:03:04,Short Range,8,45.88,Moderate rain
NHB250801101008.RAWLTXS,2025-08-01 10:10:08,Long Range,4,47.16,Moderate rain
NHB250801101304.RAWLTXW,2025-08-01 10:13:04,Short Range,8,46.79,Moderate rain
NHB250801102008.RAWLTXZ,2025-08-01 10:20:08,Long Range,4,46.87,Moderate rain
NHB250801102303.RAWLTY3,2025-08-01 10:23:03,Short Range,8,47.95,Heavy rain
NHB250801103008.RAWLTY6,2025-08-01 10:30:08,Long Range,4,48.55,Heavy rain
NHB250801103305.RAWLTYA,2025-08-01 10:33:05,Short Range,8,48.71,Heavy rain
NHB250801104008.RAWLTYD,2025-08-01 10:40:08,Long Range,4,49.14,Heavy rain
NHB250801104303.RAWLTYH,2025-08-01 10:43:03,Short Range,8,47.8,Heavy rain
NHB250801105007.RAWLTYL,2025-08-01 10:50:07,Long Range,4,47.37,Moderate rain
NHB250801105304.RAWLTYR,2025-08-01 10:53:04,Short Range,8,46.7,Moderate rain
NHB250801110008.RAWLTYU,2025-08-01 11:00:08,Long Range,4,47.36,Moderate rain
NHB250801110304.RAWLTYY,2025-08-01 11:03:04,Short Range,8,44.3,Moderate rain
NHB250801111007.RAWLTZ1,2025-08-01 11:10:07,Long Range,4,45.49,Moderate rain
NHB250801111305.RAWLTZ5,2025-08-01 11:13:05,Short Range,8,39.71,Light rain
NHB250801112008.RAWLTZ8,2025-08-01 11:20:08,Long Range,4,44.93,Moderate rain
NHB250801112303.RAWLTZC,2025-08-01 11:23:03,Short Range,8,37.77,Light rain
NHB250801113008.RAWLTZF,2025-08-01 11:30:08,Long Range,4,44.05,Moderate rain
NHB250801113303.RAWLTZK,2025-08-01 11:33:03,Short Range,8,36.63,Light rain
NHB250801114009.RAWLTZN,2025-08-01 11:40:09,Long Range,4,40.86,Moderate rain
NHB250801114304.RAWLTZT,2025-08-01 11:43:04,Short Range,8,35.29,Light rain
NHB250801115008.RAWLTZW,2025-08-01 11:50:08,Long Range,4,37.2,Light rain
NHB250801115304.RAWLU00,2025-08-01 11:53:04,Short Range,8,35.05,Light rain
NHB250801120007.RAWLU03,2025-08-01 12:00:07,Long Range,4,36.67,Light rain
NHB250801120304.RAWLU07,2025-08-01 12:03:04,Short Range,8,35.47,Light rain
NHB250801121008.RAWLU0A,2025-08-01 12:10:08,Long Range,4,35.44,Light rain
NHB250801121304.RAWLU0E,2025-08-01 12:13:04,Short Range,8,35.32,Light rain
NHB250801122007.RAWLU0H,2025-08-01 12:20:07,Long Range,4,34.48,Light rain
NHB250801122303.RAWLU0M,2025-08-01 12:23:03,Short Range,8,34.03,Light rain
NHB250801123008.RAWLU0R,2025-08-01 12:30:08,Long Range,4,34.29,Light rain
NHB250801123304.RAWLU0V,2025-08-01 12:33:04,Short Range,8,33.33,Light rain
NHB250801124008.RAWLU0Y,2025-08-01 12:40:08,Long Range,4,33.21,Light rain
NHB250801124304.RAWLU12,2025-08-01 12:43:04,Short Range,8,32.83,Light rain
NHB250801125009.RAWLU15,2025-08-01 12:50:09,Long Range,4,33.51,Light rain
NHB250801125304.RAWLU19,2025-08-01 12:53:04,Short Range,8,32.37,Light rain
NHB250801130008.RAWLU1C,2025-08-01 13:00:08,Long Range,4,33.73,Light rain
NHB250801130303.RAWLU1G,2025-08-01 13:03:03,Short Range,8,31.74,Light rain
NHB250801131008.RAWLU1K,2025-08-01 13:10:08,Long Range,4,33.46,Light rain
NHB250801131304.RAWLU1P,2025-08-01 13:13:04,Short Range,8,31.74,Light rain
NHB250801132007.RAWLU1T,2025-08-01 13:20:07,Long Range,4,32.76,Light rain
NHB250801132304.RAWLU1X,2025-08-01 13:23:04,Short Range,8,31.36,Light rain
NHB250801133008.RAWLU20,2025-08-01 13:30:08,Long Range,4,33.82,Light rain
NHB250801133303.RAWLU24,2025-08-01 13:33:03,Short Range,8,32.93,Light rain
NHB250801134008.RAWLU27,2025-08-01 13:40:08,Long Range,4,34.45,Light rain
NHB250801134303.RAWLU2B,2025-08-01 13:43:03,Short Range,8,32.7,Light rain
NHB250801135008.RAWLU2E,2025-08-01 13:50:08,Long Range,4,35.11,Light rain
NHB250801135303.RAWLU2J,2025-08-01 13:53:03,Short Range,8,30.95,Light rain
NHB250801140008.RAWLU2M,2025-08-01 14:00:08,Long Range,4,35.06,Light rain
NHB250801140303.RAWLU2S,2025-08-01 14:03:03,Short Range,8,28.18,Clear
NHB250801141008.RAWLU2V,2025-08-01 14:10:08,Long Range,4,35.07,Light rain
NHB250801141303.RAWLU2Z,2025-08-01 14:13:03,Short Range,8,25.61,Clear
NHB250801142008.RAWLU32,2025-08-01 14:20:08,Long Range,4,34.89,Light rain
NHB250801142304.RAWLU36,2025-08-01 14:23:04,Short Range,8,25.24,Clear
NHB250801143007.RAWLU39,2025-08-01 14:30:07,Long Range,4,34.96,Light rain
NHB250801143304.RAWLU3D,2025-08-01 14:33:04,Short Range,8,25.67,Clear
NHB250801144008.RAWLU3G,2025-08-01 14:40:08,Long Range,4,35.71,Light rain
NHB250801144303.RAWLU3L,2025-08-01 14:43:03,Short Range,8,25.96,Clear
NHB250801145007.RAWLU3P,2025-08-01 14:50:07,Long Range,4,35.38,Light rain
NHB250801145303.RAWLU3U,2025-08-01 14:53:03,Short Range,8,27.58,Clear
NHB250801150007.RAWLU3X,2025-08-01 15:00:07,Long Range,4,34.59,Light rain
NHB250801150303.RAWLU41,2025-08-01 15:03:03,Short Range,8,26.27,Clear
NHB250801151008.RAWLU44,2025-08-01 15:10:08,Long Range,4,34.79,Light rain
NHB250801151304.RAWLU48,2025-08-01 15:13:04,Short Range,8,25.84,Clear
NHB250801152008.RAWLU4B,2025-08-01 15:20:08,Long Range,4,34.11,Light rain
NHB250801152303.RAWLU4F,2025-08-01 15:23:03,Short Range,8,24.97,Clear
NHB250801153008.RAWLU4J,2025-08-01 15:30:08,Long Range,4,32.9,Light rain
NHB250801153304.RAWLU4N,2025-08-01 15:33:04,Short Range,8,24.78,Clear
NHB250801154008.RAWLU4S,2025-08-01 15:40:08,Long Range,4,32.58,Light rain
NHB250801154303.RAWLU4W,2025-08-01 15:43:03,Short Range,8,23.82,Clear
NHB250801155007.RAWLU4Z,2025-08-01 15:50:07,Long Range,4,32.51,Light rain
NHB250801155305.RAWLU53,2025-08-01 15:53:05,Short Range,8,23.81,Clear
NHB250801160008.RAWLU56,2025-08-01 16:00:08,Long Range,4,32.29,Light rain
NHB250801160304.RAWLU5A,2025-08-01 16:03:04,Short Range,8,22.39,Clear
NHB250801161008.RAWLU5D,2025-08-01 16:10:08,Long Range,4,32.95,Light rain
NHB250801161303.RAWLU5H,2025-08-01 16:13:03,Short Range,8,23.18,Clear
NHB250801162007.RAWLU5L,2025-08-01 16:20:07,Long Range,4,32.73,Light rain
NHB250801162303.RAWLU5R,2025-08-01 16:23:03,Short Range,8,21.66,Clear
NHB250801163007.RAWLU5U,2025-08-01 16:30:07,Long Range,4,30.41,Light rain
NHB250801163305.RAWLU5Y,2025-08-01 16:33:05,Short Range,8,22.0,Clear
NHB250801164008.RAWLU61,2025-08-01 16:40:08,Long Range,4,30.76,Light rain
NHB250801164303.RAWLU65,2025-08-01 16:43:03,Short Range,8,22.2,Clear
NHB250801165009.RAWLU68,2025-08-01 16:50:09,Long Range,4,30.57,Light rain
NHB250801165303.RAWLU6C,2025-08-01 16:53:03,Short Range,8,22.41,Clear
NHB250801170008.RAWLU6F,2025-08-01 17:00:08,Long Range,4,29.12,Clear
NHB250801170304.RAWLU6K,2025-08-01 17:03:04,Short Range,8,23.41,Clear
NHB250801171008.RAWLU6N,2025-08-01 17:10:08,Long Range,4,27.39,Clear
NHB250801171303.RAWLU6T,2025-08-01 17:13:03,Short Range,8,22.53,Clear
NHB250801172008.RAWLU6W,2025-08-01 17:20:08,Long Range,4,27.52,Clear
NHB250801172303.RAWLU70,2025-08-01 17:23:03,Short Range,8,22.51,Clear
NHB250801173007.RAWLU73,2025-08-01 17:30:07,Long Range,4,24.81,Clear
NHB250801173303.RAWLU77,2025-08-01 17:33:03,Short Range,8,21.85,Clear
NHB250801174007.RAWLU7A,2025-08-01 17:40:07,Long Range,4,25.32,Clear
NHB250801174303.RAWLU7E,2025-08-01 17:43:03,Short Range,8,21.52,Clear
NHB250801175008.RAWLU7H,2025-08-01 17:50:08,Long Range,4,24.54,Clear
NHB250801175304.RAWLU7M,2025-08-01 17:53:04,Short Range,8,21.35,Clear
NHB250801180009.RAWLU7R,2025-08-01 18:00:09,Long Range,4,26.03,Clear
NHB250801180303.RAWLU7V,2025-08-01 18:03:03,Short Range,8,21.01,Clear
NHB250801181008.RAWLU7Y,2025-08-01 18:10:08,Long Range,4,22.69,Clear
NHB250801181303.RAWLU82,2025-08-01 18:13:03,Short Range,8,21.6,Clear
NHB250801182007.RAWLU85,2025-08-01 18:20:07,Long Range,4,24.05,Clear
NHB250801182303.RAWLU89,2025-08-01 18:23:03,Short Range,8,21.54,Clear
NHB250801183008.RAWLU8C,2025-08-01 18:30:08,Long Range,4,25.5,Clear
NHB250801183303.RAWLU8G,2025-08-01 18:33:03,Short Range,8,20.94,Clear
NHB250801184008.RAWLU8K,2025-08-01 18:40:08,Long Range,4,24.04,Clear
NHB250801184304.RAWLU8P,2025-08-01 18:43:04,Short Range,8,21.1,Clear
NHB250801185008.RAWLU8T,2025-08-01 18:50:08,Long Range,4,24.56,Clear
NHB250801185304.RAWLU8X,2025-08-01 18:53:04,Short Range,8,21.32,Clear
NHB250801190008.RAWLU90,2025-08-01 19:00:08,Long Range,4,23.47,Clear
NHB250801190304.RAWLU94,2025-08-01 19:03:04,Short Range,8,20.67,Clear
NHB250801191008.RAWLU97,2025-08-01 19:10:08,Long Range,4,25.08,Clear
NHB250801191303.RAWLU9B,2025-08-01 19:13:03,Short Range,8,21.1,Clear
NHB250801192008.RAWLU9E,2025-08-01 19:20:08,Long Range,4,25.29,Clear
NHB250801192303.RAWLU9J,2025-08-01 19:23:03,Short Range,8,21.3,Clear
NHB250801193007.RAWLU9M,2025-08-01 19:30:07,Long Range,4,25.56,Clear
NHB250801193303.RAWLU9S,2025-08-01 19:33:03,Short Range,8,21.6,Clear
NHB250801194007.RAWLU9V,2025-08-01 19:40:07,Long Range,4,26.33,Clear
NHB250801194304.RAWLU9Z,2025-08-01 19:43:04,Short Range,8,22.31,Clear
NHB250801195008.RAWLUA2,2025-08-01 19:50:08,Long Range,4,28.36,Clear
NHB250801195305.RAWLUA6,2025-08-01 19:53:05,Short Range,8,23.03,Clear
NHB250801200008.RAWLUA9,2025-08-01 20:00:08,Long Range,4,27.26,Clear
NHB250801200303.RAWLUAD,2025-08-01 20:03:03,Short Range,8,22.91,Clear
NHB250801201008.RAWLUAG,2025-08-01 20:10:08,Long Range,4,28.56,Clear
NHB250801201304.RAWLUAL,2025-08-01 20:13:04,Short Range,8,23.45,Clear
NHB250801202008.RAWLUAP,2025-08-01 20:20:08,Long Range,4,28.34,Clear
NHB250801202303.RAWLUAU,2025-08-01 20:23:03,Short Range,8,24.78,Clear
NHB250801203008.RAWLUAX,2025-08-01 20:30:08,Long Range,4,29.09,Clear
NHB250801203303.RAWLUB1,2025-08-01 20:33:03,Short Range,8,25.3,Clear
NHB250801204008.RAWLUB4,2025-08-01 20:40:08,Long Range,4,28.64,Clear
NHB250801204304.RAWLUB8,2025-08-01 20:43:04,Short Range,8,24.47,Clear
NHB250801205007.RAWLUBB,2025-08-01 20:50:07,Long Range,4,27.56,Clear
NHB250801205304.RAWLUBF,2025-08-01 20:53:04,Short Range,8,25.37,Clear
NHB250801210007.RAWLUBJ,2025-08-01 21:00:07,Long Range,4,27.78,Clear
NHB250801210303.RAWLUBN,2025-08-01 21:03:03,Short Range,8,25.91,Clear
NHB250801211008.RAWLUBS,2025-08-01 21:10:08,Long Range,4,27.77,Clear
NHB250801211303.RAWLUBW,2025-08-01 21:13:03,Short Range,8,23.64,Clear
NHB250801212007.RAWLUBZ,2025-08-01 21:20:07,Long Range,4,26.26,Clear
NHB250801212303.RAWLUC3,2025-08-01 21:23:03,Short Range,8,24.63,Clear
NHB250801213008.RAWLUC6,2025-08-01 21:30:08,Long Range,4,25.99,Clear
NHB250801213304.RAWLUCA,2025-08-01 21:33:04,Short Range,8,24.68,Clear
NHB250801214008.RAWLUCD,2025-08-01 21:40:08,Long Range,4,26.94,Clear
NHB250801214303.RAWLUCH,2025-08-01 21:43:03,Short Range,8,25.18,Clear
NHB250801215008.RAWLUCL,2025-08-01 21:50:08,Long Range,4,26.95,Clear
NHB250801215303.RAWLUCR,2025-08-01 21:53:03,Short Range,8,25.7,Clear
NHB250801220007.RAWLUCU,2025-08-01 22:00:07,Long Range,4,27.31,Clear
NHB250801220304.RAWLUCY,2025-08-01 22:03:04,Short Range,8,26.67,Clear
NHB250801221008.RAWLUD1,2025-08-01 22:10:08,Long Range,4,29.33,Clear
NHB250801221304.RAWLUD5,2025-08-01 22:13:04,Short Range,8,28.74,Clear
NHB250801222008.RAWLUD8,2025-08-01 22:20:08,Long Range,4,28.17,Clear
NHB250801222304.RAWLUDC,2025-08-01 22:23:04,Short Range,8,27.37,Clear
NHB250801223007.RAWLUDF,2025-08-01 22:30:07,Long Range,4,29.64,Clear
NHB250801223304.RAWLUDK,2025-08-01 22:33:04,Short Range,8,28.33,Clear
NHB250801224008.RAWLUDN,2025-08-01 22:40:08,Long Range,4,29.89,Clear
NHB250801224303.RAWLUDT,2025-08-01 22:43:03,Short Range,8,27.38,Clear
NHB250801225007.RAWLUDW,2025-08-01 22:50:07,Long Range,4,29.13,Clear
NHB250801225304.RAWLUE0,2025-08-01 22:53:04,Short Range,8,26.37,Clear
NHB250801230007.RAWLUE3,2025-08-01 23:00:07,Long Range,4,30.15,Light rain
NHB250801230303.RAWLUE7,2025-08-01 23:03:03,Short Range,8,26.58,Clear
NHB250801231007.RAWLUEA,2025-08-01 23:10:07,Long Range,4,28.99,Clear
NHB250801231304.RAWLUEE,2025-08-01 23:13:04,Short Range,8,26.82,Clear
NHB250801232008.RAWLUEH,2025-08-01 23:20:08,Long Range,4,27.37,Clear
NHB250801232303.RAWLUEM,2025-08-01 23:23:03,Short Range,8,25.13,Clear
NHB250801233008.RAWLUER,2025-08-01 23:30:08,Long Range,4,26.9,Clear
NHB250801233305.RAWLUEV,2025-08-01 23:33:05,Short Range,8,24.82,Clear
NHB250801234007.RAWLUEY,2025-08-01 23:40:07,Long Range,4,26.92,Clear
NHB250801234304.RAWLUF2,2025-08-01 23:43:04,Short Range,8,25.84,Clear
NHB250801235008.RAWLUF5,2025-08-01 23:50:08,Long Range,4,26.37,Clear
NHB250801235303.RAWLUF9,2025-08-01 23:53:03,Short Range,8,26.05,Clear
NHB250802000008.RAWLUFC,2025-08-02 00:00:08,Long Range,4,27.48,Clear
NHB250802000303.RAWLUFG,2025-08-02 00:03:03,Short Range,8,25.55,Clear
NHB250802001007.RAWLUFK,2025-08-02 00:10:07,Long Range,4,28.79,Clear
NHB250802001303.RAWLUFP,2025-08-02 00:13:03,Short Range,8,26.48,Clear
NHB250802002007.RAWLUFT,2025-08-02 00:20:07,Long Range,4,28.28,Clear
NHB250802002304.RAWLUFX,2025-08-02 00:23:04,Short Range,8,26.82,Clear
NHB250802003009.RAWLUG0,2025-08-02 00:30:09,Long Range,4,28.25,Clear
NHB250802003303.RAWLUG4,2025-08-02 00:33:03,Short Range,8,28.28,Clear
NHB250802004008.RAWLUG7,2025-08-02 00:40:08,Long Range,4,29.03,Clear
NHB250802004304.RAWLUGB,2025-08-02 00:43:04,Short Range,8,28.43,Clear
NHB250802005007.RAWLUGE,2025-08-02 00:50:07,Long Range,4,29.35,Clear
NHB250802005304.RAWLUGJ,2025-08-02 00:53:04,Short Range,8,29.54,Clear
NHB250802010007.RAWLUGM,2025-08-02 01:00:07,Long Range,4,30.99,Light rain
NHB250802010304.RAWLUGS,2025-08-02 01:03:04,Short Range,8,30.19,Light rain
NHB250802011008.RAWLUGV,2025-08-02 01:10:08,Long Range,4,30.44,Light rain
NHB250802011304.RAWLUGZ,2025-08-02 01:13:04,Short Range,8,30.43,Light rain
NHB250802012008.RAWLUH2,2025-08-02 01:20:08,Long Range,4,28.91,Clear
NHB250802012303.RAWLUH6,2025-08-02 01:23:03,Short Range,8,30.33,Light rain
NHB250802013008.RAWLUH9,2025-08-02 01:30:08,Long Range,4,31.22,Light rain
NHB250802013303.RAWLUHD,2025-08-02 01:33:03,Short Range,8,30.26,Light rain
NHB250802014008.RAWLUHG,2025-08-02 01:40:08,Long Range,4,28.89,Clear
NHB250802014304.RAWLUHL,2025-08-02 01:43:04,Short Range,8,29.83,Clear
NHB250802015008.RAWLUHP,2025-08-02 01:50:08,Long Range,4,28.13,Clear
NHB250802015304.RAWLUHU,2025-08-02 01:53:04,Short Range,8,28.46,Clear
NHB250802020007.RAWLUHX,2025-08-02 02:00:07,Long Range,4,28.11,Clear
NHB250802020303.RAWLUJ1,2025-08-02 02:03:03,Short Range,8,29.36,Clear
NHB250802021008.RAWLUJ4,2025-08-02 02:10:08,Long Range,4,27.55,Clear
NHB250802021304.RAWLUJ8,2025-08-02 02:13:04,Short Range,8,28.6,Clear
NHB250802022008.RAWLUJB,2025-08-02 02:20:08,Long Range,4,29.0,Clear
NHB250802022303.RAWLUJF,2025-08-02 02:23:03,Short Range,8,28.31,Clear
NHB250802023008.RAWLUJJ,2025-08-02 02:30:08,Long Range,4,28.13,Clear
NHB250802023303.RAWLUJN,2025-08-02 02:33:03,Short Range,8,27.94,Clear
NHB250802024008.RAWLUJS,2025-08-02 02:40:08,Long Range,4,27.75,Clear
NHB250802024303.RAWLUJW,2025-08-02 02:43:03,Short Range,8,27.94,Clear
NHB250802025008.RAWLUJZ,2025-08-02 02:50:08,Long Range,4,26.45,Clear
NHB250802025303.RAWLUK3,2025-08-02 02:53:03,Short Range,8,27.75,Clear
NHB250802030008.RAWLUK6,2025-08-02 03:00:08,Long Range,4,28.45,Clear
NHB250802030304.RAWLUKA,2025-08-02 03:03:04,Short Range,8,27.95,Clear
NHB250802031007.RAWLUKD,2025-08-02 03:10:07,Long Range,4,27.73,Clear
NHB250802031304.RAWLUKH,2025-08-02 03:13:04,Short Range,8,28.13,Clear
NHB250802032007.RAWLUKL,2025-08-02 03:20:07,Long Range,4,27.75,Clear
NHB250802032303.RAWLUKR,2025-08-02 03:23:03,Short Range,8,28.32,Clear
NHB250802033008.RAWLUKU,2025-08-02 03:30:08,Long Range,4,28.98,Clear
NHB250802033303.RAWLUKY,2025-08-02 03:33:03,Short Range,8,29.45,Clear
NHB250802034008.RAWLUL1,2025-08-02 03:40:08,Long Range,4,29.35,Clear
NHB250802034303.RAWLUL5,2025-08-02 03:43:03,Short Range,8,30.47,Light rain
NHB250802035008.RAWLUL8,2025-08-02 03:50:08,Long Range,4,29.7,Clear
NHB250802035304.RAWLULC,2025-08-02 03:53:04,Short Range,8,30.19,Light rain
NHB250802040008.RAWLULF,2025-08-02 04:00:08,Long Range,4,29.97,Clear
NHB250802040304.RAWLULK,2025-08-02 04:03:04,Short Range,8,30.71,Light rain
NHB250802041008.RAWLULN,2025-08-02 04:10:08,Long Range,4,29.76,Clear
NHB250802041304.RAWLULT,2025-08-02 04:13:04,Short Range,8,30.45,Light rain
NHB250802042009.RAWLULW,2025-08-02 04:20:09,Long Range,4,30.85,Light rain
NHB250802042303.RAWLUM0,2025-08-02 04:23:03,Short Range,8,31.67,Light rain
NHB250802043008.RAWLUM3,2025-08-02 04:30:08,Long Range,4,31.56,Light rain
NHB250802043303.RAWLUM7,2025-08-02 04:33:03,Short Range,8,32.28,Light rain
NHB250802044007.RAWLUMA,2025-08-02 04:40:07,Long Range,4,31.34,Light rain
NHB250802044304.RAWLUME,2025-08-02 04:43:04,Short Range,8,32.71,Light rain
NHB250802045008.RAWLUMH,2025-08-02 04:50:08,Long Range,4,31.93,Light rain
NHB250802045304.RAWLUMM,2025-08-02 04:53:04,Short Range,8,32.25,Light rain
NHB250802050007.RAWLUMR,2025-08-02 05:00:07,Long Range,4,31.39,Light rain
NHB250802050303.RAWLUMV,2025-08-02 05:03:03,Short Range,8,32.88,Light rain
NHB250802051008.RAWLUMY,2025-08-02 05:10:08,Long Range,4,34.8,Light rain
NHB250802051304.RAWLUN2,2025-08-02 05:13:04,Short Range,8,36.02,Light rain
NHB250802052007.RAWLUN5,2025-08-02 05:20:07,Long Range,4,36.35,Light rain
NHB250802052303.RAWLUN9,2025-08-02 05:23:03,Short Range,8,36.63,Light rain
NHB250802053008.RAWLUNC,2025-08-02 05:30:08,Long Range,4,36.01,Light rain
NHB250802053304.RAWLUNG,2025-08-02 05:33:04,Short Range,8,37.16,Light rain
NHB250802054008.RAWLUNK,2025-08-02 05:40:08,Long Range,4,34.49,Light rain
NHB250802054303.RAWLUNP,2025-08-02 05:43:03,Short Range,8,35.68,Light rain
NHB250802055007.RAWLUNT,2025-08-02 05:50:07,Long Range,4,33.0,Light rain
NHB250802055303.RAWLUNX,2025-08-02 05:53:03,Short Range,8,34.96,Light rain
NHB250802060009.RAWLUP0,2025-08-02 06:00:09,Long Range,4,33.14,Light rain
NHB250802060303.RAWLUP4,2025-08-02 06:03:03,Short Range,8,34.3,Light rain
NHB250802061007.RAWLUP7,2025-08-02 06:10:07,Long Range,4,33.45,Light rain
NHB250802061304.RAWLUPB,2025-08-02 06:13:04,Short Range,8,34.58,Light rain
NHB250802062008.RAWLUPE,2025-08-02 06:20:08,Long Range,4,32.39,Light rain
NHB250802062304.RAWLUPJ,2025-08-02 06:23:04,Short Range,8,33.18,Light rain
NHB250802063007.RAWLUPM,2025-08-02 06:30:07,Long Range,4,33.24,Light rain
NHB250802063303.RAWLUPS,2025-08-02 06:33:03,Short Range,8,35.29,Light rain
NHB250802064007.RAWLUPV,2025-08-02 06:40:07,Long Range,4,35.02,Light rain
NHB250802064304.RAWLUPZ,2025-08-02 06:43:04,Short Range,8,33.29,Light rain
NHB250802065007.RAWLUR2,2025-08-02 06:50:07,Long Range,4,35.0,Light rain
NHB250802065303.RAWLUR6,2025-08-02 06:53:03,Short Range,8,36.27,Light rain
NHB250802070008.RAWLUR9,2025-08-02 07:00:08,Long Range,4,36.5,Light rain
NHB250802070304.RAWLURD,2025-08-02 07:03:04,Short Range,8,37.32,Light rain
NHB250802071008.RAWLURG,2025-08-02 07:10:08,Long Range,4,38.53,Light rain
NHB250802071303.RAWLURL,2025-08-02 07:13:03,Short Range,8,40.19,Moderate rain
NHB250802072007.RAWLURP,2025-08-02 07:20:07,Long Range,4,40.26,Moderate rain
NHB250802072303.RAWLURU,2025-08-02 07:23:03,Short Range,8,40.0,Moderate rain
NHB250802073007.RAWLURX,2025-08-02 07:30:07,Long Range,4,39.54,Light rain
NHB250802073304.RAWLUS1,2025-08-02 07:33:04,Short Range,8,41.2,Moderate rain
NHB250802074007.RAWLUS4,2025-08-02 07:40:07,Long Range,4,40.25,Moderate rain
NHB250802074304.RAWLUS8,2025-08-02 07:43:04,Short Range,8,41.04,Moderate rain
NHB250802075008.RAWLUSB,2025-08-02 07:50:08,Long Range,4,40.77,Moderate rain
NHB250802075303.RAWLUSF,2025-08-02 07:53:03,Short Range,8,41.92,Moderate rain
NHB250802080008.RAWLUSJ,2025-08-02 08:00:08,Long Range,4,43.72,Moderate rain
NHB250802080304.RAWLUSN,2025-08-02 08:03:04,Short Range,8,40.96,Moderate rain
NHB250802081007.RAWLUSS,2025-08-02 08:10:07,Long Range,4,42.45,Moderate rain
NHB250802081303.RAWLUSW,2025-08-02 08:13:03,Short Range,8,42.14,Moderate rain
NHB250802082007.RAWLUSZ,2025-08-02 08:20:07,Long Range,4,41.76,Moderate rain
NHB250802082304.RAWLUT3,2025-08-02 08:23:04,Short Range,8,41.63,Moderate rain
NHB250802083007.RAWLUT6,2025-08-02 08:30:07,Long Range,4,40.86,Moderate rain
NHB250802083303.RAWLUTA,2025-08-02 08:33:03,Short Range,8,40.45,Moderate rain
NHB250802084007.RAWLUTD,2025-08-02 08:40:07,Long Range,4,40.42,Moderate rain
NHB250802084304.RAWLUTH,2025-08-02 08:43:04,Short Range,8,41.36,Moderate rain
NHB250802085007.RAWLUTL,2025-08-02 08:50:07,Long Range,4,43.02,Moderate rain
NHB250802085303.RAWLUTR,2025-08-02 08:53:03,Short Range,8,44.06,Moderate rain
NHB250802090008.RAWLUTU,2025-08-02 09:00:08,Long Range,4,44.66,Moderate rain
NHB250802090303.RAWLUTY,2025-08-02 09:03:03,Short Range,8,45.49,Moderate rain
NHB250802091008.RAWLUU1,2025-08-02 09:10:08,Long Range,4,45.01,Moderate rain
NHB250802091304.RAWLUU5,2025-08-02 09:13:04,Short Range,8,45.26,Moderate rain
NHB250802092007.RAWLUU8,2025-08-02 09:20:07,Long Range,4,44.95,Moderate rain
NHB250802092305.RAWLUUC,2025-08-02 09:23:05,Short Range,8,45.66,Moderate rain
NHB250802093008.RAWLUUF,2025-08-02 09:30:08,Long Range,4,45.23,Moderate rain
NHB250802093303.RAWLUUK,2025-08-02 09:33:03,Short Range,8,45.67,Moderate rain
NHB250802094008.RAWLUUN,2025-08-02 09:40:08,Long Range,4,46.59,Moderate rain
NHB250802094304.RAWLUUT,2025-08-02 09:43:04,Short Range,8,47.37,Moderate rain
NHB250802095008.RAWLUUW,2025-08-02 09:50:08,Long Range,4,48.03,Heavy rain
NHB250802095303.RAWLUV0,2025-08-02 09:53:03,Short Range,8,49.36,Heavy rain
NHB250802100008.RAWLUV3,2025-08-02 10:00:08,Long Range,4,48.86,Heavy rain
NHB250802100303.RAWLUV7,2025-08-02 10:03:03,Short Range,8,50.62,Heavy rain
NHB250802101008.RAWLUVA,2025-08-02 10:10:08,Long Range,4,48.99,Heavy rain
NHB250802101303.RAWLUVE,2025-08-02 10:13:03,Short Range,8,50.92,Heavy rain
NHB250802102008.RAWLUVH,2025-08-02 10:20:08,Long Range,4,51.12,Heavy rain
NHB250802102303.RAWLUVM,2025-08-02 10:23:03,Short Range,8,54.3,Heavy rain
NHB250802103007.RAWLUVR,2025-08-02 10:30:07,Long Range,4,52.61,Heavy rain
NHB250802103303.RAWLUVV,2025-08-02 10:33:03,Short Range,8,53.64,Heavy rain
NHB250802104007.RAWLUVY,2025-08-02 10:40:07,Long Range,4,52.63,Heavy rain
NHB250802104305.RAWLUW2,2025-08-02 10:43:05,Short Range,8,52.09,Heavy rain
NHB250802105008.RAWLUW5,2025-08-02 10:50:08,Long Range,4,51.06,Heavy rain
NHB250802105303.RAWLUW9,2025-08-02 10:53:03,Short Range,8,53.73,Heavy rain
NHB250802110007.RAWLUWC,2025-08-02 11:00:07,Long Range,4,52.99,Heavy rain
NHB250802110304.RAWLUWG,2025-08-02 11:03:04,Short Range,8,54.91,Heavy rain
NHB250802111008.RAWLUWK,2025-08-02 11:10:08,Long Range,4,52.45,Heavy rain
NHB250802111303.RAWLUWP,2025-08-02 11:13:03,Short Range,8,52.66,Heavy rain
NHB250802112008.RAWLUWT,2025-08-02 11:20:08,Long Range,4,51.22,Heavy rain
NHB250802112303.RAWLUWX,2025-08-02 11:23:03,Short Range,8,52.54,Heavy rain
NHB250802113007.RAWLUX0,2025-08-02 11:30:07,Long Range,4,51.61,Heavy rain
NHB250802113303.RAWLUX4,2025-08-02 11:33:03,Short Range,8,53.96,Heavy rain
NHB250802114008.RAWLUX7,2025-08-02 11:40:08,Long Range,4,50.24,Heavy rain
NHB250802114304.RAWLUXB,2025-08-02 11:43:04,Short Range,8,53.03,Heavy rain
NHB250802115008.RAWLUXE,2025-08-02 11:50:08,Long Range,4,46.92,Moderate rain
NHB250802115303.RAWLUXJ,2025-08-02 11:53:03,Short Range,8,51.42,Heavy rain
NHB250802120008.RAWLUXM,2025-08-02 12:00:08,Long Range,4,47.37,Moderate rain
NHB250802120303.RAWLUXS,2025-08-02 12:03:03,Short Range,8,51.31,Heavy rain
NHB250802121008.RAWLUXV,2025-08-02 12:10:08,Long Range,4,46.7,Moderate rain
NHB250802121304.RAWLUXZ,2025-08-02 12:13:04,Short Range,8,50.33,Heavy rain
NHB250802122007.RAWLUY2,2025-08-02 12:20:07,Long Range,4,46.11,Moderate rain
NHB250802122303.RAWLUY6,2025-08-02 12:23:03,Short Range,8,50.47,Heavy rain
NHB250802123008.RAWLUY9,2025-08-02 12:30:08,Long Range,4,47.21,Moderate rain
NHB250802123303.RAWLUYD,2025-08-02 12:33:03,Short Range,8,48.44,Heavy rain
NHB250802124008.RAWLUYG,2025-08-02 12:40:08,Long Range,4,43.99,Moderate rain
NHB250802124304.RAWLUYL,2025-08-02 12:43:04,Short Range,8,46.95,Moderate rain
NHB250802125008.RAWLUYP,2025-08-02 12:50:08,Long Range,4,42.73,Moderate rain
NHB250802125303.RAWLUYU,2025-08-02 12:53:03,Short Range,8,46.59,Moderate rain
NHB250802130007.RAWLUYX,2025-08-02 13:00:07,Long Range,4,41.59,Moderate rain
NHB250802130303.RAWLUZ1,2025-08-02 13:03:03,Short Range,8,42.45,Moderate rain
NHB250802131008.RAWLUZ4,2025-08-02 13:10:08,Long Range,4,38.45,Light rain
NHB250802131304.RAWLUZ8,2025-08-02 13:13:04,Short Range,8,37.72,Light rain
NHB250802132008.RAWLUZB,2025-08-02 13:20:08,Long Range,4,36.27,Light rain
NHB250802132304.RAWLUZF,2025-08-02 13:23:04,Short Range,8,35.49,Light rain
NHB250802133008.RAWLUZJ,2025-08-02 13:30:08,Long Range,4,34.83,Light rain
NHB250802133303.RAWLUZN,2025-08-02 13:33:03,Short Range,8,34.23,Light rain
NHB250802134008.RAWLUZS,2025-08-02 13:40:08,Long Range,4,33.87,Light rain
NHB250802134305.RAWLUZW,2025-08-02 13:43:05,Short Range,8,33.83,Light rain
NHB250802135008.RAWLUZZ,2025-08-02 13:50:08,Long Range,4,34.27,Light rain
NHB250802135303.RAWLV03,2025-08-02 13:53:03,Short Range,8,33.4,Light rain
NHB250802140008.RAWLV06,2025-08-02 14:00:08,Long Range,4,33.13,Light rain
NHB250802140303.RAWLV0A,2025-08-02 14:03:03,Short Range,8,33.0,Light rain
NHB250802141009.RAWLV0D,2025-08-02 14:10:09,Long Range,4,33.45,Light rain
NHB250802141304.RAWLV0H,2025-08-02 14:13:04,Short Range,8,33.4,Light rain
NHB250802142008.RAWLV0L,2025-08-02 14:20:08,Long Range,4,33.74,Light rain
NHB250802142304.RAWLV0R,2025-08-02 14:23:04,Short Range,8,32.09,Light rain
NHB250802143008.RAWLV0U,2025-08-02 14:30:08,Long Range,4,32.5,Light rain
NHB250802143303.RAWLV0Y,2025-08-02 14:33:03,Short Range,8,31.86,Light rain
NHB250802144008.RAWLV11,2025-08-02 14:40:08,Long Range,4,32.77,Light rain
NHB250802144303.RAWLV15,2025-08-02 14:43:03,Short Range,8,31.16,Light rain
NHB250802145008.RAWLV18,2025-08-02 14:50:08,Long Range,4,32.13,Light rain
NHB250802145303.RAWLV1C,2025-08-02 14:53:03,Short Range,8,29.36,Clear
NHB250802150008.RAWLV1F,2025-08-02 15:00:08,Long Range,4,32.93,Light rain
NHB250802150304.RAWLV1K,2025-08-02 15:03:04,Short Range,8,28.01,Clear
NHB250802151008.RAWLV1N,2025-08-02 15:10:08,Long Range,4,31.46,Light rain
NHB250802151303.RAWLV1T,2025-08-02 15:13:03,Short Range,8,25.95,Clear
NHB250802152008.RAWLV1W,2025-08-02 15:20:08,Long Range,4,29.74,Clear
NHB250802152304.RAWLV20,2025-08-02 15:23:04,Short Range,8,24.2,Clear
NHB250802153009.RAWLV23,2025-08-02 15:30:09,Long Range,4,28.45,Clear
NHB250802153304.RAWLV27,2025-08-02 15:33:04,Short Range,8,24.1,Clear
NHB250802154008.RAWLV2A,2025-08-02 15:40:08,Long Range,4,28.14,Clear
NHB250802154304.RAWLV2E,2025-08-02 15:43:04,Short Range,8,23.88,Clear
NHB250802155007.RAWLV2H,2025-08-02 15:50:07,Long Range,4,26.6,Clear
NHB250802155304.RAWLV2M,2025-08-02 15:53:04,Short Range,8,23.33,Clear
NHB250802160008.RAWLV2R,2025-08-02 16:00:08,Long Range,4,26.54,Clear
NHB250802160304.RAWLV2V,2025-08-02 16:03:04,Short Range,8,23.21,Clear
NHB250802161008.RAWLV2Y,2025-08-02 16:10:08,Long Range,4,25.14,Clear
NHB250802161304.RAWLV32,2025-08-02 16:13:04,Short Range,8,24.07,Clear
NHB250802162008.RAWLV35,2025-08-02 16:20:08,Long Range,4,24.52,Clear
NHB250802162303.RAWLV39,2025-08-02 16:23:03,Short Range,8,23.26,Clear
NHB250802163009.RAWLV3C,2025-08-02 16:30:09,Long Range,4,24.23,Clear
NHB250802163304.RAWLV3G,2025-08-02 16:33:04,Short Range,8,24.19,Clear
NHB250802164008.RAWLV3K,2025-08-02 16:40:08,Long Range,4,24.54,Clear
NHB250802164303.RAWLV3P,2025-08-02 16:43:03,Short Range,8,23.89,Clear
NHB250802165008.RAWLV3T,2025-08-02 16:50:08,Long Range,4,24.72,Clear
NHB250802165303.RAWLV3X,2025-08-02 16:53:03,Short Range,8,23.87,Clear
NHB250802170008.RAWLV40,2025-08-02 17:00:08,Long Range,4,25.75,Clear
NHB250802170303.RAWLV44,2025-08-02 17:03:03,Short Range,8,23.12,Clear
NHB250802171008.RAWLV47,2025-08-02 17:10:08,Long Range,4,27.59,Clear
NHB250802171303.RAWLV4B,2025-08-02 17:13:03,Short Range,8,23.71,Clear
NHB250802172008.RAWLV4E,2025-08-02 17:20:08,Long Range,4,26.21,Clear
NHB250802172303.RAWLV4J,2025-08-02 17:23:03,Short Range,8,22.89,Clear
NHB250802173008.RAWLV4M,2025-08-02 17:30:08,Long Range,4,26.63,Clear
NHB250802173304.RAWLV4S,2025-08-02 17:33:04,Short Range,8,22.34,Clear
NHB250802174008.RAWLV4V,2025-08-02 17:40:08,Long Range,4,26.48,Clear
NHB250802174303.RAWLV4Z,2025-08-02 17:43:03,Short Range,8,21.82,Clear
NHB250802175008.RAWLV52,2025-08-02 17:50:08,Long Range,4,24.59,Clear
NHB250802175303.RAWLV56,2025-08-02 17:53:03,Short Range,8,21.48,Clear
NHB250802180007.RAWLV59,2025-08-02 18:00:07,Long Range,4,25.75,Clear
NHB250802180303.RAWLV5D,2025-08-02 18:03:03,Short Range,8,19.95,Clear
NHB250802181008.RAWLV5G,2025-08-02 18:10:08,Long Range,4,24.95,Clear
NHB250802181304.RAWLV5L,2025-08-02 18:13:04,Short Range,8,20.13,Clear
NHB250802182008.RAWLV5P,2025-08-02 18:20:08,Long Range,4,25.13,Clear
NHB250802182304.RAWLV5U,2025-08-02 18:23:04,Short Range,8,20.54,Clear
NHB250802183008.RAWLV5X,2025-08-02 18:30:08,Long Range,4,24.39,Clear
NHB250802183304.RAWLV61,2025-08-02 18:33:04,Short Range,8,20.61,Clear
NHB250802184008.RAWLV64,2025-08-02 18:40:08,Long Range,4,22.94,Clear
NHB250802184303.RAWLV68,2025-08-02 18:43:03,Short Range,8,19.98,Clear
NHB250802185008.RAWLV6B,2025-08-02 18:50:08,Long Range,4,23.79,Clear
NHB250802185304.RAWLV6F,2025-08-02 18:53:04,Short Range,8,20.89,Clear
NHB250802190008.RAWLV6J,2025-08-02 19:00:08,Long Range,4,27.93,Clear
NHB250802190304.RAWLV6N,2025-08-02 19:03:04,Short Range,8,20.38,Clear
NHB250802191007.RAWLV6S,2025-08-02 19:10:07,Long Range,4,23.25,Clear
NHB250802191304.RAWLV6W,2025-08-02 19:13:04,Short Range,8,20.98,Clear
NHB250802192009.RAWLV6Z,2025-08-02 19:20:09,Long Range,4,24.12,Clear
NHB250802192304.RAWLV73,2025-08-02 19:23:04,Short Range,8,21.61,Clear
NHB250802193009.RAWLV76,2025-08-02 19:30:09,Long Range,4,23.71,Clear
NHB250802193303.RAWLV7A,2025-08-02 19:33:03,Short Range,8,20.42,Clear
NHB250802194007.RAWLV7D,2025-08-02 19:40:07,Long Range,4,24.77,Clear
NHB250802194304.RAWLV7H,2025-08-02 19:43:04,Short Range,8,21.69,Clear
NHB250802195008.RAWLV7L,2025-08-02 19:50:08,Long Range,4,25.92,Clear
NHB250802195303.RAWLV7R,2025-08-02 19:53:03,Short Range,8,21.4,Clear
NHB250802200007.RAWLV7U,2025-08-02 20:00:07,Long Range,4,23.2,Clear
NHB250802200303.RAWLV7Y,2025-08-02 20:03:03,Short Range,8,20.91,Clear
NHB250802201008.RAWLV81,2025-08-02 20:10:08,Long Range,4,21.91,Clear
NHB250802201304.RAWLV85,2025-08-02 20:13:04,Short Range,8,21.2,Clear
NHB250802202008.RAWLV88,2025-08-02 20:20:08,Long Range,4,22.79,Clear
NHB250802202304.RAWLV8C,2025-08-02 20:23:04,Short Range,8,20.96,Clear
NHB250802203008.RAWLV8F,2025-08-02 20:30:08,Long Range,4,22.3,Clear
NHB250802203305.RAWLV8K,2025-08-02 20:33:05,Short Range,8,21.73,Clear
NHB250802204008.RAWLV8N,2025-08-02 20:40:08,Long Range,4,24.19,Clear
NHB250802204304.RAWLV8T,2025-08-02 20:43:04,Short Range,8,21.67,Clear
NHB250802205008.RAWLV8W,2025-08-02 20:50:08,Long Range,4,24.87,Clear
NHB250802205304.RAWLV90,2025-08-02 20:53:04,Short Range,8,22.8,Clear
NHB250802210007.RAWLV93,2025-08-02 21:00:07,Long Range,4,25.39,Clear
NHB250802210303.RAWLV97,2025-08-02 21:03:03,Short Range,8,22.13,Clear
NHB250802211008.RAWLV9A,2025-08-02 21:10:08,Long Range,4,25.72,Clear
NHB250802211304.RAWLV9E,2025-08-02 21:13:04,Short Range,8,22.1,Clear
NHB250802212008.RAWLV9H,2025-08-02 21:20:08,Long Range,4,27.25,Clear
NHB250802212303.RAWLV9M,2025-08-02 21:23:03,Short Range,8,22.8,Clear
NHB250802213008.RAWLV9R,2025-08-02 21:30:08,Long Range,4,28.07,Clear
NHB250802213303.RAWLV9V,2025-08-02 21:33:03,Short Range,8,23.83,Clear
NHB250802214008.RAWLV9Y,2025-08-02 21:40:08,Long Range,4,26.95,Clear
NHB250802214304.RAWLVA2,2025-08-02 21:43:04,Short Range,8,23.81,Clear
NHB250802215007.RAWLVA5,2025-08-02 21:50:07,Long Range,4,26.21,Clear
NHB250802215304.RAWLVA9,2025-08-02 21:53:04,Short Range,8,24.11,Clear
NHB250802220008.RAWLVAC,2025-08-02 22:00:08,Long Range,4,26.66,Clear
NHB250802220304.RAWLVAG,2025-08-02 22:03:04,Short Range,8,25.61,Clear
NHB250802221007.RAWLVAK,2025-08-02 22:10:07,Long Range,4,27.46,Clear
NHB250802221304.RAWLVAP,2025-08-02 22:13:04,Short Range,8,26.47,Clear
NHB250802222007.RAWLVAT,2025-08-02 22:20:07,Long Range,4,38.53,Light rain
NHB250802222304.RAWLVAX,2025-08-02 22:23:04,Short Range,8,26.92,Clear
NHB250802223008.RAWLVB0,2025-08-02 22:30:08,Long Range,4,25.69,Clear
NHB250802223304.RAWLVB4,2025-08-02 22:33:04,Short Range,8,25.91,Clear
NHB250802224007.RAWLVB7,2025-08-02 22:40:07,Long Range,4,30.49,Light rain
NHB250802224304.RAWLVBB,2025-08-02 22:43:04,Short Range,8,28.09,Clear
NHB250802225007.RAWLVBE,2025-08-02 22:50:07,Long Range,4,29.8,Clear
NHB250802225303.RAWLVBJ,2025-08-02 22:53:03,Short Range,8,26.5,Clear
NHB250802230008.RAWLVBM,2025-08-02 23:00:08,Long Range,4,28.81,Clear
NHB250802230303.RAWLVBS,2025-08-02 23:03:03,Short Range,8,26.89,Clear
NHB250802231008.RAWLVBV,2025-08-02 23:10:08,Long Range,4,29.29,Clear
NHB250802231304.RAWLVBZ,2025-08-02 23:13:04,Short Range,8,26.89,Clear
NHB250802232008.RAWLVC2,2025-08-02 23:20:08,Long Range,4,29.25,Clear
NHB250802232303.RAWLVC6,2025-08-02 23:23:03,Short Range,8,27.37,Clear
NHB250802233008.RAWLVC9,2025-08-02 23:30:08,Long Range,4,28.82,Clear
NHB250802233303.RAWLVCD,2025-08-02 23:33:03,Short Range,8,27.4,Clear
NHB250802234008.RAWLVCG,2025-08-02 23:40:08,Long Range,4,27.62,Clear
NHB250802234303.RAWLVCL,2025-08-02 23:43:03,Short Range,8,26.5,Clear
NHB250802235008.RAWLVCP,2025-08-02 23:50:08,Long Range,4,26.37,Clear
NHB250802235303.RAWLVCU,2025-08-02 23:53:03,Short Range,8,26.58,Clear
NHB250803000008.RAWLVCX,2025-08-03 00:00:08,Long Range,4,26.7,Clear
NHB250803000303.RAWLVD1,2025-08-03 00:03:03,Short Range,8,27.02,Clear
NHB250803001008.RAWLVD4,2025-08-03 00:10:08,Long Range,4,28.41,Clear
NHB250803001303.RAWLVD8,2025-08-03 00:13:03,Short Range,8,27.27,Clear
NHB250803002008.RAWLVDB,2025-08-03 00:20:08,Long Range,4,27.79,Clear
NHB250803002303.RAWLVDF,2025-08-03 00:23:03,Short Range,8,26.9,Clear
NHB250803003008.RAWLVDJ,2025-08-03 00:30:08,Long Range,4,27.17,Clear
NHB250803003304.RAWLVDN,2025-08-03 00:33:04,Short Range,8,28.02,Clear
NHB250803004008.RAWLVDS,2025-08-03 00:40:08,Long Range,4,29.26,Clear
NHB250803004303.RAWLVDW,2025-08-03 00:43:03,Short Range,8,28.0,Clear
NHB250803005008.RAWLVDZ,2025-08-03 00:50:08,Long Range,4,29.01,Clear
NHB250803005304.RAWLVE3,2025-08-03 00:53:04,Short Range,8,27.28,Clear
NHB250803010008.RAWLVE6,2025-08-03 01:00:08,Long Range,4,28.53,Clear
NHB250803010304.RAWLVEA,2025-08-03 01:03:04,Short Range,8,28.47,Clear
NHB250803011008.RAWLVED,2025-08-03 01:10:08,Long Range,4,28.41,Clear
NHB250803011303.RAWLVEH,2025-08-03 01:13:03,Short Range,8,27.53,Clear
NHB250803012008.RAWLVEL,2025-08-03 01:20:08,Long Range,4,27.8,Clear
NHB250803012304.RAWLVER,2025-08-03 01:23:04,Short Range,8,29.11,Clear
NHB250803013008.RAWLVEU,2025-08-03 01:30:08,Long Range,4,27.95,Clear
NHB250803013303.RAWLVEY,2025-08-03 01:33:03,Short Range,8,28.82,Clear
NHB250803014007.RAWLVF1,2025-08-03 01:40:07,Long Range,4,28.7,Clear
NHB250803014303.RAWLVF5,2025-08-03 01:43:03,Short Range,8,28.8,Clear
NHB250803015007.RAWLVF8,2025-08-03 01:50:07,Long Range,4,27.79,Clear
NHB250803015303.RAWLVFC,2025-08-03 01:53:03,Short Range,8,27.71,Clear
NHB250803020008.RAWLVFF,2025-08-03 02:00:08,Long Range,4,28.23,Clear
NHB250803020304.RAWLVFK,2025-08-03 02:03:04,Short Range,8,27.12,Clear
NHB250803021008.RAWLVFN,2025-08-03 02:10:08,Long Range,4,27.77,Clear
NHB250803021304.RAWLVFT,2025-08-03 02:13:04,Short Range,8,28.33,Clear
NHB250803022008.RAWLVFW,2025-08-03 02:20:08,Long Range,4,28.12,Clear
NHB250803022304.RAWLVG0,2025-08-03 02:23:04,Short Range,8,27.53,Clear
NHB250803023008.RAWLVG3,2025-08-03 02:30:08,Long Range,4,28.77,Clear
NHB250803023303.RAWLVG7,2025-08-03 02:33:03,Short Range,8,27.02,Clear
NHB250803024008.RAWLVGA,2025-08-03 02:40:08,Long Range,4,30.18,Light rain
NHB250803024304.RAWLVGE,2025-08-03 02:43:04,Short Range,8,27.49,Clear
NHB250803025008.RAWLVGH,2025-08-03 02:50:08,Long Range,4,28.02,Clear
NHB250803025305.RAWLVGM,2025-08-03 02:53:05,Short Range,8,28.93,Clear
NHB250803030008.RAWLVGR,2025-08-03 03:00:08,Long Range,4,28.57,Clear
NHB250803030303.RAWLVGV,2025-08-03 03:03:03,Short Range,8,28.06,Clear
NHB250803031008.RAWLVGY,2025-08-03 03:10:08,Long Range,4,27.95,Clear
NHB250803031303.RAWLVH2,2025-08-03 03:13:03,Short Range,8,28.16,Clear
NHB250803032008.RAWLVH5,2025-08-03 03:20:08,Long Range,4,29.39,Clear
NHB250803032303.RAWLVH9,2025-08-03 03:23:03,Short Range,8,30.97,Light rain
NHB250803033008.RAWLVHC,2025-08-03 03:30:08,Long Range,4,30.82,Light rain
NHB250803033304.RAWLVHG,2025-08-03 03:33:04,Short Range,8,30.98,Light rain
NHB250803034008.RAWLVHK,2025-08-03 03:40:08,Long Range,4,30.22,Light rain
NHB250803034304.RAWLVHP,2025-08-03 03:43:04,Short Range,8,30.66,Light rain
NHB250803035007.RAWLVHT,2025-08-03 03:50:07,Long Range,4,31.12,Light rain
NHB250803035304.RAWLVHX,2025-08-03 03:53:04,Short Range,8,31.47,Light rain
NHB250803040008.RAWLVJ0,2025-08-03 04:00:08,Long Range,4,30.75,Light rain
NHB250803040305.RAWLVJ4,2025-08-03 04:03:05,Short Range,8,31.63,Light rain
NHB250803041008.RAWLVJ7,2025-08-03 04:10:08,Long Range,4,30.09,Light rain
NHB250803041304.RAWLVJB,2025-08-03 04:13:04,Short Range,8,30.02,Light rain
NHB250803042008.RAWLVJE,2025-08-03 04:20:08,Long Range,4,29.74,Clear
NHB250803042304.RAWLVJJ,2025-08-03 04:23:04,Short Range,8,30.44,Light rain
NHB250803043009.RAWLVJM,2025-08-03 04:30:09,Long Range,4,30.53,Light rain
NHB250803043303.RAWLVJS,2025-08-03 04:33:03,Short Range,8,30.86,Light rain
NHB250803044007.RAWLVJV,2025-08-03 04:40:07,Long Range,4,30.49,Light rain
NHB250803044304.RAWLVJZ,2025-08-03 04:43:04,Short Range,8,31.71,Light rain
NHB250803045008.RAWLVK2,2025-08-03 04:50:08,Long Range,4,30.92,Light rain
NHB250803045303.RAWLVK6,2025-08-03 04:53:03,Short Range,8,31.63,Light rain
NHB250803050008.RAWLVK9,2025-08-03 05:00:08,Long Range,4,32.09,Light rain
NHB250803050303.RAWLVKD,2025-08-03 05:03:03,Short Range,8,29.01,Clear
NHB250803051008.RAWLVKG,2025-08-03 05:10:08,Long Range,4,30.82,Light rain
NHB250803051303.RAWLVKL,2025-08-03 05:13:03,Short Range,8,29.1,Clear
NHB250803052008.RAWLVKP,2025-08-03 05:20:08,Long Range,4,30.97,Light rain
NHB250803052303.RAWLVKU,2025-08-03 05:23:03,Short Range,8,29.98,Clear
NHB250803053008.RAWLVKX,2025-08-03 05:30:08,Long Range,4,31.3,Light rain
NHB250803053303.RAWLVL1,2025-08-03 05:33:03,Short Range,8,31.5,Light rain
NHB250803054008.RAWLVL4,2025-08-03 05:40:08,Long Range,4,31.42,Light rain
NHB250803054303.RAWLVL8,2025-08-03 05:43:03,Short Range,8,33.52,Light rain
NHB250803055008.RAWLVLB,2025-08-03 05:50:08,Long Range,4,34.1,Light rain
NHB250803055303.RAWLVLF,2025-08-03 05:53:03,Short Range,8,35.06,Light rain
NHB250803060008.RAWLVLJ,2025-08-03 06:00:08,Long Range,4,33.86,Light rain
NHB250803060303.RAWLVLN,2025-08-03 06:03:03,Short Range,8,34.67,Light rain
NHB250803061008.RAWLVLS,2025-08-03 06:10:08,Long Range,4,36.21,Light rain
NHB250803061304.RAWLVLW,2025-08-03 06:13:04,Short Range,8,38.2,Light rain
NHB250803062008.RAWLVLZ,2025-08-03 06:20:08,Long Range,4,37.24,Light rain
NHB250803062304.RAWLVM3,2025-08-03 06:23:04,Short Range,8,37.28,Light rain
NHB250803063007.RAWLVM6,2025-08-03 06:30:07,Long Range,4,37.69,Light rain
NHB250803063303.RAWLVMA,2025-08-03 06:33:03,Short Range,8,37.78,Light rain
NHB250803064008.RAWLVMD,2025-08-03 06:40:08,Long Range,4,37.35,Light rain
NHB250803064304.RAWLVMH,2025-08-03 06:43:04,Short Range,8,38.92,Light rain
NHB250803065008.RAWLVML,2025-08-03 06:50:08,Long Range,4,38.79,Light rain
NHB250803065303.RAWLVMR,2025-08-03 06:53:03,Short Range,8,42.32,Moderate rain
NHB250803070008.RAWLVMU,2025-08-03 07:00:08,Long Range,4,43.02,Moderate rain
NHB250803070304.RAWLVMY,2025-08-03 07:03:04,Short Range,8,44.09,Moderate rain
NHB250803071008.RAWLVN1,2025-08-03 07:10:08,Long Range,4,42.51,Moderate rain
NHB250803071303.RAWLVN5,2025-08-03 07:13:03,Short Range,8,44.95,Moderate rain
NHB250803072008.RAWLVN8,2025-08-03 07:20:08,Long Range,4,41.71,Moderate rain
NHB250803072304.RAWLVNC,2025-08-03 07:23:04,Short Range,8,44.0,Moderate rain
NHB250803073008.RAWLVNF,2025-08-03 07:30:08,Long Range,4,43.6,Moderate rain
NHB250803073303.RAWLVNK,2025-08-03 07:33:03,Short Range,8,44.97,Moderate rain
NHB250803074008.RAWLVNN,2025-08-03 07:40:08,Long Range,4,43.45,Moderate rain
NHB250803074303.RAWLVNT,2025-08-03 07:43:03,Short Range,8,45.63,Moderate rain
NHB250803075009.RAWLVNW,2025-08-03 07:50:09,Long Range,4,45.88,Moderate rain
NHB250803075303.RAWLVP0,2025-08-03 07:53:03,Short Range,8,47.17,Moderate rain
NHB250803080008.RAWLVP3,2025-08-03 08:00:08,Long Range,4,45.59,Moderate rain
NHB250803080303.RAWLVP7,2025-08-03 08:03:03,Short Range,8,46.98,Moderate rain
NHB250803081007.RAWLVPA,2025-08-03 08:10:07,Long Range,4,45.82,Moderate rain
NHB250803081304.RAWLVPE,2025-08-03 08:13:04,Short Range,8,48.63,Heavy rain
NHB250803082008.RAWLVPH,2025-08-03 08:20:08,Long Range,4,47.31,Moderate rain
NHB250803082303.RAWLVPM,2025-08-03 08:23:03,Short Range,8,50.1,Heavy rain
NHB250803083008.RAWLVPR,2025-08-03 08:30:08,Long Range,4,47.92,Heavy rain
NHB250803083303.RAWLVPV,2025-08-03 08:33:03,Short Range,8,50.59,Heavy rain
NHB250803084008.RAWLVPY,2025-08-03 08:40:08,Long Range,4,47.47,Moderate rain
NHB250803084304.RAWLVR2,2025-08-03 08:43:04,Short Range,8,49.26,Heavy rain
NHB250803085007.RAWLVR5,2025-08-03 08:50:07,Long Range,4,46.12,Moderate rain
NHB250803085303.RAWLVR9,2025-08-03 08:53:03,Short Range,8,47.18,Moderate rain
NHB250803090008.RAWLVRC,2025-08-03 09:00:08,Long Range,4,45.13,Moderate rain
NHB250803090303.RAWLVRG,2025-08-03 09:03:03,Short Range,8,47.93,Heavy rain
NHB250803091008.RAWLVRK,2025-08-03 09:10:08,Long Range,4,45.95,Moderate rain
NHB250803091303.RAWLVRP,2025-08-03 09:13:03,Short Range,8,48.5,Heavy rain
NHB250803092007.RAWLVRT,2025-08-03 09:20:07,Long Range,4,46.37,Moderate rain
NHB250803092304.RAWLVRX,2025-08-03 09:23:04,Short Range,8,48.35,Heavy rain
NHB250803093008.RAWLVS0,2025-08-03 09:30:08,Long Range,4,47.17,Moderate rain
NHB250803093303.RAWLVS4,2025-08-03 09:33:03,Short Range,8,50.4,Heavy rain
NHB250803094008.RAWLVS7,2025-08-03 09:40:08,Long Range,4,47.83,Heavy rain
NHB250803094303.RAWLVSB,2025-08-03 09:43:03,Short Range,8,51.22,Heavy rain
NHB250803095008.RAWLVSE,2025-08-03 09:50:08,Long Range,4,48.02,Heavy rain
NHB250803095304.RAWLVSJ,2025-08-03 09:53:04,Short Range,8,51.59,Heavy rain
NHB250803100008.RAWLVSM,2025-08-03 10:00:08,Long Range,4,49.23,Heavy rain
NHB250803100303.RAWLVSS,2025-08-03 10:03:03,Short Range,8,52.58,Heavy rain
NHB250803101009.RAWLVSV,2025-08-03 10:10:09,Long Range,4,49.75,Heavy rain
NHB250803101304.RAWLVSZ,2025-08-03 10:13:04,Short Range,8,52.3,Heavy rain
NHB250803102008.RAWLVT2,2025-08-03 10:20:08,Long Range,4,49.86,Heavy rain
NHB250803102303.RAWLVT6,2025-08-03 10:23:03,Short Range,8,52.83,Heavy rain
NHB250803103008.RAWLVT9,2025-08-03 10:30:08,Long Range,4,50.99,Heavy rain
NHB250803103303.RAWLVTD,2025-08-03 10:33:03,Short Range,8,53.01,Heavy rain
NHB250803104008.RAWLVTG,2025-08-03 10:40:08,Long Range,4,51.72,Heavy rain
NHB250803104303.RAWLVTL,2025-08-03 10:43:03,Short Range,8,55.03,Very heavy rain
NHB250803105008.RAWLVTP,2025-08-03 10:50:08,Long Range,4,53.93,Heavy rain
NHB250803105304.RAWLVTU,2025-08-03 10:53:04,Short Range,8,57.12,Very heavy rain
NHB250803110008.RAWLVTX,2025-08-03 11:00:08,Long Range,4,53.79,Heavy rain
NHB250803110303.RAWLVU1,2025-08-03 11:03:03,Short Range,8,56.33,Very heavy rain
NHB250803111007.RAWLVU4,2025-08-03 11:10:07,Long Range,4,53.34,Heavy rain
NHB250803111304.RAWLVU8,2025-08-03 11:13:04,Short Range,8,56.92,Very heavy rain
NHB250803112008.RAWLVUB,2025-08-03 11:20:08,Long Range,4,54.63,Heavy rain
NHB250803112303.RAWLVUF,2025-08-03 11:23:03,Short Range,8,56.65,Very heavy rain
NHB250803113007.RAWLVUJ,2025-08-03 11:30:07,Long Range,4,55.01,Very heavy rain
NHB250803113304.RAWLVUN,2025-08-03 11:33:04,Short Range,8,56.96,Very heavy rain
NHB250803114009.RAWLVUS,2025-08-03 11:40:09,Long Range,4,54.41,Heavy rain
NHB250803114303.RAWLVUW,2025-08-03 11:43:03,Short Range,8,55.18,Very heavy rain
NHB250803115009.RAWLVUZ,2025-08-03 11:50:09,Long Range,4,52.64,Heavy rain
NHB250803115303.RAWLVV3,2025-08-03 11:53:03,Short Range,8,55.02,Very heavy rain
NHB250803120008.RAWLVV6,2025-08-03 12:00:08,Long Range,4,52.24,Heavy rain
NHB250803120303.RAWLVVA,2025-08-03 12:03:03,Short Range,8,52.2,Heavy rain
NHB250803121008.RAWLVVD,2025-08-03 12:10:08,Long Range,4,47.83,Heavy rain
NHB250803121304.RAWLVVH,2025-08-03 12:13:04,Short Range,8,51.74,Heavy rain
NHB250803122008.RAWLVVL,2025-08-03 12:20:08,Long Range,4,48.58,Heavy rain
NHB250803122303.RAWLVVR,2025-08-03 12:23:03,Short Range,8,51.14,Heavy rain
NHB250803123008.RAWLVVU,2025-08-03 12:30:08,Long Range,4,47.01,Moderate rain
NHB250803123303.RAWLVVY,2025-08-03 12:33:03,Short Range,8,50.83,Heavy rain
NHB250803124008.RAWLVW1,2025-08-03 12:40:08,Long Range,4,47.3,Moderate rain
NHB250803124303.RAWLVW5,2025-08-03 12:43:03,Short Range,8,48.43,Heavy rain
NHB250803125008.RAWLVW8,2025-08-03 12:50:08,Long Range,4,43.97,Moderate rain
NHB250803125303.RAWLVWC,2025-08-03 12:53:03,Short Range,8,45.62,Moderate rain
NHB250803130008.RAWLVWF,2025-08-03 13:00:08,Long Range,4,43.54,Moderate rain
NHB250803130304.RAWLVWK,2025-08-03 13:03:04,Short Range,8,44.84,Moderate rain
NHB250803131008.RAWLVWN,2025-08-03 13:10:08,Long Range,4,41.09,Moderate rain
NHB250803131303.RAWLVWT,2025-08-03 13:13:03,Short Range,8,42.19,Moderate rain
NHB250803132007.RAWLVWW,2025-08-03 13:20:07,Long Range,4,38.35,Light rain
NHB250803132304.RAWLVX0,2025-08-03 13:23:04,Short Range,8,40.96,Moderate rain
NHB250803133008.RAWLVX3,2025-08-03 13:30:08,Long Range,4,37.74,Light rain
NHB250803133303.RAWLVX7,2025-08-03 13:33:03,Short Range,8,40.33,Moderate rain
NHB250803134008.RAWLVXA,2025-08-03 13:40:08,Long Range,4,36.61,Light rain
NHB250803134303.RAWLVXE,2025-08-03 13:43:03,Short Range,8,38.07,Light rain
NHB250803135007.RAWLVXH,2025-08-03 13:50:07,Long Range,4,35.32,Light rain
NHB250803135303.RAWLVXM,2025-08-03 13:53:03,Short Range,8,34.87,Light rain
NHB250803140008.RAWLVXR,2025-08-03 14:00:08,Long Range,4,32.56,Light rain
NHB250803140304.RAWLVXV,2025-08-03 14:03:04,Short Range,8,33.07,Light rain
NHB250803141008.RAWLVXY,2025-08-03 14:10:08,Long Range,4,31.59,Light rain
NHB250803141303.RAWLVY2,2025-08-03 14:13:03,Short Range,8,30.57,Light rain
NHB250803142008.RAWLVY5,2025-08-03 14:20:08,Long Range,4,29.51,Clear
NHB250803142304.RAWLVY9,2025-08-03 14:23:04,Short Range,8,26.66,Clear
NHB250803143007.RAWLVYC,2025-08-03 14:30:07,Long Range,4,27.31,Clear
NHB250803143304.RAWLVYG,2025-08-03 14:33:04,Short Range,8,24.15,Clear
NHB250803144007.RAWLVYK,2025-08-03 14:40:07,Long Range,4,26.68,Clear
NHB250803144303.RAWLVYP,2025-08-03 14:43:03,Short Range,8,23.62,Clear
NHB250803145007.RAWLVYT,2025-08-03 14:50:07,Long Range,4,27.14,Clear
NHB250803145304.RAWLVYX,2025-08-03 14:53:04,Short Range,8,23.86,Clear
NHB250803150008.RAWLVZ0,2025-08-03 15:00:08,Long Range,4,24.15,Clear
NHB250803150304.RAWLVZ4,2025-08-03 15:03:04,Short Range,8,24.32,Clear
NHB250803151008.RAWLVZ7,2025-08-03 15:10:08,Long Range,4,26.19,Clear
NHB250803151303.RAWLVZB,2025-08-03 15:13:03,Short Range,8,23.39,Clear
NHB250803152007.RAWLVZE,2025-08-03 15:20:07,Long Range,4,24.17,Clear
NHB250803152304.RAWLVZJ,2025-08-03 15:23:04,Short Range,8,23.22,Clear
NHB250803153007.RAWLVZM,2025-08-03 15:30:07,Long Range,4,23.37,Clear
NHB250803153304.RAWLVZS,2025-08-03 15:33:04,Short Range,8,22.77,Clear
NHB250803154008.RAWLVZV,2025-08-03 15:40:08,Long Range,4,22.28,Clear
NHB250803154304.RAWLVZZ,2025-08-03 15:43:04,Short Range,8,21.72,Clear
NHB250803155009.RAWLW02,2025-08-03 15:50:09,Long Range,4,32.16,Light rain
NHB250803155303.RAWLW06,2025-08-03 15:53:03,Short Range,8,22.58,Clear
NHB250803160008.RAWLW09,2025-08-03 16:00:08,Long Range,4,23.16,Clear
NHB250803160304.RAWLW0D,2025-08-03 16:03:04,Short Range,8,22.73,Clear
NHB250803161007.RAWLW0G,2025-08-03 16:10:07,Long Range,4,22.92,Clear
NHB250803161303.RAWLW0L,2025-08-03 16:13:03,Short Range,8,23.19,Clear
NHB250803162007.RAWLW0P,2025-08-03 16:20:07,Long Range,4,24.14,Clear
NHB250803162303.RAWLW0U,2025-08-03 16:23:03,Short Range,8,22.69,Clear
NHB250803163009.RAWLW0X,2025-08-03 16:30:09,Long Range,4,23.63,Clear
NHB250803163304.RAWLW11,2025-08-03 16:33:04,Short Range,8,23.39,Clear
NHB250803164007.RAWLW14,2025-08-03 16:40:07,Long Range,4,24.2,Clear
NHB250803164304.RAWLW18,2025-08-03 16:43:04,Short Range,8,23.11,Clear
NHB250803165008.RAWLW1B,2025-08-03 16:50:08,Long Range,4,24.24,Clear
NHB250803165304.RAWLW1F,2025-08-03 16:53:04,Short Range,8,23.25,Clear
NHB250803170008.RAWLW1J,2025-08-03 17:00:08,Long Range,4,23.0,Clear
NHB250803170304.RAWLW1N,2025-08-03 17:03:04,Short Range,8,23.2,Clear
NHB250803171007.RAWLW1S,2025-08-03 17:10:07,Long Range,4,27.68,Clear
NHB250803171303.RAWLW1W,2025-08-03 17:13:03,Short Range,8,24.16,Clear
NHB250803172007.RAWLW1Z,2025-08-03 17:20:07,Long Range,4,25.82,Clear
NHB250803172304.RAWLW23,2025-08-03 17:23:04,Short Range,8,23.57,Clear
NHB250803173007.RAWLW26,2025-08-03 17:30:07,Long Range,4,23.6,Clear
NHB250803173303.RAWLW2A,2025-08-03 17:33:03,Short Range,8,25.0,Clear
NHB250803174008.RAWLW2D,2025-08-03 17:40:08,Long Range,4,23.85,Clear
NHB250803174304.RAWLW2H,2025-08-03 17:43:04,Short Range,8,22.76,Clear
NHB250803175009.RAWLW2L,2025-08-03 17:50:09,Long Range,4,22.75,Clear
NHB250803175303.RAWLW2R,2025-08-03 17:53:03,Short Range,8,23.19,Clear
NHB250803180008.RAWLW2U,2025-08-03 18:00:08,Long Range,4,22.93,Clear
NHB250803180304.RAWLW2Y,2025-08-03 18:03:04,Short Range,8,22.84,Clear
NHB250803181008.RAWLW31,2025-08-03 18:10:08,Long Range,4,23.47,Clear
NHB250803181303.RAWLW35,2025-08-03 18:13:03,Short Range,8,22.72,Clear
NHB250803182008.RAWLW38,2025-08-03 18:20:08,Long Range,4,22.61,Clear
NHB250803182303.RAWLW3C,2025-08-03 18:23:03,Short Range,8,22.33,Clear
NHB250803183007.RAWLW3F,2025-08-03 18:30:07,Long Range,4,21.3,Clear
NHB250803183304.RAWLW3K,2025-08-03 18:33:04,Short Range,8,22.56,Clear
NHB250803184009.RAWLW3N,2025-08-03 18:40:09,Long Range,4,23.57,Clear
NHB250803184304.RAWLW3T,2025-08-03 18:43:04,Short Range,8,21.72,Clear
NHB250803185008.RAWLW3W,2025-08-03 18:50:08,Long Range,4,22.67,Clear
NHB250803185304.RAWLW40,2025-08-03 18:53:04,Short Range,8,22.71,Clear
NHB250803190008.RAWLW43,2025-08-03 19:00:08,Long Range,4,22.5,Clear
NHB250803190304.RAWLW47,2025-08-03 19:03:04,Short Range,8,22.6,Clear
NHB250803191007.RAWLW4A,2025-08-03 19:10:07,Long Range,4,22.71,Clear
NHB250803191303.RAWLW4E,2025-08-03 19:13:03,Short Range,8,22.27,Clear
NHB250803192007.RAWLW4H,2025-08-03 19:20:07,Long Range,4,21.81,Clear
NHB250803192303.RAWLW4M,2025-08-03 19:23:03,Short Range,8,21.85,Clear
NHB250803193007.RAWLW4R,2025-08-03 19:30:07,Long Range,4,23.11,Clear
NHB250803193304.RAWLW4V,2025-08-03 19:33:04,Short Range,8,22.2,Clear
NHB250803194007.RAWLW4Y,2025-08-03 19:40:07,Long Range,4,22.94,Clear
NHB250803194304.RAWLW52,2025-08-03 19:43:04,Short Range,8,21.55,Clear
NHB250803195008.RAWLW55,2025-08-03 19:50:08,Long Range,4,21.26,Clear
NHB250803195303.RAWLW59,2025-08-03 19:53:03,Short Range,8,21.25,Clear
NHB250803200008.RAWLW5C,2025-08-03 20:00:08,Long Range,4,23.09,Clear
NHB250803200304.RAWLW5G,2025-08-03 20:03:04,Short Range,8,21.9,Clear
NHB250803201007.RAWLW5K,2025-08-03 20:10:07,Long Range,4,22.31,Clear
NHB250803201303.RAWLW5P,2025-08-03 20:13:03,Short Range,8,20.84,Clear
NHB250803202008.RAWLW5T,2025-08-03 20:20:08,Long Range,4,22.41,Clear
NHB250803202303.RAWLW5X,2025-08-03 20:23:03,Short Range,8,22.08,Clear
NHB250803203008.RAWLW60,2025-08-03 20:30:08,Long Range,4,22.58,Clear
NHB250803203304.RAWLW64,2025-08-03 20:33:04,Short Range,8,21.49,Clear
NHB250803204007.RAWLW67,2025-08-03 20:40:07,Long Range,4,22.3,Clear
NHB250803204304.RAWLW6B,2025-08-03 20:43:04,Short Range,8,22.64,Clear
NHB250803205008.RAWLW6E,2025-08-03 20:50:08,Long Range,4,22.88,Clear
NHB250803205304.RAWLW6J,2025-08-03 20:53:04,Short Range,8,21.94,Clear
NHB250803210008.RAWLW6M,2025-08-03 21:00:08,Long Range,4,23.19,Clear
NHB250803210304.RAWLW6S,2025-08-03 21:03:04,Short Range,8,22.58,Clear
NHB250803211009.RAWLW6V,2025-08-03 21:10:09,Long Range,4,23.57,Clear
NHB250803211303.RAWLW6Z,2025-08-03 21:13:03,Short Range,8,23.02,Clear
NHB250803212008.RAWLW72,2025-08-03 21:20:08,Long Range,4,23.34,Clear
NHB250803212304.RAWLW76,2025-08-03 21:23:04,Short Range,8,22.53,Clear
NHB250803213007.RAWLW79,2025-08-03 21:30:07,Long Range,4,23.49,Clear
NHB250803213304.RAWLW7D,2025-08-03 21:33:04,Short Range,8,22.75,Clear
NHB250803214008.RAWLW7G,2025-08-03 21:40:08,Long Range,4,24.28,Clear
NHB250803214304.RAWLW7L,2025-08-03 21:43:04,Short Range,8,23.76,Clear
NHB250803215008.RAWLW7P,2025-08-03 21:50:08,Long Range,4,25.43,Clear
NHB250803215303.RAWLW7U,2025-08-03 21:53:03,Short Range,8,24.08,Clear
NHB250803220008.RAWLW7X,2025-08-03 22:00:08,Long Range,4,23.74,Clear
NHB250803220304.RAWLW81,2025-08-03 22:03:04,Short Range,8,26.73,Clear
NHB250803221008.RAWLW84,2025-08-03 22:10:08,Long Range,4,26.39,Clear
NHB250803221303.RAWLW88,2025-08-03 22:13:03,Short Range,8,27.0,Clear
NHB250803222007.RAWLW8B,2025-08-03 22:20:07,Long Range,4,25.95,Clear
NHB250803222303.RAWLW8F,2025-08-03 22:23:03,Short Range,8,29.27,Clear
NHB250803223008.RAWLW8J,2025-08-03 22:30:08,Long Range,4,24.58,Clear
NHB250803223303.RAWLW8N,2025-08-03 22:33:03,Short Range,8,26.41,Clear
NHB250803224009.RAWLW8S,2025-08-03 22:40:09,Long Range,4,29.87,Clear
NHB250803224304.RAWLW8W,2025-08-03 22:43:04,Short Range,8,28.75,Clear
NHB250803225008.RAWLW8Z,2025-08-03 22:50:08,Long Range,4,29.12,Clear
NHB250803225303.RAWLW93,2025-08-03 22:53:03,Short Range,8,28.36,Clear
NHB250803230007.RAWLW96,2025-08-03 23:00:07,Long Range,4,28.75,Clear
NHB250803230304.RAWLW9A,2025-08-03 23:03:04,Short Range,8,26.17,Clear
NHB250803231008.RAWLW9D,2025-08-03 23:10:08,Long Range,4,28.33,Clear
NHB250803231303.RAWLW9H,2025-08-03 23:13:03,Short Range,8,26.87,Clear
NHB250803232009.RAWLW9L,2025-08-03 23:20:09,Long Range,4,28.02,Clear
NHB250803232304.RAWLW9R,2025-08-03 23:23:04,Short Range,8,26.59,Clear
NHB250803233009.RAWLW9U,2025-08-03 23:30:09,Long Range,4,28.87,Clear
NHB250803233303.RAWLW9Y,2025-08-03 23:33:03,Short Range,8,27.36,Clear
NHB250803234008.RAWLWA1,2025-08-03 23:40:08,Long Range,4,26.23,Clear
NHB250803234304.RAWLWA5,2025-08-03 23:43:04,Short Range,8,26.61,Clear
NHB250803235008.RAWLWA8,2025-08-03 23:50:08,Long Range,4,26.92,Clear
NHB250803235303.RAWLWAC,2025-08-03 23:53:03,Short Range,8,26.78,Clear
NHB250804000007.RAWLWAF,2025-08-04 00:00:07,Long Range,4,27.6,Clear
NHB250804000304.RAWLWAK,2025-08-04 00:03:04,Short Range,8,26.12,Clear
NHB250804001008.RAWLWAN,2025-08-04 00:10:08,Long Range,4,26.06,Clear
NHB250804001303.RAWLWAT,2025-08-04 00:13:03,Short Range,8,26.22,Clear
NHB250804002007.RAWLWAW,2025-08-04 00:20:07,Long Range,4,27.45,Clear
NHB250804002304.RAWLWB0,2025-08-04 00:23:04,Short Range,8,26.61,Clear
NHB250804003007.RAWLWB3,2025-08-04 00:30:07,Long Range,4,27.9,Clear
NHB250804003304.RAWLWB7,2025-08-04 00:33:04,Short Range,8,27.0,Clear
NHB250804004008.RAWLWBA,2025-08-04 00:40:08,Long Range,4,28.19,Clear
NHB250804004303.RAWLWBE,2025-08-04 00:43:03,Short Range,8,26.97,Clear
NHB250804005009.RAWLWBH,2025-08-04 00:50:09,Long Range,4,28.59,Clear
NHB250804005304.RAWLWBM,2025-08-04 00:53:04,Short Range,8,27.95,Clear
NHB250804010008.RAWLWBR,2025-08-04 01:00:08,Long Range,4,28.56,Clear
NHB250804010304.RAWLWBV,2025-08-04 01:03:04,Short Range,8,28.62,Clear
NHB250804011007.RAWLWBY,2025-08-04 01:10:07,Long Range,4,29.1,Clear
NHB250804011304.RAWLWC2,2025-08-04 01:13:04,Short Range,8,28.12,Clear
NHB250804012008.RAWLWC5,2025-08-04 01:20:08,Long Range,4,29.38,Clear
NHB250804012304.RAWLWC9,2025-08-04 01:23:04,Short Range,8,29.52,Clear
NHB250804013008.RAWLWCC,2025-08-04 01:30:08,Long Range,4,28.68,Clear
NHB250804013303.RAWLWCG,2025-08-04 01:33:03,Short Range,8,28.68,Clear
NHB250804014008.RAWLWCK,2025-08-04 01:40:08,Long Range,4,30.66,Light rain
NHB250804014304.RAWLWCP,2025-08-04 01:43:04,Short Range,8,28.2,Clear
NHB250804015009.RAWLWCT,2025-08-04 01:50:09,Long Range,4,38.93,Light rain
NHB250804015303.RAWLWCX,2025-08-04 01:53:03,Short Range,8,27.98,Clear
NHB250804020007.RAWLWD0,2025-08-04 02:00:07,Long Range,4,27.97,Clear
NHB250804020303.RAWLWD4,2025-08-04 02:03:03,Short Range,8,27.97,Clear
NHB250804021007.RAWLWD7,2025-08-04 02:10:07,Long Range,4,29.26,Clear
NHB250804021304.RAWLWDB,2025-08-04 02:13:04,Short Range,8,27.43,Clear
NHB250804022007.RAWLWDE,2025-08-04 02:20:07,Long Range,4,27.45,Clear
NHB250804022303.RAWLWDJ,2025-08-04 02:23:03,Short Range,8,27.25,Clear
NHB250804023008.RAWLWDM,2025-08-04 02:30:08,Long Range,4,27.8,Clear
NHB250804023303.RAWLWDS,2025-08-04 02:33:03,Short Range,8,28.08,Clear
NHB250804024008.RAWLWDV,2025-08-04 02:40:08,Long Range,4,28.84,Clear
NHB250804024303.RAWLWDZ,2025-08-04 02:43:03,Short Range,8,27.28,Clear
NHB250804025008.RAWLWE2,2025-08-04 02:50:08,Long Range,4,27.81,Clear
NHB250804025304.RAWLWE6,2025-08-04 02:53:04,Short Range,8,28.45,Clear
NHB250804030008.RAWLWE9,2025-08-04 03:00:08,Long Range,4,27.82,Clear
NHB250804030304.RAWLWED,2025-08-04 03:03:04,Short Range,8,28.09,Clear
NHB250804031007.RAWLWEG,2025-08-04 03:10:07,Long Range,4,28.06,Clear
NHB250804031304.RAWGMH9,2025-08-04 03:13:04,Short Range,8,29.1,Clear
NHB250804032008.RAWGMHC,2025-08-04 03:20:08,Long Range,4,29.03,Clear
NHB250804032303.RAWGMHG,2025-08-04 03:23:03,Short Range,8,30.35,Light rain
NHB250804033007.RAWGMHK,2025-08-04 03:30:07,Long Range,4,29.83,Clear
NHB250804033304.RAWGMHP,2025-08-04 03:33:04,Short Range,8,29.0,Clear
NHB250804034008.RAWGMHT,2025-08-04 03:40:08,Long Range,4,28.54,Clear
NHB250804034304.RAWGMHX,2025-08-04 03:43:04,Short Range,8,29.48,Clear
NHB250804035008.RAWGMJ0,2025-08-04 03:50:08,Long Range,4,31.62,Light rain
NHB250804035303.RAWGMJ4,2025-08-04 03:53:03,Short Range,8,32.85,Light rain
NHB250804040008.RAWGMJ7,2025-08-04 04:00:08,Long Range,4,31.75,Light rain
NHB250804040303.RAWGMJB,2025-08-04 04:03:03,Short Range,8,32.33,Light rain
NHB250804041007.RAWGMJE,2025-08-04 04:10:07,Long Range,4,27.91,Clear
NHB250804041303.RAWGMJJ,2025-08-04 04:13:03,Short Range,8,29.44,Clear
NHB250804042008.RAWGMJM,2025-08-04 04:20:08,Long Range,4,29.99,Clear
NHB250804042303.RAWGMJS,2025-08-04 04:23:03,Short Range,8,29.78,Clear
NHB250804043007.RAWGMJV,2025-08-04 04:30:07,Long Range,4,29.51,Clear
NHB250804043304.RAWGMJZ,2025-08-04 04:33:04,Short Range,8,29.85,Clear
NHB250804044008.RAWGMK2,2025-08-04 04:40:08,Long Range,4,30.79,Light rain
NHB250804044303.RAWGMK6,2025-08-04 04:43:03,Short Range,8,31.36,Light rain
NHB250804045008.RAWGMK9,2025-08-04 04:50:08,Long Range,4,30.62,Light rain
NHB250804045303.RAWGMKD,2025-08-04 04:53:03,Short Range,8,31.2,Light rain
NHB250804050008.RAWGMKG,2025-08-04 05:00:08,Long Range,4,29.61,Clear
NHB250804050303.RAWGMKL,2025-08-04 05:03:03,Short Range,8,28.97,Clear
NHB250804051008.RAWGMKP,2025-08-04 05:10:08,Long Range,4,29.08,Clear
NHB250804051304.RAWGMKU,2025-08-04 05:13:04,Short Range,8,27.48,Clear
NHB250804052007.RAWGMKX,2025-08-04 05:20:07,Long Range,4,27.9,Clear
NHB250804052303.RAWGML1,2025-08-04 05:23:03,Short Range,8,26.77,Clear
NHB250804053009.RAWGML4,2025-08-04 05:30:09,Long Range,4,28.47,Clear
NHB250804053303.RAWGML8,2025-08-04 05:33:03,Short Range,8,26.24,Clear
NHB250804054008.RAWGMLB,2025-08-04 05:40:08,Long Range,4,28.04,Clear
NHB250804054303.RAWGMLF,2025-08-04 05:43:03,Short Range,8,26.73,Clear
NHB250804055008.RAWGMLJ,2025-08-04 05:50:08,Long Range,4,27.19,Clear
NHB250804055304.RAWGMLN,2025-08-04 05:53:04,Short Range,8,26.72,Clear
NHB250804060008.RAWGMLS,2025-08-04 06:00:08,Long Range,4,26.95,Clear
NHB250804060303.RAWGMLW,2025-08-04 06:03:03,Short Range,8,26.4,Clear
NHB250804061007.RAWGMLZ,2025-08-04 06:10:07,Long Range,4,28.25,Clear
NHB250804061304.RAWGMM3,2025-08-04 06:13:04,Short Range,8,27.62,Clear
NHB250804062009.RAWGMM6,2025-08-04 06:20:09,Long Range,4,28.59,Clear
NHB250804062303.RAWGMMA,2025-08-04 06:23:03,Short Range,8,26.36,Clear
NHB250804063008.RAWGMMD,2025-08-04 06:30:08,Long Range,4,27.55,Clear
NHB250804063303.RAWGMMH,2025-08-04 06:33:03,Short Range,8,26.65,Clear
NHB250804064008.RAWGMML,2025-08-04 06:40:08,Long Range,4,28.93,Clear
NHB250804064303.RAWGMMR,2025-08-04 06:43:03,Short Range,8,29.56,Clear
NHB250804065007.RAWGMMU,2025-08-04 06:50:07,Long Range,4,28.7,Clear
NHB250804065304.RAWGMMY,2025-08-04 06:53:04,Short Range,8,29.15,Clear
NHB250804070007.RAWGMN1,2025-08-04 07:00:07,Long Range,4,28.12,Clear
NHB250804070304.RAWGMN5,2025-08-04 07:03:04,Short Range,8,27.23,Clear
NHB250804071008.RAWGMN8,2025-08-04 07:10:08,Long Range,4,27.24,Clear
NHB250804071304.RAWGMNC,2025-08-04 07:13:04,Short Range,8,26.49,Clear
NHB250804072008.RAWGMNF,2025-08-04 07:20:08,Long Range,4,27.77,Clear
NHB250804072304.RAWGMNK,2025-08-04 07:23:04,Short Range,8,27.83,Clear
NHB250804073008.RAWGMNN,2025-08-04 07:30:08,Long Range,4,28.28,Clear
NHB250804073304.RAWGMNT,2025-08-04 07:33:04,Short Range,8,28.42,Clear
NHB250804074008.RAWGMNW,2025-08-04 07:40:08,Long Range,4,29.33,Clear
NHB250804074304.RAWGMP0,2025-08-04 07:43:04,Short Range,8,29.23,Clear
NHB250804075007.RAWGMP3,2025-08-04 07:50:07,Long Range,4,29.15,Clear
NHB250804075303.RAWGMP7,2025-08-04 07:53:03,Short Range,8,27.94,Clear
NHB250804080008.RAWGMPA,2025-08-04 08:00:08,Long Range,4,27.56,Clear
NHB250804080303.RAWGMPE,2025-08-04 08:03:03,Short Range,8,28.1,Clear
NHB250804081007.RAWGMPH,2025-08-04 08:10:07,Long Range,4,30.36,Light rain
NHB250804081303.RAWGMPM,2025-08-04 08:13:03,Short Range,8,30.98,Light rain
NHB250804082007.RAWGMPR,2025-08-04 08:20:07,Long Range,4,30.74,Light rain
NHB250804082303.RAWGMPV,2025-08-04 08:23:03,Short Range,8,30.31,Light rain
NHB250804083007.RAWGMPY,2025-08-04 08:30:07,Long Range,4,31.95,Light rain
NHB250804083303.RAWGMR2,2025-08-04 08:33:03,Short Range,8,29.95,Clear
NHB250804084008.RAWGMR5,2025-08-04 08:40:08,Long Range,4,31.21,Light rain
NHB250804084304.RAWGMR9,2025-08-04 08:43:04,Short Range,8,29.38,Clear
NHB250804085008.RAWGMRC,2025-08-04 08:50:08,Long Range,4,31.01,Light rain
NHB250804085304.RAWGMRG,2025-08-04 08:53:04,Short Range,8,31.75,Light rain
NHB250804090008.RAWGMRK,2025-08-04 09:00:08,Long Range,4,32.76,Light rain
NHB250804090303.RAWGMRP,2025-08-04 09:03:03,Short Range,8,32.07,Light rain
NHB250804091009.RAWGMRT,2025-08-04 09:10:09,Long Range,4,33.04,Light rain
NHB250804091304.RAWGMRX,2025-08-04 09:13:04,Short Range,8,32.98,Light rain
NHB250804092009.RAWGMS0,2025-08-04 09:20:09,Long Range,4,33.6,Light rain
NHB250804092303.RAWGMS4,2025-08-04 09:23:03,Short Range,8,32.1,Light rain
NHB250804093007.RAWGMS7,2025-08-04 09:30:07,Long Range,4,34.39,Light rain
NHB250804093304.RAWGMSB,2025-08-04 09:33:04,Short Range,8,34.9,Light rain
NHB250804094009.RAWGMSE,2025-08-04 09:40:09,Long Range,4,35.63,Light rain
NHB250804094304.RAWGMSJ,2025-08-04 09:43:04,Short Range,8,35.78,Light rain
NHB250804095009.RAWGMSM,2025-08-04 09:50:09,Long Range,4,37.0,Light rain
NHB250804095304.RAWGMSS,2025-08-04 09:53:04,Short Range,8,37.48,Light rain
NHB250804100008.RAWGMSV,2025-08-04 10:00:08,Long Range,4,37.68,Light rain
NHB250804100305.RAWGMSZ,2025-08-04 10:03:05,Short Range,8,41.03,Moderate rain
NHB250804101009.RAWGMT2,2025-08-04 10:10:09,Long Range,4,39.76,Light rain
NHB250804101303.RAWGMT6,2025-08-04 10:13:03,Short Range,8,42.22,Moderate rain
NHB250804102009.RAWGMT9,2025-08-04 10:20:09,Long Range,4,42.43,Moderate rain
NHB250804102303.RAWGMTD,2025-08-04 10:23:03,Short Range,8,43.94,Moderate rain
NHB250804103008.RAWGMTG,2025-08-04 10:30:08,Long Range,4,42.96,Moderate rain
NHB250804103304.RAWGMTL,2025-08-04 10:33:04,Short Range,8,45.58,Moderate rain
NHB250804104007.RAWGMTP,2025-08-04 10:40:07,Long Range,4,45.52,Moderate rain
NHB250804104304.RAWGMTU,2025-08-04 10:43:04,Short Range,8,48.25,Heavy rain
NHB250804105007.RAWGMTX,2025-08-04 10:50:07,Long Range,4,46.76,Moderate rain
NHB250804105303.RAWGMU1,2025-08-04 10:53:03,Short Range,8,49.55,Heavy rain
NHB250804110008.RAWGMU4,2025-08-04 11:00:08,Long Range,4,49.18,Heavy rain
NHB250804110303.RAWGMU8,2025-08-04 11:03:03,Short Range,8,51.95,Heavy rain
NHB250804111007.RAWGMUB,2025-08-04 11:10:07,Long Range,4,49.45,Heavy rain
NHB250804111304.RAWGMUF,2025-08-04 11:13:04,Short Range,8,52.07,Heavy rain
NHB250804112007.RAWGMUJ,2025-08-04 11:20:07,Long Range,4,49.76,Heavy rain
NHB250804112304.RAWGMUN,2025-08-04 11:23:04,Short Range,8,52.08,Heavy rain
NHB250804113008.RAWGMUS,2025-08-04 11:30:08,Long Range,4,49.46,Heavy rain
NHB250804113303.RAWGMUW,2025-08-04 11:33:03,Short Range,8,52.21,Heavy rain
NHB250804114008.RAWGMUZ,2025-08-04 11:40:08,Long Range,4,48.46,Heavy rain
NHB250804114303.RAWGMV3,2025-08-04 11:43:03,Short Range,8,50.07,Heavy rain
NHB250804115007.RAWGMV6,2025-08-04 11:50:07,Long Range,4,45.89,Moderate rain
NHB250804115303.RAWGMVA,2025-08-04 11:53:03,Short Range,8,48.13,Heavy rain
NHB250804120007.RAWGMVD,2025-08-04 12:00:07,Long Range,4,44.51,Moderate rain
NHB250804120304.RAWGMVH,2025-08-04 12:03:04,Short Range,8,47.25,Moderate rain
NHB250804121007.RAWGMVL,2025-08-04 12:10:07,Long Range,4,43.93,Moderate rain
NHB250804121304.RAWGMVR,2025-08-04 12:13:04,Short Range,8,46.59,Moderate rain
NHB250804122008.RAWGMVU,2025-08-04 12:20:08,Long Range,4,43.73,Moderate rain
NHB250804122303.RAWGMVY,2025-08-04 12:23:03,Short Range,8,45.07,Moderate rain
NHB250804123008.RAWGMW1,2025-08-04 12:30:08,Long Range,4,41.67,Moderate rain
NHB250804123304.RAWGMW5,2025-08-04 12:33:04,Short Range,8,44.05,Moderate rain
NHB250804124007.RAWGMW8,2025-08-04 12:40:07,Long Range,4,40.75,Moderate rain
NHB250804124303.RAWGMWC,2025-08-04 12:43:03,Short Range,8,41.48,Moderate rain
NHB250804125009.RAWGMWF,2025-08-04 12:50:09,Long Range,4,38.26,Light rain
NHB250804125303.RAWGMWK,2025-08-04 12:53:03,Short Range,8,38.61,Light rain
NHB250804130007.RAWGMWN,2025-08-04 13:00:07,Long Range,4,34.5,Light rain
NHB250804130303.RAWGMWT,2025-08-04 13:03:03,Short Range,8,34.31,Light rain
NHB250804131008.RAWGMWW,2025-08-04 13:10:08,Long Range,4,32.25,Light rain
NHB250804131303.RAWGMX0,2025-08-04 13:13:03,Short Range,8,30.42,Light rain
NHB250804132008.RAWGMX3,2025-08-04 13:20:08,Long Range,4,30.65,Light rain
NHB250804132303.RAWGMX7,2025-08-04 13:23:03,Short Range,8,30.4,Light rain
NHB250804133007.RAWGMXA,2025-08-04 13:30:07,Long Range,4,32.99,Light rain
NHB250804133305.RAWGMXE,2025-08-04 13:33:05,Short Range,8,30.79,Light rain
NHB250804134007.RAWGMXH,2025-08-04 13:40:07,Long Range,4,32.92,Light rain
NHB250804134304.RAWGMXM,2025-08-04 13:43:04,Short Range,8,26.97,Clear
NHB250804135008.RAWGMXR,2025-08-04 13:50:08,Long Range,4,29.75,Clear
NHB250804135304.RAWGMXV,2025-08-04 13:53:04,Short Range,8,25.41,Clear
NHB250804140007.RAWGMXY,2025-08-04 14:00:07,Long Range,4,29.35,Clear
NHB250804140305.RAWGMY2,2025-08-04 14:03:05,Short Range,8,26.85,Clear
NHB250804141007.RAWGMY5,2025-08-04 14:10:07,Long Range,4,29.22,Clear
NHB250804141304.RAWGMY9,2025-08-04 14:13:04,Short Range,8,27.69,Clear
NHB250804142008.RAWGMYC,2025-08-04 14:20:08,Long Range,4,27.81,Clear
NHB250804142303.RAWGMYG,2025-08-04 14:23:03,Short Range,8,28.05,Clear
NHB250804143008.RAWGMYK,2025-08-04 14:30:08,Long Range,4,28.63,Clear
NHB250804143304.RAWGMYP,2025-08-04 14:33:04,Short Range,8,28.06,Clear
NHB250804144009.RAWGMYT,2025-08-04 14:40:09,Long Range,4,29.29,Clear
NHB250804144304.RAWGMYX,2025-08-04 14:43:04,Short Range,8,28.13,Clear
NHB250804145008.RAWGMZ0,2025-08-04 14:50:08,Long Range,4,28.64,Clear
NHB250804145303.RAWGMZ4,2025-08-04 14:53:03,Short Range,8,27.88,Clear
NHB250804150008.RAWGMZ7,2025-08-04 15:00:08,Long Range,4,28.02,Clear
NHB250804150304.RAWGMZB,2025-08-04 15:03:04,Short Range,8,27.72,Clear
NHB250804151008.RAWGMZE,2025-08-04 15:10:08,Long Range,4,27.84,Clear
NHB250804151303.RAWGMZJ,2025-08-04 15:13:03,Short Range,8,26.93,Clear
NHB250804152008.RAWGMZM,2025-08-04 15:20:08,Long Range,4,26.7,Clear
NHB250804152303.RAWGMZS,2025-08-04 15:23:03,Short Range,8,26.82,Clear
NHB250804153007.RAWGMZV,2025-08-04 15:30:07,Long Range,4,27.22,Clear
NHB250804153304.RAWGMZZ,2025-08-04 15:33:04,Short Range,8,27.2,Clear
NHB250804154008.RAWGN02,2025-08-04 15:40:08,Long Range,4,27.66,Clear
NHB250804154304.RAWGN06,2025-08-04 15:43:04,Short Range,8,26.5,Clear
NHB250804155008.RAWGN09,2025-08-04 15:50:08,Long Range,4,27.2,Clear
NHB250804155304.RAWGN0D,2025-08-04 15:53:04,Short Range,8,26.79,Clear
NHB250804160008.RAWGN0G,2025-08-04 16:00:08,Long Range,4,28.75,Clear
NHB250804160304.RAWGN0L,2025-08-04 16:03:04,Short Range,8,27.74,Clear
NHB250804161008.RAWGN0P,2025-08-04 16:10:08,Long Range,4,29.93,Clear
NHB250804161303.RAWGN0U,2025-08-04 16:13:03,Short Range,8,28.8,Clear
NHB250804162008.RAWGN0X,2025-08-04 16:20:08,Long Range,4,33.35,Light rain
NHB250804162303.RAWGN11,2025-08-04 16:23:03,Short Range,8,29.44,Clear
NHB250804163008.RAWGN14,2025-08-04 16:30:08,Long Range,4,32.62,Light rain
NHB250804163304.RAWGN18,2025-08-04 16:33:04,Short Range,8,28.78,Clear
NHB250804164008.RAWGN1B,2025-08-04 16:40:08,Long Range,4,31.5,Light rain
NHB250804164303.RAWGN1F,2025-08-04 16:43:03,Short Range,8,28.88,Clear
NHB250804165008.RAWGN1J,2025-08-04 16:50:08,Long Range,4,30.33,Light rain
NHB250804165305.RAWGN1N,2025-08-04 16:53:05,Short Range,8,27.72,Clear
NHB250804170009.RAWGN1S,2025-08-04 17:00:09,Long Range,4,29.64,Clear
NHB250804170304.RAWGN1W,2025-08-04 17:03:04,Short Range,8,27.74,Clear
NHB250804171007.RAWGN1Z,2025-08-04 17:10:07,Long Range,4,33.45,Light rain
NHB250804171303.RAWGN23,2025-08-04 17:13:03,Short Range,8,27.09,Clear
NHB250804172008.RAWGN26,2025-08-04 17:20:08,Long Range,4,30.51,Light rain
NHB250804172304.RAWGN2A,2025-08-04 17:23:04,Short Range,8,27.89,Clear
NHB250804173008.RAWGN2D,2025-08-04 17:30:08,Long Range,4,31.1,Light rain
NHB250804173303.RAWGN2H,2025-08-04 17:33:03,Short Range,8,28.98,Clear
NHB250804174007.RAWGN2L,2025-08-04 17:40:07,Long Range,4,31.92,Light rain
NHB250804174303.RAWGN2R,2025-08-04 17:43:03,Short Range,8,30.95,Light rain
NHB250804175008.RAWGN2U,2025-08-04 17:50:08,Long Range,4,33.93,Light rain
NHB250804175303.RAWGN2Y,2025-08-04 17:53:03,Short Range,8,34.52,Light rain
NHB250804180007.RAWGN31,2025-08-04 18:00:07,Long Range,4,33.96,Light rain
NHB250804180303.RAWGN35,2025-08-04 18:03:03,Short Range,8,34.09,Light rain
NHB250804181007.RAWGN38,2025-08-04 18:10:07,Long Range,4,34.23,Light rain
NHB250804181304.RAWGN3C,2025-08-04 18:13:04,Short Range,8,33.57,Light rain
NHB250804182008.RAWGN3F,2025-08-04 18:20:08,Long Range,4,34.7,Light rain
NHB250804182303.RAWGN3K,2025-08-04 18:23:03,Short Range,8,33.33,Light rain
NHB250804183008.RAWGN3N,2025-08-04 18:30:08,Long Range,4,34.44,Light rain
NHB250804183304.RAWGN3T,2025-08-04 18:33:04,Short Range,8,34.03,Light rain
NHB250804184008.RAWGN3W,2025-08-04 18:40:08,Long Range,4,34.26,Light rain
NHB250804184304.RAWGN40,2025-08-04 18:43:04,Short Range,8,34.25,Light rain
NHB250804185008.RAWGN43,2025-08-04 18:50:08,Long Range,4,34.24,Light rain
NHB250804185303.RAWGN47,2025-08-04 18:53:03,Short Range,8,34.3,Light rain
NHB250804190008.RAWGN4A,2025-08-04 19:00:08,Long Range,4,34.93,Light rain
NHB250804190303.RAWGN4E,2025-08-04 19:03:03,Short Range,8,35.13,Light rain
NHB250804191007.RAWGN4H,2025-08-04 19:10:07,Long Range,4,36.08,Light rain
NHB250804191304.RAWGN4M,2025-08-04 19:13:04,Short Range,8,35.37,Light rain
NHB250804192008.RAWGN4R,2025-08-04 19:20:08,Long Range,4,36.24,Light rain
NHB250804192303.RAWGN4V,2025-08-04 19:23:03,Short Range,8,34.92,Light rain
NHB250804193007.RAWGN4Y,2025-08-04 19:30:07,Long Range,4,36.3,Light rain
NHB250804193303.RAWGN52,2025-08-04 19:33:03,Short Range,8,34.69,Light rain
NHB250804194008.RAWGN55,2025-08-04 19:40:08,Long Range,4,37.56,Light rain
NHB250804194304.RAWGN59,2025-08-04 19:43:04,Short Range,8,34.67,Light rain
NHB250804195008.RAWGN5C,2025-08-04 19:50:08,Long Range,4,36.79,Light rain
NHB250804195303.RAWGN5G,2025-08-04 19:53:03,Short Range,8,34.56,Light rain
NHB250804200008.RAWGN5K,2025-08-04 20:00:08,Long Range,4,38.68,Light rain
NHB250804200303.RAWGN5P,2025-08-04 20:03:03,Short Range,8,34.62,Light rain
NHB250804201007.RAWGN5T,2025-08-04 20:10:07,Long Range,4,39.7,Light rain
NHB250804201303.RAWGN5X,2025-08-04 20:13:03,Short Range,8,34.26,Light rain
NHB250804202008.RAWGN60,2025-08-04 20:20:08,Long Range,4,39.84,Light rain
NHB250804202303.RAWGN64,2025-08-04 20:23:03,Short Range,8,34.16,Light rain
NHB250804203007.RAWGN67,2025-08-04 20:30:07,Long Range,4,40.17,Moderate rain
NHB250804203303.RAWGN6B,2025-08-04 20:33:03,Short Range,8,34.24,Light rain
NHB250804204008.RAWGN6E,2025-08-04 20:40:08,Long Range,4,40.31,Moderate rain
NHB250804204303.RAWGN6J,2025-08-04 20:43:03,Short Range,8,35.09,Light rain
NHB250804205008.RAWGN6M,2025-08-04 20:50:08,Long Range,4,40.02,Moderate rain
NHB250804205305.RAWGN6S,2025-08-04 20:53:05,Short Range,8,33.72,Light rain
NHB250804210008.RAWGN6V,2025-08-04 21:00:08,Long Range,4,39.55,Light rain
NHB250804210303.RAWGN6Z,2025-08-04 21:03:03,Short Range,8,34.54,Light rain
NHB250804211008.RAWGN72,2025-08-04 21:10:08,Long Range,4,39.16,Light rain
NHB250804211303.RAWGN76,2025-08-04 21:13:03,Short Range,8,34.98,Light rain
NHB250804212008.RAWGN79,2025-08-04 21:20:08,Long Range,4,38.35,Light rain
NHB250804212303.RAWGN7D,2025-08-04 21:23:03,Short Range,8,34.58,Light rain
NHB250804213008.RAWGN7G,2025-08-04 21:30:08,Long Range,4,37.81,Light rain
NHB250804213303.RAWGN7L,2025-08-04 21:33:03,Short Range,8,34.87,Light rain
NHB250804214008.RAWGN7P,2025-08-04 21:40:08,Long Range,4,36.7,Light rain
NHB250804214304.RAWGN7U,2025-08-04 21:43:04,Short Range,8,33.71,Light rain
NHB250804215008.RAWGN7X,2025-08-04 21:50:08,Long Range,4,35.62,Light rain
NHB250804215303.RAWGN81,2025-08-04 21:53:03,Short Range,8,34.6,Light rain
NHB250804220007.RAWGN84,2025-08-04 22:00:07,Long Range,4,36.36,Light rain
NHB250804220303.RAWGN88,2025-08-04 22:03:03,Short Range,8,34.66,Light rain
NHB250804221008.RAWGN8B,2025-08-04 22:10:08,Long Range,4,35.76,Light rain
NHB250804221304.RAWGN8F,2025-08-04 22:13:04,Short Range,8,33.05,Light rain
NHB250804222008.RAWGN8J,2025-08-04 22:20:08,Long Range,4,34.14,Light rain
NHB250804222303.RAWGN8N,2025-08-04 22:23:03,Short Range,8,31.61,Light rain
NHB250804223007.RAWGN8S,2025-08-04 22:30:07,Long Range,4,33.52,Light rain
NHB250804223304.RAWGN8W,2025-08-04 22:33:04,Short Range,8,27.49,Clear
NHB250804224008.RAWGN8Z,2025-08-04 22:40:08,Long Range,4,32.31,Light rain
NHB250804224303.RAWGN93,2025-08-04 22:43:03,Short Range,8,28.94,Clear
NHB250804225007.RAWGN96,2025-08-04 22:50:07,Long Range,4,32.55,Light rain
NHB250804225304.RAWGN9A,2025-08-04 22:53:04,Short Range,8,27.47,Clear
NHB250804230008.RAWGN9D,2025-08-04 23:00:08,Long Range,4,31.86,Light rain
NHB250804230303.RAWGN9H,2025-08-04 23:03:03,Short Range,8,27.64,Clear
NHB250804231009.RAWGN9L,2025-08-04 23:10:09,Long Range,4,31.67,Light rain
NHB250804231304.RAWGN9R,2025-08-04 23:13:04,Short Range,8,26.5,Clear
NHB250804232007.RAWGN9U,2025-08-04 23:20:07,Long Range,4,30.8,Light rain
NHB250804232303.RAWGN9Y,2025-08-04 23:23:03,Short Range,8,26.54,Clear
NHB250804233007.RAWGNA1,2025-08-04 23:30:07,Long Range,4,30.49,Light rain
NHB250804233304.RAWGNA5,2025-08-04 23:33:04,Short Range,8,26.11,Clear
NHB250804234008.RAWGNA8,2025-08-04 23:40:08,Long Range,4,29.57,Clear
NHB250804234303.RAWGNAC,2025-08-04 23:43:03,Short Range,8,25.74,Clear
NHB250804235007.RAWGNAF,2025-08-04 23:50:07,Long Range,4,30.32,Light rain
NHB250804235303.RAWGNAK,2025-08-04 23:53:03,Short Range,8,24.86,Clear
NHB250805000008.RAWGNAN,2025-08-05 00:00:08,Long Range,4,31.24,Light rain
NHB250805000303.RAWGNAT,2025-08-05 00:03:03,Short Range,8,26.26,Clear
NHB250805001008.RAWGNAW,2025-08-05 00:10:08,Long Range,4,31.84,Light rain
NHB250805001303.RAWGNB0,2025-08-05 00:13:03,Short Range,8,27.3,Clear
NHB250805002008.RAWGNB3,2025-08-05 00:20:08,Long Range,4,31.92,Light rain
NHB250805002303.RAWGNB7,2025-08-05 00:23:03,Short Range,8,26.84,Clear
NHB250805003008.RAWGNBA,2025-08-05 00:30:08,Long Range,4,30.13,Light rain
NHB250805003303.RAWGNBE,2025-08-05 00:33:03,Short Range,8,27.16,Clear
NHB250805004007.RAWGNBH,2025-08-05 00:40:07,Long Range,4,30.35,Light rain
NHB250805004304.RAWGNBM,2025-08-05 00:43:04,Short Range,8,27.18,Clear
NHB250805005008.RAWGNBR,2025-08-05 00:50:08,Long Range,4,30.07,Light rain
NHB250805005303.RAWGNBV,2025-08-05 00:53:03,Short Range,8,27.11,Clear
NHB250805010008.RAWGNBY,2025-08-05 01:00:08,Long Range,4,28.71,Clear
NHB250805010303.RAWGNC2,2025-08-05 01:03:03,Short Range,8,27.76,Clear
NHB250805011007.RAWGNC5,2025-08-05 01:10:07,Long Range,4,28.91,Clear
NHB250805011304.RAWGNC9,2025-08-05 01:13:04,Short Range,8,28.37,Clear
NHB250805012007.RAWGNCC,2025-08-05 01:20:07,Long Range,4,27.95,Clear
NHB250805012304.RAWGNCG,2025-08-05 01:23:04,Short Range,8,28.52,Clear
NHB250805013007.RAWGNCK,2025-08-05 01:30:07,Long Range,4,28.43,Clear
NHB250805013304.RAWGNCP,2025-08-05 01:33:04,Short Range,8,28.16,Clear
NHB250805014008.RAWGNCT,2025-08-05 01:40:08,Long Range,4,27.87,Clear
NHB250805014303.RAWGNCX,2025-08-05 01:43:03,Short Range,8,28.7,Clear
NHB250805015007.RAWGND0,2025-08-05 01:50:07,Long Range,4,28.08,Clear
NHB250805015305.RAWGND4,2025-08-05 01:53:05,Short Range,8,28.46,Clear
NHB250805020007.RAWGND7,2025-08-05 02:00:07,Long Range,4,27.15,Clear
NHB250805020303.RAWGNDB,2025-08-05 02:03:03,Short Range,8,27.8,Clear
NHB250805021007.RAWGNDE,2025-08-05 02:10:07,Long Range,4,28.66,Clear
NHB250805021303.RAWGNDJ,2025-08-05 02:13:03,Short Range,8,28.33,Clear
NHB250805022009.RAWGNDM,2025-08-05 02:20:09,Long Range,4,29.87,Clear
NHB250805022304.RAWGNDS,2025-08-05 02:23:04,Short Range,8,27.64,Clear
NHB250805023008.RAWGNDV,2025-08-05 02:30:08,Long Range,4,28.16,Clear
NHB250805023304.RAWGNDZ,2025-08-05 02:33:04,Short Range,8,27.7,Clear
NHB250805024008.RAWGNE2,2025-08-05 02:40:08,Long Range,4,26.42,Clear
NHB250805024304.RAWGNE6,2025-08-05 02:43:04,Short Range,8,27.52,Clear
NHB250805025008.RAWGNE9,2025-08-05 02:50:08,Long Range,4,27.41,Clear
NHB250805025304.RAWGNED,2025-08-05 02:53:04,Short Range,8,27.88,Clear
NHB250805030008.RAWGNEG,2025-08-05 03:00:08,Long Range,4,27.4,Clear
NHB250805030303.RAWGNEL,2025-08-05 03:03:03,Short Range,8,27.75,Clear
NHB250805031007.RAWGNEP,2025-08-05 03:10:07,Long Range,4,28.31,Clear
NHB250805031304.RAWGNEU,2025-08-05 03:13:04,Short Range,8,28.7,Clear
NHB250805032008.RAWGNEX,2025-08-05 03:20:08,Long Range,4,28.82,Clear
NHB250805032303.RAWGNF1,2025-08-05 03:23:03,Short Range,8,29.1,Clear
NHB250805033008.RAWGNF4,2025-08-05 03:30:08,Long Range,4,27.62,Clear
NHB250805033303.RAWGNF8,2025-08-05 03:33:03,Short Range,8,29.31,Clear
NHB250805034008.RAWGNFB,2025-08-05 03:40:08,Long Range,4,27.65,Clear
NHB250805034304.RAWGNFF,2025-08-05 03:43:04,Short Range,8,28.46,Clear
NHB250805035007.RAWGNFJ,2025-08-05 03:50:07,Long Range,4,28.34,Clear
NHB250805035303.RAWGNFN,2025-08-05 03:53:03,Short Range,8,28.76,Clear
NHB250805040008.RAWGNFS,2025-08-05 04:00:08,Long Range,4,27.95,Clear
NHB250805040304.RAWGNFW,2025-08-05 04:03:04,Short Range,8,29.58,Clear
NHB250805041008.RAWGNFZ,2025-08-05 04:10:08,Long Range,4,28.97,Clear
NHB250805041304.RAWGNG3,2025-08-05 04:13:04,Short Range,8,29.28,Clear
NHB250805042008.RAWGNG6,2025-08-05 04:20:08,Long Range,4,29.34,Clear
NHB250805042303.RAWGNGA,2025-08-05 04:23:03,Short Range,8,27.95,Clear
NHB250805043007.RAWGNGD,2025-08-05 04:30:07,Long Range,4,28.52,Clear
NHB250805043304.RAWGNGH,2025-08-05 04:33:04,Short Range,8,28.07,Clear
NHB250805044009.RAWGNGL,2025-08-05 04:40:09,Long Range,4,27.25,Clear
NHB250805044303.RAWGNGR,2025-08-05 04:43:03,Short Range,8,27.97,Clear
NHB250805045007.RAWGNGU,2025-08-05 04:50:07,Long Range,4,27.27,Clear
NHB250805045304.RAWGNGY,2025-08-05 04:53:04,Short Range,8,27.77,Clear
NHB250805050008.RAWGNH1,2025-08-05 05:00:08,Long Range,4,27.41,Clear
NHB250805050305.RAWGNH5,2025-08-05 05:03:05,Short Range,8,26.62,Clear
NHB250805051008.RAWGNH8,2025-08-05 05:10:08,Long Range,4,27.59,Clear
NHB250805051303.RAWGNHC,2025-08-05 05:13:03,Short Range,8,27.08,Clear
NHB250805052008.RAWGNHF,2025-08-05 05:20:08,Long Range,4,28.4,Clear
NHB250805052304.RAWGNHK,2025-08-05 05:23:04,Short Range,8,27.3,Clear
NHB250805053007.RAWGNHN,2025-08-05 05:30:07,Long Range,4,29.2,Clear
NHB250805053304.RAWGNHT,2025-08-05 05:33:04,Short Range,8,27.84,Clear
NHB250805054008.RAWGNHW,2025-08-05 05:40:08,Long Range,4,30.24,Light rain
NHB250805054304.RAWGNJ0,2025-08-05 05:43:04,Short Range,8,27.19,Clear
NHB250805055008.RAWGNJ3,2025-08-05 05:50:08,Long Range,4,29.66,Clear
NHB250805055303.RAWGNJ7,2025-08-05 05:53:03,Short Range,8,27.22,Clear
NHB250805060007.RAWGNJA,2025-08-05 06:00:07,Long Range,4,29.47,Clear
NHB250805060303.RAWGNJE,2025-08-05 06:03:03,Short Range,8,27.67,Clear
NHB250805061007.RAWGNJH,2025-08-05 06:10:07,Long Range,4,28.21,Clear
NHB250805061304.RAWGNJM,2025-08-05 06:13:04,Short Range,8,28.25,Clear
NHB250805062007.RAWGNJR,2025-08-05 06:20:07,Long Range,4,29.85,Clear
NHB250805062304.RAWGNJV,2025-08-05 06:23:04,Short Range,8,29.67,Clear
NHB250805063007.RAWGNJY,2025-08-05 06:30:07,Long Range,4,31.28,Light rain
NHB250805063303.RAWGNK2,2025-08-05 06:33:03,Short Range,8,30.16,Light rain
NHB250805064007.RAWGNK5,2025-08-05 06:40:07,Long Range,4,30.92,Light rain
NHB250805064304.RAWGNK9,2025-08-05 06:43:04,Short Range,8,30.42,Light rain
NHB250805065007.RAWGNKC,2025-08-05 06:50:07,Long Range,4,32.38,Light rain
NHB250805065303.RAWGNKG,2025-08-05 06:53:03,Short Range,8,30.56,Light rain
NHB250805070007.RAWGNKK,2025-08-05 07:00:07,Long Range,4,33.19,Light rain
NHB250805070304.RAWGNKP,2025-08-05 07:03:04,Short Range,8,31.22,Light rain
NHB250805071008.RAWGNKT,2025-08-05 07:10:08,Long Range,4,35.8,Light rain
NHB250805071304.RAWGNKX,2025-08-05 07:13:04,Short Range,8,35.99,Light rain
NHB250805072007.RAWGNL0,2025-08-05 07:20:07,Long Range,4,37.38,Light rain
NHB250805072304.RAWGNL4,2025-08-05 07:23:04,Short Range,8,39.2,Light rain
NHB250805073008.RAWGNL7,2025-08-05 07:30:08,Long Range,4,40.13,Moderate rain
NHB250805073304.RAWGNLB,2025-08-05 07:33:04,Short Range,8,41.64,Moderate rain
NHB250805074007.RAWGNLE,2025-08-05 07:40:07,Long Range,4,42.13,Moderate rain
NHB250805074304.RAWGNLJ,2025-08-05 07:43:04,Short Range,8,43.42,Moderate rain
NHB250805075008.RAWGNLM,2025-08-05 07:50:08,Long Range,4,43.36,Moderate rain
NHB250805075303.RAWGNLS,2025-08-05 07:53:03,Short Range,8,44.74,Moderate rain
NHB250805080008.RAWGNLV,2025-08-05 08:00:08,Long Range,4,43.72,Moderate rain
NHB250805080303.RAWGNLZ,2025-08-05 08:03:03,Short Range,8,45.54,Moderate rain
NHB250805081007.RAWGNM2,2025-08-05 08:10:07,Long Range,4,44.9,Moderate rain
NHB250805081303.RAWGNM6,2025-08-05 08:13:03,Short Range,8,45.8,Moderate rain
NHB250805082009.RAWGNM9,2025-08-05 08:20:09,Long Range,4,44.67,Moderate rain
NHB250805082304.RAWGNMD,2025-08-05 08:23:04,Short Range,8,45.3,Moderate rain
NHB250805083007.RAWGNMG,2025-08-05 08:30:07,Long Range,4,44.53,Moderate rain
NHB250805083304.RAWGNML,2025-08-05 08:33:04,Short Range,8,45.79,Moderate rain
NHB250805084008.RAWGNMP,2025-08-05 08:40:08,Long Range,4,45.74,Moderate rain
NHB250805084304.RAWGNMU,2025-08-05 08:43:04,Short Range,8,46.6,Moderate rain
NHB250805085008.RAWGNMX,2025-08-05 08:50:08,Long Range,4,47.19,Moderate rain
NHB250805085304.RAWGNN1,2025-08-05 08:53:04,Short Range,8,48.27,Heavy rain
NHB250805090008.RAWGNN4,2025-08-05 09:00:08,Long Range,4,47.23,Moderate rain
NHB250805090303.RAWGNN8,2025-08-05 09:03:03,Short Range,8,48.89,Heavy rain
NHB250805091008.RAWGNNB,2025-08-05 09:10:08,Long Range,4,47.42,Moderate rain
NHB250805091304.RAWGNNF,2025-08-05 09:13:04,Short Range,8,49.69,Heavy rain
NHB250805092007.RAWGNNJ,2025-08-05 09:20:07,Long Range,4,47.77,Heavy rain
NHB250805092303.RAWGNNN,2025-08-05 09:23:03,Short Range,8,50.61,Heavy rain
NHB250805093008.RAWGNNS,2025-08-05 09:30:08,Long Range,4,48.28,Heavy rain
NHB250805093303.RAWGNNW,2025-08-05 09:33:03,Short Range,8,52.28,Heavy rain
NHB250805094007.RAWGNNZ,2025-08-05 09:40:07,Long Range,4,49.66,Heavy rain
NHB250805094304.RAWGNP3,2025-08-05 09:43:04,Short Range,8,54.5,Heavy rain
NHB250805095008.RAWGNP6,2025-08-05 09:50:08,Long Range,4,50.51,Heavy rain
NHB250805095304.RAWGNPA,2025-08-05 09:53:04,Short Range,8,53.71,Heavy rain
NHB250805100007.RAWGNPD,2025-08-05 10:00:07,Long Range,4,50.15,Heavy rain
NHB250805100303.RAWGNPH,2025-08-05 10:03:03,Short Range,8,55.66,Very heavy rain
NHB250805101008.RAWGNPL,2025-08-05 10:10:08,Long Range,4,51.67,Heavy rain
NHB250805101304.RAWGNPR,2025-08-05 10:13:04,Short Range,8,56.56,Very heavy rain
NHB250805102008.RAWGNPU,2025-08-05 10:20:08,Long Range,4,53.0,Heavy rain
NHB250805102303.RAWGNPY,2025-08-05 10:23:03,Short Range,8,58.05,Very heavy rain
NHB250805103008.RAWGNR1,2025-08-05 10:30:08,Long Range,4,53.25,Heavy rain
NHB250805103303.RAWGNR5,2025-08-05 10:33:03,Short Range,8,57.96,Very heavy rain
NHB250805104008.RAWGNR8,2025-08-05 10:40:08,Long Range,4,53.95,Heavy rain
NHB250805104304.RAWGNRC,2025-08-05 10:43:04,Short Range,8,57.55,Very heavy rain
NHB250805105008.RAWGNRF,2025-08-05 10:50:08,Long Range,4,54.39,Heavy rain
NHB250805105304.RAWGNRK,2025-08-05 10:53:04,Short Range,8,58.05,Very heavy rain
NHB250805110008.RAWGNRN,2025-08-05 11:00:08,Long Range,4,54.61,Heavy rain
NHB250805110303.RAWGNRT,2025-08-05 11:03:03,Short Range,8,58.59,Very heavy rain
NHB250805111009.RAWGNRW,2025-08-05 11:10:09,Long Range,4,55.31,Very heavy rain
NHB250805111304.RAWGNS0,2025-08-05 11:13:04,Short Range,8,57.32,Very heavy rain
NHB250805112007.RAWGNS3,2025-08-05 11:20:07,Long Range,4,54.03,Heavy rain
NHB250805112304.RAWGNS7,2025-08-05 11:23:04,Short Range,8,56.8,Very heavy rain
NHB250805113008.RAWGNSA,2025-08-05 11:30:08,Long Range,4,52.81,Heavy rain
NHB250805113303.RAWGNSE,2025-08-05 11:33:03,Short Range,8,55.67,Very heavy rain
NHB250805114008.RAWGNSH,2025-08-05 11:40:08,Long Range,4,51.39,Heavy rain
NHB250805114304.RAWGNSM,2025-08-05 11:43:04,Short Range,8,55.35,Very heavy rain
NHB250805115007.RAWGNSR,2025-08-05 11:50:07,Long Range,4,51.8,Heavy rain
NHB250805115303.RAWGNSV,2025-08-05 11:53:03,Short Range,8,54.55,Heavy rain
NHB250805120008.RAWGNSY,2025-08-05 12:00:08,Long Range,4,51.84,Heavy rain
NHB250805120303.RAWGNT2,2025-08-05 12:03:03,Short Range,8,53.48,Heavy rain
NHB250805121007.RAWGNT5,2025-08-05 12:10:07,Long Range,4,51.72,Heavy rain
NHB250805121303.RAWGNT9,2025-08-05 12:13:03,Short Range,8,52.68,Heavy rain
NHB250805122008.RAWGNTC,2025-08-05 12:20:08,Long Range,4,50.93,Heavy rain
NHB250805122303.RAWGNTG,2025-08-05 12:23:03,Short Range,8,51.54,Heavy rain
NHB250805123008.RAWGNTK,2025-08-05 12:30:08,Long Range,4,49.36,Heavy rain
NHB250805123303.RAWGNTP,2025-08-05 12:33:03,Short Range,8,50.51,Heavy rain
NHB250805124008.RAWGNTT,2025-08-05 12:40:08,Long Range,4,47.81,Heavy rain
NHB250805124304.RAWGNTX,2025-08-05 12:43:04,Short Range,8,48.99,Heavy rain
NHB250805125007.RAWGNU0,2025-08-05 12:50:07,Long Range,4,46.93,Moderate rain
NHB250805125303.RAWGNU4,2025-08-05 12:53:03,Short Range,8,47.56,Heavy rain
NHB250805130008.RAWGNU7,2025-08-05 13:00:08,Long Range,4,44.44,Moderate rain
NHB250805130304.RAWGNUB,2025-08-05 13:03:04,Short Range,8,46.0,Moderate rain
NHB250805131007.RAWGNUE,2025-08-05 13:10:07,Long Range,4,43.51,Moderate rain
NHB250805131303.RAWGNUJ,2025-08-05 13:13:03,Short Range,8,44.8,Moderate rain
NHB250805132007.RAWGNUM,2025-08-05 13:20:07,Long Range,4,42.21,Moderate rain
NHB250805132303.RAWGNUS,2025-08-05 13:23:03,Short Range,8,44.11,Moderate rain
NHB250805133008.RAWGNUV,2025-08-05 13:30:08,Long Range,4,42.0,Moderate rain
NHB250805133303.RAWGNUZ,2025-08-05 13:33:03,Short Range,8,43.75,Moderate rain
NHB250805134008.RAWGNV2,2025-08-05 13:40:08,Long Range,4,41.48,Moderate rain
NHB250805134304.RAWGNV6,2025-08-05 13:43:04,Short Range,8,42.79,Moderate rain
NHB250805135007.RAWGNV9,2025-08-05 13:50:07,Long Range,4,40.05,Moderate rain
NHB250805135304.RAWGNVD,2025-08-05 13:53:04,Short Range,8,39.64,Light rain
NHB250805140007.RAWGNVG,2025-08-05 14:00:07,Long Range,4,39.53,Light rain
NHB250805140303.RAWGNVL,2025-08-05 14:03:03,Short Range,8,37.36,Light rain
NHB250805141007.RAWGNVP,2025-08-05 14:10:07,Long Range,4,37.21,Light rain
NHB250805141304.RAWGNVU,2025-08-05 14:13:04,Short Range,8,32.98,Light rain
NHB250805142008.RAWGNVX,2025-08-05 14:20:08,Long Range,4,35.26,Light rain
NHB250805142303.RAWGNW1,2025-08-05 14:23:03,Short Range,8,28.71,Clear
NHB250805143007.RAWGNW4,2025-08-05 14:30:07,Long Range,4,34.06,Light rain
NHB250805143304.RAWGNW8,2025-08-05 14:33:04,Short Range,8,26.99,Clear
NHB250805144008.RAWGNWB,2025-08-05 14:40:08,Long Range,4,32.53,Light rain
NHB250805144303.RAWGNWF,2025-08-05 14:43:03,Short Range,8,27.57,Clear
NHB250805145007.RAWGNWJ,2025-08-05 14:50:07,Long Range,4,33.4,Light rain
NHB250805145303.RAWGNWN,2025-08-05 14:53:03,Short Range,8,26.79,Clear
NHB250805150008.RAWGNWS,2025-08-05 15:00:08,Long Range,4,31.18,Light rain
NHB250805150304.RAWGNWW,2025-08-05 15:03:04,Short Range,8,26.56,Clear
NHB250805151007.RAWGNWZ,2025-08-05 15:10:07,Long Range,4,30.25,Light rain
NHB250805151304.RAWGNX3,2025-08-05 15:13:04,Short Range,8,26.15,Clear
NHB250805152008.RAWGNX6,2025-08-05 15:20:08,Long Range,4,30.56,Light rain
NHB250805152303.RAWGNXA,2025-08-05 15:23:03,Short Range,8,26.94,Clear
NHB250805153008.RAWGNXD,2025-08-05 15:30:08,Long Range,4,30.91,Light rain
NHB250805153303.RAWGNXH,2025-08-05 15:33:03,Short Range,8,28.03,Clear
NHB250805154007.RAWGNXL,2025-08-05 15:40:07,Long Range,4,30.36,Light rain
NHB250805154303.RAWGNXR,2025-08-05 15:43:03,Short Range,8,26.97,Clear
NHB250805155008.RAWGNXU,2025-08-05 15:50:08,Long Range,4,30.86,Light rain
NHB250805155304.RAWGNXY,2025-08-05 15:53:04,Short Range,8,26.23,Clear
NHB250805160009.RAWGNY1,2025-08-05 16:00:09,Long Range,4,31.22,Light rain
NHB250805160304.RAWGNY5,2025-08-05 16:03:04,Short Range,8,25.11,Clear
NHB250805161008.RAWGNY8,2025-08-05 16:10:08,Long Range,4,30.71,Light rain
NHB250805161303.RAWGNYC,2025-08-05 16:13:03,Short Range,8,25.58,Clear
NHB250805162008.RAWGNYF,2025-08-05 16:20:08,Long Range,4,31.84,Light rain
NHB250805162304.RAWGNYK,2025-08-05 16:23:04,Short Range,8,26.01,Clear
NHB250805163008.RAWGNYN,2025-08-05 16:30:08,Long Range,4,31.07,Light rain
NHB250805163304.RAWGNYT,2025-08-05 16:33:04,Short Range,8,23.96,Clear
NHB250805164008.RAWGNYW,2025-08-05 16:40:08,Long Range,4,31.81,Light rain
NHB250805164303.RAWGNZ0,2025-08-05 16:43:03,Short Range,8,23.4,Clear
NHB250805165008.RAWGNZ3,2025-08-05 16:50:08,Long Range,4,31.42,Light rain
NHB250805165303.RAWGNZ7,2025-08-05 16:53:03,Short Range,8,23.76,Clear
NHB250805170008.RAWGNZA,2025-08-05 17:00:08,Long Range,4,32.27,Light rain
NHB250805170303.RAWGNZE,2025-08-05 17:03:03,Short Range,8,24.85,Clear
NHB250805171007.RAWGNZH,2025-08-05 17:10:07,Long Range,4,32.65,Light rain
NHB250805171303.RAWGNZM,2025-08-05 17:13:03,Short Range,8,24.82,Clear
NHB250805172008.RAWGNZR,2025-08-05 17:20:08,Long Range,4,32.19,Light rain
NHB250805172303.RAWGNZV,2025-08-05 17:23:03,Short Range,8,25.17,Clear
NHB250805173007.RAWGNZY,2025-08-05 17:30:07,Long Range,4,32.59,Light rain
NHB250805173303.RAWGP02,2025-08-05 17:33:03,Short Range,8,25.07,Clear
NHB250805174008.RAWGP05,2025-08-05 17:40:08,Long Range,4,33.22,Light rain
NHB250805174303.RAWGP09,2025-08-05 17:43:03,Short Range,8,26.09,Clear
NHB250805175007.RAWGP0C,2025-08-05 17:50:07,Long Range,4,34.76,Light rain
NHB250805175304.RAWGP0G,2025-08-05 17:53:04,Short Range,8,26.77,Clear
NHB250805180008.RAWGP0K,2025-08-05 18:00:08,Long Range,4,35.13,Light rain
NHB250805180304.RAWGP0P,2025-08-05 18:03:04,Short Range,8,27.85,Clear
NHB250805181008.RAWGP0T,2025-08-05 18:10:08,Long Range,4,35.11,Light rain
NHB250805181303.RAWGP0X,2025-08-05 18:13:03,Short Range,8,28.26,Clear
NHB250805182009.RAWGP10,2025-08-05 18:20:09,Long Range,4,35.91,Light rain
NHB250805182303.RAWGP14,2025-08-05 18:23:03,Short Range,8,29.15,Clear
NHB250805183007.RAWGP17,2025-08-05 18:30:07,Long Range,4,37.13,Light rain
NHB250805183303.RAWGP1B,2025-08-05 18:33:03,Short Range,8,28.54,Clear
NHB250805184008.RAWGP1E,2025-08-05 18:40:08,Long Range,4,37.52,Light rain
NHB250805184303.RAWGP1J,2025-08-05 18:43:03,Short Range,8,28.64,Clear
NHB250805185008.RAWGP1M,2025-08-05 18:50:08,Long Range,4,38.53,Light rain
NHB250805185304.RAWGP1S,2025-08-05 18:53:04,Short Range,8,30.19,Light rain
NHB250805190009.RAWGP1V,2025-08-05 19:00:09,Long Range,4,39.98,Light rain
NHB250805190303.RAWGP1Z,2025-08-05 19:03:03,Short Range,8,32.5,Light rain
NHB250805191008.RAWGP22,2025-08-05 19:10:08,Long Range,4,41.17,Moderate rain
NHB250805191303.RAWGP26,2025-08-05 19:13:03,Short Range,8,33.86,Light rain
NHB250805192008.RAWGP29,2025-08-05 19:20:08,Long Range,4,41.92,Moderate rain
NHB250805192303.RAWGP2D,2025-08-05 19:23:03,Short Range,8,35.77,Light rain
NHB250805193008.RAWGP2G,2025-08-05 19:30:08,Long Range,4,42.97,Moderate rain
NHB250805193305.RAWGP2L,2025-08-05 19:33:05,Short Range,8,37.55,Light rain
NHB250805194008.RAWGP2P,2025-08-05 19:40:08,Long Range,4,43.09,Moderate rain
NHB250805194304.RAWGP2U,2025-08-05 19:43:04,Short Range,8,38.57,Light rain
NHB250805195008.RAWGP2X,2025-08-05 19:50:08,Long Range,4,42.73,Moderate rain
NHB250805195303.RAWGP31,2025-08-05 19:53:03,Short Range,8,39.0,Light rain
NHB250805200008.RAWGP34,2025-08-05 20:00:08,Long Range,4,42.73,Moderate rain
NHB250805200303.RAWGP38,2025-08-05 20:03:03,Short Range,8,37.67,Light rain
NHB250805201008.RAWGP3B,2025-08-05 20:10:08,Long Range,4,43.4,Moderate rain
NHB250805201304.RAWGP3F,2025-08-05 20:13:04,Short Range,8,36.12,Light rain
NHB250805202008.RAWGP3J,2025-08-05 20:20:08,Long Range,4,43.82,Moderate rain
NHB250805202303.RAWGP3N,2025-08-05 20:23:03,Short Range,8,35.64,Light rain
NHB250805203008.RAWGP3S,2025-08-05 20:30:08,Long Range,4,44.19,Moderate rain
NHB250805203304.RAWGP3W,2025-08-05 20:33:04,Short Range,8,35.75,Light rain
NHB250805204009.RAWGP3Z,2025-08-05 20:40:09,Long Range,4,44.66,Moderate rain
NHB250805204303.RAWGP43,2025-08-05 20:43:03,Short Range,8,35.83,Light rain
NHB250805205009.RAWGP46,2025-08-05 20:50:09,Long Range,4,44.57,Moderate rain
NHB250805205304.RAWGP4A,2025-08-05 20:53:04,Short Range,8,35.64,Light rain
NHB250805210008.RAWGP4D,2025-08-05 21:00:08,Long Range,4,44.93,Moderate rain
NHB250805210305.RAWGP4H,2025-08-05 21:03:05,Short Range,8,36.6,Light rain
NHB250805211008.RAWGP4L,2025-08-05 21:10:08,Long Range,4,44.5,Moderate rain
NHB250805211304.RAWGP4R,2025-08-05 21:13:04,Short Range,8,37.22,Light rain
NHB250805212008.RAWGP4U,2025-08-05 21:20:08,Long Range,4,44.64,Moderate rain
NHB250805212304.RAWGP4Y,2025-08-05 21:23:04,Short Range,8,38.43,Light rain
NHB250805213008.RAWGP51,2025-08-05 21:30:08,Long Range,4,44.68,Moderate rain
NHB250805213303.RAWGP55,2025-08-05 21:33:03,Short Range,8,39.46,Light rain
NHB250805214007.RAWGP58,2025-08-05 21:40:07,Long Range,4,44.59,Moderate rain
NHB250805214303.RAWGP5C,2025-08-05 21:43:03,Short Range,8,40.69,Moderate rain
NHB250805215007.RAWGP5F,2025-08-05 21:50:07,Long Range,4,45.31,Moderate rain
NHB250805215304.RAWGP5K,2025-08-05 21:53:04,Short Range,8,41.59,Moderate rain
NHB250805220007.RAWGP5N,2025-08-05 22:00:07,Long Range,4,45.68,Moderate rain
NHB250805220304.RAWGP5T,2025-08-05 22:03:04,Short Range,8,42.24,Moderate rain
NHB250805221007.RAWGP5W,2025-08-05 22:10:07,Long Range,4,45.71,Moderate rain
NHB250805221305.RAWGP60,2025-08-05 22:13:05,Short Range,8,43.42,Moderate rain
NHB250805222008.RAWGP63,2025-08-05 22:20:08,Long Range,4,46.13,Moderate rain
NHB250805222304.RAWGP67,2025-08-05 22:23:04,Short Range,8,44.06,Moderate rain
NHB250805223007.RAWGP6A,2025-08-05 22:30:07,Long Range,4,45.51,Moderate rain
NHB250805223304.RAWGP6E,2025-08-05 22:33:04,Short Range,8,43.73,Moderate rain
NHB250805224007.RAWGP6H,2025-08-05 22:40:07,Long Range,4,44.96,Moderate rain
NHB250805224304.RAWGP6M,2025-08-05 22:43:04,Short Range,8,42.41,Moderate rain
NHB250805225008.RAWGP6R,2025-08-05 22:50:08,Long Range,4,44.86,Moderate rain
NHB250805225303.RAWGP6V,2025-08-05 22:53:03,Short Range,8,41.73,Moderate rain
NHB250805230007.RAWGP6Y,2025-08-05 23:00:07,Long Range,4,44.69,Moderate rain
NHB250805230303.RAWGP72,2025-08-05 23:03:03,Short Range,8,41.71,Moderate rain
NHB250805231008.RAWGP75,2025-08-05 23:10:08,Long Range,4,44.32,Moderate rain
NHB250805231303.RAWGP79,2025-08-05 23:13:03,Short Range,8,40.89,Moderate rain
NHB250805232008.RAWGP7C,2025-08-05 23:20:08,Long Range,4,44.22,Moderate rain
NHB250805232303.RAWGP7G,2025-08-05 23:23:03,Short Range,8,39.66,Light rain
NHB250805233008.RAWGP7K,2025-08-05 23:30:08,Long Range,4,44.31,Moderate rain
NHB250805233305.RAWGP7P,2025-08-05 23:33:05,Short Range,8,38.55,Light rain
NHB250805234007.RAWGP7T,2025-08-05 23:40:07,Long Range,4,44.55,Moderate rain
NHB250805234304.RAWGP7X,2025-08-05 23:43:04,Short Range,8,38.46,Light rain
NHB250805235008.RAWGP80,2025-08-05 23:50:08,Long Range,4,44.31,Moderate rain
NHB250805235303.RAWGP84,2025-08-05 23:53:03,Short Range,8,37.47,Light rain
NHB250806000008.RAWGP87,2025-08-06 00:00:08,Long Range,4,44.37,Moderate rain
NHB250806000304.RAWGP8B,2025-08-06 00:03:04,Short Range,8,37.84,Light rain
NHB250806001007.RAWGP8E,2025-08-06 00:10:07,Long Range,4,44.76,Moderate rain
NHB250806001303.RAWGP8J,2025-08-06 00:13:03,Short Range,8,39.42,Light rain
NHB250806002007.RAWGP8M,2025-08-06 00:20:07,Long Range,4,44.34,Moderate rain
NHB250806002303.RAWGP8S,2025-08-06 00:23:03,Short Range,8,41.26,Moderate rain
NHB250806003008.RAWGP8V,2025-08-06 00:30:08,Long Range,4,44.52,Moderate rain
NHB250806003303.RAWGP8Z,2025-08-06 00:33:03,Short Range,8,40.87,Moderate rain
NHB250806004009.RAWGP92,2025-08-06 00:40:09,Long Range,4,43.86,Moderate rain
NHB250806004303.RAWGP96,2025-08-06 00:43:03,Short Range,8,40.35,Moderate rain
NHB250806005007.RAWGP99,2025-08-06 00:50:07,Long Range,4,42.48,Moderate rain
NHB250806005304.RAWGP9D,2025-08-06 00:53:04,Short Range,8,41.38,Moderate rain
NHB250806010007.RAWGP9G,2025-08-06 01:00:07,Long Range,4,43.19,Moderate rain
NHB250806010303.RAWGP9L,2025-08-06 01:03:03,Short Range,8,43.02,Moderate rain
NHB250806011008.RAWGP9P,2025-08-06 01:10:08,Long Range,4,43.74,Moderate rain
NHB250806011303.RAWGP9U,2025-08-06 01:13:03,Short Range,8,44.01,Moderate rain
NHB250806012008.RAWGP9X,2025-08-06 01:20:08,Long Range,4,44.45,Moderate rain
NHB250806012303.RAWGPA1,2025-08-06 01:23:03,Short Range,8,44.49,Moderate rain
NHB250806013008.RAWGPA4,2025-08-06 01:30:08,Long Range,4,43.64,Moderate rain
NHB250806013304.RAWGPA8,2025-08-06 01:33:04,Short Range,8,43.34,Moderate rain
NHB250806014008.RAWGPAB,2025-08-06 01:40:08,Long Range,4,42.98,Moderate rain
NHB250806014303.RAWGPAF,2025-08-06 01:43:03,Short Range,8,41.77,Moderate rain
NHB250806015008.RAWGPAJ,2025-08-06 01:50:08,Long Range,4,42.08,Moderate rain
NHB250806015303.RAWGPAN,2025-08-06 01:53:03,Short Range,8,41.2,Moderate rain
NHB250806020008.RAWGPAS,2025-08-06 02:00:08,Long Range,4,41.3,Moderate rain
NHB250806020303.RAWGPAW,2025-08-06 02:03:03,Short Range,8,38.88,Light rain
NHB250806021008.RAWGPAZ,2025-08-06 02:10:08,Long Range,4,40.53,Moderate rain
NHB250806021304.RAWGPB3,2025-08-06 02:13:04,Short Range,8,38.18,Light rain
NHB250806022008.RAWGPB6,2025-08-06 02:20:08,Long Range,4,39.65,Light rain
NHB250806022304.RAWGPBA,2025-08-06 02:23:04,Short Range,8,37.14,Light rain
NHB250806023008.RAWGPBD,2025-08-06 02:30:08,Long Range,4,38.43,Light rain
NHB250806023303.RAWGPBH,2025-08-06 02:33:03,Short Range,8,35.84,Light rain
NHB250806024008.RAWGPBL,2025-08-06 02:40:08,Long Range,4,37.95,Light rain
NHB250806024303.RAWGPBR,2025-08-06 02:43:03,Short Range,8,35.06,Light rain
NHB250806025008.RAWGPBU,2025-08-06 02:50:08,Long Range,4,37.35,Light rain
NHB250806025303.RAWGPBY,2025-08-06 02:53:03,Short Range,8,33.2,Light rain
NHB250806030007.RAWGPC1,2025-08-06 03:00:07,Long Range,4,37.35,Light rain
NHB250806030304.RAWGPC5,2025-08-06 03:03:04,Short Range,8,35.15,Light rain
NHB250806031008.RAWGPC8,2025-08-06 03:10:08,Long Range,4,36.69,Light rain
NHB250806031304.RAWGPCC,2025-08-06 03:13:04,Short Range,8,36.03,Light rain
NHB250806032007.RAWGPCF,2025-08-06 03:20:07,Long Range,4,36.28,Light rain
NHB250806032304.RAWGPCK,2025-08-06 03:23:04,Short Range,8,35.27,Light rain
NHB250806033008.RAWGPCN,2025-08-06 03:30:08,Long Range,4,35.63,Light rain
NHB250806033304.RAWGPCT,2025-08-06 03:33:04,Short Range,8,34.41,Light rain
NHB250806034007.RAWGPCW,2025-08-06 03:40:07,Long Range,4,33.6,Light rain
NHB250806034304.RAWGPD0,2025-08-06 03:43:04,Short Range,8,31.24,Light rain
NHB250806035007.RAWGPD3,2025-08-06 03:50:07,Long Range,4,31.97,Light rain
NHB250806035303.RAWGPD7,2025-08-06 03:53:03,Short Range,8,33.03,Light rain
NHB250806040008.RAWGPDA,2025-08-06 04:00:08,Long Range,4,33.44,Light rain
NHB250806040303.RAWGPDE,2025-08-06 04:03:03,Short Range,8,33.5,Light rain
NHB250806041008.RAWGPDH,2025-08-06 04:10:08,Long Range,4,34.55,Light rain
NHB250806041303.RAWGPDM,2025-08-06 04:13:03,Short Range,8,33.7,Light rain
NHB250806042008.RAWGPDR,2025-08-06 04:20:08,Long Range,4,34.23,Light rain
NHB250806042304.RAWGPDV,2025-08-06 04:23:04,Short Range,8,34.57,Light rain
NHB250806043008.RAWGPDY,2025-08-06 04:30:08,Long Range,4,33.22,Light rain
NHB250806043303.RAWGPE2,2025-08-06 04:33:03,Short Range,8,34.0,Light rain
NHB250806044007.RAWGPE5,2025-08-06 04:40:07,Long Range,4,33.55,Light rain
NHB250806044303.RAWGPE9,2025-08-06 04:43:03,Short Range,8,33.88,Light rain
NHB250806045007.RAWGPEC,2025-08-06 04:50:07,Long Range,4,33.18,Light rain
NHB250806045304.RAWGPEG,2025-08-06 04:53:04,Short Range,8,33.9,Light rain
NHB250806050008.RAWGPEK,2025-08-06 05:00:08,Long Range,4,35.15,Light rain
NHB250806050303.RAWGPEP,2025-08-06 05:03:03,Short Range,8,35.22,Light rain
NHB250806051008.RAWGPET,2025-08-06 05:10:08,Long Range,4,34.93,Light rain
NHB250806051303.RAWGPEX,2025-08-06 05:13:03,Short Range,8,33.95,Light rain
NHB250806052007.RAWGPF0,2025-08-06 05:20:07,Long Range,4,35.12,Light rain
NHB250806052304.RAWGPF4,2025-08-06 05:23:04,Short Range,8,34.15,Light rain
NHB250806053009.RAWGPF7,2025-08-06 05:30:09,Long Range,4,35.31,Light rain
NHB250806053304.RAWGPFB,2025-08-06 05:33:04,Short Range,8,34.51,Light rain
NHB250806054008.RAWGPFE,2025-08-06 05:40:08,Long Range,4,35.37,Light rain
NHB250806054304.RAWGPFJ,2025-08-06 05:43:04,Short Range,8,35.01,Light rain
NHB250806055008.RAWGPFM,2025-08-06 05:50:08,Long Range,4,36.96,Light rain
NHB250806055303.RAWGPFS,2025-08-06 05:53:03,Short Range,8,36.1,Light rain
NHB250806060008.RAWGPFV,2025-08-06 06:00:08,Long Range,4,37.07,Light rain
NHB250806060304.RAWGPFZ,2025-08-06 06:03:04,Short Range,8,35.73,Light rain
NHB250806061007.RAWGPG2,2025-08-06 06:10:07,Long Range,4,37.73,Light rain
NHB250806061304.RAWGPG6,2025-08-06 06:13:04,Short Range,8,36.13,Light rain
NHB250806062007.RAWGPG9,2025-08-06 06:20:07,Long Range,4,38.39,Light rain
NHB250806062304.RAWGPGD,2025-08-06 06:23:04,Short Range,8,35.01,Light rain
NHB250806063008.RAWGPGG,2025-08-06 06:30:08,Long Range,4,36.89,Light rain
NHB250806063304.RAWGPGL,2025-08-06 06:33:04,Short Range,8,31.7,Light rain
NHB250806064007.RAWGPGP,2025-08-06 06:40:07,Long Range,4,36.63,Light rain
NHB250806064304.RAWGPGU,2025-08-06 06:43:04,Short Range,8,31.32,Light rain
NHB250806065008.RAWGPGX,2025-08-06 06:50:08,Long Range,4,37.89,Light rain
NHB250806065304.RAWGPH1,2025-08-06 06:53:04,Short Range,8,34.51,Light rain
NHB250806070007.RAWGPH4,2025-08-06 07:00:07,Long Range,4,38.87,Light rain
NHB250806070303.RAWGPH8,2025-08-06 07:03:03,Short Range,8,36.34,Light rain
NHB250806071008.RAWGPHB,2025-08-06 07:10:08,Long Range,4,41.08,Moderate rain
NHB250806071304.RAWGPHF,2025-08-06 07:13:04,Short Range,8,39.04,Light rain
NHB250806072008.RAWGPHJ,2025-08-06 07:20:08,Long Range,4,42.82,Moderate rain
NHB250806072304.RAWGPHN,2025-08-06 07:23:04,Short Range,8,40.94,Moderate rain
NHB250806073008.RAWGPHS,2025-08-06 07:30:08,Long Range,4,43.79,Moderate rain
NHB250806073303.RAWGPHW,2025-08-06 07:33:03,Short Range,8,43.27,Moderate rain
NHB250806074008.RAWGPHZ,2025-08-06 07:40:08,Long Range,4,44.98,Moderate rain
NHB250806074304.RAWGPJ3,2025-08-06 07:43:04,Short Range,8,44.56,Moderate rain
NHB250806075007.RAWGPJ6,2025-08-06 07:50:07,Long Range,4,45.74,Moderate rain
NHB250806075303.RAWGPJA,2025-08-06 07:53:03,Short Range,8,46.0,Moderate rain
NHB250806080007.RAWGPJD,2025-08-06 08:00:07,Long Range,4,46.66,Moderate rain
NHB250806080303.RAWGPJH,2025-08-06 08:03:03,Short Range,8,46.6,Moderate rain
NHB250806081009.RAWGPJL,2025-08-06 08:10:09,Long Range,4,46.57,Moderate rain
NHB250806081304.RAWGPJR,2025-08-06 08:13:04,Short Range,8,47.64,Heavy rain
NHB250806082008.RAWGPJU,2025-08-06 08:20:08,Long Range,4,46.33,Moderate rain
NHB250806082303.RAWGPJY,2025-08-06 08:23:03,Short Range,8,47.99,Heavy rain
NHB250806083008.RAWGPK1,2025-08-06 08:30:08,Long Range,4,47.85,Heavy rain
NHB250806083303.RAWGPK5,2025-08-06 08:33:03,Short Range,8,49.13,Heavy rain
NHB250806084008.RAWGPK8,2025-08-06 08:40:08,Long Range,4,47.7,Heavy rain
NHB250806084304.RAWGPKC,2025-08-06 08:43:04,Short Range,8,50.08,Heavy rain
NHB250806085007.RAWGPKF,2025-08-06 08:50:07,Long Range,4,48.79,Heavy rain
NHB250806085303.RAWGPKK,2025-08-06 08:53:03,Short Range,8,51.91,Heavy rain
NHB250806090008.RAWGPKN,2025-08-06 09:00:08,Long Range,4,49.64,Heavy rain
NHB250806090303.RAWGPKT,2025-08-06 09:03:03,Short Range,8,52.05,Heavy rain
NHB250806091008.RAWGPKW,2025-08-06 09:10:08,Long Range,4,49.62,Heavy rain
NHB250806091304.RAWGPL0,2025-08-06 09:13:04,Short Range,8,52.17,Heavy rain
NHB250806092008.RAWGPL3,2025-08-06 09:20:08,Long Range,4,50.78,Heavy rain
NHB250806092303.RAWGPL7,2025-08-06 09:23:03,Short Range,8,52.92,Heavy rain
NHB250806093008.RAWGPLA,2025-08-06 09:30:08,Long Range,4,51.18,Heavy rain
NHB250806093304.RAWGPLE,2025-08-06 09:33:04,Short Range,8,53.05,Heavy rain
NHB250806094008.RAWGPLH,2025-08-06 09:40:08,Long Range,4,50.92,Heavy rain
NHB250806094303.RAWGPLM,2025-08-06 09:43:03,Short Range,8,53.93,Heavy rain
NHB250806095009.RAWGPLR,2025-08-06 09:50:09,Long Range,4,50.8,Heavy rain
NHB250806095303.RAWGPLV,2025-08-06 09:53:03,Short Range,8,54.07,Heavy rain
NHB250806100008.RAWGPLY,2025-08-06 10:00:08,Long Range,4,51.05,Heavy rain
NHB250806100303.RAWGPM2,2025-08-06 10:03:03,Short Range,8,55.74,Very heavy rain
NHB250806101008.RAWGPM5,2025-08-06 10:10:08,Long Range,4,53.02,Heavy rain
NHB250806101304.RAWGPM9,2025-08-06 10:13:04,Short Range,8,57.02,Very heavy rain
NHB250806102007.RAWGPMC,2025-08-06 10:20:07,Long Range,4,55.51,Very heavy rain
NHB250806102304.RAWGPMG,2025-08-06 10:23:04,Short Range,8,58.28,Very heavy rain
NHB250806103008.RAWGPMK,2025-08-06 10:30:08,Long Range,4,54.28,Heavy rain
NHB250806103304.RAWGPMP,2025-08-06 10:33:04,Short Range,8,57.33,Very heavy rain
NHB250806104008.RAWGPMT,2025-08-06 10:40:08,Long Range,4,54.21,Heavy rain
NHB250806104304.RAWGPMX,2025-08-06 10:43:04,Short Range,8,56.79,Very heavy rain
NHB250806105007.RAWGPN0,2025-08-06 10:50:07,Long Range,4,53.03,Heavy rain
NHB250806105303.RAWGPN4,2025-08-06 10:53:03,Short Range,8,55.88,Very heavy rain
NHB250806110007.RAWGPN7,2025-08-06 11:00:07,Long Range,4,52.01,Heavy rain
NHB250806110305.RAWGPNB,2025-08-06 11:03:05,Short Range,8,55.18,Very heavy rain
NHB250806111008.RAWGPNE,2025-08-06 11:10:08,Long Range,4,49.86,Heavy rain
NHB250806111303.RAWGPNJ,2025-08-06 11:13:03,Short Range,8,53.21,Heavy rain
NHB250806112008.RAWGPNM,2025-08-06 11:20:08,Long Range,4,49.14,Heavy rain
NHB250806112304.RAWGPNS,2025-08-06 11:23:04,Short Range,8,51.46,Heavy rain
NHB250806113007.RAWGPNV,2025-08-06 11:30:07,Long Range,4,48.41,Heavy rain
NHB250806113304.RAWGPNZ,2025-08-06 11:33:04,Short Range,8,50.22,Heavy rain
NHB250806114007.RAWGPP2,2025-08-06 11:40:07,Long Range,4,47.39,Moderate rain
NHB250806114303.RAWGPP6,2025-08-06 11:43:03,Short Range,8,48.68,Heavy rain
NHB250806115007.RAWGPP9,2025-08-06 11:50:07,Long Range,4,45.48,Moderate rain
NHB250806115304.RAWGPPD,2025-08-06 11:53:04,Short Range,8,46.02,Moderate rain
NHB250806120008.RAWGPPG,2025-08-06 12:00:08,Long Range,4,44.48,Moderate rain
NHB250806120303.RAWGPPL,2025-08-06 12:03:03,Short Range,8,44.46,Moderate rain
NHB250806121008.RAWGPPP,2025-08-06 12:10:08,Long Range,4,44.23,Moderate rain
NHB250806121303.RAWGPPU,2025-08-06 12:13:03,Short Range,8,43.59,Moderate rain
NHB250806122008.RAWGPPX,2025-08-06 12:20:08,Long Range,4,43.6,Moderate rain
NHB250806122303.RAWGPR1,2025-08-06 12:23:03,Short Range,8,42.59,Moderate rain
NHB250806123008.RAWGPR4,2025-08-06 12:30:08,Long Range,4,42.48,Moderate rain
NHB250806123303.RAWGPR8,2025-08-06 12:33:03,Short Range,8,40.95,Moderate rain
NHB250806124009.RAWGPRB,2025-08-06 12:40:09,Long Range,4,41.67,Moderate rain
NHB250806124304.RAWGPRF,2025-08-06 12:43:04,Short Range,8,39.88,Light rain
NHB250806125008.RAWGPRJ,2025-08-06 12:50:08,Long Range,4,40.4,Moderate rain
NHB250806125303.RAWGPRN,2025-08-06 12:53:03,Short Range,8,38.51,Light rain
NHB250806130008.RAWGPRS,2025-08-06 13:00:08,Long Range,4,40.42,Moderate rain
NHB250806130304.RAWGPRW,2025-08-06 13:03:04,Short Range,8,38.16,Light rain
NHB250806131008.RAWGPRZ,2025-08-06 13:10:08,Long Range,4,39.13,Light rain
NHB250806131303.RAWGPS3,2025-08-06 13:13:03,Short Range,8,37.76,Light rain
NHB250806132008.RAWGPS6,2025-08-06 13:20:08,Long Range,4,39.08,Light rain
NHB250806132303.RAWGPSA,2025-08-06 13:23:03,Short Range,8,37.6,Light rain
NHB250806133007.RAWGPSD,2025-08-06 13:30:07,Long Range,4,38.72,Light rain
NHB250806133304.RAWGPSH,2025-08-06 13:33:04,Short Range,8,36.18,Light rain
NHB250806134009.RAWGPSL,2025-08-06 13:40:09,Long Range,4,37.52,Light rain
NHB250806134303.RAWGPSR,2025-08-06 13:43:03,Short Range,8,34.23,Light rain
NHB250806135009.RAWGPSU,2025-08-06 13:50:09,Long Range,4,36.82,Light rain
NHB250806135303.RAWGPSY,2025-08-06 13:53:03,Short Range,8,30.58,Light rain
NHB250806140008.RAWGPT1,2025-08-06 14:00:08,Long Range,4,35.57,Light rain
NHB250806140303.RAWGPT5,2025-08-06 14:03:03,Short Range,8,29.06,Clear
NHB250806141008.RAWGPT8,2025-08-06 14:10:08,Long Range,4,35.25,Light rain
NHB250806141303.RAWGPTC,2025-08-06 14:13:03,Short Range,8,28.92,Clear
NHB250806142008.RAWGPTF,2025-08-06 14:20:08,Long Range,4,35.65,Light rain
NHB250806142303.RAWGPTK,2025-08-06 14:23:03,Short Range,8,29.71,Clear
NHB250806143007.RAWGPTN,2025-08-06 14:30:07,Long Range,4,33.98,Light rain
NHB250806143303.RAWGPTT,2025-08-06 14:33:03,Short Range,8,29.05,Clear
NHB250806144009.RAWGPTW,2025-08-06 14:40:09,Long Range,4,33.29,Light rain
NHB250806144304.RAWGPU0,2025-08-06 14:43:04,Short Range,8,28.17,Clear
NHB250806145008.RAWGPU3,2025-08-06 14:50:08,Long Range,4,32.94,Light rain
NHB250806145304.RAWGPU7,2025-08-06 14:53:04,Short Range,8,27.86,Clear
NHB250806150008.RAWGPUA,2025-08-06 15:00:08,Long Range,4,33.13,Light rain
NHB250806150303.RAWGPUE,2025-08-06 15:03:03,Short Range,8,26.97,Clear
NHB250806151007.RAWGPUH,2025-08-06 15:10:07,Long Range,4,33.52,Light rain
NHB250806151304.RAWGPUM,2025-08-06 15:13:04,Short Range,8,27.33,Clear
NHB250806152008.RAWGPUR,2025-08-06 15:20:08,Long Range,4,33.11,Light rain
NHB250806152304.RAWGPUV,2025-08-06 15:23:04,Short Range,8,26.35,Clear
NHB250806153008.RAWGPUY,2025-08-06 15:30:08,Long Range,4,33.57,Light rain
NHB250806153304.RAWGPV2,2025-08-06 15:33:04,Short Range,8,25.49,Clear
NHB250806154007.RAWGPV5,2025-08-06 15:40:07,Long Range,4,33.06,Light rain
NHB250806154303.RAWGPV9,2025-08-06 15:43:03,Short Range,8,26.26,Clear
NHB250806155008.RAWGPVC,2025-08-06 15:50:08,Long Range,4,33.74,Light rain
NHB250806155304.RAWGPVG,2025-08-06 15:53:04,Short Range,8,26.47,Clear
NHB250806160008.RAWGPVK,2025-08-06 16:00:08,Long Range,4,32.64,Light rain
NHB250806160303.RAWGPVP,2025-08-06 16:03:03,Short Range,8,27.73,Clear
NHB250806161008.RAWGPVT,2025-08-06 16:10:08,Long Range,4,32.74,Light rain
NHB250806161304.RAWGPVX,2025-08-06 16:13:04,Short Range,8,27.85,Clear
NHB250806162008.RAWGPW0,2025-08-06 16:20:08,Long Range,4,32.47,Light rain
NHB250806162303.RAWGPW4,2025-08-06 16:23:03,Short Range,8,27.36,Clear
NHB250806163008.RAWGPW7,2025-08-06 16:30:08,Long Range,4,32.18,Light rain
NHB250806163304.RAWGPWB,2025-08-06 16:33:04,Short Range,8,25.81,Clear
NHB250806164008.RAWGPWE,2025-08-06 16:40:08,Long Range,4,32.02,Light rain
NHB250806164304.RAWGPWJ,2025-08-06 16:43:04,Short Range,8,23.57,Clear
NHB250806165008.RAWGPWM,2025-08-06 16:50:08,Long Range,4,31.48,Light rain
NHB250806165304.RAWGPWS,2025-08-06 16:53:04,Short Range,8,23.44,Clear
NHB250806170008.RAWGPWV,2025-08-06 17:00:08,Long Range,4,30.83,Light rain
NHB250806170304.RAWGPWZ,2025-08-06 17:03:04,Short Range,8,23.19,Clear
NHB250806171007.RAWGPX2,2025-08-06 17:10:07,Long Range,4,29.79,Clear
NHB250806171304.RAWGPX6,2025-08-06 17:13:04,Short Range,8,22.69,Clear
NHB250806172007.RAWGPX9,2025-08-06 17:20:07,Long Range,4,29.37,Clear
NHB250806172303.RAWGPXD,2025-08-06 17:23:03,Short Range,8,23.52,Clear
NHB250806173008.RAWGPXG,2025-08-06 17:30:08,Long Range,4,28.65,Clear
NHB250806173305.RAWGPXL,2025-08-06 17:33:05,Short Range,8,23.93,Clear
NHB250806174008.RAWGPXP,2025-08-06 17:40:08,Long Range,4,27.83,Clear
NHB250806174303.RAWGPXU,2025-08-06 17:43:03,Short Range,8,24.23,Clear
NHB250806175007.RAWGPXX,2025-08-06 17:50:07,Long Range,4,27.99,Clear
NHB250806175304.RAWGPY1,2025-08-06 17:53:04,Short Range,8,23.88,Clear
NHB250806180007.RAWGPY4,2025-08-06 18:00:07,Long Range,4,26.36,Clear
NHB250806180303.RAWGPY8,2025-08-06 18:03:03,Short Range,8,23.84,Clear
NHB250806181008.RAWGPYB,2025-08-06 18:10:08,Long Range,4,26.26,Clear
NHB250806181303.RAWGPYF,2025-08-06 18:13:03,Short Range,8,22.95,Clear
NHB250806182008.RAWGPYJ,2025-08-06 18:20:08,Long Range,4,25.19,Clear
NHB250806182303.RAWGPYN,2025-08-06 18:23:03,Short Range,8,23.94,Clear
NHB250806183008.RAWGPYS,2025-08-06 18:30:08,Long Range,4,25.12,Clear
NHB250806183303.RAWGPYW,2025-08-06 18:33:03,Short Range,8,24.55,Clear
NHB250806184008.RAWGPYZ,2025-08-06 18:40:08,Long Range,4,27.7,Clear
NHB250806184304.RAWGPZ3,2025-08-06 18:43:04,Short Range,8,27.84,Clear
NHB250806185008.RAWGPZ6,2025-08-06 18:50:08,Long Range,4,27.68,Clear
NHB250806185303.RAWGPZA,2025-08-06 18:53:03,Short Range,8,27.94,Clear
NHB250806190008.RAWGPZD,2025-08-06 19:00:08,Long Range,4,26.43,Clear
NHB250806190304.RAWGPZH,2025-08-06 19:03:04,Short Range,8,26.21,Clear
NHB250806191007.RAWGPZL,2025-08-06 19:10:07,Long Range,4,26.96,Clear
NHB250806191304.RAWGPZR,2025-08-06 19:13:04,Short Range,8,26.46,Clear
NHB250806192007.RAWGPZU,2025-08-06 19:20:07,Long Range,4,27.94,Clear
NHB250806192304.RAWGPZY,2025-08-06 19:23:04,Short Range,8,27.74,Clear
NHB250806193008.RAWGR01,2025-08-06 19:30:08,Long Range,4,28.28,Clear
NHB250806193303.RAWGR05,2025-08-06 19:33:03,Short Range,8,28.11,Clear
NHB250806194008.RAWGR08,2025-08-06 19:40:08,Long Range,4,28.1,Clear
NHB250806194304.RAWGR0C,2025-08-06 19:43:04,Short Range,8,27.96,Clear
NHB250806195008.RAWGR0F,2025-08-06 19:50:08,Long Range,4,27.96,Clear
NHB250806195304.RAWGR0K,2025-08-06 19:53:04,Short Range,8,28.49,Clear
NHB250806200008.RAWGR0N,2025-08-06 20:00:08,Long Range,4,28.65,Clear
NHB250806200304.RAWGR0T,2025-08-06 20:03:04,Short Range,8,27.97,Clear
NHB250806201007.RAWGR0W,2025-08-06 20:10:07,Long Range,4,27.69,Clear
NHB250806201303.RAWGR10,2025-08-06 20:13:03,Short Range,8,27.76,Clear
NHB250806202007.RAWGR13,2025-08-06 20:20:07,Long Range,4,28.06,Clear
NHB250806202304.RAWGR17,2025-08-06 20:23:04,Short Range,8,28.13,Clear
NHB250806203008.RAWGR1A,2025-08-06 20:30:08,Long Range,4,28.98,Clear
NHB250806203303.RAWGR1E,2025-08-06 20:33:03,Short Range,8,28.17,Clear
NHB250806204008.RAWGR1H,2025-08-06 20:40:08,Long Range,4,27.33,Clear
NHB250806204304.RAWGR1M,2025-08-06 20:43:04,Short Range,8,27.26,Clear
NHB250806205007.RAWGR1R,2025-08-06 20:50:07,Long Range,4,26.58,Clear
NHB250806205304.RAWGR1V,2025-08-06 20:53:04,Short Range,8,27.89,Clear
NHB250806210008.RAWGR1Y,2025-08-06 21:00:08,Long Range,4,28.37,Clear
NHB250806210303.RAWGR22,2025-08-06 21:03:03,Short Range,8,27.61,Clear
NHB250806211008.RAWGR25,2025-08-06 21:10:08,Long Range,4,26.8,Clear
NHB250806211303.RAWGR29,2025-08-06 21:13:03,Short Range,8,27.04,Clear
NHB250806212008.RAWGR2C,2025-08-06 21:20:08,Long Range,4,27.03,Clear
NHB250806212303.RAWGR2G,2025-08-06 21:23:03,Short Range,8,27.44,Clear
NHB250806213008.RAWGR2K,2025-08-06 21:30:08,Long Range,4,25.89,Clear
NHB250806213303.RAWGR2P,2025-08-06 21:33:03,Short Range,8,25.36,Clear
NHB250806214009.RAWGR2T,2025-08-06 21:40:09,Long Range,4,24.94,Clear
NHB250806214303.RAWGR2X,2025-08-06 21:43:03,Short Range,8,25.85,Clear
NHB250806215008.RAWGR30,2025-08-06 21:50:08,Long Range,4,27.25,Clear
NHB250806215304.RAWGR34,2025-08-06 21:53:04,Short Range,8,25.68,Clear
NHB250806220008.RAWGR37,2025-08-06 22:00:08,Long Range,4,26.68,Clear
NHB250806220304.RAWGR3B,2025-08-06 22:03:04,Short Range,8,26.33,Clear
NHB250806221008.RAWGR3E,2025-08-06 22:10:08,Long Range,4,27.38,Clear
NHB250806221304.RAWGR3J,2025-08-06 22:13:04,Short Range,8,25.95,Clear
NHB250806222008.RAWGR3M,2025-08-06 22:20:08,Long Range,4,26.49,Clear
NHB250806222304.RAWGR3S,2025-08-06 22:23:04,Short Range,8,26.54,Clear
NHB250806223007.RAWGR3V,2025-08-06 22:30:07,Long Range,4,25.41,Clear
NHB250806223304.RAWGR3Z,2025-08-06 22:33:04,Short Range,8,26.87,Clear
NHB250806224007.RAWGR42,2025-08-06 22:40:07,Long Range,4,30.13,Light rain
NHB250806224303.RAWGR46,2025-08-06 22:43:03,Short Range,8,27.52,Clear
NHB250806225008.RAWGR49,2025-08-06 22:50:08,Long Range,4,28.95,Clear
NHB250806225304.RAWGR4D,2025-08-06 22:53:04,Short Range,8,27.03,Clear
NHB250806230008.RAWGR4G,2025-08-06 23:00:08,Long Range,4,28.78,Clear
NHB250806230304.RAWGR4L,2025-08-06 23:03:04,Short Range,8,27.17,Clear
NHB250806231007.RAWGR4P,2025-08-06 23:10:07,Long Range,4,28.5,Clear
NHB250806231303.RAWGR4U,2025-08-06 23:13:03,Short Range,8,27.16,Clear
NHB250806232008.RAWGR4X,2025-08-06 23:20:08,Long Range,4,28.04,Clear
NHB250806232303.RAWGR51,2025-08-06 23:23:03,Short Range,8,26.7,Clear
NHB250806233007.RAWGR54,2025-08-06 23:30:07,Long Range,4,26.42,Clear
NHB250806233303.RAWGR58,2025-08-06 23:33:03,Short Range,8,25.89,Clear
NHB250806234008.RAWGR5B,2025-08-06 23:40:08,Long Range,4,28.6,Clear
NHB250806234303.RAWGR5F,2025-08-06 23:43:03,Short Range,8,25.15,Clear
NHB250806235007.RAWGR5J,2025-08-06 23:50:07,Long Range,4,26.19,Clear
NHB250806235304.RAWGR5N,2025-08-06 23:53:04,Short Range,8,25.6,Clear
NHB250807000008.RAWGR5S,2025-08-07 00:00:08,Long Range,4,26.01,Clear
NHB250807000304.RAWGR5W,2025-08-07 00:03:04,Short Range,8,25.48,Clear
NHB250807001008.RAWGR5Z,2025-08-07 00:10:08,Long Range,4,27.31,Clear
NHB250807001304.RAWGR63,2025-08-07 00:13:04,Short Range,8,25.64,Clear
NHB250807002008.RAWGR66,2025-08-07 00:20:08,Long Range,4,27.91,Clear
NHB250807002304.RAWGR6A,2025-08-07 00:23:04,Short Range,8,26.51,Clear
NHB250807003008.RAWGR6D,2025-08-07 00:30:08,Long Range,4,27.64,Clear
NHB250807003304.RAWGR6H,2025-08-07 00:33:04,Short Range,8,27.62,Clear
NHB250807004008.RAWGR6L,2025-08-07 00:40:08,Long Range,4,26.63,Clear
NHB250807004303.RAWGR6R,2025-08-07 00:43:03,Short Range,8,26.47,Clear
NHB250807005009.RAWGR6U,2025-08-07 00:50:09,Long Range,4,28.92,Clear
NHB250807005303.RAWGR6Y,2025-08-07 00:53:03,Short Range,8,26.93,Clear
NHB250807010008.RAWGR71,2025-08-07 01:00:08,Long Range,4,27.75,Clear
NHB250807010303.RAWGR75,2025-08-07 01:03:03,Short Range,8,27.26,Clear
NHB250807011008.RAWGR78,2025-08-07 01:10:08,Long Range,4,27.95,Clear
NHB250807011303.RAWGR7C,2025-08-07 01:13:03,Short Range,8,27.41,Clear
NHB250807012008.RAWGR7F,2025-08-07 01:20:08,Long Range,4,28.57,Clear
NHB250807012303.RAWGR7K,2025-08-07 01:23:03,Short Range,8,29.06,Clear
NHB250807013007.RAWGR7N,2025-08-07 01:30:07,Long Range,4,28.11,Clear
NHB250807013303.RAWGR7T,2025-08-07 01:33:03,Short Range,8,27.08,Clear
NHB250807014008.RAWGR7W,2025-08-07 01:40:08,Long Range,4,28.96,Clear
NHB250807014303.RAWGR80,2025-08-07 01:43:03,Short Range,8,27.66,Clear
NHB250807015007.RAWGR83,2025-08-07 01:50:07,Long Range,4,28.67,Clear
NHB250807015304.RAWGR87,2025-08-07 01:53:04,Short Range,8,27.92,Clear
NHB250807020008.RAWGR8A,2025-08-07 02:00:08,Long Range,4,27.83,Clear
NHB250807020304.RAWGR8E,2025-08-07 02:03:04,Short Range,8,27.12,Clear
NHB250807021008.RAWGR8H,2025-08-07 02:10:08,Long Range,4,30.17,Light rain
NHB250807021303.RAWGR8M,2025-08-07 02:13:03,Short Range,8,27.19,Clear
NHB250807022007.RAWGR8R,2025-08-07 02:20:07,Long Range,4,26.83,Clear
NHB250807022303.RAWGR8V,2025-08-07 02:23:03,Short Range,8,26.83,Clear
NHB250807023008.RAWGR8Y,2025-08-07 02:30:08,Long Range,4,27.68,Clear
NHB250807023304.RAWGR92,2025-08-07 02:33:04,Short Range,8,27.19,Clear
NHB250807024008.RAWGR95,2025-08-07 02:40:08,Long Range,4,26.82,Clear
NHB250807024303.RAWGR99,2025-08-07 02:43:03,Short Range,8,26.88,Clear
NHB250807025008.RAWGR9C,2025-08-07 02:50:08,Long Range,4,33.57,Light rain
NHB250807025303.RAWGR9G,2025-08-07 02:53:03,Short Range,8,27.12,Clear
NHB250807030007.RAWGR9K,2025-08-07 03:00:07,Long Range,4,27.63,Clear
NHB250807030304.RAWGR9P,2025-08-07 03:03:04,Short Range,8,27.51,Clear
NHB250807031007.RAWGR9T,2025-08-07 03:10:07,Long Range,4,26.86,Clear
NHB250807031304.RAWGR9X,2025-08-07 03:13:04,Short Range,8,27.27,Clear
NHB250807032008.RAWGRA0,2025-08-07 03:20:08,Long Range,4,27.41,Clear
NHB250807032303.RAWGRA4,2025-08-07 03:23:03,Short Range,8,27.45,Clear
NHB250807033007.RAWGRA7,2025-08-07 03:30:07,Long Range,4,37.14,Light rain
NHB250807033303.RAWGRAB,2025-08-07 03:33:03,Short Range,8,27.95,Clear
NHB250807034008.RAWGRAE,2025-08-07 03:40:08,Long Range,4,36.43,Light rain
NHB250807034304.RAWGRAJ,2025-08-07 03:43:04,Short Range,8,28.52,Clear
NHB250807035008.RAWGRAM,2025-08-07 03:50:08,Long Range,4,36.32,Light rain
NHB250807035303.RAWGRAS,2025-08-07 03:53:03,Short Range,8,29.19,Clear
NHB250807040008.RAWGRAV,2025-08-07 04:00:08,Long Range,4,36.22,Light rain
NHB250807040303.RAWGRAZ,2025-08-07 04:03:03,Short Range,8,28.04,Clear
NHB250807041007.RAWGRB2,2025-08-07 04:10:07,Long Range,4,28.86,Clear
NHB250807041305.RAWGRB6,2025-08-07 04:13:05,Short Range,8,30.02,Light rain
NHB250807042008.RAWGRB9,2025-08-07 04:20:08,Long Range,4,39.86,Light rain
NHB250807042303.RAWGRBD,2025-08-07 04:23:03,Short Range,8,32.39,Light rain
NHB250807043008.RAWGRBG,2025-08-07 04:30:08,Long Range,4,31.25,Light rain
NHB250807043303.RAWGRBL,2025-08-07 04:33:03,Short Range,8,31.94,Light rain
NHB250807044008.RAWGRBP,2025-08-07 04:40:08,Long Range,4,33.0,Light rain
NHB250807044303.RAWGRBU,2025-08-07 04:43:03,Short Range,8,32.77,Light rain
NHB250807045008.RAWGRBX,2025-08-07 04:50:08,Long Range,4,33.94,Light rain
NHB250807045304.RAWGRC1,2025-08-07 04:53:04,Short Range,8,32.94,Light rain
NHB250807050007.RAWGRC4,2025-08-07 05:00:07,Long Range,4,34.88,Light rain
NHB250807050303.RAWGRC8,2025-08-07 05:03:03,Short Range,8,34.6,Light rain
NHB250807051007.RAWGRCB,2025-08-07 05:10:07,Long Range,4,35.57,Light rain
NHB250807051303.RAWGRCF,2025-08-07 05:13:03,Short Range,8,34.63,Light rain
NHB250807052008.RAWGRCJ,2025-08-07 05:20:08,Long Range,4,35.37,Light rain
NHB250807052303.RAWGRCN,2025-08-07 05:23:03,Short Range,8,34.17,Light rain
NHB250807053008.RAWGRCS,2025-08-07 05:30:08,Long Range,4,35.97,Light rain
NHB250807053304.RAWGRCW,2025-08-07 05:33:04,Short Range,8,36.2,Light rain
NHB250807054007.RAWGRCZ,2025-08-07 05:40:07,Long Range,4,36.85,Light rain
NHB250807054305.RAWGRD3,2025-08-07 05:43:05,Short Range,8,37.06,Light rain
NHB250807055008.RAWGRD6,2025-08-07 05:50:08,Long Range,4,38.06,Light rain
NHB250807055303.RAWGRDA,2025-08-07 05:53:03,Short Range,8,37.82,Light rain
NHB250807060008.RAWGRDD,2025-08-07 06:00:08,Long Range,4,38.74,Light rain
NHB250807060303.RAWGRDH,2025-08-07 06:03:03,Short Range,8,37.59,Light rain
NHB250807061007.RAWGRDL,2025-08-07 06:10:07,Long Range,4,40.28,Moderate rain
NHB250807061304.RAWGRDR,2025-08-07 06:13:04,Short Range,8,37.01,Light rain
NHB250807062009.RAWGRDU,2025-08-07 06:20:09,Long Range,4,40.19,Moderate rain
NHB250807062303.RAWGRDY,2025-08-07 06:23:03,Short Range,8,37.68,Light rain
NHB250807063008.RAWGRE1,2025-08-07 06:30:08,Long Range,4,38.99,Light rain
NHB250807063303.RAWGRE5,2025-08-07 06:33:03,Short Range,8,38.88,Light rain
NHB250807064008.RAWGRE8,2025-08-07 06:40:08,Long Range,4,41.45,Moderate rain
NHB250807064303.RAWGREC,2025-08-07 06:43:03,Short Range,8,39.53,Light rain
NHB250807065007.RAWGREF,2025-08-07 06:50:07,Long Range,4,40.93,Moderate rain
NHB250807065303.RAWGREK,2025-08-07 06:53:03,Short Range,8,39.34,Light rain
NHB250807070009.RAWGREN,2025-08-07 07:00:09,Long Range,4,41.34,Moderate rain
NHB250807070303.RAWGRET,2025-08-07 07:03:03,Short Range,8,39.66,Light rain
NHB250807071008.RAWGREW,2025-08-07 07:10:08,Long Range,4,41.18,Moderate rain
NHB250807071303.RAWGRF0,2025-08-07 07:13:03,Short Range,8,40.34,Moderate rain
NHB250807072007.RAWGRF3,2025-08-07 07:20:07,Long Range,4,41.53,Moderate rain
NHB250807072304.RAWGRF7,2025-08-07 07:23:04,Short Range,8,41.05,Moderate rain
NHB250807073008.RAWGRFA,2025-08-07 07:30:08,Long Range,4,42.31,Moderate rain
NHB250807073303.RAWGRFE,2025-08-07 07:33:03,Short Range,8,41.54,Moderate rain
NHB250807074008.RAWGRFH,2025-08-07 07:40:08,Long Range,4,40.93,Moderate rain
NHB250807074304.RAWGRFM,2025-08-07 07:43:04,Short Range,8,41.05,Moderate rain
NHB250807075007.RAWGRFR,2025-08-07 07:50:07,Long Range,4,42.3,Moderate rain
NHB250807075303.RAWGRFV,2025-08-07 07:53:03,Short Range,8,42.23,Moderate rain
NHB250807080007.RAWGRFY,2025-08-07 08:00:07,Long Range,4,43.73,Moderate rain
NHB250807080303.RAWGRG2,2025-08-07 08:03:03,Short Range,8,43.32,Moderate rain
NHB250807081007.RAWGRG5,2025-08-07 08:10:07,Long Range,4,43.24,Moderate rain
NHB250807081303.RAWGRG9,2025-08-07 08:13:03,Short Range,8,42.91,Moderate rain
NHB250807082008.RAWGRGC,2025-08-07 08:20:08,Long Range,4,43.77,Moderate rain
NHB250807082304.RAWGRGG,2025-08-07 08:23:04,Short Range,8,44.29,Moderate rain
NHB250807083007.RAWGRGK,2025-08-07 08:30:07,Long Range,4,43.66,Moderate rain
NHB250807083304.RAWGRGP,2025-08-07 08:33:04,Short Range,8,44.0,Moderate rain
NHB250807084008.RAWGRGT,2025-08-07 08:40:08,Long Range,4,43.16,Moderate rain
NHB250807084303.RAWGRGX,2025-08-07 08:43:03,Short Range,8,43.48,Moderate rain
NHB250807085008.RAWGRH0,2025-08-07 08:50:08,Long Range,4,43.96,Moderate rain
NHB250807085304.RAWGRH4,2025-08-07 08:53:04,Short Range,8,43.57,Moderate rain
NHB250807090008.RAWGRH7,2025-08-07 09:00:08,Long Range,4,43.31,Moderate rain
NHB250807090304.RAWGRHB,2025-08-07 09:03:04,Short Range,8,43.9,Moderate rain
NHB250807091008.RAWGRHE,2025-08-07 09:10:08,Long Range,4,44.71,Moderate rain
NHB250807091304.RAWGRHJ,2025-08-07 09:13:04,Short Range,8,46.73,Moderate rain
NHB250807092008.RAWGRHM,2025-08-07 09:20:08,Long Range,4,46.04,Moderate rain
NHB250807092303.RAWGRHS,2025-08-07 09:23:03,Short Range,8,49.48,Heavy rain
NHB250807093007.RAWGRHV,2025-08-07 09:30:07,Long Range,4,46.77,Moderate rain
NHB250807093304.RAWGRHZ,2025-08-07 09:33:04,Short Range,8,50.74,Heavy rain
NHB250807094008.RAWGRJ2,2025-08-07 09:40:08,Long Range,4,47.68,Heavy rain
NHB250807094304.RAWGRJ6,2025-08-07 09:43:04,Short Range,8,51.2,Heavy rain
NHB250807095007.RAWGRJ9,2025-08-07 09:50:07,Long Range,4,47.56,Heavy rain
NHB250807095304.RAWGRJD,2025-08-07 09:53:04,Short Range,8,51.46,Heavy rain
NHB250807100007.RAWGRJG,2025-08-07 10:00:07,Long Range,4,47.8,Heavy rain
NHB250807100304.RAWGRJL,2025-08-07 10:03:04,Short Range,8,53.69,Heavy rain
NHB250807101007.RAWGRJP,2025-08-07 10:10:07,Long Range,4,49.34,Heavy rain
NHB250807101303.RAWGRJU,2025-08-07 10:13:03,Short Range,8,54.27,Heavy rain
NHB250807102007.RAWGRJX,2025-08-07 10:20:07,Long Range,4,49.91,Heavy rain
NHB250807102304.RAWGRK1,2025-08-07 10:23:04,Short Range,8,56.14,Very heavy rain
NHB250807103007.RAWGRK4,2025-08-07 10:30:07,Long Range,4,53.06,Heavy rain
NHB250807103303.RAWGRK8,2025-08-07 10:33:03,Short Range,8,57.42,Very heavy rain
NHB250807104007.RAWGRKB,2025-08-07 10:40:07,Long Range,4,53.45,Heavy rain
NHB250807104303.RAWGRKF,2025-08-07 10:43:03,Short Range,8,57.88,Very heavy rain
NHB250807105009.RAWGRKJ,2025-08-07 10:50:09,Long Range,4,54.08,Heavy rain
NHB250807105303.RAWGRKN,2025-08-07 10:53:03,Short Range,8,57.53,Very heavy rain
NHB250807110007.RAWGRKS,2025-08-07 11:00:07,Long Range,4,54.24,Heavy rain
NHB250807110304.RAWGRKW,2025-08-07 11:03:04,Short Range,8,57.08,Very heavy rain
NHB250807111008.RAWGRKZ,2025-08-07 11:10:08,Long Range,4,53.15,Heavy rain
NHB250807111304.RAWGRL3,2025-08-07 11:13:04,Short Range,8,57.14,Very heavy rain
NHB250807112007.RAWGRL6,2025-08-07 11:20:07,Long Range,4,53.49,Heavy rain
NHB250807112303.RAWGRLA,2025-08-07 11:23:03,Short Range,8,55.89,Very heavy rain
NHB250807113008.RAWGRLD,2025-08-07 11:30:08,Long Range,4,52.77,Heavy rain
NHB250807113304.RAWGRLH,2025-08-07 11:33:04,Short Range,8,55.73,Very heavy rain
NHB250807114007.RAWGRLL,2025-08-07 11:40:07,Long Range,4,49.92,Heavy rain
NHB250807114305.RAWGRLR,2025-08-07 11:43:05,Short Range,8,52.65,Heavy rain
NHB250807115007.RAWGRLU,2025-08-07 11:50:07,Long Range,4,47.5,Heavy rain
NHB250807115303.RAWGRLY,2025-08-07 11:53:03,Short Range,8,51.34,Heavy rain
NHB250807120008.RAWGRM1,2025-08-07 12:00:08,Long Range,4,47.8,Heavy rain
NHB250807120303.RAWGRM5,2025-08-07 12:03:03,Short Range,8,51.76,Heavy rain
NHB250807121008.RAWGRM8,2025-08-07 12:10:08,Long Range,4,47.52,Heavy rain
NHB250807121303.RAWGRMC,2025-08-07 12:13:03,Short Range,8,50.84,Heavy rain
NHB250807122008.RAWGRMF,2025-08-07 12:20:08,Long Range,4,47.66,Heavy rain
NHB250807122303.RAWGRMK,2025-08-07 12:23:03,Short Range,8,50.2,Heavy rain
NHB250807123008.RAWGRMN,2025-08-07 12:30:08,Long Range,4,47.77,Heavy rain
NHB250807123303.RAWGRMT,2025-08-07 12:33:03,Short Range,8,48.97,Heavy rain
NHB250807124007.RAWGRMW,2025-08-07 12:40:07,Long Range,4,45.7,Moderate rain
NHB250807124303.RAWGRN0,2025-08-07 12:43:03,Short Range,8,45.54,Moderate rain
NHB250807125008.RAWGRN3,2025-08-07 12:50:08,Long Range,4,42.78,Moderate rain
NHB250807125304.RAWGRN7,2025-08-07 12:53:04,Short Range,8,42.32,Moderate rain
NHB250807130008.RAWGRNA,2025-08-07 13:00:08,Long Range,4,39.32,Light rain
NHB250807130303.RAWGRNE,2025-08-07 13:03:03,Short Range,8,38.54,Light rain
NHB250807131008.RAWGRNH,2025-08-07 13:10:08,Long Range,4,35.56,Light rain
NHB250807131304.RAWGRNM,2025-08-07 13:13:04,Short Range,8,36.18,Light rain
NHB250807132008.RAWGRNR,2025-08-07 13:20:08,Long Range,4,35.38,Light rain
NHB250807132303.RAWGRNV,2025-08-07 13:23:03,Short Range,8,37.62,Light rain
NHB250807133008.RAWGRNY,2025-08-07 13:30:08,Long Range,4,36.06,Light rain
NHB250807133304.RAWGRP2,2025-08-07 13:33:04,Short Range,8,38.64,Light rain
NHB250807134009.RAWGRP5,2025-08-07 13:40:09,Long Range,4,37.83,Light rain
NHB250807134304.RAWGRP9,2025-08-07 13:43:04,Short Range,8,38.76,Light rain
NHB250807135007.RAWGRPC,2025-08-07 13:50:07,Long Range,4,40.21,Moderate rain
NHB250807135305.RAWGRPG,2025-08-07 13:53:05,Short Range,8,38.95,Light rain
NHB250807140007.RAWGRPK,2025-08-07 14:00:07,Long Range,4,39.2,Light rain
NHB250807140303.RAWGRPP,2025-08-07 14:03:03,Short Range,8,36.89,Light rain
NHB250807141008.RAWGRPT,2025-08-07 14:10:08,Long Range,4,36.2,Light rain
NHB250807141304.RAWGRPX,2025-08-07 14:13:04,Short Range,8,32.73,Light rain
NHB250807142008.RAWGRR0,2025-08-07 14:20:08,Long Range,4,34.34,Light rain
NHB250807142303.RAWGRR4,2025-08-07 14:23:03,Short Range,8,29.34,Clear
NHB250807143008.RAWGRR7,2025-08-07 14:30:08,Long Range,4,33.15,Light rain
NHB250807143303.RAWGRRB,2025-08-07 14:33:03,Short Range,8,28.23,Clear
NHB250807144008.RAWGRRE,2025-08-07 14:40:08,Long Range,4,31.69,Light rain
NHB250807144303.RAWGRRJ,2025-08-07 14:43:03,Short Range,8,27.16,Clear
NHB250807145008.RAWGRRM,2025-08-07 14:50:08,Long Range,4,29.41,Clear
NHB250807145303.RAWGRRS,2025-08-07 14:53:03,Short Range,8,26.12,Clear
NHB250807150009.RAWGRRV,2025-08-07 15:00:09,Long Range,4,28.26,Clear
NHB250807150303.RAWGRRZ,2025-08-07 15:03:03,Short Range,8,25.54,Clear
NHB250807151008.RAWGRS2,2025-08-07 15:10:08,Long Range,4,26.53,Clear
NHB250807151304.RAWGRS6,2025-08-07 15:13:04,Short Range,8,24.99,Clear
NHB250807152007.RAWGRS9,2025-08-07 15:20:07,Long Range,4,25.92,Clear
NHB250807152304.RAWGRSD,2025-08-07 15:23:04,Short Range,8,24.65,Clear
NHB250807153008.RAWGRSG,2025-08-07 15:30:08,Long Range,4,26.47,Clear
NHB250807153304.RAWGRSL,2025-08-07 15:33:04,Short Range,8,24.72,Clear
NHB250807154009.RAWGRSP,2025-08-07 15:40:09,Long Range,4,24.81,Clear
NHB250807154303.RAWGRSU,2025-08-07 15:43:03,Short Range,8,24.55,Clear
NHB250807155007.RAWGRSX,2025-08-07 15:50:07,Long Range,4,32.37,Light rain
NHB250807155304.RAWGRT1,2025-08-07 15:53:04,Short Range,8,24.08,Clear
NHB250807160008.RAWGRT4,2025-08-07 16:00:08,Long Range,4,24.81,Clear
NHB250807160304.RAWGRT8,2025-08-07 16:03:04,Short Range,8,23.75,Clear
NHB250807161008.RAWGRTB,2025-08-07 16:10:08,Long Range,4,23.9,Clear
NHB250807161303.RAWGRTF,2025-08-07 16:13:03,Short Range,8,23.42,Clear
NHB250807162007.RAWGRTJ,2025-08-07 16:20:07,Long Range,4,24.16,Clear
NHB250807162304.RAWGRTN,2025-08-07 16:23:04,Short Range,8,22.86,Clear
NHB250807163008.RAWGRTS,2025-08-07 16:30:08,Long Range,4,24.02,Clear
NHB250807163304.RAWGRTW,2025-08-07 16:33:04,Short Range,8,22.14,Clear
NHB250807164007.RAWGRTZ,2025-08-07 16:40:07,Long Range,4,22.79,Clear
NHB250807164304.RAWGRU3,2025-08-07 16:43:04,Short Range,8,22.6,Clear
NHB250807165008.RAWGRU6,2025-08-07 16:50:08,Long Range,4,24.38,Clear
NHB250807165304.RAWGRUA,2025-08-07 16:53:04,Short Range,8,22.59,Clear
NHB250807170007.RAWGRUD,2025-08-07 17:00:07,Long Range,4,23.96,Clear
NHB250807170304.RAWGRUH,2025-08-07 17:03:04,Short Range,8,23.32,Clear
NHB250807171008.RAWGRUL,2025-08-07 17:10:08,Long Range,4,23.92,Clear
NHB250807171303.RAWGRUR,2025-08-07 17:13:03,Short Range,8,22.5,Clear
NHB250807172008.RAWGRUU,2025-08-07 17:20:08,Long Range,4,24.4,Clear
NHB250807172303.RAWGRUY,2025-08-07 17:23:03,Short Range,8,22.46,Clear
NHB250807173008.RAWGRV1,2025-08-07 17:30:08,Long Range,4,24.35,Clear
NHB250807173304.RAWGRV5,2025-08-07 17:33:04,Short Range,8,22.14,Clear
NHB250807174008.RAWGRV8,2025-08-07 17:40:08,Long Range,4,24.52,Clear
NHB250807174304.RAWGRVC,2025-08-07 17:43:04,Short Range,8,22.77,Clear
NHB250807175008.RAWGRVF,2025-08-07 17:50:08,Long Range,4,25.6,Clear
NHB250807175303.RAWGRVK,2025-08-07 17:53:03,Short Range,8,22.88,Clear
NHB250807180007.RAWGRVN,2025-08-07 18:00:07,Long Range,4,24.59,Clear
NHB250807180303.RAWGRVT,2025-08-07 18:03:03,Short Range,8,23.44,Clear
NHB250807181008.RAWGRVW,2025-08-07 18:10:08,Long Range,4,22.86,Clear
NHB250807181304.RAWGRW0,2025-08-07 18:13:04,Short Range,8,22.64,Clear
NHB250807182007.RAWGRW3,2025-08-07 18:20:07,Long Range,4,22.29,Clear
NHB250807182303.RAWGRW7,2025-08-07 18:23:03,Short Range,8,22.58,Clear
NHB250807183008.RAWGRWA,2025-08-07 18:30:08,Long Range,4,21.89,Clear
NHB250807183303.RAWGRWE,2025-08-07 18:33:03,Short Range,8,22.28,Clear
NHB250807184008.RAWGRWH,2025-08-07 18:40:08,Long Range,4,22.84,Clear
NHB250807184303.RAWGRWM,2025-08-07 18:43:03,Short Range,8,23.1,Clear
NHB250807185009.RAWGRWR,2025-08-07 18:50:09,Long Range,4,23.14,Clear
NHB250807185303.RAWGRWV,2025-08-07 18:53:03,Short Range,8,22.27,Clear
NHB250807190008.RAWGRWY,2025-08-07 19:00:08,Long Range,4,22.83,Clear
NHB250807190304.RAWGRX2,2025-08-07 19:03:04,Short Range,8,22.25,Clear
NHB250807191007.RAWGRX5,2025-08-07 19:10:07,Long Range,4,22.56,Clear
NHB250807191304.RAWGRX9,2025-08-07 19:13:04,Short Range,8,22.26,Clear
NHB250807192007.RAWGRXC,2025-08-07 19:20:07,Long Range,4,22.09,Clear
NHB250807192304.RAWGRXG,2025-08-07 19:23:04,Short Range,8,22.81,Clear
NHB250807193008.RAWGRXK,2025-08-07 19:30:08,Long Range,4,22.54,Clear
NHB250807193303.RAWGRXP,2025-08-07 19:33:03,Short Range,8,22.37,Clear
NHB250807194008.RAWGRXT,2025-08-07 19:40:08,Long Range,4,22.06,Clear
NHB250807194304.RAWGRXX,2025-08-07 19:43:04,Short Range,8,22.17,Clear
NHB250807195008.RAWGRY0,2025-08-07 19:50:08,Long Range,4,23.47,Clear
NHB250807195303.RAWGRY4,2025-08-07 19:53:03,Short Range,8,21.3,Clear
NHB250807200007.RAWGRY7,2025-08-07 20:00:07,Long Range,4,24.01,Clear
NHB250807200304.RAWGRYB,2025-08-07 20:03:04,Short Range,8,22.55,Clear
NHB250807201007.RAWGRYE,2025-08-07 20:10:07,Long Range,4,22.74,Clear
NHB250807201304.RAWGRYJ,2025-08-07 20:13:04,Short Range,8,22.23,Clear
NHB250807202007.RAWGRYM,2025-08-07 20:20:07,Long Range,4,21.89,Clear
NHB250807202303.RAWGRYS,2025-08-07 20:23:03,Short Range,8,22.78,Clear
NHB250807203008.RAWGRYV,2025-08-07 20:30:08,Long Range,4,22.01,Clear
NHB250807203303.RAWGRYZ,2025-08-07 20:33:03,Short Range,8,22.34,Clear
NHB250807204007.RAWGRZ2,2025-08-07 20:40:07,Long Range,4,21.12,Clear
NHB250807204303.RAWGRZ6,2025-08-07 20:43:03,Short Range,8,23.21,Clear
NHB250807205008.RAWGRZ9,2025-08-07 20:50:08,Long Range,4,22.5,Clear
NHB250807205304.RAWGRZD,2025-08-07 20:53:04,Short Range,8,22.81,Clear
NHB250807210008.RAWGRZG,2025-08-07 21:00:08,Long Range,4,23.51,Clear
NHB250807210303.RAWGRZL,2025-08-07 21:03:03,Short Range,8,23.87,Clear
NHB250807211008.RAWGRZP,2025-08-07 21:10:08,Long Range,4,23.42,Clear
NHB250807211303.RAWGRZU,2025-08-07 21:13:03,Short Range,8,23.58,Clear
NHB250807212008.RAWGRZX,2025-08-07 21:20:08,Long Range,4,24.86,Clear
NHB250807212303.RAWGS01,2025-08-07 21:23:03,Short Range,8,22.94,Clear
NHB250807213008.RAWGS04,2025-08-07 21:30:08,Long Range,4,26.36,Clear
NHB250807213303.RAWGS08,2025-08-07 21:33:03,Short Range,8,25.56,Clear
NHB250807214008.RAWGS0B,2025-08-07 21:40:08,Long Range,4,27.86,Clear
NHB250807214304.RAWGS0F,2025-08-07 21:43:04,Short Range,8,25.55,Clear
NHB250807215008.RAWGS0J,2025-08-07 21:50:08,Long Range,4,25.69,Clear
NHB250807215303.RAWGS0N,2025-08-07 21:53:03,Short Range,8,25.35,Clear
NHB250807220008.RAWGS0S,2025-08-07 22:00:08,Long Range,4,28.0,Clear
NHB250807220304.RAWGS0W,2025-08-07 22:03:04,Short Range,8,25.22,Clear
NHB250807221007.RAWGS0Z,2025-08-07 22:10:07,Long Range,4,28.61,Clear
NHB250807221303.RAWGS13,2025-08-07 22:13:03,Short Range,8,26.65,Clear
NHB250807222007.RAWGS16,2025-08-07 22:20:07,Long Range,4,29.72,Clear
NHB250807222305.RAWGS1A,2025-08-07 22:23:05,Short Range,8,27.84,Clear
NHB250807223008.RAWGS1D,2025-08-07 22:30:08,Long Range,4,29.98,Clear
NHB250807223304.RAWGS1H,2025-08-07 22:33:04,Short Range,8,26.16,Clear
NHB250807224008.RAWGS1L,2025-08-07 22:40:08,Long Range,4,32.46,Light rain
NHB250807224304.RAWGS1R,2025-08-07 22:43:04,Short Range,8,27.51,Clear
NHB250807225008.RAWGS1U,2025-08-07 22:50:08,Long Range,4,31.18,Light rain
NHB250807225304.RAWGS1Y,2025-08-07 22:53:04,Short Range,8,26.91,Clear
NHB250807230008.RAWGS21,2025-08-07 23:00:08,Long Range,4,30.98,Light rain
NHB250807230303.RAWGS25,2025-08-07 23:03:03,Short Range,8,26.82,Clear
NHB250807231008.RAWGS28,2025-08-07 23:10:08,Long Range,4,30.53,Light rain
NHB250807231303.RAWGS2C,2025-08-07 23:13:03,Short Range,8,25.87,Clear
NHB250807232008.RAWGS2F,2025-08-07 23:20:08,Long Range,4,29.56,Clear
NHB250807232303.RAWGS2K,2025-08-07 23:23:03,Short Range,8,25.71,Clear
NHB250807233008.RAWGS2N,2025-08-07 23:30:08,Long Range,4,29.04,Clear
NHB250807233303.RAWGS2T,2025-08-07 23:33:03,Short Range,8,24.52,Clear
NHB250807234008.RAWGS2W,2025-08-07 23:40:08,Long Range,4,31.61,Light rain
NHB250807234303.RAWGS30,2025-08-07 23:43:03,Short Range,8,24.73,Clear
NHB250807235008.RAWGS33,2025-08-07 23:50:08,Long Range,4,29.9,Clear
NHB250807235304.RAWGS37,2025-08-07 23:53:04,Short Range,8,24.34,Clear
NHB250808000007.RAWGS3A,2025-08-08 00:00:07,Long Range,4,29.62,Clear
NHB250808000304.RAWGS3E,2025-08-08 00:03:04,Short Range,8,24.88,Clear
NHB250808001008.RAWGS3H,2025-08-08 00:10:08,Long Range,4,30.1,Light rain
NHB250808001304.RAWGS3M,2025-08-08 00:13:04,Short Range,8,24.73,Clear
NHB250808002008.RAWGS3R,2025-08-08 00:20:08,Long Range,4,29.8,Clear
NHB250808002303.RAWGS3V,2025-08-08 00:23:03,Short Range,8,24.85,Clear
NHB250808003008.RAWGS3Y,2025-08-08 00:30:08,Long Range,4,29.91,Clear
NHB250808003303.RAWGS42,2025-08-08 00:33:03,Short Range,8,25.56,Clear
NHB250808004008.RAWGS45,2025-08-08 00:40:08,Long Range,4,29.83,Clear
NHB250808004303.RAWGS49,2025-08-08 00:43:03,Short Range,8,25.31,Clear
NHB250808005008.RAWGS4C,2025-08-08 00:50:08,Long Range,4,30.53,Light rain
NHB250808005304.RAWGS4G,2025-08-08 00:53:04,Short Range,8,25.75,Clear
NHB250808010007.RAWGS4K,2025-08-08 01:00:07,Long Range,4,30.56,Light rain
NHB250808010304.RAWGS4P,2025-08-08 01:03:04,Short Range,8,25.48,Clear
NHB250808011007.RAWGS4T,2025-08-08 01:10:07,Long Range,4,30.23,Light rain
NHB250808011303.RAWGS4X,2025-08-08 01:13:03,Short Range,8,26.48,Clear
NHB250808012007.RAWGS50,2025-08-08 01:20:07,Long Range,4,30.95,Light rain
NHB250808012303.RAWGS54,2025-08-08 01:23:03,Short Range,8,25.54,Clear
NHB250808013008.RAWGS57,2025-08-08 01:30:08,Long Range,4,30.74,Light rain
NHB250808013303.RAWGS5B,2025-08-08 01:33:03,Short Range,8,25.83,Clear
NHB250808014008.RAWGS5E,2025-08-08 01:40:08,Long Range,4,30.74,Light rain
NHB250808014303.RAWGS5J,2025-08-08 01:43:03,Short Range,8,25.91,Clear
NHB250808015007.RAWGS5M,2025-08-08 01:50:07,Long Range,4,29.53,Clear
NHB250808015304.RAWGS5S,2025-08-08 01:53:04,Short Range,8,25.94,Clear
NHB250808020008.RAWGS5V,2025-08-08 02:00:08,Long Range,4,29.64,Clear
NHB250808020303.RAWGS5Z,2025-08-08 02:03:03,Short Range,8,26.19,Clear
NHB250808021008.RAWGS62,2025-08-08 02:10:08,Long Range,4,30.26,Light rain
NHB250808021304.RAWGS66,2025-08-08 02:13:04,Short Range,8,25.61,Clear
NHB250808022009.RAWGS69,2025-08-08 02:20:09,Long Range,4,29.66,Clear
NHB250808022303.RAWGS6D,2025-08-08 02:23:03,Short Range,8,25.55,Clear
NHB250808023008.RAWGS6G,2025-08-08 02:30:08,Long Range,4,29.55,Clear
NHB250808023303.RAWGS6L,2025-08-08 02:33:03,Short Range,8,25.71,Clear
NHB250808024007.RAWGS6P,2025-08-08 02:40:07,Long Range,4,29.69,Clear
NHB250808024304.RAWGS6U,2025-08-08 02:43:04,Short Range,8,26.56,Clear
NHB250808025008.RAWGS6X,2025-08-08 02:50:08,Long Range,4,28.77,Clear
NHB250808025303.RAWGS71,2025-08-08 02:53:03,Short Range,8,26.3,Clear
NHB250808030007.RAWGS74,2025-08-08 03:00:07,Long Range,4,28.91,Clear
NHB250808030304.RAWGS78,2025-08-08 03:03:04,Short Range,8,25.35,Clear
NHB250808031007.RAWGS7B,2025-08-08 03:10:07,Long Range,4,31.14,Light rain
NHB250808031303.RAWGS7F,2025-08-08 03:13:03,Short Range,8,26.48,Clear
NHB250808032008.RAWGS7J,2025-08-08 03:20:08,Long Range,4,29.02,Clear
NHB250808032303.RAWGS7N,2025-08-08 03:23:03,Short Range,8,26.12,Clear
NHB250808033008.RAWGS7S,2025-08-08 03:30:08,Long Range,4,30.06,Light rain
NHB250808033304.RAWGS7W,2025-08-08 03:33:04,Short Range,8,25.9,Clear
NHB250808034008.RAWGS7Z,2025-08-08 03:40:08,Long Range,4,30.8,Light rain
NHB250808034304.RAWGS83,2025-08-08 03:43:04,Short Range,8,26.59,Clear
NHB250808035008.RAWGS86,2025-08-08 03:50:08,Long Range,4,31.28,Light rain
NHB250808035303.RAWGS8A,2025-08-08 03:53:03,Short Range,8,26.01,Clear
NHB250808040007.RAWGS8D,2025-08-08 04:00:07,Long Range,4,32.69,Light rain
NHB250808040304.RAWGS8H,2025-08-08 04:03:04,Short Range,8,26.49,Clear
NHB250808041008.RAWGS8L,2025-08-08 04:10:08,Long Range,4,32.66,Light rain
NHB250808041303.RAWGS8R,2025-08-08 04:13:03,Short Range,8,27.85,Clear
NHB250808042008.RAWGS8U,2025-08-08 04:20:08,Long Range,4,33.65,Light rain
NHB250808042304.RAWGS8Y,2025-08-08 04:23:04,Short Range,8,28.64,Clear
NHB250808043008.RAWGS91,2025-08-08 04:30:08,Long Range,4,34.07,Light rain
NHB250808043303.RAWGS95,2025-08-08 04:33:03,Short Range,8,28.57,Clear
NHB250808044007.RAWGS98,2025-08-08 04:40:07,Long Range,4,34.91,Light rain
NHB250808044303.RAWGS9C,2025-08-08 04:43:03,Short Range,8,28.66,Clear
NHB250808045008.RAWGS9F,2025-08-08 04:50:08,Long Range,4,35.79,Light rain
NHB250808045303.RAWGS9K,2025-08-08 04:53:03,Short Range,8,31.7,Light rain
NHB250808050008.RAWGS9N,2025-08-08 05:00:08,Long Range,4,36.37,Light rain
NHB250808050303.RAWGS9T,2025-08-08 05:03:03,Short Range,8,30.84,Light rain
NHB250808051008.RAWGS9W,2025-08-08 05:10:08,Long Range,4,37.75,Light rain
NHB250808051303.RAWGSA0,2025-08-08 05:13:03,Short Range,8,31.63,Light rain
NHB250808052008.RAWGSA3,2025-08-08 05:20:08,Long Range,4,38.72,Light rain
NHB250808052303.RAWGSA7,2025-08-08 05:23:03,Short Range,8,31.28,Light rain
NHB250808053009.RAWGSAA,2025-08-08 05:30:09,Long Range,4,39.95,Light rain
NHB250808053304.RAWGSAE,2025-08-08 05:33:04,Short Range,8,33.22,Light rain
NHB250808054007.RAWGSAH,2025-08-08 05:40:07,Long Range,4,39.91,Light rain
NHB250808054304.RAWGSAM,2025-08-08 05:43:04,Short Range,8,32.75,Light rain
NHB250808055008.RAWGSAR,2025-08-08 05:50:08,Long Range,4,40.99,Moderate rain
NHB250808055303.RAWGSAV,2025-08-08 05:53:03,Short Range,8,32.99,Light rain
NHB250808060009.RAWGSAY,2025-08-08 06:00:09,Long Range,4,40.93,Moderate rain
NHB250808060304.RAWGSB2,2025-08-08 06:03:04,Short Range,8,34.05,Light rain
NHB250808061009.RAWGSB5,2025-08-08 06:10:09,Long Range,4,41.78,Moderate rain
NHB250808061303.RAWGSB9,2025-08-08 06:13:03,Short Range,8,34.57,Light rain
NHB250808062008.RAWGSBC,2025-08-08 06:20:08,Long Range,4,41.18,Moderate rain
NHB250808062304.RAWGSBG,2025-08-08 06:23:04,Short Range,8,34.5,Light rain
NHB250808063008.RAWGSBK,2025-08-08 06:30:08,Long Range,4,41.94,Moderate rain
NHB250808063303.RAWGSBP,2025-08-08 06:33:03,Short Range,8,33.75,Light rain
NHB250808064008.RAWGSBT,2025-08-08 06:40:08,Long Range,4,41.95,Moderate rain
NHB250808064303.RAWGSBX,2025-08-08 06:43:03,Short Range,8,35.18,Light rain
NHB250808065008.RAWGSC0,2025-08-08 06:50:08,Long Range,4,43.25,Moderate rain
NHB250808065303.RAWGSC4,2025-08-08 06:53:03,Short Range,8,35.34,Light rain
NHB250808070007.RAWGSC7,2025-08-08 07:00:07,Long Range,4,43.35,Moderate rain
NHB250808070304.RAWGSCB,2025-08-08 07:03:04,Short Range,8,34.98,Light rain
NHB250808071007.RAWGSCE,2025-08-08 07:10:07,Long Range,4,43.59,Moderate rain
NHB250808071304.RAWGSCJ,2025-08-08 07:13:04,Short Range,8,35.18,Light rain
NHB250808072008.RAWGSCM,2025-08-08 07:20:08,Long Range,4,43.82,Moderate rain
NHB250808072303.RAWGSCS,2025-08-08 07:23:03,Short Range,8,34.44,Light rain
NHB250808073008.RAWGSCV,2025-08-08 07:30:08,Long Range,4,43.94,Moderate rain
NHB250808073304.RAWGSCZ,2025-08-08 07:33:04,Short Range,8,35.7,Light rain
NHB250808074007.RAWGSD2,2025-08-08 07:40:07,Long Range,4,44.03,Moderate rain
NHB250808074303.RAWGSD6,2025-08-08 07:43:03,Short Range,8,39.0,Light rain
NHB250808075007.RAWGSD9,2025-08-08 07:50:07,Long Range,4,43.85,Moderate rain
NHB250808075303.RAWGSDD,2025-08-08 07:53:03,Short Range,8,39.15,Light rain
NHB250808080008.RAWGSDG,2025-08-08 08:00:08,Long Range,4,44.09,Moderate rain
NHB250808080303.RAWGSDL,2025-08-08 08:03:03,Short Range,8,39.93,Light rain
NHB250808081007.RAWGSDP,2025-08-08 08:10:07,Long Range,4,43.37,Moderate rain
NHB250808081304.RAWGSDU,2025-08-08 08:13:04,Short Range,8,40.18,Moderate rain
NHB250808082007.RAWGSDX,2025-08-08 08:20:07,Long Range,4,43.76,Moderate rain
NHB250808082303.RAWGSE1,2025-08-08 08:23:03,Short Range,8,41.06,Moderate rain
NHB250808083008.RAWGSE4,2025-08-08 08:30:08,Long Range,4,43.27,Moderate rain
NHB250808083304.RAWGSE8,2025-08-08 08:33:04,Short Range,8,43.86,Moderate rain
NHB250808084009.RAWGSEB,2025-08-08 08:40:09,Long Range,4,44.2,Moderate rain
NHB250808084303.RAWGSEF,2025-08-08 08:43:03,Short Range,8,44.6,Moderate rain
NHB250808085007.RAWGSEJ,2025-08-08 08:50:07,Long Range,4,43.89,Moderate rain
NHB250808085303.RAWGSEN,2025-08-08 08:53:03,Short Range,8,45.55,Moderate rain
NHB250808090007.RAWGSES,2025-08-08 09:00:07,Long Range,4,43.7,Moderate rain
NHB250808090304.RAWGSEW,2025-08-08 09:03:04,Short Range,8,46.98,Moderate rain
NHB250808091008.RAWGSEZ,2025-08-08 09:10:08,Long Range,4,44.82,Moderate rain
NHB250808091303.RAWGSF3,2025-08-08 09:13:03,Short Range,8,50.16,Heavy rain
NHB250808092007.RAWGSF6,2025-08-08 09:20:07,Long Range,4,47.69,Heavy rain
NHB250808092304.RAWGSFA,2025-08-08 09:23:04,Short Range,8,52.48,Heavy rain
NHB250808093009.RAWGSFD,2025-08-08 09:30:09,Long Range,4,47.49,Moderate rain
NHB250808093304.RAWGSFH,2025-08-08 09:33:04,Short Range,8,53.29,Heavy rain
NHB250808094007.RAWGSFL,2025-08-08 09:40:07,Long Range,4,49.01,Heavy rain
NHB250808094303.RAWGSFR,2025-08-08 09:43:03,Short Range,8,53.21,Heavy rain
NHB250808095007.RAWGSFU,2025-08-08 09:50:07,Long Range,4,49.32,Heavy rain
NHB250808095304.RAWGSFY,2025-08-08 09:53:04,Short Range,8,52.31,Heavy rain
NHB250808100008.RAWGSG1,2025-08-08 10:00:08,Long Range,4,49.05,Heavy rain
NHB250808100304.RAWGSG5,2025-08-08 10:03:04,Short Range,8,51.39,Heavy rain
NHB250808101008.RAWGSG8,2025-08-08 10:10:08,Long Range,4,48.67,Heavy rain
NHB250808101303.RAWGSGC,2025-08-08 10:13:03,Short Range,8,51.53,Heavy rain
NHB250808102009.RAWGSGF,2025-08-08 10:20:09,Long Range,4,48.75,Heavy rain
NHB250808102303.RAWGSGK,2025-08-08 10:23:03,Short Range,8,51.86,Heavy rain
NHB250808103008.RAWGSGN,2025-08-08 10:30:08,Long Range,4,48.48,Heavy rain
NHB250808103303.RAWGSGT,2025-08-08 10:33:03,Short Range,8,51.88,Heavy rain
NHB250808104008.RAWGSGW,2025-08-08 10:40:08,Long Range,4,48.89,Heavy rain
NHB250808104303.RAWGSH0,2025-08-08 10:43:03,Short Range,8,51.67,Heavy rain
NHB250808105008.RAWGSH3,2025-08-08 10:50:08,Long Range,4,48.8,Heavy rain
NHB250808105304.RAWGSH7,2025-08-08 10:53:04,Short Range,8,50.57,Heavy rain
NHB250808110008.RAWGSHA,2025-08-08 11:00:08,Long Range,4,48.85,Heavy rain
NHB250808110303.RAWGSHE,2025-08-08 11:03:03,Short Range,8,49.8,Heavy rain
NHB250808111008.RAWGSHH,2025-08-08 11:10:08,Long Range,4,48.51,Heavy rain
NHB250808111304.RAWGSHM,2025-08-08 11:13:04,Short Range,8,49.13,Heavy rain
NHB250808112008.RAWGSHR,2025-08-08 11:20:08,Long Range,4,48.47,Heavy rain
NHB250808112303.RAWGSHV,2025-08-08 11:23:03,Short Range,8,49.5,Heavy rain
NHB250808113008.RAWGSHY,2025-08-08 11:30:08,Long Range,4,48.13,Heavy rain
NHB250808113304.RAWGSJ2,2025-08-08 11:33:04,Short Range,8,48.38,Heavy rain
NHB250808114007.RAWGSJ5,2025-08-08 11:40:07,Long Range,4,47.47,Moderate rain
NHB250808114305.RAWGSJ9,2025-08-08 11:43:05,Short Range,8,48.33,Heavy rain
NHB250808115007.RAWGSJC,2025-08-08 11:50:07,Long Range,4,46.85,Moderate rain
NHB250808115304.RAWGSJG,2025-08-08 11:53:04,Short Range,8,47.18,Moderate rain
NHB250808120008.RAWGSJK,2025-08-08 12:00:08,Long Range,4,47.09,Moderate rain
NHB250808120303.RAWGSJP,2025-08-08 12:03:03,Short Range,8,47.67,Heavy rain
NHB250808121008.RAWGSJT,2025-08-08 12:10:08,Long Range,4,47.18,Moderate rain
NHB250808121303.RAWGSJX,2025-08-08 12:13:03,Short Range,8,47.68,Heavy rain
NHB250808122008.RAWGSK0,2025-08-08 12:20:08,Long Range,4,46.91,Moderate rain
NHB250808122303.RAWGSK4,2025-08-08 12:23:03,Short Range,8,47.49,Moderate rain
NHB250808123009.RAWGSK7,2025-08-08 12:30:09,Long Range,4,46.11,Moderate rain
NHB250808123304.RAWGSKB,2025-08-08 12:33:04,Short Range,8,47.08,Moderate rain
NHB250808124008.RAWGSKE,2025-08-08 12:40:08,Long Range,4,46.14,Moderate rain
NHB250808124304.RAWGSKJ,2025-08-08 12:43:04,Short Range,8,48.24,Heavy rain
NHB250808125008.RAWGSKM,2025-08-08 12:50:08,Long Range,4,47.38,Moderate rain
NHB250808125304.RAWGSKS,2025-08-08 12:53:04,Short Range,8,48.87,Heavy rain
NHB250808130008.RAWGSKV,2025-08-08 13:00:08,Long Range,4,47.67,Heavy rain
NHB250808130304.RAWGSKZ,2025-08-08 13:03:04,Short Range,8,49.91,Heavy rain
NHB250808131007.RAWGSL2,2025-08-08 13:10:07,Long Range,4,48.36,Heavy rain
NHB250808131303.RAWGSL6,2025-08-08 13:13:03,Short Range,8,51.32,Heavy rain
NHB250808132008.RAWGSL9,2025-08-08 13:20:08,Long Range,4,49.49,Heavy rain
NHB250808132303.RAWGSLD,2025-08-08 13:23:03,Short Range,8,51.29,Heavy rain
NHB250808133009.RAWGSLG,2025-08-08 13:30:09,Long Range,4,48.5,Heavy rain
NHB250808133303.RAWGSLL,2025-08-08 13:33:03,Short Range,8,51.73,Heavy rain
NHB250808134009.RAWGSLP,2025-08-08 13:40:09,Long Range,4,49.31,Heavy rain
NHB250808134303.RAWGSLU,2025-08-08 13:43:03,Short Range,8,50.75,Heavy rain
NHB250808135007.RAWGSLX,2025-08-08 13:50:07,Long Range,4,48.37,Heavy rain
NHB250808135303.RAWGSM1,2025-08-08 13:53:03,Short Range,8,50.78,Heavy rain
NHB250808140008.RAWGSM4,2025-08-08 14:00:08,Long Range,4,48.58,Heavy rain
NHB250808140304.RAWGSM8,2025-08-08 14:03:04,Short Range,8,49.99,Heavy rain
NHB250808141008.RAWGSMB,2025-08-08 14:10:08,Long Range,4,47.03,Moderate rain
NHB250808141304.RAWGSMF,2025-08-08 14:13:04,Short Range,8,49.18,Heavy rain
NHB250808142008.RAWGSMJ,2025-08-08 14:20:08,Long Range,4,47.3,Moderate rain
NHB250808142303.RAWGSMN,2025-08-08 14:23:03,Short Range,8,48.2,Heavy rain
NHB250808143007.RAWGSMS,2025-08-08 14:30:07,Long Range,4,44.86,Moderate rain
NHB250808143303.RAWGSMW,2025-08-08 14:33:03,Short Range,8,46.32,Moderate rain
NHB250808144007.RAWGSMZ,2025-08-08 14:40:07,Long Range,4,43.35,Moderate rain
NHB250808144303.RAWGSN3,2025-08-08 14:43:03,Short Range,8,43.22,Moderate rain
NHB250808145008.RAWGSN6,2025-08-08 14:50:08,Long Range,4,39.07,Light rain
NHB250808145304.RAWGSNA,2025-08-08 14:53:04,Short Range,8,38.7,Light rain
NHB250808150009.RAWGSND,2025-08-08 15:00:09,Long Range,4,34.85,Light rain
NHB250808150304.RAWGSNH,2025-08-08 15:03:04,Short Range,8,34.42,Light rain
NHB250808151008.RAWGSNL,2025-08-08 15:10:08,Long Range,4,30.86,Light rain
NHB250808151303.RAWGSNR,2025-08-08 15:13:03,Short Range,8,33.77,Light rain
NHB250808152007.RAWGSNU,2025-08-08 15:20:07,Long Range,4,30.67,Light rain
NHB250808152304.RAWGSNY,2025-08-08 15:23:04,Short Range,8,35.16,Light rain
NHB250808153008.RAWGSP1,2025-08-08 15:30:08,Long Range,4,31.6,Light rain
NHB250808153304.RAWGSP5,2025-08-08 15:33:04,Short Range,8,35.53,Light rain
NHB250808154007.RAWGSP8,2025-08-08 15:40:07,Long Range,4,32.73,Light rain
NHB250808154303.RAWGSPC,2025-08-08 15:43:03,Short Range,8,35.37,Light rain
NHB250808155008.RAWGSPF,2025-08-08 15:50:08,Long Range,4,32.22,Light rain
NHB250808155304.RAWGSPK,2025-08-08 15:53:04,Short Range,8,35.18,Light rain
NHB250808160008.RAWGSPN,2025-08-08 16:00:08,Long Range,4,32.72,Light rain
NHB250808160303.RAWGSPT,2025-08-08 16:03:03,Short Range,8,35.17,Light rain
NHB250808161008.RAWGSPW,2025-08-08 16:10:08,Long Range,4,34.35,Light rain
NHB250808161304.RAWGSR0,2025-08-08 16:13:04,Short Range,8,35.15,Light rain
NHB250808162008.RAWGSR3,2025-08-08 16:20:08,Long Range,4,33.6,Light rain
NHB250808162304.RAWGSR7,2025-08-08 16:23:04,Short Range,8,34.69,Light rain
NHB250808163008.RAWGSRA,2025-08-08 16:30:08,Long Range,4,33.37,Light rain
NHB250808163303.RAWGSRE,2025-08-08 16:33:03,Short Range,8,34.27,Light rain
NHB250808164008.RAWGSRH,2025-08-08 16:40:08,Long Range,4,32.61,Light rain
NHB250808164303.RAWGSRM,2025-08-08 16:43:03,Short Range,8,34.31,Light rain
NHB250808165008.RAWGSRR,2025-08-08 16:50:08,Long Range,4,33.82,Light rain
NHB250808165303.RAWGSRV,2025-08-08 16:53:03,Short Range,8,34.2,Light rain
NHB250808170008.RAWGSRY,2025-08-08 17:00:08,Long Range,4,32.66,Light rain
NHB250808170303.RAWGSS2,2025-08-08 17:03:03,Short Range,8,34.33,Light rain
NHB250808171008.RAWGSS5,2025-08-08 17:10:08,Long Range,4,31.55,Light rain
NHB250808171304.RAWGSS9,2025-08-08 17:13:04,Short Range,8,33.49,Light rain
NHB250808172008.RAWGSSC,2025-08-08 17:20:08,Long Range,4,30.97,Light rain
NHB250808172304.RAWGSSG,2025-08-08 17:23:04,Short Range,8,33.32,Light rain
NHB250808173007.RAWGSSK,2025-08-08 17:30:07,Long Range,4,31.57,Light rain
NHB250808173303.RAWGSSP,2025-08-08 17:33:03,Short Range,8,33.03,Light rain
NHB250808174007.RAWGSST,2025-08-08 17:40:07,Long Range,4,32.57,Light rain
NHB250808174303.RAWGSSX,2025-08-08 17:43:03,Short Range,8,32.68,Light rain
NHB250808175008.RAWGST0,2025-08-08 17:50:08,Long Range,4,33.5,Light rain
NHB250808175303.RAWGST4,2025-08-08 17:53:03,Short Range,8,32.79,Light rain
NHB250808180007.RAWGST7,2025-08-08 18:00:07,Long Range,4,34.24,Light rain
NHB250808180303.RAWGSTB,2025-08-08 18:03:03,Short Range,8,32.67,Light rain
NHB250808181007.RAWGSTE,2025-08-08 18:10:07,Long Range,4,33.96,Light rain
NHB250808181304.RAWGSTJ,2025-08-08 18:13:04,Short Range,8,31.54,Light rain
NHB250808182007.RAWGSTM,2025-08-08 18:20:07,Long Range,4,32.68,Light rain
NHB250808182303.RAWGSTS,2025-08-08 18:23:03,Short Range,8,30.05,Light rain
NHB250808183008.RAWGSTV,2025-08-08 18:30:08,Long Range,4,33.27,Light rain
NHB250808183304.RAWGSTZ,2025-08-08 18:33:04,Short Range,8,28.95,Clear
NHB250808184008.RAWGSU2,2025-08-08 18:40:08,Long Range,4,32.43,Light rain
NHB250808184303.RAWGSU6,2025-08-08 18:43:03,Short Range,8,29.15,Clear
NHB250808185008.RAWGSU9,2025-08-08 18:50:08,Long Range,4,32.25,Light rain
NHB250808185304.RAWGSUD,2025-08-08 18:53:04,Short Range,8,29.15,Clear
NHB250808190009.RAWGSUG,2025-08-08 19:00:09,Long Range,4,30.98,Light rain
NHB250808190304.RAWGSUL,2025-08-08 19:03:04,Short Range,8,29.11,Clear
NHB250808191008.RAWGSUP,2025-08-08 19:10:08,Long Range,4,30.34,Light rain
NHB250808191303.RAWGSUU,2025-08-08 19:13:03,Short Range,8,28.77,Clear
NHB250808192008.RAWGSUX,2025-08-08 19:20:08,Long Range,4,30.16,Light rain
NHB250808192304.RAWGSV1,2025-08-08 19:23:04,Short Range,8,28.9,Clear
NHB250808193008.RAWGSV4,2025-08-08 19:30:08,Long Range,4,29.86,Clear
NHB250808193303.RAWGSV8,2025-08-08 19:33:03,Short Range,8,29.17,Clear
NHB250808194008.RAWGSVB,2025-08-08 19:40:08,Long Range,4,29.74,Clear
NHB250808194304.RAWGSVF,2025-08-08 19:43:04,Short Range,8,28.43,Clear
NHB250808195008.RAWGSVJ,2025-08-08 19:50:08,Long Range,4,30.65,Light rain
NHB250808195303.RAWGSVN,2025-08-08 19:53:03,Short Range,8,28.11,Clear
NHB250808200007.RAWGSVS,2025-08-08 20:00:07,Long Range,4,30.59,Light rain
NHB250808200303.RAWGSVW,2025-08-08 20:03:03,Short Range,8,28.14,Clear
NHB250808201008.RAWGSVZ,2025-08-08 20:10:08,Long Range,4,31.19,Light rain
NHB250808201303.RAWGSW3,2025-08-08 20:13:03,Short Range,8,26.91,Clear
NHB250808202008.RAWGSW6,2025-08-08 20:20:08,Long Range,4,30.61,Light rain
NHB250808202304.RAWGSWA,2025-08-08 20:23:04,Short Range,8,25.58,Clear
NHB250808203007.RAWGSWD,2025-08-08 20:30:07,Long Range,4,29.98,Clear
NHB250808203303.RAWGSWH,2025-08-08 20:33:03,Short Range,8,25.5,Clear
NHB250808204008.RAWGSWL,2025-08-08 20:40:08,Long Range,4,30.04,Light rain
NHB250808204304.RAWGSWR,2025-08-08 20:43:04,Short Range,8,24.79,Clear
NHB250808205008.RAWGSWU,2025-08-08 20:50:08,Long Range,4,30.12,Light rain
NHB250808205303.RAWGSWY,2025-08-08 20:53:03,Short Range,8,24.9,Clear
NHB250808210007.RAWGSX1,2025-08-08 21:00:07,Long Range,4,30.35,Light rain
NHB250808210304.RAWGSX5,2025-08-08 21:03:04,Short Range,8,25.23,Clear
NHB250808211007.RAWGSX8,2025-08-08 21:10:07,Long Range,4,29.76,Clear
NHB250808211303.RAWGSXC,2025-08-08 21:13:03,Short Range,8,25.94,Clear
NHB250808212007.RAWGSXF,2025-08-08 21:20:07,Long Range,4,28.87,Clear
NHB250808212304.RAWGSXK,2025-08-08 21:23:04,Short Range,8,26.28,Clear
NHB250808213008.RAWGSXN,2025-08-08 21:30:08,Long Range,4,28.9,Clear
NHB250808213305.RAWGSXT,2025-08-08 21:33:05,Short Range,8,26.27,Clear
NHB250808214008.RAWGSXW,2025-08-08 21:40:08,Long Range,4,29.47,Clear
NHB250808214303.RAWGSY0,2025-08-08 21:43:03,Short Range,8,25.5,Clear
NHB250808215007.RAWGSY3,2025-08-08 21:50:07,Long Range,4,29.3,Clear
NHB250808215303.RAWGSY7,2025-08-08 21:53:03,Short Range,8,25.55,Clear
NHB250808220007.RAWGSYA,2025-08-08 22:00:07,Long Range,4,29.68,Clear
NHB250808220303.RAWGSYE,2025-08-08 22:03:03,Short Range,8,25.81,Clear
NHB250808221007.RAWGSYH,2025-08-08 22:10:07,Long Range,4,30.32,Light rain
NHB250808221303.RAWGSYM,2025-08-08 22:13:03,Short Range,8,25.6,Clear
NHB250808222008.RAWGSYR,2025-08-08 22:20:08,Long Range,4,28.87,Clear
NHB250808222303.RAWGSYV,2025-08-08 22:23:03,Short Range,8,26.44,Clear
NHB250808223008.RAWGSYY,2025-08-08 22:30:08,Long Range,4,30.59,Light rain
NHB250808223303.RAWGSZ2,2025-08-08 22:33:03,Short Range,8,25.63,Clear
NHB250808224008.RAWGSZ5,2025-08-08 22:40:08,Long Range,4,30.08,Light rain
NHB250808224304.RAWGSZ9,2025-08-08 22:43:04,Short Range,8,27.84,Clear
NHB250808225008.RAWGSZC,2025-08-08 22:50:08,Long Range,4,30.9,Light rain
NHB250808225304.RAWGSZG,2025-08-08 22:53:04,Short Range,8,27.72,Clear
NHB250808230008.RAWGSZK,2025-08-08 23:00:08,Long Range,4,31.4,Light rain
NHB250808230303.RAWGSZP,2025-08-08 23:03:03,Short Range,8,26.72,Clear
NHB250808231007.RAWGSZT,2025-08-08 23:10:07,Long Range,4,31.19,Light rain
NHB250808231304.RAWGSZX,2025-08-08 23:13:04,Short Range,8,27.2,Clear
NHB250808232008.RAWGT00,2025-08-08 23:20:08,Long Range,4,31.79,Light rain
NHB250808232303.RAWGT04,2025-08-08 23:23:03,Short Range,8,27.87,Clear
NHB250808233007.RAWGT07,2025-08-08 23:30:07,Long Range,4,31.9,Light rain
NHB250808233303.RAWGT0B,2025-08-08 23:33:03,Short Range,8,27.53,Clear
NHB250808234008.RAWGT0E,2025-08-08 23:40:08,Long Range,4,31.48,Light rain
NHB250808234303.RAWGT0J,2025-08-08 23:43:03,Short Range,8,28.44,Clear
NHB250808235007.RAWGT0M,2025-08-08 23:50:07,Long Range,4,31.88,Light rain
NHB250808235304.RAWGT0S,2025-08-08 23:53:04,Short Range,8,28.0,Clear
NHB250809000008.RAWGT0V,2025-08-09 00:00:08,Long Range,4,31.64,Light rain
NHB250809000303.RAWGT0Z,2025-08-09 00:03:03,Short Range,8,28.07,Clear
NHB250809001008.RAWGT12,2025-08-09 00:10:08,Long Range,4,32.43,Light rain
NHB250809001303.RAWGT16,2025-08-09 00:13:03,Short Range,8,29.04,Clear
NHB250809002008.RAWGT19,2025-08-09 00:20:08,Long Range,4,32.14,Light rain
NHB250809002303.RAWGT1D,2025-08-09 00:23:03,Short Range,8,29.34,Clear
NHB250809003007.RAWGT1G,2025-08-09 00:30:07,Long Range,4,32.41,Light rain
NHB250809003303.RAWGT1L,2025-08-09 00:33:03,Short Range,8,29.24,Clear
NHB250809004008.RAWGT1P,2025-08-09 00:40:08,Long Range,4,32.08,Light rain
NHB250809004303.RAWGT1U,2025-08-09 00:43:03,Short Range,8,29.48,Clear
NHB250809005008.RAWGT1X,2025-08-09 00:50:08,Long Range,4,31.82,Light rain
NHB250809005304.RAWGT21,2025-08-09 00:53:04,Short Range,8,27.65,Clear
NHB250809010008.RAWGT24,2025-08-09 01:00:08,Long Range,4,31.65,Light rain
NHB250809010304.RAWGT28,2025-08-09 01:03:04,Short Range,8,27.99,Clear
NHB250809011008.RAWGT2B,2025-08-09 01:10:08,Long Range,4,31.2,Light rain
NHB250809011303.RAWGT2F,2025-08-09 01:13:03,Short Range,8,27.02,Clear
NHB250809012008.RAWGT2J,2025-08-09 01:20:08,Long Range,4,31.84,Light rain
NHB250809012304.RAWGT2N,2025-08-09 01:23:04,Short Range,8,27.44,Clear
NHB250809013007.RAWGT2S,2025-08-09 01:30:07,Long Range,4,31.62,Light rain
NHB250809013303.RAWGT2W,2025-08-09 01:33:03,Short Range,8,26.83,Clear
NHB250809014008.RAWGT2Z,2025-08-09 01:40:08,Long Range,4,33.04,Light rain
NHB250809014304.RAWGT33,2025-08-09 01:43:04,Short Range,8,26.3,Clear
NHB250809015007.RAWGT36,2025-08-09 01:50:07,Long Range,4,30.66,Light rain
NHB250809015304.RAWGT3A,2025-08-09 01:53:04,Short Range,8,26.46,Clear
NHB250809020008.RAWGT3D,2025-08-09 02:00:08,Long Range,4,28.93,Clear
NHB250809020303.RAWGT3H,2025-08-09 02:03:03,Short Range,8,26.0,Clear
NHB250809021009.RAWGT3L,2025-08-09 02:10:09,Long Range,4,27.57,Clear
NHB250809021303.RAWGT3R,2025-08-09 02:13:03,Short Range,8,26.03,Clear
NHB250809022008.RAWGT3U,2025-08-09 02:20:08,Long Range,4,28.2,Clear
NHB250809022303.RAWGT3Y,2025-08-09 02:23:03,Short Range,8,26.56,Clear
NHB250809023007.RAWGT41,2025-08-09 02:30:07,Long Range,4,27.4,Clear
NHB250809023303.RAWGT45,2025-08-09 02:33:03,Short Range,8,25.69,Clear
NHB250809024008.RAWGT48,2025-08-09 02:40:08,Long Range,4,26.51,Clear
NHB250809024303.RAWGT4C,2025-08-09 02:43:03,Short Range,8,25.67,Clear
NHB250809025008.RAWGT4F,2025-08-09 02:50:08,Long Range,4,27.15,Clear
NHB250809025303.RAWGT4K,2025-08-09 02:53:03,Short Range,8,25.95,Clear
NHB250809030008.RAWGT4N,2025-08-09 03:00:08,Long Range,4,26.72,Clear
NHB250809030304.RAWGT4T,2025-08-09 03:03:04,Short Range,8,26.14,Clear
NHB250809031008.RAWGT4W,2025-08-09 03:10:08,Long Range,4,27.48,Clear
NHB250809031304.RAWGT50,2025-08-09 03:13:04,Short Range,8,26.54,Clear
NHB250809032007.RAWGT53,2025-08-09 03:20:07,Long Range,4,27.27,Clear
NHB250809032303.RAWGT57,2025-08-09 03:23:03,Short Range,8,26.4,Clear
NHB250809033007.RAWGT5A,2025-08-09 03:30:07,Long Range,4,28.34,Clear
NHB250809033303.RAWGT5E,2025-08-09 03:33:03,Short Range,8,27.55,Clear
NHB250809034007.RAWGT5H,2025-08-09 03:40:07,Long Range,4,30.07,Light rain
NHB250809034303.RAWGT5M,2025-08-09 03:43:03,Short Range,8,28.08,Clear
NHB250809035009.RAWGT5R,2025-08-09 03:50:09,Long Range,4,31.11,Light rain
NHB250809035303.RAWGT5V,2025-08-09 03:53:03,Short Range,8,32.2,Light rain
NHB250809040008.RAWGT5Y,2025-08-09 04:00:08,Long Range,4,33.97,Light rain
NHB250809040304.RAWGT62,2025-08-09 04:03:04,Short Range,8,36.28,Light rain
NHB250809041008.RAWGT65,2025-08-09 04:10:08,Long Range,4,36.79,Light rain
NHB250809041303.RAWGT69,2025-08-09 04:13:03,Short Range,8,38.13,Light rain
NHB250809042008.RAWGT6C,2025-08-09 04:20:08,Long Range,4,37.07,Light rain
NHB250809042304.RAWGT6G,2025-08-09 04:23:04,Short Range,8,39.09,Light rain
NHB250809043008.RAWGT6K,2025-08-09 04:30:08,Long Range,4,39.67,Light rain
NHB250809043304.RAWGT6P,2025-08-09 04:33:04,Short Range,8,40.54,Moderate rain
NHB250809044008.RAWGT6T,2025-08-09 04:40:08,Long Range,4,40.42,Moderate rain
NHB250809044304.RAWGT6X,2025-08-09 04:43:04,Short Range,8,42.43,Moderate rain
NHB250809045007.RAWGT70,2025-08-09 04:50:07,Long Range,4,42.77,Moderate rain
NHB250809045303.RAWGT74,2025-08-09 04:53:03,Short Range,8,44.89,Moderate rain
NHB250809050007.RAWGT77,2025-08-09 05:00:07,Long Range,4,44.47,Moderate rain
NHB250809050304.RAWGT7B,2025-08-09 05:03:04,Short Range,8,46.57,Moderate rain
NHB250809051008.RAWGT7E,2025-08-09 05:10:08,Long Range,4,46.2,Moderate rain
NHB250809051304.RAWGT7J,2025-08-09 05:13:04,Short Range,8,48.14,Heavy rain
NHB250809052007.RAWGT7M,2025-08-09 05:20:07,Long Range,4,48.02,Heavy rain
NHB250809052304.RAWGT7S,2025-08-09 05:23:04,Short Range,8,50.3,Heavy rain
NHB250809053008.RAWGT7V,2025-08-09 05:30:08,Long Range,4,48.57,Heavy rain
NHB250809053303.RAWGT7Z,2025-08-09 05:33:03,Short Range,8,50.81,Heavy rain
NHB250809054008.RAWGT82,2025-08-09 05:40:08,Long Range,4,49.48,Heavy rain
NHB250809054304.RAWGT86,2025-08-09 05:43:04,Short Range,8,53.8,Heavy rain
NHB250809055009.RAWGT89,2025-08-09 05:50:09,Long Range,4,51.73,Heavy rain
NHB250809055304.RAWGT8D,2025-08-09 05:53:04,Short Range,8,55.25,Very heavy rain
NHB250809060008.RAWGT8G,2025-08-09 06:00:08,Long Range,4,52.14,Heavy rain
NHB250809060303.RAWGT8L,2025-08-09 06:03:03,Short Range,8,55.34,Very heavy rain
NHB250809061007.RAWGT8P,2025-08-09 06:10:07,Long Range,4,52.2,Heavy rain
NHB250809061304.RAWGT8U,2025-08-09 06:13:04,Short Range,8,55.94,Very heavy rain
NHB250809062008.RAWGT8X,2025-08-09 06:20:08,Long Range,4,53.12,Heavy rain
NHB250809062304.RAWGT91,2025-08-09 06:23:04,Short Range,8,57.25,Very heavy rain
NHB250809063008.RAWGT94,2025-08-09 06:30:08,Long Range,4,54.74,Heavy rain
NHB250809063303.RAWGT98,2025-08-09 06:33:03,Short Range,8,57.9,Very heavy rain
NHB250809064007.RAWGT9B,2025-08-09 06:40:07,Long Range,4,55.17,Very heavy rain
NHB250809064304.RAWGT9F,2025-08-09 06:43:04,Short Range,8,57.05,Very heavy rain
NHB250809065007.RAWGT9J,2025-08-09 06:50:07,Long Range,4,54.78,Heavy rain
NHB250809065305.RAWGT9N,2025-08-09 06:53:05,Short Range,8,57.61,Very heavy rain
NHB250809070008.RAWGT9S,2025-08-09 07:00:08,Long Range,4,55.23,Very heavy rain
NHB250809070304.RAWGT9W,2025-08-09 07:03:04,Short Range,8,58.09,Very heavy rain
NHB250809071007.RAWGT9Z,2025-08-09 07:10:07,Long Range,4,55.71,Very heavy rain
NHB250809071303.RAWGTA3,2025-08-09 07:13:03,Short Range,8,57.43,Very heavy rain
NHB250809072008.RAWGTA6,2025-08-09 07:20:08,Long Range,4,55.01,Very heavy rain
NHB250809072303.RAWGTAA,2025-08-09 07:23:03,Short Range,8,57.28,Very heavy rain
NHB250809073008.RAWGTAD,2025-08-09 07:30:08,Long Range,4,55.37,Very heavy rain
NHB250809073304.RAWGTAH,2025-08-09 07:33:04,Short Range,8,57.57,Very heavy rain
NHB250809074008.RAWGTAL,2025-08-09 07:40:08,Long Range,4,55.09,Very heavy rain
NHB250809074304.RAWGTAR,2025-08-09 07:43:04,Short Range,8,57.22,Very heavy rain
NHB250809075008.RAWGTAU,2025-08-09 07:50:08,Long Range,4,54.84,Heavy rain
NHB250809075303.RAWGTAY,2025-08-09 07:53:03,Short Range,8,55.77,Very heavy rain
NHB250809080007.RAWGTB1,2025-08-09 08:00:07,Long Range,4,52.87,Heavy rain
NHB250809080303.RAWGTB5,2025-08-09 08:03:03,Short Range,8,54.93,Heavy rain
NHB250809081008.RAWGTB8,2025-08-09 08:10:08,Long Range,4,53.49,Heavy rain
NHB250809081303.RAWGTBC,2025-08-09 08:13:03,Short Range,8,53.62,Heavy rain
NHB250809082007.RAWGTBF,2025-08-09 08:20:07,Long Range,4,52.2,Heavy rain
NHB250809082303.RAWGTBK,2025-08-09 08:23:03,Short Range,8,52.03,Heavy rain
NHB250809083007.RAWGTBN,2025-08-09 08:30:07,Long Range,4,51.06,Heavy rain
NHB250809083304.RAWGTBT,2025-08-09 08:33:04,Short Range,8,50.61,Heavy rain
NHB250809084007.RAWGTBW,2025-08-09 08:40:07,Long Range,4,50.16,Heavy rain
NHB250809084304.RAWGTC0,2025-08-09 08:43:04,Short Range,8,50.73,Heavy rain
NHB250809085008.RAWGTC3,2025-08-09 08:50:08,Long Range,4,49.9,Heavy rain
NHB250809085304.RAWGTC7,2025-08-09 08:53:04,Short Range,8,49.08,Heavy rain
NHB250809090007.RAWGTCA,2025-08-09 09:00:07,Long Range,4,49.34,Heavy rain
NHB250809090303.RAWGTCE,2025-08-09 09:03:03,Short Range,8,49.21,Heavy rain
NHB250809091008.RAWGTCH,2025-08-09 09:10:08,Long Range,4,49.28,Heavy rain
NHB250809091304.RAWGTCM,2025-08-09 09:13:04,Short Range,8,49.23,Heavy rain
NHB250809092007.RAWGTCR,2025-08-09 09:20:07,Long Range,4,48.71,Heavy rain
NHB250809092303.RAWGTCV,2025-08-09 09:23:03,Short Range,8,48.53,Heavy rain
NHB250809093007.RAWGTCY,2025-08-09 09:30:07,Long Range,4,49.25,Heavy rain
NHB250809093303.RAWGTD2,2025-08-09 09:33:03,Short Range,8,48.97,Heavy rain
NHB250809094008.RAWGTD5,2025-08-09 09:40:08,Long Range,4,49.25,Heavy rain
NHB250809094304.RAWGTD9,2025-08-09 09:43:04,Short Range,8,49.11,Heavy rain
NHB250809095008.RAWGTDC,2025-08-09 09:50:08,Long Range,4,49.54,Heavy rain
NHB250809095304.RAWGTDG,2025-08-09 09:53:04,Short Range,8,49.26,Heavy rain
NHB250809100008.RAWGTDK,2025-08-09 10:00:08,Long Range,4,48.92,Heavy rain
NHB250809100303.RAWGTDP,2025-08-09 10:03:03,Short Range,8,48.48,Heavy rain
NHB250809101007.RAWGTDT,2025-08-09 10:10:07,Long Range,4,48.46,Heavy rain
NHB250809101303.RAWGTDX,2025-08-09 10:13:03,Short Range,8,48.31,Heavy rain
NHB250809102007.RAWGTE0,2025-08-09 10:20:07,Long Range,4,47.84,Heavy rain
NHB250809102305.RAWGTE4,2025-08-09 10:23:05,Short Range,8,47.64,Heavy rain
NHB250809103008.RAWGTE7,2025-08-09 10:30:08,Long Range,4,46.99,Moderate rain
NHB250809103303.RAWGTEB,2025-08-09 10:33:03,Short Range,8,45.53,Moderate rain
NHB250809104008.RAWGTEE,2025-08-09 10:40:08,Long Range,4,45.94,Moderate rain
NHB250809104304.RAWGTEJ,2025-08-09 10:43:04,Short Range,8,43.5,Moderate rain
NHB250809105007.RAWGTEM,2025-08-09 10:50:07,Long Range,4,45.91,Moderate rain
NHB250809105303.RAWGTES,2025-08-09 10:53:03,Short Range,8,43.81,Moderate rain
NHB250809110008.RAWGTEV,2025-08-09 11:00:08,Long Range,4,45.81,Moderate rain
NHB250809110303.RAWGTEZ,2025-08-09 11:03:03,Short Range,8,43.4,Moderate rain
NHB250809111007.RAWGTF2,2025-08-09 11:10:07,Long Range,4,44.65,Moderate rain
NHB250809111304.RAWGTF6,2025-08-09 11:13:04,Short Range,8,43.31,Moderate rain
NHB250809112007.RAWGTF9,2025-08-09 11:20:07,Long Range,4,45.55,Moderate rain
NHB250809112303.RAWGTFD,2025-08-09 11:23:03,Short Range,8,42.48,Moderate rain
NHB250809113007.RAWGTFG,2025-08-09 11:30:07,Long Range,4,44.88,Moderate rain
NHB250809113304.RAWGTFL,2025-08-09 11:33:04,Short Range,8,41.87,Moderate rain
NHB250809114008.RAWGTFP,2025-08-09 11:40:08,Long Range,4,44.89,Moderate rain
NHB250809114303.RAWGTFU,2025-08-09 11:43:03,Short Range,8,41.28,Moderate rain
NHB250809115007.RAWGTFX,2025-08-09 11:50:07,Long Range,4,45.56,Moderate rain
NHB250809115304.RAWGTG1,2025-08-09 11:53:04,Short Range,8,42.36,Moderate rain
NHB250809120008.RAWGTG4,2025-08-09 12:00:08,Long Range,4,45.19,Moderate rain
NHB250809120303.RAWGTG8,2025-08-09 12:03:03,Short Range,8,43.6,Moderate rain
NHB250809121008.RAWGTGB,2025-08-09 12:10:08,Long Range,4,45.61,Moderate rain
NHB250809121303.RAWGTGF,2025-08-09 12:13:03,Short Range,8,44.7,Moderate rain
NHB250809122007.RAWGTGJ,2025-08-09 12:20:07,Long Range,4,45.33,Moderate rain
NHB250809122304.RAWGTGN,2025-08-09 12:23:04,Short Range,8,44.12,Moderate rain
NHB250809123008.RAWGTGS,2025-08-09 12:30:08,Long Range,4,44.89,Moderate rain
NHB250809123303.RAWGTGW,2025-08-09 12:33:03,Short Range,8,42.55,Moderate rain
NHB250809124007.RAWGTGZ,2025-08-09 12:40:07,Long Range,4,43.8,Moderate rain
NHB250809124303.RAWGTH3,2025-08-09 12:43:03,Short Range,8,41.46,Moderate rain
NHB250809125009.RAWGTH6,2025-08-09 12:50:09,Long Range,4,44.6,Moderate rain
NHB250809125304.RAWGTHA,2025-08-09 12:53:04,Short Range,8,40.3,Moderate rain
NHB250809130008.RAWGTHD,2025-08-09 13:00:08,Long Range,4,43.87,Moderate rain
NHB250809130303.RAWGTHH,2025-08-09 13:03:03,Short Range,8,39.42,Light rain
NHB250809131007.RAWGTHL,2025-08-09 13:10:07,Long Range,4,43.84,Moderate rain
NHB250809131303.RAWGTHR,2025-08-09 13:13:03,Short Range,8,39.15,Light rain
NHB250809132008.RAWGTHU,2025-08-09 13:20:08,Long Range,4,44.06,Moderate rain
NHB250809132304.RAWGTHY,2025-08-09 13:23:04,Short Range,8,39.17,Light rain
NHB250809133008.RAWGTJ1,2025-08-09 13:30:08,Long Range,4,44.4,Moderate rain
NHB250809133303.RAWGTJ5,2025-08-09 13:33:03,Short Range,8,37.8,Light rain
NHB250809134008.RAWGTJ8,2025-08-09 13:40:08,Long Range,4,44.02,Moderate rain
NHB250809134303.RAWGTJC,2025-08-09 13:43:03,Short Range,8,35.77,Light rain
NHB250809135007.RAWGTJF,2025-08-09 13:50:07,Long Range,4,43.33,Moderate rain
NHB250809135303.RAWGTJK,2025-08-09 13:53:03,Short Range,8,33.96,Light rain
NHB250809140008.RAWGTJN,2025-08-09 14:00:08,Long Range,4,43.01,Moderate rain
NHB250809140304.RAWGTJT,2025-08-09 14:03:04,Short Range,8,33.37,Light rain
NHB250809141008.RAWGTJW,2025-08-09 14:10:08,Long Range,4,42.42,Moderate rain
NHB250809141305.RAWGTK0,2025-08-09 14:13:05,Short Range,8,33.79,Light rain
NHB250809142008.RAWGTK3,2025-08-09 14:20:08,Long Range,4,42.68,Moderate rain
NHB250809142303.RAWGTK7,2025-08-09 14:23:03,Short Range,8,34.3,Light rain
NHB250809143007.RAWGTKA,2025-08-09 14:30:07,Long Range,4,42.44,Moderate rain
NHB250809143303.RAWGTKE,2025-08-09 14:33:03,Short Range,8,35.31,Light rain
NHB250809144008.RAWGTKH,2025-08-09 14:40:08,Long Range,4,42.32,Moderate rain
NHB250809144303.RAWGTKM,2025-08-09 14:43:03,Short Range,8,34.9,Light rain
NHB250809145007.RAWGTKR,2025-08-09 14:50:07,Long Range,4,41.88,Moderate rain
NHB250809145304.RAWGTKV,2025-08-09 14:53:04,Short Range,8,35.32,Light rain
NHB250809150008.RAWGTKY,2025-08-09 15:00:08,Long Range,4,42.35,Moderate rain
NHB250809150303.RAWGTL2,2025-08-09 15:03:03,Short Range,8,35.28,Light rain
NHB250809151008.RAWGTL5,2025-08-09 15:10:08,Long Range,4,41.83,Moderate rain
NHB250809151303.RAWGTL9,2025-08-09 15:13:03,Short Range,8,34.51,Light rain
NHB250809152007.RAWGTLC,2025-08-09 15:20:07,Long Range,4,42.04,Moderate rain
NHB250809152303.RAWGTLG,2025-08-09 15:23:03,Short Range,8,34.09,Light rain
NHB250809153008.RAWGTLK,2025-08-09 15:30:08,Long Range,4,42.43,Moderate rain
NHB250809153304.RAWGTLP,2025-08-09 15:33:04,Short Range,8,34.07,Light rain
NHB250809154008.RAWGTLT,2025-08-09 15:40:08,Long Range,4,42.22,Moderate rain
NHB250809154304.RAWGTLX,2025-08-09 15:43:04,Short Range,8,32.59,Light rain
NHB250809155008.RAWGTM0,2025-08-09 15:50:08,Long Range,4,41.19,Moderate rain
NHB250809155303.RAWGTM4,2025-08-09 15:53:03,Short Range,8,31.47,Light rain
NHB250809160007.RAWGTM7,2025-08-09 16:00:07,Long Range,4,40.27,Moderate rain
NHB250809160303.RAWGTMB,2025-08-09 16:03:03,Short Range,8,30.32,Light rain
NHB250809161008.RAWGTME,2025-08-09 16:10:08,Long Range,4,39.26,Light rain
NHB250809161304.RAWGTMJ,2025-08-09 16:13:04,Short Range,8,29.64,Clear
NHB250809162009.RAWGTMM,2025-08-09 16:20:09,Long Range,4,38.85,Light rain
NHB250809162303.RAWGTMS,2025-08-09 16:23:03,Short Range,8,28.96,Clear
NHB250809163007.RAWGTMV,2025-08-09 16:30:07,Long Range,4,37.56,Light rain
NHB250809163304.RAWGTMZ,2025-08-09 16:33:04,Short Range,8,28.38,Clear
NHB250809164008.RAWGTN2,2025-08-09 16:40:08,Long Range,4,36.36,Light rain
NHB250809164304.RAWGTN6,2025-08-09 16:43:04,Short Range,8,27.95,Clear
NHB250809165008.RAWGTN9,2025-08-09 16:50:08,Long Range,4,35.56,Light rain
NHB250809165303.RAWGTND,2025-08-09 16:53:03,Short Range,8,27.61,Clear
NHB250809170007.RAWGTNG,2025-08-09 17:00:07,Long Range,4,35.92,Light rain
NHB250809170303.RAWGTNL,2025-08-09 17:03:03,Short Range,8,28.42,Clear
NHB250809171008.RAWGTNP,2025-08-09 17:10:08,Long Range,4,35.74,Light rain
NHB250809171304.RAWGTNU,2025-08-09 17:13:04,Short Range,8,28.47,Clear
NHB250809172008.RAWGTNX,2025-08-09 17:20:08,Long Range,4,35.82,Light rain
NHB250809172304.RAWGTP1,2025-08-09 17:23:04,Short Range,8,28.32,Clear
NHB250809173008.RAWGTP4,2025-08-09 17:30:08,Long Range,4,35.76,Light rain
NHB250809173304.RAWGTP8,2025-08-09 17:33:04,Short Range,8,28.08,Clear
NHB250809174008.RAWGTPB,2025-08-09 17:40:08,Long Range,4,35.78,Light rain
NHB250809174304.RAWGTPF,2025-08-09 17:43:04,Short Range,8,27.44,Clear
NHB250809175008.RAWGTPJ,2025-08-09 17:50:08,Long Range,4,36.51,Light rain
NHB250809175303.RAWGTPN,2025-08-09 17:53:03,Short Range,8,26.6,Clear
NHB250809180007.RAWGTPS,2025-08-09 18:00:07,Long Range,4,35.93,Light rain
NHB250809180303.RAWGTPW,2025-08-09 18:03:03,Short Range,8,26.34,Clear
NHB250809181008.RAWGTPZ,2025-08-09 18:10:08,Long Range,4,35.47,Light rain
NHB250809181304.RAWGTR3,2025-08-09 18:13:04,Short Range,8,25.18,Clear
NHB250809182009.RAWGTR6,2025-08-09 18:20:09,Long Range,4,35.25,Light rain
NHB250809182303.RAWGTRA,2025-08-09 18:23:03,Short Range,8,25.18,Clear
NHB250809183008.RAWGTRD,2025-08-09 18:30:08,Long Range,4,36.03,Light rain
NHB250809183304.RAWGTRH,2025-08-09 18:33:04,Short Range,8,25.09,Clear
NHB250809184008.RAWGTRL,2025-08-09 18:40:08,Long Range,4,35.65,Light rain
NHB250809184303.RAWGTRR,2025-08-09 18:43:03,Short Range,8,24.29,Clear
NHB250809185007.RAWGTRU,2025-08-09 18:50:07,Long Range,4,33.62,Light rain
NHB250809185303.RAWGTRY,2025-08-09 18:53:03,Short Range,8,24.25,Clear
NHB250809190007.RAWGTS1,2025-08-09 19:00:07,Long Range,4,32.98,Light rain
NHB250809190304.RAWGTS5,2025-08-09 19:03:04,Short Range,8,23.47,Clear
NHB250809191007.RAWGTS8,2025-08-09 19:10:07,Long Range,4,31.95,Light rain
NHB250809191303.RAWGTSC,2025-08-09 19:13:03,Short Range,8,23.99,Clear
NHB250809192008.RAWGTSF,2025-08-09 19:20:08,Long Range,4,30.87,Light rain
NHB250809192303.RAWGTSK,2025-08-09 19:23:03,Short Range,8,23.87,Clear
NHB250809193007.RAWGTSN,2025-08-09 19:30:07,Long Range,4,30.26,Light rain
NHB250809193303.RAWGTST,2025-08-09 19:33:03,Short Range,8,24.32,Clear
NHB250809194007.RAWGTSW,2025-08-09 19:40:07,Long Range,4,29.75,Clear
NHB250809194304.RAWGTT0,2025-08-09 19:43:04,Short Range,8,24.56,Clear
NHB250809195008.RAWGTT3,2025-08-09 19:50:08,Long Range,4,27.45,Clear
NHB250809195304.RAWGTT7,2025-08-09 19:53:04,Short Range,8,24.25,Clear
NHB250809200009.RAWGTTA,2025-08-09 20:00:09,Long Range,4,27.27,Clear
NHB250809200303.RAWGTTE,2025-08-09 20:03:03,Short Range,8,23.39,Clear
NHB250809201008.RAWGTTH,2025-08-09 20:10:08,Long Range,4,27.23,Clear
NHB250809201304.RAWGTTM,2025-08-09 20:13:04,Short Range,8,23.1,Clear
NHB250809202008.RAWGTTR,2025-08-09 20:20:08,Long Range,4,28.89,Clear
NHB250809202303.RAWGTTV,2025-08-09 20:23:03,Short Range,8,23.49,Clear
NHB250809203008.RAWGTTY,2025-08-09 20:30:08,Long Range,4,28.74,Clear
NHB250809203303.RAWGTU2,2025-08-09 20:33:03,Short Range,8,24.1,Clear
NHB250809204007.RAWGTU5,2025-08-09 20:40:07,Long Range,4,27.43,Clear
NHB250809204303.RAWGTU9,2025-08-09 20:43:03,Short Range,8,25.07,Clear
NHB250809205008.RAWGTUC,2025-08-09 20:50:08,Long Range,4,29.38,Clear
NHB250809205303.RAWGTUG,2025-08-09 20:53:03,Short Range,8,26.53,Clear
NHB250809210008.RAWGTUK,2025-08-09 21:00:08,Long Range,4,29.46,Clear
NHB250809210304.RAWGTUP,2025-08-09 21:03:04,Short Range,8,24.9,Clear
NHB250809211007.RAWGTUT,2025-08-09 21:10:07,Long Range,4,26.69,Clear
NHB250809211303.RAWGTUX,2025-08-09 21:13:03,Short Range,8,25.36,Clear
NHB250809212008.RAWGTV0,2025-08-09 21:20:08,Long Range,4,26.53,Clear
NHB250809212304.RAWGTV4,2025-08-09 21:23:04,Short Range,8,24.14,Clear
NHB250809213007.RAWGTV7,2025-08-09 21:30:07,Long Range,4,25.66,Clear
NHB250809213303.RAWGTVB,2025-08-09 21:33:03,Short Range,8,23.4,Clear
NHB250809214008.RAWGTVE,2025-08-09 21:40:08,Long Range,4,25.05,Clear
NHB250809214303.RAWGTVJ,2025-08-09 21:43:03,Short Range,8,23.41,Clear
NHB250809215007.RAWGTVM,2025-08-09 21:50:07,Long Range,4,25.49,Clear
NHB250809215304.RAWGTVS,2025-08-09 21:53:04,Short Range,8,22.98,Clear
NHB250809220008.RAWGTVV,2025-08-09 22:00:08,Long Range,4,26.73,Clear
NHB250809220304.RAWGTVZ,2025-08-09 22:03:04,Short Range,8,24.13,Clear
NHB250809221009.RAWGTW2,2025-08-09 22:10:09,Long Range,4,25.76,Clear
NHB250809221304.RAWGTW6,2025-08-09 22:13:04,Short Range,8,23.46,Clear
NHB250809222008.RAWGTW9,2025-08-09 22:20:08,Long Range,4,24.33,Clear
NHB250809222303.RAWGTWD,2025-08-09 22:23:03,Short Range,8,22.13,Clear
NHB250809223007.RAWGTWG,2025-08-09 22:30:07,Long Range,4,27.69,Clear
NHB250809223303.RAWGTWL,2025-08-09 22:33:03,Short Range,8,24.96,Clear
NHB250809224008.RAWGTWP,2025-08-09 22:40:08,Long Range,4,27.93,Clear
NHB250809224303.RAWGTWU,2025-08-09 22:43:03,Short Range,8,28.09,Clear
NHB250809225008.RAWGTWX,2025-08-09 22:50:08,Long Range,4,31.87,Light rain
NHB250809225303.RAWGTX1,2025-08-09 22:53:03,Short Range,8,30.38,Light rain
NHB250809230008.RAWGTX4,2025-08-09 23:00:08,Long Range,4,31.74,Light rain
NHB250809230303.RAWGTX8,2025-08-09 23:03:03,Short Range,8,29.15,Clear
NHB250809231008.RAWGTXB,2025-08-09 23:10:08,Long Range,4,31.18,Light rain
NHB250809231304.RAWGTXF,2025-08-09 23:13:04,Short Range,8,30.59,Light rain
NHB250809232008.RAWGTXJ,2025-08-09 23:20:08,Long Range,4,30.18,Light rain
NHB250809232303.RAWGTXN,2025-08-09 23:23:03,Short Range,8,28.08,Clear
NHB250809233007.RAWGTXS,2025-08-09 23:30:07,Long Range,4,27.99,Clear
NHB250809233304.RAWGTXW,2025-08-09 23:33:04,Short Range,8,26.37,Clear
NHB250809234008.RAWGTXZ,2025-08-09 23:40:08,Long Range,4,27.41,Clear
NHB250809234304.RAWGTY3,2025-08-09 23:43:04,Short Range,8,25.5,Clear
NHB250809235008.RAWGTY6,2025-08-09 23:50:08,Long Range,4,29.14,Clear
NHB250809235303.RAWGTYA,2025-08-09 23:53:03,Short Range,8,25.35,Clear
NHB250810000009.RAWGTYD,2025-08-10 00:00:09,Long Range,4,27.25,Clear
NHB250810000303.RAWGTYH,2025-08-10 00:03:03,Short Range,8,26.45,Clear
NHB250810001008.RAWGTYL,2025-08-10 00:10:08,Long Range,4,27.67,Clear
NHB250810001303.RAWGTYR,2025-08-10 00:13:03,Short Range,8,25.72,Clear
NHB250810002008.RAWGTYU,2025-08-10 00:20:08,Long Range,4,27.1,Clear
NHB250810002304.RAWGTYY,2025-08-10 00:23:04,Short Range,8,27.39,Clear
NHB250810003008.RAWGTZ1,2025-08-10 00:30:08,Long Range,4,26.08,Clear
NHB250810003303.RAWGTZ5,2025-08-10 00:33:03,Short Range,8,28.04,Clear
NHB250810004007.RAWGTZ8,2025-08-10 00:40:07,Long Range,4,28.43,Clear
NHB250810004303.RAWGTZC,2025-08-10 00:43:03,Short Range,8,27.43,Clear
NHB250810005008.RAWGTZF,2025-08-10 00:50:08,Long Range,4,30.24,Light rain
NHB250810005303.RAWGTZK,2025-08-10 00:53:03,Short Range,8,28.29,Clear
NHB250810010008.RAWGTZN,2025-08-10 01:00:08,Long Range,4,27.5,Clear
NHB250810010303.RAWGTZT,2025-08-10 01:03:03,Short Range,8,28.52,Clear
NHB250810011007.RAWGTZW,2025-08-10 01:10:07,Long Range,4,29.22,Clear
NHB250810011303.RAWGU00,2025-08-10 01:13:03,Short Range,8,28.52,Clear
NHB250810012008.RAWGU03,2025-08-10 01:20:08,Long Range,4,29.25,Clear
NHB250810012304.RAWGU07,2025-08-10 01:23:04,Short Range,8,28.24,Clear
NHB250810013007.RAWGU0A,2025-08-10 01:30:07,Long Range,4,28.47,Clear
NHB250810013304.RAWGU0E,2025-08-10 01:33:04,Short Range,8,27.28,Clear
NHB250810014008.RAWGU0H,2025-08-10 01:40:08,Long Range,4,29.2,Clear
NHB250810014304.RAWGU0M,2025-08-10 01:43:04,Short Range,8,26.87,Clear
NHB250810015008.RAWGU0R,2025-08-10 01:50:08,Long Range,4,26.34,Clear
NHB250810015303.RAWGU0V,2025-08-10 01:53:03,Short Range,8,27.29,Clear
NHB250810020008.RAWGU0Y,2025-08-10 02:00:08,Long Range,4,28.05,Clear
NHB250810020303.RAWGU12,2025-08-10 02:03:03,Short Range,8,26.34,Clear
NHB250810021007.RAWGU15,2025-08-10 02:10:07,Long Range,4,28.4,Clear
NHB250810021304.RAWGU19,2025-08-10 02:13:04,Short Range,8,26.69,Clear
NHB250810022008.RAWGU1C,2025-08-10 02:20:08,Long Range,4,28.15,Clear
NHB250810022304.RAWGU1G,2025-08-10 02:23:04,Short Range,8,26.99,Clear
NHB250810023007.RAWGU1K,2025-08-10 02:30:07,Long Range,4,28.35,Clear
NHB250810023304.RAWGU1P,2025-08-10 02:33:04,Short Range,8,26.77,Clear
NHB250810024008.RAWGU1T,2025-08-10 02:40:08,Long Range,4,27.55,Clear
NHB250810024304.RAWGU1X,2025-08-10 02:43:04,Short Range,8,27.52,Clear
NHB250810025007.RAWGU20,2025-08-10 02:50:07,Long Range,4,27.64,Clear
NHB250810025304.RAWGU24,2025-08-10 02:53:04,Short Range,8,26.78,Clear
NHB250810030007.RAWGU27,2025-08-10 03:00:07,Long Range,4,27.87,Clear
NHB250810030303.RAWGU2B,2025-08-10 03:03:03,Short Range,8,26.6,Clear
NHB250810031007.RAWGU2E,2025-08-10 03:10:07,Long Range,4,26.88,Clear
NHB250810031304.RAWGU2J,2025-08-10 03:13:04,Short Range,8,26.86,Clear
NHB250810032007.RAWGU2M,2025-08-10 03:20:07,Long Range,4,27.17,Clear
NHB250810032304.RAWGU2S,2025-08-10 03:23:04,Short Range,8,26.97,Clear
NHB250810033007.RAWGU2V,2025-08-10 03:30:07,Long Range,4,27.25,Clear
NHB250810033304.RAWGU2Z,2025-08-10 03:33:04,Short Range,8,26.86,Clear
NHB250810034008.RAWGU32,2025-08-10 03:40:08,Long Range,4,27.79,Clear
NHB250810034304.RAWGU36,2025-08-10 03:43:04,Short Range,8,26.59,Clear
NHB250810035008.RAWGU39,2025-08-10 03:50:08,Long Range,4,27.77,Clear
NHB250810035303.RAWGU3D,2025-08-10 03:53:03,Short Range,8,26.0,Clear
NHB250810040008.RAWGU3G,2025-08-10 04:00:08,Long Range,4,27.22,Clear
NHB250810040303.RAWGU3L,2025-08-10 04:03:03,Short Range,8,26.58,Clear
NHB250810041008.RAWGU3P,2025-08-10 04:10:08,Long Range,4,26.68,Clear
NHB250810041303.RAWGU3U,2025-08-10 04:13:03,Short Range,8,27.21,Clear
NHB250810042008.RAWGU3X,2025-08-10 04:20:08,Long Range,4,28.37,Clear
NHB250810042304.RAWGU41,2025-08-10 04:23:04,Short Range,8,26.33,Clear
NHB250810043008.RAWGU44,2025-08-10 04:30:08,Long Range,4,27.75,Clear
NHB250810043303.RAWGU48,2025-08-10 04:33:03,Short Range,8,27.11,Clear
NHB250810044008.RAWGU4B,2025-08-10 04:40:08,Long Range,4,27.06,Clear
NHB250810044304.RAWGU4F,2025-08-10 04:43:04,Short Range,8,26.18,Clear
NHB250810045008.RAWGU4J,2025-08-10 04:50:08,Long Range,4,27.54,Clear
NHB250810045303.RAWGU4N,2025-08-10 04:53:03,Short Range,8,25.6,Clear
NHB250810050007.RAWGU4S,2025-08-10 05:00:07,Long Range,4,27.79,Clear
NHB250810050303.RAWGU4W,2025-08-10 05:03:03,Short Range,8,25.85,Clear
NHB250810051008.RAWGU4Z,2025-08-10 05:10:08,Long Range,4,28.72,Clear
NHB250810051303.RAWGU53,2025-08-10 05:13:03,Short Range,8,26.64,Clear
NHB250810052008.RAWGU56,2025-08-10 05:20:08,Long Range,4,31.63,Light rain
NHB250810052303.RAWGU5A,2025-08-10 05:23:03,Short Range,8,25.88,Clear
NHB250810053008.RAWGU5D,2025-08-10 05:30:08,Long Range,4,30.99,Light rain
NHB250810053304.RAWGU5H,2025-08-10 05:33:04,Short Range,8,25.57,Clear
NHB250810054007.RAWGU5L,2025-08-10 05:40:07,Long Range,4,32.12,Light rain
NHB250810054303.RAWGU5R,2025-08-10 05:43:03,Short Range,8,25.72,Clear
NHB250810055008.RAWGU5U,2025-08-10 05:50:08,Long Range,4,32.98,Light rain
NHB250810055303.RAWGU5Y,2025-08-10 05:53:03,Short Range,8,26.02,Clear
NHB250810060008.RAWGU61,2025-08-10 06:00:08,Long Range,4,33.95,Light rain
NHB250810060303.RAWGU65,2025-08-10 06:03:03,Short Range,8,26.41,Clear
NHB250810061007.RAWGU68,2025-08-10 06:10:07,Long Range,4,34.46,Light rain
NHB250810061303.RAWGU6C,2025-08-10 06:13:03,Short Range,8,26.51,Clear
NHB250810062007.RAWGU6F,2025-08-10 06:20:07,Long Range,4,35.05,Light rain
NHB250810062304.RAWGU6K,2025-08-10 06:23:04,Short Range,8,27.69,Clear
NHB250810063008.RAWGU6N,2025-08-10 06:30:08,Long Range,4,36.22,Light rain
NHB250810063303.RAWGU6T,2025-08-10 06:33:03,Short Range,8,28.34,Clear
NHB250810064007.RAWGU6W,2025-08-10 06:40:07,Long Range,4,37.11,Light rain
NHB250810064304.RAWGU70,2025-08-10 06:43:04,Short Range,8,27.19,Clear
NHB250810065008.RAWGU73,2025-08-10 06:50:08,Long Range,4,37.67,Light rain
NHB250810065304.RAWGU77,2025-08-10 06:53:04,Short Range,8,28.11,Clear
NHB250810070007.RAWGU7A,2025-08-10 07:00:07,Long Range,4,38.7,Light rain
NHB250810070303.RAWGU7E,2025-08-10 07:03:03,Short Range,8,30.31,Light rain
NHB250810071009.RAWGU7H,2025-08-10 07:10:09,Long Range,4,39.61,Light rain
NHB250810071303.RAWGU7M,2025-08-10 07:13:03,Short Range,8,32.28,Light rain
NHB250810072008.RAWGU7R,2025-08-10 07:20:08,Long Range,4,41.52,Moderate rain
NHB250810072303.RAWGU7V,2025-08-10 07:23:03,Short Range,8,34.5,Light rain
NHB250810073007.RAWGU7Y,2025-08-10 07:30:07,Long Range,4,41.71,Moderate rain
NHB250810073304.RAWGU82,2025-08-10 07:33:04,Short Range,8,35.55,Light rain
NHB250810074007.RAWGU85,2025-08-10 07:40:07,Long Range,4,42.28,Moderate rain
NHB250810074303.RAWGU89,2025-08-10 07:43:03,Short Range,8,38.4,Light rain
NHB250810075009.RAWGU8C,2025-08-10 07:50:09,Long Range,4,42.55,Moderate rain
NHB250810075304.RAWGU8G,2025-08-10 07:53:04,Short Range,8,38.44,Light rain
NHB250810080007.RAWGU8K,2025-08-10 08:00:07,Long Range,4,42.04,Moderate rain
NHB250810080303.RAWGU8P,2025-08-10 08:03:03,Short Range,8,38.42,Light rain
NHB250810081008.RAWGU8T,2025-08-10 08:10:08,Long Range,4,41.94,Moderate rain
NHB250810081303.RAWGU8X,2025-08-10 08:13:03,Short Range,8,38.74,Light rain
NHB250810082007.RAWGU90,2025-08-10 08:20:07,Long Range,4,43.85,Moderate rain
NHB250810082304.RAWGU94,2025-08-10 08:23:04,Short Range,8,40.88,Moderate rain
NHB250810083008.RAWGU97,2025-08-10 08:30:08,Long Range,4,44.48,Moderate rain
NHB250810083304.RAWGU9B,2025-08-10 08:33:04,Short Range,8,42.53,Moderate rain
NHB250810084008.RAWGU9E,2025-08-10 08:40:08,Long Range,4,44.05,Moderate rain
NHB250810084303.RAWGU9J,2025-08-10 08:43:03,Short Range,8,42.76,Moderate rain
NHB250810085007.RAWGU9M,2025-08-10 08:50:07,Long Range,4,45.35,Moderate rain
NHB250810085303.RAWGU9S,2025-08-10 08:53:03,Short Range,8,46.4,Moderate rain
NHB250810090008.RAWGU9V,2025-08-10 09:00:08,Long Range,4,46.68,Moderate rain
NHB250810090303.RAWGU9Z,2025-08-10 09:03:03,Short Range,8,49.69,Heavy rain
NHB250810091009.RAWGUA2,2025-08-10 09:10:09,Long Range,4,47.96,Heavy rain
NHB250810091303.RAWGUA6,2025-08-10 09:13:03,Short Range,8,51.33,Heavy rain
NHB250810092007.RAWGUA9,2025-08-10 09:20:07,Long Range,4,48.05,Heavy rain
NHB250810092303.RAWGUAD,2025-08-10 09:23:03,Short Range,8,52.47,Heavy rain
NHB250810093008.RAWGUAG,2025-08-10 09:30:08,Long Range,4,48.78,Heavy rain
NHB250810093303.RAWGUAL,2025-08-10 09:33:03,Short Range,8,53.23,Heavy rain
NHB250810094007.RAWGUAP,2025-08-10 09:40:07,Long Range,4,48.13,Heavy rain
NHB250810094303.RAWGUAU,2025-08-10 09:43:03,Short Range,8,53.86,Heavy rain
NHB250810095008.RAWGUAX,2025-08-10 09:50:08,Long Range,4,46.87,Moderate rain
NHB250810095304.RAWGUB1,2025-08-10 09:53:04,Short Range,8,53.58,Heavy rain
NHB250810100008.RAWGUB4,2025-08-10 10:00:08,Long Range,4,48.27,Heavy rain
NHB250810100303.RAWGUB8,2025-08-10 10:03:03,Short Range,8,53.46,Heavy rain
NHB250810101008.RAWGUBB,2025-08-10 10:10:08,Long Range,4,50.36,Heavy rain
NHB250810101304.RAWGUBF,2025-08-10 10:13:04,Short Range,8,53.7,Heavy rain
NHB250810102007.RAWGUBJ,2025-08-10 10:20:07,Long Range,4,50.17,Heavy rain
NHB250810102303.RAWGUBN,2025-08-10 10:23:03,Short Range,8,52.23,Heavy rain
NHB250810103008.RAWGUBS,2025-08-10 10:30:08,Long Range,4,50.27,Heavy rain
NHB250810103304.RAWGUBW,2025-08-10 10:33:04,Short Range,8,54.58,Heavy rain
NHB250810104008.RAWGUBZ,2025-08-10 10:40:08,Long Range,4,51.07,Heavy rain
NHB250810104304.RAWGUC3,2025-08-10 10:43:04,Short Range,8,56.1,Very heavy rain
NHB250810105007.RAWGUC6,2025-08-10 10:50:07,Long Range,4,50.99,Heavy rain
NHB250810105303.RAWGUCA,2025-08-10 10:53:03,Short Range,8,55.34,Very heavy rain
NHB250810110007.RAWGUCD,2025-08-10 11:00:07,Long Range,4,50.32,Heavy rain
NHB250810110303.RAWGUCH,2025-08-10 11:03:03,Short Range,8,56.57,Very heavy rain
NHB250810111008.RAWGUCL,2025-08-10 11:10:08,Long Range,4,51.72,Heavy rain
NHB250810111304.RAWGUCR,2025-08-10 11:13:04,Short Range,8,57.19,Very heavy rain
NHB250810112007.RAWGUCU,2025-08-10 11:20:07,Long Range,4,53.65,Heavy rain
NHB250810112303.RAWGUCY,2025-08-10 11:23:03,Short Range,8,56.3,Very heavy rain
NHB250810113008.RAWGUD1,2025-08-10 11:30:08,Long Range,4,52.55,Heavy rain
NHB250810113303.RAWGUD5,2025-08-10 11:33:03,Short Range,8,55.92,Very heavy rain
NHB250810114007.RAWGUD8,2025-08-10 11:40:07,Long Range,4,52.14,Heavy rain
NHB250810114303.RAWGUDC,2025-08-10 11:43:03,Short Range,8,54.77,Heavy rain
NHB250810115008.RAWGUDF,2025-08-10 11:50:08,Long Range,4,51.73,Heavy rain
NHB250810115303.RAWGUDK,2025-08-10 11:53:03,Short Range,8,53.66,Heavy rain
NHB250810120008.RAWGUDN,2025-08-10 12:00:08,Long Range,4,49.92,Heavy rain
NHB250810120304.RAWGUDT,2025-08-10 12:03:04,Short Range,8,50.89,Heavy rain
NHB250810121008.RAWGUDW,2025-08-10 12:10:08,Long Range,4,47.74,Heavy rain
NHB250810121303.RAWGUE0,2025-08-10 12:13:03,Short Range,8,49.9,Heavy rain
NHB250810122008.RAWGUE3,2025-08-10 12:20:08,Long Range,4,45.84,Moderate rain
NHB250810122304.RAWGUE7,2025-08-10 12:23:04,Short Range,8,47.3,Moderate rain
NHB250810123007.RAWGUEA,2025-08-10 12:30:07,Long Range,4,44.79,Moderate rain
NHB250810123303.RAWGUEE,2025-08-10 12:33:03,Short Range,8,45.3,Moderate rain
NHB250810124008.RAWGUEH,2025-08-10 12:40:08,Long Range,4,43.93,Moderate rain
NHB250810124303.RAWGUEM,2025-08-10 12:43:03,Short Range,8,43.65,Moderate rain
NHB250810125008.RAWGUER,2025-08-10 12:50:08,Long Range,4,43.81,Moderate rain
NHB250810125303.RAWGUEV,2025-08-10 12:53:03,Short Range,8,42.68,Moderate rain
NHB250810130008.RAWGUEY,2025-08-10 13:00:08,Long Range,4,42.27,Moderate rain
NHB250810130303.RAWGUF2,2025-08-10 13:03:03,Short Range,8,40.37,Moderate rain
NHB250810131007.RAWGUF5,2025-08-10 13:10:07,Long Range,4,40.37,Moderate rain
NHB250810131304.RAWGUF9,2025-08-10 13:13:04,Short Range,8,39.81,Light rain
NHB250810132008.RAWGUFC,2025-08-10 13:20:08,Long Range,4,40.04,Moderate rain
NHB250810132303.RAWGUFG,2025-08-10 13:23:03,Short Range,8,40.05,Moderate rain
NHB250810133007.RAWGUFK,2025-08-10 13:30:07,Long Range,4,39.93,Light rain
NHB250810133303.RAWGUFP,2025-08-10 13:33:03,Short Range,8,39.69,Light rain
NHB250810134007.RAWGUFT,2025-08-10 13:40:07,Long Range,4,39.82,Light rain
NHB250810134304.RAWGUFX,2025-08-10 13:43:04,Short Range,8,38.98,Light rain
NHB250810135008.RAWGUG0,2025-08-10 13:50:08,Long Range,4,39.82,Light rain
NHB250810135304.RAWGUG4,2025-08-10 13:53:04,Short Range,8,37.88,Light rain
NHB250810140007.RAWGUG7,2025-08-10 14:00:07,Long Range,4,39.58,Light rain
NHB250810140304.RAWGUGB,2025-08-10 14:03:04,Short Range,8,36.0,Light rain
NHB250810141007.RAWGUGE,2025-08-10 14:10:07,Long Range,4,38.32,Light rain
NHB250810141303.RAWGUGJ,2025-08-10 14:13:03,Short Range,8,33.77,Light rain
NHB250810142007.RAWGUGM,2025-08-10 14:20:07,Long Range,4,38.75,Light rain
NHB250810142303.RAWGUGS,2025-08-10 14:23:03,Short Range,8,32.1,Light rain
NHB250810143008.RAWGUGV,2025-08-10 14:30:08,Long Range,4,38.31,Light rain
NHB250810143304.RAWGUGZ,2025-08-10 14:33:04,Short Range,8,30.86,Light rain
NHB250810144008.RAWGUH2,2025-08-10 14:40:08,Long Range,4,38.36,Light rain
NHB250810144304.RAWGUH6,2025-08-10 14:43:04,Short Range,8,30.02,Light rain
NHB250810145007.RAWGUH9,2025-08-10 14:50:07,Long Range,4,37.77,Light rain
NHB250810145303.RAWGUHD,2025-08-10 14:53:03,Short Range,8,29.3,Clear
NHB250810150007.RAWGUHG,2025-08-10 15:00:07,Long Range,4,37.39,Light rain
NHB250810150303.RAWGUHL,2025-08-10 15:03:03,Short Range,8,30.27,Light rain
NHB250810151008.RAWGUHP,2025-08-10 15:10:08,Long Range,4,37.28,Light rain
NHB250810151304.RAWGUHU,2025-08-10 15:13:04,Short Range,8,30.71,Light rain
NHB250810152007.RAWGUHX,2025-08-10 15:20:07,Long Range,4,36.5,Light rain
NHB250810152304.RAWGUJ1,2025-08-10 15:23:04,Short Range,8,29.0,Clear
NHB250810153008.RAWGUJ4,2025-08-10 15:30:08,Long Range,4,36.29,Light rain
NHB250810153303.RAWGUJ8,2025-08-10 15:33:03,Short Range,8,28.6,Clear
NHB250810154008.RAWGUJB,2025-08-10 15:40:08,Long Range,4,35.4,Light rain
NHB250810154305.RAWGUJF,2025-08-10 15:43:05,Short Range,8,28.04,Clear
NHB250810155008.RAWGUJJ,2025-08-10 15:50:08,Long Range,4,34.6,Light rain
NHB250810155303.RAWGUJN,2025-08-10 15:53:03,Short Range,8,29.84,Clear
NHB250810160007.RAWGUJS,2025-08-10 16:00:07,Long Range,4,36.29,Light rain
NHB250810160303.RAWGUJW,2025-08-10 16:03:03,Short Range,8,31.08,Light rain
NHB250810161008.RAWGUJZ,2025-08-10 16:10:08,Long Range,4,36.52,Light rain
NHB250810161304.RAWGUK3,2025-08-10 16:13:04,Short Range,8,31.68,Light rain
NHB250810162008.RAWGUK6,2025-08-10 16:20:08,Long Range,4,37.06,Light rain
NHB250810162303.RAWGUKA,2025-08-10 16:23:03,Short Range,8,30.97,Light rain
NHB250810163007.RAWGUKD,2025-08-10 16:30:07,Long Range,4,36.88,Light rain
NHB250810163304.RAWGUKH,2025-08-10 16:33:04,Short Range,8,27.95,Clear
NHB250810164008.RAWGUKL,2025-08-10 16:40:08,Long Range,4,37.07,Light rain
NHB250810164304.RAWGUKR,2025-08-10 16:43:04,Short Range,8,26.12,Clear
NHB250810165008.RAWGUKU,2025-08-10 16:50:08,Long Range,4,37.31,Light rain
NHB250810165303.RAWGUKY,2025-08-10 16:53:03,Short Range,8,24.69,Clear
NHB250810170008.RAWGUL1,2025-08-10 17:00:08,Long Range,4,37.32,Light rain
NHB250810170303.RAWGUL5,2025-08-10 17:03:03,Short Range,8,24.47,Clear
NHB250810171007.RAWGUL8,2025-08-10 17:10:07,Long Range,4,37.27,Light rain
NHB250810171304.RAWGULC,2025-08-10 17:13:04,Short Range,8,25.45,Clear
NHB250810172007.RAWGULF,2025-08-10 17:20:07,Long Range,4,37.17,Light rain
NHB250810172303.RAWGULK,2025-08-10 17:23:03,Short Range,8,24.6,Clear
NHB250810173009.RAWGULN,2025-08-10 17:30:09,Long Range,4,37.58,Light rain
NHB250810173303.RAWGULT,2025-08-10 17:33:03,Short Range,8,24.09,Clear
NHB250810174007.RAWGULW,2025-08-10 17:40:07,Long Range,4,38.02,Light rain
NHB250810174304.RAWGUM0,2025-08-10 17:43:04,Short Range,8,24.92,Clear
NHB250810175007.RAWGUM3,2025-08-10 17:50:07,Long Range,4,37.97,Light rain
NHB250810175304.RAWGUM7,2025-08-10 17:53:04,Short Range,8,24.45,Clear
NHB250810180008.RAWGUMA,2025-08-10 18:00:08,Long Range,4,37.58,Light rain
NHB250810180304.RAWGUME,2025-08-10 18:03:04,Short Range,8,25.1,Clear
NHB250810181008.RAWGUMH,2025-08-10 18:10:08,Long Range,4,37.66,Light rain
NHB250810181304.RAWGUMM,2025-08-10 18:13:04,Short Range,8,24.13,Clear
NHB250810182008.RAWGUMR,2025-08-10 18:20:08,Long Range,4,36.95,Light rain
NHB250810182303.RAWGUMV,2025-08-10 18:23:03,Short Range,8,23.37,Clear
NHB250810183008.RAWGUMY,2025-08-10 18:30:08,Long Range,4,36.75,Light rain
NHB250810183303.RAWGUN2,2025-08-10 18:33:03,Short Range,8,21.89,Clear
NHB250810184007.RAWGUN5,2025-08-10 18:40:07,Long Range,4,36.66,Light rain
NHB250810184303.RAWGUN9,2025-08-10 18:43:03,Short Range,8,22.33,Clear
NHB250810185008.RAWGUNC,2025-08-10 18:50:08,Long Range,4,37.74,Light rain
NHB250810185303.RAWGUNG,2025-08-10 18:53:03,Short Range,8,23.15,Clear
NHB250810190007.RAWGUNK,2025-08-10 19:00:07,Long Range,4,37.28,Light rain
NHB250810190303.RAWGUNP,2025-08-10 19:03:03,Short Range,8,22.78,Clear
NHB250810191008.RAWGUNT,2025-08-10 19:10:08,Long Range,4,38.55,Light rain
NHB250810191304.RAWGUNX,2025-08-10 19:13:04,Short Range,8,22.93,Clear
NHB250810192007.RAWGUP0,2025-08-10 19:20:07,Long Range,4,38.1,Light rain
NHB250810192304.RAWGUP4,2025-08-10 19:23:04,Short Range,8,23.07,Clear
NHB250810193008.RAWGUP7,2025-08-10 19:30:08,Long Range,4,38.21,Light rain
NHB250810193304.RAWGUPB,2025-08-10 19:33:04,Short Range,8,25.08,Clear
NHB250810194007.RAWGUPE,2025-08-10 19:40:07,Long Range,4,37.93,Light rain
NHB250810194303.RAWGUPJ,2025-08-10 19:43:03,Short Range,8,25.55,Clear
NHB250810195007.RAWGUPM,2025-08-10 19:50:07,Long Range,4,38.17,Light rain
NHB250810195303.RAWGUPS,2025-08-10 19:53:03,Short Range,8,26.18,Clear
NHB250810200008.RAWGUPV,2025-08-10 20:00:08,Long Range,4,37.33,Light rain
NHB250810200304.RAWGUPZ,2025-08-10 20:03:04,Short Range,8,25.75,Clear
NHB250810201007.RAWGUR2,2025-08-10 20:10:07,Long Range,4,36.98,Light rain
NHB250810201303.RAWGUR6,2025-08-10 20:13:03,Short Range,8,25.44,Clear
NHB250810202007.RAWGUR9,2025-08-10 20:20:07,Long Range,4,37.19,Light rain
NHB250810202304.RAWGURD,2025-08-10 20:23:04,Short Range,8,25.08,Clear
NHB250810203008.RAWGURG,2025-08-10 20:30:08,Long Range,4,36.96,Light rain
NHB250810203304.RAWGURL,2025-08-10 20:33:04,Short Range,8,24.05,Clear
NHB250810204008.RAWGURP,2025-08-10 20:40:08,Long Range,4,37.89,Light rain
NHB250810204303.RAWGURU,2025-08-10 20:43:03,Short Range,8,25.25,Clear
NHB250810205008.RAWGURX,2025-08-10 20:50:08,Long Range,4,37.99,Light rain
NHB250810205303.RAWGUS1,2025-08-10 20:53:03,Short Range,8,25.16,Clear
NHB250810210008.RAWGUS4,2025-08-10 21:00:08,Long Range,4,37.63,Light rain
NHB250810210304.RAWGUS8,2025-08-10 21:03:04,Short Range,8,24.43,Clear
NHB250810211009.RAWGUSB,2025-08-10 21:10:09,Long Range,4,37.29,Light rain
NHB250810211303.RAWGUSF,2025-08-10 21:13:03,Short Range,8,24.74,Clear
NHB250810212008.RAWGUSJ,2025-08-10 21:20:08,Long Range,4,38.0,Light rain
NHB250810212303.RAWGUSN,2025-08-10 21:23:03,Short Range,8,25.86,Clear
NHB250810213007.RAWGUSS,2025-08-10 21:30:07,Long Range,4,38.1,Light rain
NHB250810213304.RAWGUSW,2025-08-10 21:33:04,Short Range,8,25.46,Clear
NHB250810214007.RAWGUSZ,2025-08-10 21:40:07,Long Range,4,37.48,Light rain
NHB250810214303.RAWGUT3,2025-08-10 21:43:03,Short Range,8,24.83,Clear
NHB250810215007.RAWGUT6,2025-08-10 21:50:07,Long Range,4,36.52,Light rain
NHB250810215304.RAWGUTA,2025-08-10 21:53:04,Short Range,8,24.85,Clear
NHB250810220007.RAWGUTD,2025-08-10 22:00:07,Long Range,4,35.91,Light rain
NHB250810220303.RAWGUTH,2025-08-10 22:03:03,Short Range,8,24.54,Clear
NHB250810221008.RAWGUTL,2025-08-10 22:10:08,Long Range,4,34.84,Light rain
NHB250810221304.RAWGUTR,2025-08-10 22:13:04,Short Range,8,23.69,Clear
NHB250810222008.RAWGUTU,2025-08-10 22:20:08,Long Range,4,34.3,Light rain
NHB250810222303.RAWGUTY,2025-08-10 22:23:03,Short Range,8,23.51,Clear
NHB250810223007.RAWGUU1,2025-08-10 22:30:07,Long Range,4,34.76,Light rain
NHB250810223303.RAWGUU5,2025-08-10 22:33:03,Short Range,8,25.41,Clear
NHB250810224007.RAWGUU8,2025-08-10 22:40:07,Long Range,4,34.53,Light rain
NHB250810224303.RAWGUUC,2025-08-10 22:43:03,Short Range,8,26.71,Clear
NHB250810225008.RAWGUUF,2025-08-10 22:50:08,Long Range,4,32.7,Light rain
NHB250810225303.RAWGUUK,2025-08-10 22:53:03,Short Range,8,26.4,Clear
NHB250810230008.RAWGUUN,2025-08-10 23:00:08,Long Range,4,32.9,Light rain
NHB250810230303.RAWGUUT,2025-08-10 23:03:03,Short Range,8,26.65,Clear
NHB250810231007.RAWGUUW,2025-08-10 23:10:07,Long Range,4,31.71,Light rain
NHB250810231303.RAWGUV0,2025-08-10 23:13:03,Short Range,8,26.91,Clear
NHB250810232007.RAWGUV3,2025-08-10 23:20:07,Long Range,4,31.09,Light rain
NHB250810232304.RAWGUV7,2025-08-10 23:23:04,Short Range,8,25.73,Clear
NHB250810233007.RAWGUVA,2025-08-10 23:30:07,Long Range,4,29.79,Clear
NHB250810233303.RAWGUVE,2025-08-10 23:33:03,Short Range,8,25.56,Clear
NHB250810234007.RAWGUVH,2025-08-10 23:40:07,Long Range,4,29.35,Clear
NHB250810234304.RAWGUVM,2025-08-10 23:43:04,Short Range,8,25.64,Clear
NHB250810235008.RAWGUVR,2025-08-10 23:50:08,Long Range,4,29.58,Clear
NHB250810235304.RAWGUVV,2025-08-10 23:53:04,Short Range,8,25.82,Clear
NHB250811000008.RAWGUVY,2025-08-11 00:00:08,Long Range,4,28.61,Clear
NHB250811000304.RAWGUW2,2025-08-11 00:03:04,Short Range,8,26.08,Clear
NHB250811001007.RAWGUW5,2025-08-11 00:10:07,Long Range,4,28.7,Clear
NHB250811001304.RAWGUW9,2025-08-11 00:13:04,Short Range,8,26.73,Clear
NHB250811002008.RAWGUWC,2025-08-11 00:20:08,Long Range,4,28.66,Clear
NHB250811002303.RAWGUWG,2025-08-11 00:23:03,Short Range,8,27.15,Clear
NHB250811003008.RAWGUWK,2025-08-11 00:30:08,Long Range,4,27.43,Clear
NHB250811003304.RAWGUWP,2025-08-11 00:33:04,Short Range,8,26.92,Clear
NHB250811004008.RAWGUWT,2025-08-11 00:40:08,Long Range,4,28.08,Clear
NHB250811004304.RAWGUWX,2025-08-11 00:43:04,Short Range,8,26.65,Clear
NHB250811005008.RAWGUX0,2025-08-11 00:50:08,Long Range,4,28.45,Clear
NHB250811005303.RAWGUX4,2025-08-11 00:53:03,Short Range,8,27.11,Clear
NHB250811010008.RAWGUX7,2025-08-11 01:00:08,Long Range,4,28.12,Clear
NHB250811010303.RAWGUXB,2025-08-11 01:03:03,Short Range,8,27.18,Clear
NHB250811011008.RAWGUXE,2025-08-11 01:10:08,Long Range,4,28.5,Clear
NHB250811011304.RAWGUXJ,2025-08-11 01:13:04,Short Range,8,28.59,Clear
NHB250811012008.RAWGUXM,2025-08-11 01:20:08,Long Range,4,28.49,Clear
NHB250811012303.RAWGUXS,2025-08-11 01:23:03,Short Range,8,28.64,Clear
NHB250811013007.RAWGUXV,2025-08-11 01:30:07,Long Range,4,28.44,Clear
NHB250811013303.RAWGUXZ,2025-08-11 01:33:03,Short Range,8,30.43,Light rain
NHB250811014008.RAWGUY2,2025-08-11 01:40:08,Long Range,4,29.57,Clear
NHB250811014303.RAWGUY6,2025-08-11 01:43:03,Short Range,8,32.38,Light rain
NHB250811015008.RAWGUY9,2025-08-11 01:50:08,Long Range,4,30.09,Light rain
NHB250811015304.RAWGUYD,2025-08-11 01:53:04,Short Range,8,31.92,Light rain
NHB250811020008.RAWGUYG,2025-08-11 02:00:08,Long Range,4,28.7,Clear
NHB250811020303.RAWGUYL,2025-08-11 02:03:03,Short Range,8,28.87,Clear
NHB250811021007.RAWGUYP,2025-08-11 02:10:07,Long Range,4,29.1,Clear
NHB250811021304.RAWGUYU,2025-08-11 02:13:04,Short Range,8,29.45,Clear
NHB250811022008.RAWGUYX,2025-08-11 02:20:08,Long Range,4,28.0,Clear
NHB250811022303.RAWGUZ1,2025-08-11 02:23:03,Short Range,8,28.49,Clear
NHB250811023008.RAWGUZ4,2025-08-11 02:30:08,Long Range,4,27.66,Clear
NHB250811023303.RAWGUZ8,2025-08-11 02:33:03,Short Range,8,28.06,Clear
NHB250811024008.RAWGUZB,2025-08-11 02:40:08,Long Range,4,30.11,Light rain
NHB250811024304.RAWGUZF,2025-08-11 02:43:04,Short Range,8,28.17,Clear
NHB250811025008.RAWGUZJ,2025-08-11 02:50:08,Long Range,4,35.14,Light rain
NHB250811025304.RAWGUZN,2025-08-11 02:53:04,Short Range,8,28.32,Clear
NHB250811030008.RAWGUZS,2025-08-11 03:00:08,Long Range,4,31.94,Light rain
NHB250811030303.RAWGUZW,2025-08-11 03:03:03,Short Range,8,29.47,Clear
NHB250811031007.RAWGUZZ,2025-08-11 03:10:07,Long Range,4,29.44,Clear
NHB250811031303.RAWGV03,2025-08-11 03:13:03,Short Range,8,30.1,Light rain
NHB250811032007.RAWGV06,2025-08-11 03:20:07,Long Range,4,30.16,Light rain
NHB250811032303.RAWGV0A,2025-08-11 03:23:03,Short Range,8,31.62,Light rain
NHB250811033008.RAWGV0D,2025-08-11 03:30:08,Long Range,4,32.47,Light rain
NHB250811033303.RAWGV0H,2025-08-11 03:33:03,Short Range,8,30.83,Light rain
NHB250811034008.RAWGV0L,2025-08-11 03:40:08,Long Range,4,31.28,Light rain
NHB250811034303.RAWGV0R,2025-08-11 03:43:03,Short Range,8,30.92,Light rain
NHB250811035008.RAWGV0U,2025-08-11 03:50:08,Long Range,4,32.89,Light rain
NHB250811035304.RAWGV0Y,2025-08-11 03:53:04,Short Range,8,32.87,Light rain
NHB250811040008.RAWGV11,2025-08-11 04:00:08,Long Range,4,34.2,Light rain
NHB250811040304.RAWGV15,2025-08-11 04:03:04,Short Range,8,32.73,Light rain
NHB250811041007.RAWGV18,2025-08-11 04:10:07,Long Range,4,33.2,Light rain
NHB250811041303.RAWGV1C,2025-08-11 04:13:03,Short Range,8,32.9,Light rain
NHB250811042008.RAWGV1F,2025-08-11 04:20:08,Long Range,4,36.05,Light rain
NHB250811042304.RAWGV1K,2025-08-11 04:23:04,Short Range,8,37.02,Light rain
NHB250811043009.RAWGV1N,2025-08-11 04:30:09,Long Range,4,40.21,Moderate rain
NHB250811043303.RAWGV1T,2025-08-11 04:33:03,Short Range,8,37.19,Light rain
NHB250811044007.RAWGV1W,2025-08-11 04:40:07,Long Range,4,40.41,Moderate rain
NHB250811044304.RAWGV20,2025-08-11 04:43:04,Short Range,8,39.27,Light rain
NHB250811045007.RAWGV23,2025-08-11 04:50:07,Long Range,4,38.86,Light rain
NHB250811045303.RAWGV27,2025-08-11 04:53:03,Short Range,8,40.86,Moderate rain
NHB250811050007.RAWGV2A,2025-08-11 05:00:07,Long Range,4,40.83,Moderate rain
NHB250811050303.RAWGV2E,2025-08-11 05:03:03,Short Range,8,41.01,Moderate rain
NHB250811051007.RAWGV2H,2025-08-11 05:10:07,Long Range,4,40.48,Moderate rain
NHB250811051303.RAWGV2M,2025-08-11 05:13:03,Short Range,8,42.77,Moderate rain
NHB250811052007.RAWGV2R,2025-08-11 05:20:07,Long Range,4,42.31,Moderate rain
NHB250811052304.RAWGV2V,2025-08-11 05:23:04,Short Range,8,44.42,Moderate rain
NHB250811053008.RAWGV2Y,2025-08-11 05:30:08,Long Range,4,43.12,Moderate rain
NHB250811053304.RAWGV32,2025-08-11 05:33:04,Short Range,8,46.27,Moderate rain
NHB250811054007.RAWGV35,2025-08-11 05:40:07,Long Range,4,44.55,Moderate rain
NHB250811054304.RAWGV39,2025-08-11 05:43:04,Short Range,8,47.53,Heavy rain
NHB250811055009.RAWGV3C,2025-08-11 05:50:09,Long Range,4,45.79,Moderate rain
NHB250811055303.RAWGV3G,2025-08-11 05:53:03,Short Range,8,49.81,Heavy rain
NHB250811060007.RAWGV3K,2025-08-11 06:00:07,Long Range,4,47.12,Moderate rain
NHB250811060304.RAWGV3P,2025-08-11 06:03:04,Short Range,8,51.04,Heavy rain
NHB250811061008.RAWGV3T,2025-08-11 06:10:08,Long Range,4,48.35,Heavy rain
NHB250811061303.RAWGV3X,2025-08-11 06:13:03,Short Range,8,54.59,Heavy rain
NHB250811062007.RAWGV40,2025-08-11 06:20:07,Long Range,4,50.04,Heavy rain
NHB250811062303.RAWGV44,2025-08-11 06:23:03,Short Range,8,54.46,Heavy rain
NHB250811063008.RAWGV47,2025-08-11 06:30:08,Long Range,4,50.04,Heavy rain
NHB250811063304.RAWGV4B,2025-08-11 06:33:04,Short Range,8,54.52,Heavy rain
NHB250811064008.RAWGV4E,2025-08-11 06:40:08,Long Range,4,51.4,Heavy rain
NHB250811064303.RAWGV4J,2025-08-11 06:43:03,Short Range,8,56.15,Very heavy rain
NHB250811065008.RAWGV4M,2025-08-11 06:50:08,Long Range,4,50.41,Heavy rain
NHB250811065303.RAWGV4S,2025-08-11 06:53:03,Short Range,8,55.4,Very heavy rain
NHB250811070007.RAWGV4V,2025-08-11 07:00:07,Long Range,4,52.79,Heavy rain
NHB250811070304.RAWGV4Z,2025-08-11 07:03:04,Short Range,8,57.16,Very heavy rain
NHB250811071008.RAWGV52,2025-08-11 07:10:08,Long Range,4,52.82,Heavy rain
NHB250811071304.RAWGV56,2025-08-11 07:13:04,Short Range,8,53.32,Heavy rain
NHB250811072008.RAWGV59,2025-08-11 07:20:08,Long Range,4,50.71,Heavy rain
NHB250811072303.RAWGV5D,2025-08-11 07:23:03,Short Range,8,54.75,Heavy rain
NHB250811073007.RAWGV5G,2025-08-11 07:30:07,Long Range,4,52.91,Heavy rain
NHB250811073304.RAWGV5L,2025-08-11 07:33:04,Short Range,8,56.99,Very heavy rain
NHB250811074008.RAWGV5P,2025-08-11 07:40:08,Long Range,4,52.77,Heavy rain
NHB250811074303.RAWGV5U,2025-08-11 07:43:03,Short Range,8,55.97,Very heavy rain
NHB250811075008.RAWGV5X,2025-08-11 07:50:08,Long Range,4,52.5,Heavy rain
NHB250811075304.RAWGV61,2025-08-11 07:53:04,Short Range,8,55.04,Very heavy rain
NHB250811080008.RAWGV64,2025-08-11 08:00:08,Long Range,4,51.98,Heavy rain
NHB250811080303.RAWGV68,2025-08-11 08:03:03,Short Range,8,54.79,Heavy rain
NHB250811081007.RAWGV6B,2025-08-11 08:10:07,Long Range,4,52.8,Heavy rain
NHB250811081304.RAWGV6F,2025-08-11 08:13:04,Short Range,8,54.71,Heavy rain
NHB250811082007.RAWGV6J,2025-08-11 08:20:07,Long Range,4,52.91,Heavy rain
NHB250811082304.RAWGV6N,2025-08-11 08:23:04,Short Range,8,55.53,Very heavy rain
NHB250811083008.RAWGV6S,2025-08-11 08:30:08,Long Range,4,53.03,Heavy rain
NHB250811083303.RAWGV6W,2025-08-11 08:33:03,Short Range,8,54.17,Heavy rain
NHB250811084007.RAWGV6Z,2025-08-11 08:40:07,Long Range,4,53.47,Heavy rain
NHB250811084303.RAWGV73,2025-08-11 08:43:03,Short Range,8,54.63,Heavy rain
NHB250811085007.RAWGV76,2025-08-11 08:50:07,Long Range,4,53.7,Heavy rain
NHB250811085304.RAWGV7A,2025-08-11 08:53:04,Short Range,8,55.24,Very heavy rain
NHB250811090008.RAWGV7D,2025-08-11 09:00:08,Long Range,4,54.26,Heavy rain
NHB250811090303.RAWGV7H,2025-08-11 09:03:03,Short Range,8,55.07,Very heavy rain
NHB250811091008.RAWGV7L,2025-08-11 09:10:08,Long Range,4,53.96,Heavy rain
NHB250811091304.RAWGV7R,2025-08-11 09:13:04,Short Range,8,55.13,Very heavy rain
NHB250811092008.RAWGV7U,2025-08-11 09:20:08,Long Range,4,53.44,Heavy rain
NHB250811092304.RAWGV7Y,2025-08-11 09:23:04,Short Range,8,54.39,Heavy rain
NHB250811093007.RAWGV81,2025-08-11 09:30:07,Long Range,4,52.72,Heavy rain
NHB250811093303.RAWGV85,2025-08-11 09:33:03,Short Range,8,53.27,Heavy rain
NHB250811094008.RAWGV88,2025-08-11 09:40:08,Long Range,4,51.76,Heavy rain
NHB250811094304.RAWGV8C,2025-08-11 09:43:04,Short Range,8,52.48,Heavy rain
NHB250811095007.RAWGV8F,2025-08-11 09:50:07,Long Range,4,50.53,Heavy rain
NHB250811095304.RAWGV8K,2025-08-11 09:53:04,Short Range,8,52.9,Heavy rain
NHB250811100008.RAWGV8N,2025-08-11 10:00:08,Long Range,4,50.43,Heavy rain
NHB250811100304.RAWGV8T,2025-08-11 10:03:04,Short Range,8,51.92,Heavy rain
NHB250811101007.RAWGV8W,2025-08-11 10:10:07,Long Range,4,49.9,Heavy rain
NHB250811101303.RAWGV90,2025-08-11 10:13:03,Short Range,8,50.4,Heavy rain
NHB250811102007.RAWGV93,2025-08-11 10:20:07,Long Range,4,48.41,Heavy rain
NHB250811102303.RAWGV97,2025-08-11 10:23:03,Short Range,8,47.78,Heavy rain
NHB250811103008.RAWGV9A,2025-08-11 10:30:08,Long Range,4,47.77,Heavy rain
NHB250811103303.RAWGV9E,2025-08-11 10:33:03,Short Range,8,47.81,Heavy rain
NHB250811104008.RAWGV9H,2025-08-11 10:40:08,Long Range,4,46.41,Moderate rain
NHB250811104304.RAWGV9M,2025-08-11 10:43:04,Short Range,8,48.55,Heavy rain
NHB250811105008.RAWGV9R,2025-08-11 10:50:08,Long Range,4,49.37,Heavy rain
NHB250811105304.RAWGV9V,2025-08-11 10:53:04,Short Range,8,50.87,Heavy rain
NHB250811110008.RAWGV9Y,2025-08-11 11:00:08,Long Range,4,48.7,Heavy rain
NHB250811110303.RAWGVA2,2025-08-11 11:03:03,Short Range,8,49.73,Heavy rain
NHB250811111007.RAWGVA5,2025-08-11 11:10:07,Long Range,4,48.41,Heavy rain
NHB250811111304.RAWGVA9,2025-08-11 11:13:04,Short Range,8,48.3,Heavy rain
NHB250811112007.RAWGVAC,2025-08-11 11:20:07,Long Range,4,47.43,Moderate rain
NHB250811112303.RAWGVAG,2025-08-11 11:23:03,Short Range,8,48.14,Heavy rain
NHB250811113007.RAWGVAK,2025-08-11 11:30:07,Long Range,4,46.92,Moderate rain
NHB250811113303.RAWGVAP,2025-08-11 11:33:03,Short Range,8,47.91,Heavy rain
NHB250811114008.RAWGVAT,2025-08-11 11:40:08,Long Range,4,46.37,Moderate rain
NHB250811114304.RAWGVAX,2025-08-11 11:43:04,Short Range,8,48.0,Heavy rain
NHB250811115008.RAWGVB0,2025-08-11 11:50:08,Long Range,4,46.28,Moderate rain
NHB250811115304.RAWGVB4,2025-08-11 11:53:04,Short Range,8,47.99,Heavy rain
NHB250811120008.RAWGVB7,2025-08-11 12:00:08,Long Range,4,46.02,Moderate rain
NHB250811120303.RAWGVBB,2025-08-11 12:03:03,Short Range,8,47.38,Moderate rain
NHB250811121007.RAWGVBE,2025-08-11 12:10:07,Long Range,4,45.22,Moderate rain
NHB250811121304.RAWGVBJ,2025-08-11 12:13:04,Short Range,8,47.42,Moderate rain
NHB250811122007.RAWGVBM,2025-08-11 12:20:07,Long Range,4,45.23,Moderate rain
NHB250811122304.RAWGVBS,2025-08-11 12:23:04,Short Range,8,50.45,Heavy rain
NHB250811123008.RAWGVBV,2025-08-11 12:30:08,Long Range,4,48.08,Heavy rain
NHB250811123304.RAWGVBZ,2025-08-11 12:33:04,Short Range,8,52.98,Heavy rain
NHB250811124008.RAWGVC2,2025-08-11 12:40:08,Long Range,4,48.78,Heavy rain
NHB250811124304.RAWGVC6,2025-08-11 12:43:04,Short Range,8,53.36,Heavy rain
NHB250811125008.RAWGVC9,2025-08-11 12:50:08,Long Range,4,49.65,Heavy rain
NHB250811125303.RAWGVCD,2025-08-11 12:53:03,Short Range,8,53.6,Heavy rain
NHB250811130007.RAWGVCG,2025-08-11 13:00:07,Long Range,4,50.81,Heavy rain
NHB250811130303.RAWGVCL,2025-08-11 13:03:03,Short Range,8,54.53,Heavy rain
NHB250811131008.RAWGVCP,2025-08-11 13:10:08,Long Range,4,51.8,Heavy rain
NHB250811131303.RAWGVCU,2025-08-11 13:13:03,Short Range,8,53.62,Heavy rain
NHB250811132007.RAWGVCX,2025-08-11 13:20:07,Long Range,4,50.91,Heavy rain
NHB250811132303.RAWGVD1,2025-08-11 13:23:03,Short Range,8,52.11,Heavy rain
NHB250811133008.RAWGVD4,2025-08-11 13:30:08,Long Range,4,49.68,Heavy rain
NHB250811133304.RAWGVD8,2025-08-11 13:33:04,Short Range,8,49.64,Heavy rain
NHB250811134007.RAWGVDB,2025-08-11 13:40:07,Long Range,4,45.71,Moderate rain
NHB250811134304.RAWGVDF,2025-08-11 13:43:04,Short Range,8,47.06,Moderate rain
NHB250811135007.RAWGVDJ,2025-08-11 13:50:07,Long Range,4,43.46,Moderate rain
NHB250811135304.RAWGVDN,2025-08-11 13:53:04,Short Range,8,45.66,Moderate rain
NHB250811140007.RAWGVDS,2025-08-11 14:00:07,Long Range,4,42.29,Moderate rain
NHB250811140303.RAWGVDW,2025-08-11 14:03:03,Short Range,8,44.58,Moderate rain
NHB250811141008.RAWGVDZ,2025-08-11 14:10:08,Long Range,4,42.93,Moderate rain
NHB250811141303.RAWGVE3,2025-08-11 14:13:03,Short Range,8,45.11,Moderate rain
NHB250811142007.RAWGVE6,2025-08-11 14:20:07,Long Range,4,43.28,Moderate rain
NHB250811142303.RAWGVEA,2025-08-11 14:23:03,Short Range,8,44.69,Moderate rain
NHB250811143008.RAWGVED,2025-08-11 14:30:08,Long Range,4,42.53,Moderate rain
NHB250811143303.RAWGVEH,2025-08-11 14:33:03,Short Range,8,43.98,Moderate rain
NHB250811144007.RAWGVEL,2025-08-11 14:40:07,Long Range,4,41.49,Moderate rain
NHB250811144303.RAWGVER,2025-08-11 14:43:03,Short Range,8,42.75,Moderate rain
NHB250811145007.RAWGVEU,2025-08-11 14:50:07,Long Range,4,40.43,Moderate rain
NHB250811145304.RAWGVEY,2025-08-11 14:53:04,Short Range,8,41.95,Moderate rain
NHB250811150008.RAWGVF1,2025-08-11 15:00:08,Long Range,4,40.24,Moderate rain
NHB250811150303.RAWGVF5,2025-08-11 15:03:03,Short Range,8,42.2,Moderate rain
NHB250811151007.RAWGVF8,2025-08-11 15:10:07,Long Range,4,39.63,Light rain
NHB250811151303.RAWGVFC,2025-08-11 15:13:03,Short Range,8,40.88,Moderate rain
NHB250811152008.RAWGVFF,2025-08-11 15:20:08,Long Range,4,38.34,Light rain
NHB250811152304.RAWGVFK,2025-08-11 15:23:04,Short Range,8,37.87,Light rain
NHB250811153008.RAWGVFN,2025-08-11 15:30:08,Long Range,4,38.89,Light rain
NHB250811153304.RAWGVFT,2025-08-11 15:33:04,Short Range,8,36.68,Light rain
NHB250811154008.RAWGVFW,2025-08-11 15:40:08,Long Range,4,38.54,Light rain
NHB250811154304.RAWGVG0,2025-08-11 15:43:04,Short Range,8,36.31,Light rain
NHB250811155008.RAWGVG3,2025-08-11 15:50:08,Long Range,4,37.68,Light rain
NHB250811155304.RAWGVG7,2025-08-11 15:53:04,Short Range,8,34.61,Light rain
NHB250811160007.RAWGVGA,2025-08-11 16:00:07,Long Range,4,37.57,Light rain
NHB250811160303.RAWGVGE,2025-08-11 16:03:03,Short Range,8,32.12,Light rain
NHB250811161007.RAWGVGH,2025-08-11 16:10:07,Long Range,4,38.79,Light rain
NHB250811161304.RAWGVGM,2025-08-11 16:13:04,Short Range,8,29.67,Clear
NHB250811162007.RAWGVGR,2025-08-11 16:20:07,Long Range,4,38.34,Light rain
NHB250811162305.RAWGVGV,2025-08-11 16:23:05,Short Range,8,28.41,Clear
NHB250811163008.RAWGVGY,2025-08-11 16:30:08,Long Range,4,38.59,Light rain
NHB250811163303.RAWGVH2,2025-08-11 16:33:03,Short Range,8,26.49,Clear
NHB250811164008.RAWGVH5,2025-08-11 16:40:08,Long Range,4,39.45,Light rain
NHB250811164304.RAWGVH9,2025-08-11 16:43:04,Short Range,8,26.16,Clear
NHB250811165008.RAWGVHC,2025-08-11 16:50:08,Long Range,4,39.76,Light rain
NHB250811165303.RAWGVHG,2025-08-11 16:53:03,Short Range,8,25.41,Clear
NHB250811170008.RAWGVHK,2025-08-11 17:00:08,Long Range,4,39.66,Light rain
NHB250811170303.RAWGVHP,2025-08-11 17:03:03,Short Range,8,23.5,Clear
NHB250811171008.RAWGVHT,2025-08-11 17:10:08,Long Range,4,39.1,Light rain
NHB250811171303.RAWGVHX,2025-08-11 17:13:03,Short Range,8,22.76,Clear
NHB250811172007.RAWGVJ0,2025-08-11 17:20:07,Long Range,4,39.01,Light rain
NHB250811172303.RAWGVJ4,2025-08-11 17:23:03,Short Range,8,25.14,Clear
NHB250811173007.RAWGVJ7,2025-08-11 17:30:07,Long Range,4,40.71,Moderate rain
NHB250811173303.RAWGVJB,2025-08-11 17:33:03,Short Range,8,27.07,Clear
NHB250811174007.RAWGVJE,2025-08-11 17:40:07,Long Range,4,40.38,Moderate rain
NHB250811174303.RAWGVJJ,2025-08-11 17:43:03,Short Range,8,30.56,Light rain
NHB250811175007.RAWGVJM,2025-08-11 17:50:07,Long Range,4,40.99,Moderate rain
NHB250811175303.RAWGVJS,2025-08-11 17:53:03,Short Range,8,32.89,Light rain
NHB250811180007.RAWGVJV,2025-08-11 18:00:07,Long Range,4,40.33,Moderate rain
NHB250811180304.RAWGVJZ,2025-08-11 18:03:04,Short Range,8,34.72,Light rain
NHB250811181007.RAWGVK2,2025-08-11 18:10:07,Long Range,4,40.68,Moderate rain
NHB250811181304.RAWGVK6,2025-08-11 18:13:04,Short Range,8,36.08,Light rain
NHB250811182007.RAWGVK9,2025-08-11 18:20:07,Long Range,4,41.27,Moderate rain
NHB250811182303.RAWGVKD,2025-08-11 18:23:03,Short Range,8,38.2,Light rain
NHB250811183007.RAWGVKG,2025-08-11 18:30:07,Long Range,4,41.91,Moderate rain
NHB250811183303.RAWGVKL,2025-08-11 18:33:03,Short Range,8,40.66,Moderate rain
NHB250811184007.RAWGVKP,2025-08-11 18:40:07,Long Range,4,42.15,Moderate rain
NHB250811184303.RAWGVKU,2025-08-11 18:43:03,Short Range,8,41.55,Moderate rain
NHB250811185007.RAWGVKX,2025-08-11 18:50:07,Long Range,4,42.74,Moderate rain
NHB250811185304.RAWGVL1,2025-08-11 18:53:04,Short Range,8,42.39,Moderate rain
NHB250811190007.RAWGVL4,2025-08-11 19:00:07,Long Range,4,43.26,Moderate rain
NHB250811190303.RAWGVL8,2025-08-11 19:03:03,Short Range,8,44.11,Moderate rain
NHB250811191008.RAWGVLB,2025-08-11 19:10:08,Long Range,4,43.89,Moderate rain
NHB250811191304.RAWGVLF,2025-08-11 19:13:04,Short Range,8,45.24,Moderate rain
NHB250811192008.RAWGVLJ,2025-08-11 19:20:08,Long Range,4,44.17,Moderate rain
NHB250811192304.RAWGVLN,2025-08-11 19:23:04,Short Range,8,45.6,Moderate rain
NHB250811193007.RAWGVLS,2025-08-11 19:30:07,Long Range,4,44.78,Moderate rain
NHB250811193304.RAWGVLW,2025-08-11 19:33:04,Short Range,8,45.81,Moderate rain
NHB250811194008.RAWGVLZ,2025-08-11 19:40:08,Long Range,4,44.3,Moderate rain
NHB250811194303.RAWGVM3,2025-08-11 19:43:03,Short Range,8,45.18,Moderate rain
NHB250811195007.RAWGVM6,2025-08-11 19:50:07,Long Range,4,44.11,Moderate rain
NHB250811195304.RAWGVMA,2025-08-11 19:53:04,Short Range,8,44.8,Moderate rain
NHB250811200007.RAWGVMD,2025-08-11 20:00:07,Long Range,4,43.57,Moderate rain
NHB250811200304.RAWGVMH,2025-08-11 20:03:04,Short Range,8,43.92,Moderate rain
NHB250811201008.RAWGVML,2025-08-11 20:10:08,Long Range,4,43.41,Moderate rain
NHB250811201303.RAWGVMR,2025-08-11 20:13:03,Short Range,8,43.9,Moderate rain
NHB250811202007.RAWGVMU,2025-08-11 20:20:07,Long Range,4,43.1,Moderate rain
NHB250811202303.RAWGVMY,2025-08-11 20:23:03,Short Range,8,43.33,Moderate rain
NHB250811203008.RAWGVN1,2025-08-11 20:30:08,Long Range,4,41.37,Moderate rain
NHB250811203303.RAWGVN5,2025-08-11 20:33:03,Short Range,8,42.29,Moderate rain
NHB250811204007.RAWGVN8,2025-08-11 20:40:07,Long Range,4,41.16,Moderate rain
NHB250811204303.RAWGVNC,2025-08-11 20:43:03,Short Range,8,42.42,Moderate rain
NHB250811205008.RAWGVNF,2025-08-11 20:50:08,Long Range,4,40.72,Moderate rain
NHB250811205303.RAWGVNK,2025-08-11 20:53:03,Short Range,8,41.86,Moderate rain
NHB250811210008.RAWGVNN,2025-08-11 21:00:08,Long Range,4,41.11,Moderate rain
NHB250811210303.RAWGVNT,2025-08-11 21:03:03,Short Range,8,41.86,Moderate rain
NHB250811211007.RAWGVNW,2025-08-11 21:10:07,Long Range,4,39.82,Light rain
NHB250811211304.RAWGVP0,2025-08-11 21:13:04,Short Range,8,40.51,Moderate rain
NHB250811212007.RAWGVP3,2025-08-11 21:20:07,Long Range,4,39.18,Light rain
NHB250811212303.RAWGVP7,2025-08-11 21:23:03,Short Range,8,39.86,Light rain
NHB250811213008.RAWGVPA,2025-08-11 21:30:08,Long Range,4,38.49,Light rain
NHB250811213303.RAWGVPE,2025-08-11 21:33:03,Short Range,8,38.58,Light rain
NHB250811214008.RAWGVPH,2025-08-11 21:40:08,Long Range,4,37.86,Light rain
NHB250811214303.RAWGVPM,2025-08-11 21:43:03,Short Range,8,38.24,Light rain
NHB250811215008.RAWGVPR,2025-08-11 21:50:08,Long Range,4,37.67,Light rain
NHB250811215304.RAWGVPV,2025-08-11 21:53:04,Short Range,8,38.29,Light rain
NHB250811220007.RAWGVPY,2025-08-11 22:00:07,Long Range,4,37.49,Light rain
NHB250811220304.RAWGVR2,2025-08-11 22:03:04,Short Range,8,37.96,Light rain
NHB250811221008.RAWGVR5,2025-08-11 22:10:08,Long Range,4,36.4,Light rain
NHB250811221304.RAWGVR9,2025-08-11 22:13:04,Short Range,8,37.38,Light rain
NHB250811222009.RAWGVRC,2025-08-11 22:20:09,Long Range,4,35.53,Light rain
NHB250811222303.RAWGVRG,2025-08-11 22:23:03,Short Range,8,36.0,Light rain
NHB250811223008.RAWGVRK,2025-08-11 22:30:08,Long Range,4,34.81,Light rain
NHB250811223303.RAWGVRP,2025-08-11 22:33:03,Short Range,8,35.34,Light rain
NHB250811224007.RAWGVRT,2025-08-11 22:40:07,Long Range,4,34.87,Light rain
NHB250811224304.RAWGVRX,2025-08-11 22:43:04,Short Range,8,34.91,Light rain
NHB250811225007.RAWGVS0,2025-08-11 22:50:07,Long Range,4,33.93,Light rain
NHB250811225303.RAWGVS4,2025-08-11 22:53:03,Short Range,8,34.47,Light rain
NHB250811230008.RAWGVS7,2025-08-11 23:00:08,Long Range,4,33.94,Light rain
NHB250811230303.RAWGVSB,2025-08-11 23:03:03,Short Range,8,33.49,Light rain
NHB250811231008.RAWGVSE,2025-08-11 23:10:08,Long Range,4,33.48,Light rain
NHB250811231303.RAWGVSJ,2025-08-11 23:13:03,Short Range,8,32.86,Light rain
NHB250811232007.RAWGVSM,2025-08-11 23:20:07,Long Range,4,34.02,Light rain
NHB250811232303.RAWGVSS,2025-08-11 23:23:03,Short Range,8,32.34,Light rain
NHB250811233008.RAWGVSV,2025-08-11 23:30:08,Long Range,4,32.23,Light rain
NHB250811233304.RAWGVSZ,2025-08-11 23:33:04,Short Range,8,31.7,Light rain
NHB250811234008.RAWGVT2,2025-08-11 23:40:08,Long Range,4,31.4,Light rain
NHB250811234303.RAWGVT6,2025-08-11 23:43:03,Short Range,8,31.21,Light rain
NHB250811235008.RAWGVT9,2025-08-11 23:50:08,Long Range,4,31.26,Light rain
NHB250811235303.RAWGVTD,2025-08-11 23:53:03,Short Range,8,30.92,Light rain
NHB250812000008.RAWGVTG,2025-08-12 00:00:08,Long Range,4,31.1,Light rain
NHB250812000305.RAWGVTL,2025-08-12 00:03:05,Short Range,8,30.6,Light rain
NHB250812001007.RAWGVTP,2025-08-12 00:10:07,Long Range,4,31.89,Light rain
NHB250812001304.RAWGVTU,2025-08-12 00:13:04,Short Range,8,30.12,Light rain
NHB250812002008.RAWGVTX,2025-08-12 00:20:08,Long Range,4,31.48,Light rain
NHB250812002303.RAWGVU1,2025-08-12 00:23:03,Short Range,8,29.36,Clear
NHB250812003007.RAWGVU4,2025-08-12 00:30:07,Long Range,4,32.18,Light rain
NHB250812003304.RAWGVU8,2025-08-12 00:33:04,Short Range,8,28.71,Clear
NHB250812004008.RAWGVUB,2025-08-12 00:40:08,Long Range,4,32.7,Light rain
NHB250812004303.RAWGVUF,2025-08-12 00:43:03,Short Range,8,29.24,Clear
NHB250812005008.RAWGVUJ,2025-08-12 00:50:08,Long Range,4,31.93,Light rain
NHB250812005304.RAWGVUN,2025-08-12 00:53:04,Short Range,8,29.98,Clear
NHB250812010008.RAWGVUS,2025-08-12 01:00:08,Long Range,4,31.5,Light rain
NHB250812010304.RAWGVUW,2025-08-12 01:03:04,Short Range,8,31.3,Light rain
NHB250812011008.RAWGVUZ,2025-08-12 01:10:08,Long Range,4,30.72,Light rain
NHB250812011304.RAWGVV3,2025-08-12 01:13:04,Short Range,8,29.54,Clear
NHB250812012007.RAWGVV6,2025-08-12 01:20:07,Long Range,4,29.97,Clear
NHB250812012303.RAWGVVA,2025-08-12 01:23:03,Short Range,8,29.49,Clear
NHB250812013008.RAWGVVD,2025-08-12 01:30:08,Long Range,4,28.86,Clear
NHB250812013303.RAWGVVH,2025-08-12 01:33:03,Short Range,8,29.62,Clear
NHB250812014008.RAWGVVL,2025-08-12 01:40:08,Long Range,4,30.3,Light rain
NHB250812014303.RAWGVVR,2025-08-12 01:43:03,Short Range,8,29.57,Clear
NHB250812015007.RAWGVVU,2025-08-12 01:50:07,Long Range,4,27.79,Clear
NHB250812015304.RAWGVVY,2025-08-12 01:53:04,Short Range,8,27.73,Clear
NHB250812020008.RAWGVW1,2025-08-12 02:00:08,Long Range,4,28.62,Clear
NHB250812020303.RAWGVW5,2025-08-12 02:03:03,Short Range,8,28.66,Clear
NHB250812021007.RAWGVW8,2025-08-12 02:10:07,Long Range,4,28.95,Clear
NHB250812021304.RAWGVWC,2025-08-12 02:13:04,Short Range,8,29.39,Clear
NHB250812022007.RAWGVWF,2025-08-12 02:20:07,Long Range,4,28.01,Clear
NHB250812022304.RAWGVWK,2025-08-12 02:23:04,Short Range,8,27.66,Clear
NHB250812023008.RAWGVWN,2025-08-12 02:30:08,Long Range,4,26.99,Clear
NHB250812023303.RAWGVWT,2025-08-12 02:33:03,Short Range,8,28.7,Clear
NHB250812024008.RAWGVWW,2025-08-12 02:40:08,Long Range,4,27.07,Clear
NHB250812024304.RAWGVX0,2025-08-12 02:43:04,Short Range,8,27.11,Clear
NHB250812025008.RAWGVX3,2025-08-12 02:50:08,Long Range,4,25.89,Clear
NHB250812025303.RAWLE8M,2025-08-12 02:53:03,Short Range,8,27.57,Clear
NHB250812030007.RAWLE8R,2025-08-12 03:00:07,Long Range,4,27.08,Clear
NHB250812030303.RAWLE8V,2025-08-12 03:03:03,Short Range,8,27.42,Clear
NHB250812031007.RAWLE8Y,2025-08-12 03:10:07,Long Range,4,25.53,Clear
NHB250812031304.RAWLE92,2025-08-12 03:13:04,Short Range,8,26.97,Clear
NHB250812032008.RAWLE95,2025-08-12 03:20:08,Long Range,4,25.84,Clear
NHB250812032303.RAWLE99,2025-08-12 03:23:03,Short Range,8,27.49,Clear
NHB250812033008.RAWLE9C,2025-08-12 03:30:08,Long Range,4,27.74,Clear
NHB250812033304.RAWLE9G,2025-08-12 03:33:04,Short Range,8,27.45,Clear
NHB250812034008.RAWLE9K,2025-08-12 03:40:08,Long Range,4,25.38,Clear
NHB250812034304.RAWLE9P,2025-08-12 03:43:04,Short Range,8,27.45,Clear
NHB250812035007.RAWLE9T,2025-08-12 03:50:07,Long Range,4,28.69,Clear
NHB250812035304.RAWLE9X,2025-08-12 03:53:04,Short Range,8,27.66,Clear
NHB250812040008.RAWLEA0,2025-08-12 04:00:08,Long Range,4,27.49,Clear
NHB250812040304.RAWLEA4,2025-08-12 04:03:04,Short Range,8,27.87,Clear
NHB250812041008.RAWLEA7,2025-08-12 04:10:08,Long Range,4,27.01,Clear
NHB250812041304.RAWLEAB,2025-08-12 04:13:04,Short Range,8,27.91,Clear
NHB250812042008.RAWLEAE,2025-08-12 04:20:08,Long Range,4,28.42,Clear
NHB250812042303.RAWLEAJ,2025-08-12 04:23:03,Short Range,8,27.47,Clear
NHB250812043007.RAWLEAM,2025-08-12 04:30:07,Long Range,4,28.7,Clear
NHB250812043303.RAWLEAS,2025-08-12 04:33:03,Short Range,8,27.4,Clear
NHB250812044007.RAWLEAV,2025-08-12 04:40:07,Long Range,4,27.76,Clear
NHB250812044303.RAWLEAZ,2025-08-12 04:43:03,Short Range,8,27.47,Clear
NHB250812045008.RAWLEB2,2025-08-12 04:50:08,Long Range,4,28.32,Clear
NHB250812045304.RAWLEB6,2025-08-12 04:53:04,Short Range,8,28.54,Clear
NHB250812050008.RAWLEB9,2025-08-12 05:00:08,Long Range,4,30.68,Light rain
NHB250812050304.RAWLEBD,2025-08-12 05:03:04,Short Range,8,29.75,Clear
NHB250812051008.RAWLEBG,2025-08-12 05:10:08,Long Range,4,30.93,Light rain
NHB250812051303.RAWLEBL,2025-08-12 05:13:03,Short Range,8,34.3,Light rain
NHB250812052008.RAWLEBP,2025-08-12 05:20:08,Long Range,4,33.0,Light rain
NHB250812052303.RAWLEBU,2025-08-12 05:23:03,Short Range,8,34.34,Light rain
NHB250812053008.RAWLEBX,2025-08-12 05:30:08,Long Range,4,39.8,Light rain
NHB250812053303.RAWLEC1,2025-08-12 05:33:03,Short Range,8,37.08,Light rain
NHB250812054007.RAWLEC4,2025-08-12 05:40:07,Long Range,4,38.81,Light rain
NHB250812054304.RAWLEC8,2025-08-12 05:43:04,Short Range,8,36.88,Light rain
NHB250812055008.RAWLECB,2025-08-12 05:50:08,Long Range,4,39.62,Light rain
NHB250812055304.RAWLECF,2025-08-12 05:53:04,Short Range,8,37.39,Light rain
NHB250812060008.RAWLECJ,2025-08-12 06:00:08,Long Range,4,37.9,Light rain
NHB250812060304.RAWLECN,2025-08-12 06:03:04,Short Range,8,37.21,Light rain
NHB250812061008.RAWLECS,2025-08-12 06:10:08,Long Range,4,37.77,Light rain
NHB250812061303.RAWLECW,2025-08-12 06:13:03,Short Range,8,38.2,Light rain
NHB250812062008.RAWLECZ,2025-08-12 06:20:08,Long Range,4,42.02,Moderate rain
NHB250812062303.RAWLED3,2025-08-12 06:23:03,Short Range,8,40.68,Moderate rain
NHB250812063008.RAWLED6,2025-08-12 06:30:08,Long Range,4,41.48,Moderate rain
NHB250812063303.RAWLEDA,2025-08-12 06:33:03,Short Range,8,43.68,Moderate rain
NHB250812064008.RAWLEDD,2025-08-12 06:40:08,Long Range,4,44.01,Moderate rain
NHB250812064304.RAWLEDH,2025-08-12 06:43:04,Short Range,8,45.26,Moderate rain
NHB250812065008.RAWLEDL,2025-08-12 06:50:08,Long Range,4,45.71,Moderate rain
NHB250812065304.RAWLEDR,2025-08-12 06:53:04,Short Range,8,45.56,Moderate rain
NHB250812070007.RAWLEDU,2025-08-12 07:00:07,Long Range,4,45.8,Moderate rain
NHB250812070304.RAWLEDY,2025-08-12 07:03:04,Short Range,8,48.08,Heavy rain
NHB250812071008.RAWLEE1,2025-08-12 07:10:08,Long Range,4,47.42,Moderate rain
NHB250812071303.RAWLEE5,2025-08-12 07:13:03,Short Range,8,48.21,Heavy rain
NHB250812072008.RAWLEE8,2025-08-12 07:20:08,Long Range,4,46.72,Moderate rain
NHB250812072303.RAWLEEC,2025-08-12 07:23:03,Short Range,8,49.7,Heavy rain
NHB250812073008.RAWLEEF,2025-08-12 07:30:08,Long Range,4,46.78,Moderate rain
NHB250812073303.RAWLEEK,2025-08-12 07:33:03,Short Range,8,47.18,Moderate rain
NHB250812074007.RAWLEEN,2025-08-12 07:40:07,Long Range,4,45.63,Moderate rain
NHB250812074304.RAWLEET,2025-08-12 07:43:04,Short Range,8,45.03,Moderate rain
NHB250812075007.RAWLEEW,2025-08-12 07:50:07,Long Range,4,46.02,Moderate rain
NHB250812075303.RAWLEF0,2025-08-12 07:53:03,Short Range,8,44.64,Moderate rain
NHB250812080008.RAWLEF3,2025-08-12 08:00:08,Long Range,4,46.79,Moderate rain
NHB250812080303.RAWLEF7,2025-08-12 08:03:03,Short Range,8,44.77,Moderate rain
NHB250812081007.RAWLEFA,2025-08-12 08:10:07,Long Range,4,46.26,Moderate rain
NHB250812081303.RAWLEFE,2025-08-12 08:13:03,Short Range,8,43.82,Moderate rain
NHB250812082008.RAWLEFH,2025-08-12 08:20:08,Long Range,4,46.14,Moderate rain
NHB250812082304.RAWLEFM,2025-08-12 08:23:04,Short Range,8,45.25,Moderate rain
NHB250812083007.RAWLEFR,2025-08-12 08:30:07,Long Range,4,46.21,Moderate rain
NHB250812083304.RAWLEFV,2025-08-12 08:33:04,Short Range,8,44.11,Moderate rain
NHB250812084008.RAWLEFY,2025-08-12 08:40:08,Long Range,4,45.74,Moderate rain
NHB250812084303.RAWLEG2,2025-08-12 08:43:03,Short Range,8,42.48,Moderate rain
NHB250812085007.RAWLEG5,2025-08-12 08:50:07,Long Range,4,45.72,Moderate rain
NHB250812085303.RAWLEG9,2025-08-12 08:53:03,Short Range,8,41.37,Moderate rain
NHB250812090008.RAWLEGC,2025-08-12 09:00:08,Long Range,4,44.49,Moderate rain
NHB250812090304.RAWLEGG,2025-08-12 09:03:04,Short Range,8,38.85,Light rain
NHB250812091008.RAWLEGK,2025-08-12 09:10:08,Long Range,4,44.34,Moderate rain
NHB250812091304.RAWLEGP,2025-08-12 09:13:04,Short Range,8,36.06,Light rain
NHB250812092008.RAWLEGT,2025-08-12 09:20:08,Long Range,4,44.05,Moderate rain
NHB250812092303.RAWLEGX,2025-08-12 09:23:03,Short Range,8,34.77,Light rain
NHB250812093008.RAWLEH0,2025-08-12 09:30:08,Long Range,4,44.4,Moderate rain
NHB250812093303.RAWLEH4,2025-08-12 09:33:03,Short Range,8,37.53,Light rain
NHB250812094008.RAWLEH7,2025-08-12 09:40:08,Long Range,4,43.85,Moderate rain
NHB250812094304.RAWLEHB,2025-08-12 09:43:04,Short Range,8,37.44,Light rain
NHB250812095008.RAWLEHE,2025-08-12 09:50:08,Long Range,4,44.97,Moderate rain
NHB250812095304.RAWLEHJ,2025-08-12 09:53:04,Short Range,8,34.14,Light rain
NHB250812100008.RAWLEHM,2025-08-12 10:00:08,Long Range,4,43.98,Moderate rain
NHB250812100303.RAWLEHS,2025-08-12 10:03:03,Short Range,8,33.24,Light rain
NHB250812101008.RAWLEHV,2025-08-12 10:10:08,Long Range,4,43.8,Moderate rain
NHB250812101303.RAWLEHZ,2025-08-12 10:13:03,Short Range,8,33.79,Light rain
NHB250812102007.RAWLEJ2,2025-08-12 10:20:07,Long Range,4,44.36,Moderate rain
NHB250812102303.RAWLEJ6,2025-08-12 10:23:03,Short Range,8,34.65,Light rain
NHB250812103007.RAWLEJ9,2025-08-12 10:30:07,Long Range,4,44.74,Moderate rain
NHB250812103304.RAWLEJD,2025-08-12 10:33:04,Short Range,8,37.64,Light rain
NHB250812104008.RAWLEJG,2025-08-12 10:40:08,Long Range,4,44.61,Moderate rain
NHB250812104303.RAWLEJL,2025-08-12 10:43:03,Short Range,8,38.07,Light rain
NHB250812105007.RAWLEJP,2025-08-12 10:50:07,Long Range,4,45.13,Moderate rain
NHB250812105303.RAWLEJU,2025-08-12 10:53:03,Short Range,8,39.13,Light rain
NHB250812110008.RAWLEJX,2025-08-12 11:00:08,Long Range,4,43.96,Moderate rain
NHB250812110304.RAWLEK1,2025-08-12 11:03:04,Short Range,8,34.7,Light rain
NHB250812111007.RAWLEK4,2025-08-12 11:10:07,Long Range,4,43.57,Moderate rain
NHB250812111305.RAWLEK8,2025-08-12 11:13:05,Short Range,8,30.57,Light rain
NHB250812112008.RAWLEKB,2025-08-12 11:20:08,Long Range,4,43.18,Moderate rain
NHB250812112304.RAWLEKF,2025-08-12 11:23:04,Short Range,8,27.81,Clear
NHB250812113008.RAWLEKJ,2025-08-12 11:30:08,Long Range,4,41.91,Moderate rain
NHB250812113304.RAWLEKN,2025-08-12 11:33:04,Short Range,8,27.23,Clear
NHB250812114008.RAWLEKS,2025-08-12 11:40:08,Long Range,4,41.02,Moderate rain
NHB250812114304.RAWLEKW,2025-08-12 11:43:04,Short Range,8,27.71,Clear
NHB250812115008.RAWLEKZ,2025-08-12 11:50:08,Long Range,4,41.26,Moderate rain
NHB250812115303.RAWLEL3,2025-08-12 11:53:03,Short Range,8,32.84,Light rain
NHB250812120007.RAWLEL6,2025-08-12 12:00:07,Long Range,4,41.63,Moderate rain
NHB250812120303.RAWLELA,2025-08-12 12:03:03,Short Range,8,34.23,Light rain
NHB250812121007.RAWLELD,2025-08-12 12:10:07,Long Range,4,41.12,Moderate rain
NHB250812121303.RAWLELH,2025-08-12 12:13:03,Short Range,8,34.25,Light rain
NHB250812122008.RAWLELL,2025-08-12 12:20:08,Long Range,4,41.11,Moderate rain
NHB250812122303.RAWLELR,2025-08-12 12:23:03,Short Range,8,32.96,Light rain
NHB250812123007.RAWLELU,2025-08-12 12:30:07,Long Range,4,40.4,Moderate rain
NHB250812123304.RAWLELY,2025-08-12 12:33:04,Short Range,8,30.8,Light rain
NHB250812124009.RAWLEM1,2025-08-12 12:40:09,Long Range,4,40.54,Moderate rain
NHB250812124303.RAWLEM5,2025-08-12 12:43:03,Short Range,8,27.07,Clear
NHB250812125008.RAWLEM8,2025-08-12 12:50:08,Long Range,4,40.29,Moderate rain
NHB250812125303.RAWLEMC,2025-08-12 12:53:03,Short Range,8,24.99,Clear
NHB250812130008.RAWLEMF,2025-08-12 13:00:08,Long Range,4,39.79,Light rain
NHB250812130304.RAWLEMK,2025-08-12 13:03:04,Short Range,8,23.72,Clear
NHB250812131008.RAWLEMN,2025-08-12 13:10:08,Long Range,4,40.82,Moderate rain
NHB250812131304.RAWLEMT,2025-08-12 13:13:04,Short Range,8,23.33,Clear
NHB250812132008.RAWLEMW,2025-08-12 13:20:08,Long Range,4,41.51,Moderate rain
NHB250812132304.RAWLEN0,2025-08-12 13:23:04,Short Range,8,22.34,Clear
NHB250812133007.RAWLEN3,2025-08-12 13:30:07,Long Range,4,41.3,Moderate rain
NHB250812133305.RAWLEN7,2025-08-12 13:33:05,Short Range,8,22.36,Clear
NHB250812134008.RAWLENA,2025-08-12 13:40:08,Long Range,4,41.41,Moderate rain
NHB250812134304.RAWLENE,2025-08-12 13:43:04,Short Range,8,22.33,Clear
NHB250812135008.RAWLENH,2025-08-12 13:50:08,Long Range,4,41.68,Moderate rain
NHB250812135303.RAWLENM,2025-08-12 13:53:03,Short Range,8,23.61,Clear
NHB250812140007.RAWLENR,2025-08-12 14:00:07,Long Range,4,41.58,Moderate rain
NHB250812140303.RAWLENV,2025-08-12 14:03:03,Short Range,8,23.82,Clear
NHB250812141007.RAWLENY,2025-08-12 14:10:07,Long Range,4,41.3,Moderate rain
NHB250812141303.RAWLEP2,2025-08-12 14:13:03,Short Range,8,24.22,Clear
NHB250812142007.RAWLEP5,2025-08-12 14:20:07,Long Range,4,41.23,Moderate rain
NHB250812142303.RAWLEP9,2025-08-12 14:23:03,Short Range,8,24.01,Clear
NHB250812143007.RAWLEPC,2025-08-12 14:30:07,Long Range,4,40.78,Moderate rain
NHB250812143304.RAWLEPG,2025-08-12 14:33:04,Short Range,8,24.8,Clear
NHB250812144008.RAWLEPK,2025-08-12 14:40:08,Long Range,4,40.23,Moderate rain
NHB250812144304.RAWLEPP,2025-08-12 14:43:04,Short Range,8,26.02,Clear
NHB250812145008.RAWLEPT,2025-08-12 14:50:08,Long Range,4,39.44,Light rain
NHB250812145303.RAWLEPX,2025-08-12 14:53:03,Short Range,8,25.05,Clear
NHB250812150008.RAWLER0,2025-08-12 15:00:08,Long Range,4,39.14,Light rain
NHB250812150303.RAWLER4,2025-08-12 15:03:03,Short Range,8,27.1,Clear
NHB250812151008.RAWLER7,2025-08-12 15:10:08,Long Range,4,39.67,Light rain
NHB250812151303.RAWLERB,2025-08-12 15:13:03,Short Range,8,26.98,Clear
NHB250812152008.RAWLERE,2025-08-12 15:20:08,Long Range,4,40.28,Moderate rain
NHB250812152303.RAWLERJ,2025-08-12 15:23:03,Short Range,8,28.01,Clear
NHB250812153008.RAWLERM,2025-08-12 15:30:08,Long Range,4,41.19,Moderate rain
NHB250812153303.RAWLERS,2025-08-12 15:33:03,Short Range,8,28.6,Clear
NHB250812154007.RAWLERV,2025-08-12 15:40:07,Long Range,4,41.74,Moderate rain
NHB250812154303.RAWLERZ,2025-08-12 15:43:03,Short Range,8,28.64,Clear
NHB250812155007.RAWLES2,2025-08-12 15:50:07,Long Range,4,42.14,Moderate rain
NHB250812155303.RAWLES6,2025-08-12 15:53:03,Short Range,8,29.06,Clear
NHB250812160007.RAWLES9,2025-08-12 16:00:07,Long Range,4,42.36,Moderate rain
NHB250812160304.RAWLESD,2025-08-12 16:03:04,Short Range,8,29.36,Clear
NHB250812161008.RAWLESG,2025-08-12 16:10:08,Long Range,4,42.68,Moderate rain
NHB250812161303.RAWLESL,2025-08-12 16:13:03,Short Range,8,29.52,Clear
NHB250812162007.RAWLESP,2025-08-12 16:20:07,Long Range,4,42.63,Moderate rain
NHB250812162303.RAWLESU,2025-08-12 16:23:03,Short Range,8,29.44,Clear
NHB250812163008.RAWLESX,2025-08-12 16:30:08,Long Range,4,41.92,Moderate rain
NHB250812163304.RAWLET1,2025-08-12 16:33:04,Short Range,8,28.99,Clear
NHB250812164008.RAWLET4,2025-08-12 16:40:08,Long Range,4,41.25,Moderate rain
NHB250812164303.RAWLET8,2025-08-12 16:43:03,Short Range,8,29.55,Clear
NHB250812165008.RAWLETB,2025-08-12 16:50:08,Long Range,4,41.32,Moderate rain
NHB250812165304.RAWLETF,2025-08-12 16:53:04,Short Range,8,29.65,Clear
NHB250812170008.RAWLETJ,2025-08-12 17:00:08,Long Range,4,41.33,Moderate rain
NHB250812170305.RAWLETN,2025-08-12 17:03:05,Short Range,8,30.77,Light rain
NHB250812171009.RAWLETS,2025-08-12 17:10:09,Long Range,4,41.47,Moderate rain
NHB250812171304.RAWLETW,2025-08-12 17:13:04,Short Range,8,32.09,Light rain
NHB250812172009.RAWLETZ,2025-08-12 17:20:09,Long Range,4,41.04,Moderate rain
NHB250812172303.RAWLEU3,2025-08-12 17:23:03,Short Range,8,33.69,Light rain
NHB250812173008.RAWLEU6,2025-08-12 17:30:08,Long Range,4,41.22,Moderate rain
NHB250812173304.RAWLEUA,2025-08-12 17:33:04,Short Range,8,34.87,Light rain
NHB250812174007.RAWLEUD,2025-08-12 17:40:07,Long Range,4,42.15,Moderate rain
NHB250812174304.RAWLEUH,2025-08-12 17:43:04,Short Range,8,35.18,Light rain
NHB250812175007.RAWLEUL,2025-08-12 17:50:07,Long Range,4,41.39,Moderate rain
NHB250812175304.RAWLEUR,2025-08-12 17:53:04,Short Range,8,34.95,Light rain
NHB250812180008.RAWLEUU,2025-08-12 18:00:08,Long Range,4,41.3,Moderate rain
NHB250812180303.RAWLEUY,2025-08-12 18:03:03,Short Range,8,35.67,Light rain
NHB250812181008.RAWLEV1,2025-08-12 18:10:08,Long Range,4,41.82,Moderate rain
NHB250812181304.RAWLEV5,2025-08-12 18:13:04,Short Range,8,35.6,Light rain
NHB250812182007.RAWLEV8,2025-08-12 18:20:07,Long Range,4,41.8,Moderate rain
NHB250812182303.RAWLEVC,2025-08-12 18:23:03,Short Range,8,34.47,Light rain
NHB250812183008.RAWLEVF,2025-08-12 18:30:08,Long Range,4,41.48,Moderate rain
NHB250812183303.RAWLEVK,2025-08-12 18:33:03,Short Range,8,33.75,Light rain
NHB250812184007.RAWLEVN,2025-08-12 18:40:07,Long Range,4,42.25,Moderate rain
NHB250812184304.RAWLEVT,2025-08-12 18:43:04,Short Range,8,33.35,Light rain
NHB250812185007.RAWLEVW,2025-08-12 18:50:07,Long Range,4,42.76,Moderate rain
NHB250812185303.RAWLEW0,2025-08-12 18:53:03,Short Range,8,32.12,Light rain
NHB250812190008.RAWLEW3,2025-08-12 19:00:08,Long Range,4,43.33,Moderate rain
NHB250812190303.RAWLEW7,2025-08-12 19:03:03,Short Range,8,32.6,Light rain
NHB250812191008.RAWLEWA,2025-08-12 19:10:08,Long Range,4,43.81,Moderate rain
NHB250812191304.RAWLEWE,2025-08-12 19:13:04,Short Range,8,34.98,Light rain
NHB250812192008.RAWLEWH,2025-08-12 19:20:08,Long Range,4,44.03,Moderate rain
NHB250812192303.RAWLEWM,2025-08-12 19:23:03,Short Range,8,36.32,Light rain
NHB250812193008.RAWLEWR,2025-08-12 19:30:08,Long Range,4,43.1,Moderate rain
NHB250812193304.RAWLEWV,2025-08-12 19:33:04,Short Range,8,36.86,Light rain
NHB250812194007.RAWLEWY,2025-08-12 19:40:07,Long Range,4,44.4,Moderate rain
NHB250812194303.RAWLEX2,2025-08-12 19:43:03,Short Range,8,37.81,Light rain
NHB250812195007.RAWLEX5,2025-08-12 19:50:07,Long Range,4,44.7,Moderate rain
NHB250812195304.RAWLEX9,2025-08-12 19:53:04,Short Range,8,39.72,Light rain
NHB250812200008.RAWLEXC,2025-08-12 20:00:08,Long Range,4,44.85,Moderate rain
NHB250812200304.RAWLEXG,2025-08-12 20:03:04,Short Range,8,40.23,Moderate rain
NHB250812201007.RAWLEXK,2025-08-12 20:10:07,Long Range,4,43.84,Moderate rain
NHB250812201304.RAWLEXP,2025-08-12 20:13:04,Short Range,8,40.32,Moderate rain
NHB250812202008.RAWLEXT,2025-08-12 20:20:08,Long Range,4,42.31,Moderate rain
NHB250812202304.RAWLEXX,2025-08-12 20:23:04,Short Range,8,38.41,Light rain
NHB250812203008.RAWLEY0,2025-08-12 20:30:08,Long Range,4,40.44,Moderate rain
NHB250812203304.RAWLEY4,2025-08-12 20:33:04,Short Range,8,36.13,Light rain
NHB250812204008.RAWLEY7,2025-08-12 20:40:08,Long Range,4,38.79,Light rain
NHB250812204303.RAWLEYB,2025-08-12 20:43:03,Short Range,8,34.95,Light rain
NHB250812205008.RAWLEYE,2025-08-12 20:50:08,Long Range,4,36.5,Light rain
NHB250812205303.RAWLEYJ,2025-08-12 20:53:03,Short Range,8,32.93,Light rain
NHB250812210009.RAWLEYM,2025-08-12 21:00:09,Long Range,4,34.9,Light rain
NHB250812210303.RAWLEYS,2025-08-12 21:03:03,Short Range,8,32.93,Light rain
NHB250812211007.RAWLEYV,2025-08-12 21:10:07,Long Range,4,34.92,Light rain
NHB250812211303.RAWLEYZ,2025-08-12 21:13:03,Short Range,8,33.47,Light rain
NHB250812212007.RAWLEZ2,2025-08-12 21:20:07,Long Range,4,34.63,Light rain
NHB250812212304.RAWLEZ6,2025-08-12 21:23:04,Short Range,8,32.89,Light rain
NHB250812213008.RAWLEZ9,2025-08-12 21:30:08,Long Range,4,34.49,Light rain
NHB250812213303.RAWLEZD,2025-08-12 21:33:03,Short Range,8,31.75,Light rain
NHB250812214008.RAWLEZG,2025-08-12 21:40:08,Long Range,4,33.6,Light rain
NHB250812214303.RAWLEZL,2025-08-12 21:43:03,Short Range,8,30.26,Light rain
NHB250812215007.RAWLEZP,2025-08-12 21:50:07,Long Range,4,32.78,Light rain
NHB250812215303.RAWLEZU,2025-08-12 21:53:03,Short Range,8,27.41,Clear
NHB250812220009.RAWLEZX,2025-08-12 22:00:09,Long Range,4,33.49,Light rain
NHB250812220303.RAWLF01,2025-08-12 22:03:03,Short Range,8,25.79,Clear
NHB250812221008.RAWLF04,2025-08-12 22:10:08,Long Range,4,31.9,Light rain
NHB250812221304.RAWLF08,2025-08-12 22:13:04,Short Range,8,25.0,Clear
NHB250812222008.RAWLF0B,2025-08-12 22:20:08,Long Range,4,32.38,Light rain
NHB250812222304.RAWLF0F,2025-08-12 22:23:04,Short Range,8,24.57,Clear
NHB250812223007.RAWLF0J,2025-08-12 22:30:07,Long Range,4,31.47,Light rain
NHB250812223303.RAWLF0N,2025-08-12 22:33:03,Short Range,8,22.61,Clear
NHB250812224008.RAWLF0S,2025-08-12 22:40:08,Long Range,4,30.87,Light rain
NHB250812224303.RAWLF0W,2025-08-12 22:43:03,Short Range,8,25.61,Clear
NHB250812225008.RAWLF0Z,2025-08-12 22:50:08,Long Range,4,31.93,Light rain
NHB250812225303.RAWLF13,2025-08-12 22:53:03,Short Range,8,26.64,Clear
NHB250812230008.RAWLF16,2025-08-12 23:00:08,Long Range,4,33.03,Light rain
NHB250812230303.RAWLF1A,2025-08-12 23:03:03,Short Range,8,27.74,Clear
NHB250812231007.RAWLF1D,2025-08-12 23:10:07,Long Range,4,29.98,Clear
NHB250812231303.RAWLF1H,2025-08-12 23:13:03,Short Range,8,26.45,Clear
NHB250812232007.RAWLF1L,2025-08-12 23:20:07,Long Range,4,31.3,Light rain
NHB250812232303.RAWLF1R,2025-08-12 23:23:03,Short Range,8,26.48,Clear
NHB250812233008.RAWLF1U,2025-08-12 23:30:08,Long Range,4,30.78,Light rain
NHB250812233303.RAWLF1Y,2025-08-12 23:33:03,Short Range,8,26.1,Clear
NHB250812234008.RAWLF21,2025-08-12 23:40:08,Long Range,4,31.66,Light rain
NHB250812234303.RAWLF25,2025-08-12 23:43:03,Short Range,8,27.79,Clear
NHB250812235009.RAWLF28,2025-08-12 23:50:09,Long Range,4,33.27,Light rain
NHB250812235304.RAWLF2C,2025-08-12 23:53:04,Short Range,8,27.5,Clear
NHB250813000008.RAWLF2F,2025-08-13 00:00:08,Long Range,4,33.31,Light rain
NHB250813000304.RAWLF2K,2025-08-13 00:03:04,Short Range,8,28.1,Clear
NHB250813001007.RAWLF2N,2025-08-13 00:10:07,Long Range,4,34.42,Light rain
NHB250813001303.RAWLF2T,2025-08-13 00:13:03,Short Range,8,28.93,Clear
NHB250813002008.RAWLF2W,2025-08-13 00:20:08,Long Range,4,35.28,Light rain
NHB250813002303.RAWLF30,2025-08-13 00:23:03,Short Range,8,29.9,Clear
NHB250813003008.RAWLF33,2025-08-13 00:30:08,Long Range,4,33.99,Light rain
NHB250813003303.RAWLF37,2025-08-13 00:33:03,Short Range,8,31.11,Light rain
NHB250813004008.RAWLF3A,2025-08-13 00:40:08,Long Range,4,35.09,Light rain
NHB250813004304.RAWLF3E,2025-08-13 00:43:04,Short Range,8,31.5,Light rain
NHB250813005008.RAWLF3H,2025-08-13 00:50:08,Long Range,4,35.55,Light rain
NHB250813005303.RAWLF3M,2025-08-13 00:53:03,Short Range,8,31.25,Light rain
NHB250813010008.RAWLF3R,2025-08-13 01:00:08,Long Range,4,36.1,Light rain
NHB250813010304.RAWLF3V,2025-08-13 01:03:04,Short Range,8,30.72,Light rain
NHB250813011007.RAWLF3Y,2025-08-13 01:10:07,Long Range,4,34.69,Light rain
NHB250813011303.RAWLF42,2025-08-13 01:13:03,Short Range,8,30.08,Light rain
NHB250813012007.RAWLF45,2025-08-13 01:20:07,Long Range,4,35.17,Light rain
NHB250813012303.RAWLF49,2025-08-13 01:23:03,Short Range,8,29.01,Clear
NHB250813013008.RAWLF4C,2025-08-13 01:30:08,Long Range,4,35.24,Light rain
NHB250813013303.RAWLF4G,2025-08-13 01:33:03,Short Range,8,28.79,Clear
NHB250813014007.RAWLF4K,2025-08-13 01:40:07,Long Range,4,34.98,Light rain
NHB250813014303.RAWLF4P,2025-08-13 01:43:03,Short Range,8,28.67,Clear
NHB250813015008.RAWLF4T,2025-08-13 01:50:08,Long Range,4,35.55,Light rain
NHB250813015303.RAWLF4X,2025-08-13 01:53:03,Short Range,8,28.43,Clear
NHB250813020008.RAWLF50,2025-08-13 02:00:08,Long Range,4,35.66,Light rain
NHB250813020303.RAWLF54,2025-08-13 02:03:03,Short Range,8,28.66,Clear
NHB250813021008.RAWLF57,2025-08-13 02:10:08,Long Range,4,36.35,Light rain
NHB250813021303.RAWLF5B,2025-08-13 02:13:03,Short Range,8,28.8,Clear
NHB250813022007.RAWLF5E,2025-08-13 02:20:07,Long Range,4,36.67,Light rain
NHB250813022304.RAWLF5J,2025-08-13 02:23:04,Short Range,8,29.2,Clear
NHB250813023007.RAWLF5M,2025-08-13 02:30:07,Long Range,4,35.1,Light rain
NHB250813023303.RAWLF5S,2025-08-13 02:33:03,Short Range,8,31.1,Light rain
NHB250813024009.RAWLF5V,2025-08-13 02:40:09,Long Range,4,38.42,Light rain
NHB250813024303.RAWLF5Z,2025-08-13 02:43:03,Short Range,8,34.22,Light rain
NHB250813025008.RAWLF62,2025-08-13 02:50:08,Long Range,4,38.21,Light rain
NHB250813025304.RAWLF66,2025-08-13 02:53:04,Short Range,8,34.69,Light rain
NHB250813030009.RAWLF69,2025-08-13 03:00:09,Long Range,4,38.51,Light rain
NHB250813030304.RAWLF6D,2025-08-13 03:03:04,Short Range,8,35.83,Light rain
NHB250813031007.RAWLF6G,2025-08-13 03:10:07,Long Range,4,37.97,Light rain
NHB250813031304.RAWLF6L,2025-08-13 03:13:04,Short Range,8,36.93,Light rain
NHB250813032008.RAWLF6P,2025-08-13 03:20:08,Long Range,4,39.21,Light rain
NHB250813032304.RAWLF6U,2025-08-13 03:23:04,Short Range,8,37.72,Light rain
NHB250813033007.RAWLF6X,2025-08-13 03:30:07,Long Range,4,37.63,Light rain
NHB250813033304.RAWLF71,2025-08-13 03:33:04,Short Range,8,36.72,Light rain
NHB250813034008.RAWLF74,2025-08-13 03:40:08,Long Range,4,37.6,Light rain
NHB250813034303.RAWLF78,2025-08-13 03:43:03,Short Range,8,36.3,Light rain
NHB250813035008.RAWLF7B,2025-08-13 03:50:08,Long Range,4,37.38,Light rain
NHB250813035304.RAWLF7F,2025-08-13 03:53:04,Short Range,8,35.67,Light rain
NHB250813040008.RAWLF7J,2025-08-13 04:00:08,Long Range,4,36.3,Light rain
NHB250813040303.RAWLF7N,2025-08-13 04:03:03,Short Range,8,34.9,Light rain
NHB250813041007.RAWLF7S,2025-08-13 04:10:07,Long Range,4,36.43,Light rain
NHB250813041304.RAWLF7W,2025-08-13 04:13:04,Short Range,8,35.93,Light rain
NHB250813042008.RAWLF7Z,2025-08-13 04:20:08,Long Range,4,37.19,Light rain
NHB250813042304.RAWLF83,2025-08-13 04:23:04,Short Range,8,35.76,Light rain
NHB250813043008.RAWLF86,2025-08-13 04:30:08,Long Range,4,37.38,Light rain
NHB250813043304.RAWLF8A,2025-08-13 04:33:04,Short Range,8,36.69,Light rain
NHB250813044008.RAWLF8D,2025-08-13 04:40:08,Long Range,4,37.88,Light rain
NHB250813044304.RAWLF8H,2025-08-13 04:43:04,Short Range,8,37.73,Light rain
NHB250813045008.RAWLF8L,2025-08-13 04:50:08,Long Range,4,39.4,Light rain
NHB250813045304.RAWLF8R,2025-08-13 04:53:04,Short Range,8,39.27,Light rain
NHB250813050007.RAWLF8U,2025-08-13 05:00:07,Long Range,4,39.28,Light rain
NHB250813050303.RAWLF8Y,2025-08-13 05:03:03,Short Range,8,41.12,Moderate rain
NHB250813051008.RAWLF91,2025-08-13 05:10:08,Long Range,4,40.14,Moderate rain
NHB250813051303.RAWLF95,2025-08-13 05:13:03,Short Range,8,44.57,Moderate rain
NHB250813052008.RAWLF98,2025-08-13 05:20:08,Long Range,4,40.99,Moderate rain
NHB250813052304.RAWLF9C,2025-08-13 05:23:04,Short Range,8,48.91,Heavy rain
NHB250813053008.RAWLF9F,2025-08-13 05:30:08,Long Range,4,44.23,Moderate rain
NHB250813053303.RAWLF9K,2025-08-13 05:33:03,Short Range,8,49.46,Heavy rain
NHB250813054007.RAWLF9N,2025-08-13 05:40:07,Long Range,4,44.92,Moderate rain
NHB250813054303.RAWLF9T,2025-08-13 05:43:03,Short Range,8,49.7,Heavy rain
NHB250813055008.RAWLF9W,2025-08-13 05:50:08,Long Range,4,46.11,Moderate rain
NHB250813055303.RAWLFA0,2025-08-13 05:53:03,Short Range,8,51.96,Heavy rain
NHB250813060008.RAWLFA3,2025-08-13 06:00:08,Long Range,4,46.6,Moderate rain
NHB250813060304.RAWLFA7,2025-08-13 06:03:04,Short Range,8,50.75,Heavy rain
NHB250813061008.RAWLFAA,2025-08-13 06:10:08,Long Range,4,45.06,Moderate rain
NHB250813061303.RAWLFAE,2025-08-13 06:13:03,Short Range,8,49.53,Heavy rain
NHB250813062008.RAWLFAH,2025-08-13 06:20:08,Long Range,4,45.93,Moderate rain
NHB250813062304.RAWLFAM,2025-08-13 06:23:04,Short Range,8,49.89,Heavy rain
NHB250813063008.RAWLFAR,2025-08-13 06:30:08,Long Range,4,45.75,Moderate rain
NHB250813063303.RAWLFAV,2025-08-13 06:33:03,Short Range,8,48.59,Heavy rain
NHB250813064008.RAWLFAY,2025-08-13 06:40:08,Long Range,4,45.06,Moderate rain
NHB250813064303.RAWLFB2,2025-08-13 06:43:03,Short Range,8,47.33,Moderate rain
NHB250813065008.RAWLFB5,2025-08-13 06:50:08,Long Range,4,45.33,Moderate rain
NHB250813065304.RAWLFB9,2025-08-13 06:53:04,Short Range,8,47.17,Moderate rain
NHB250813070007.RAWLFBC,2025-08-13 07:00:07,Long Range,4,45.19,Moderate rain
NHB250813070303.RAWLFBG,2025-08-13 07:03:03,Short Range,8,47.36,Moderate rain
NHB250813071007.RAWLFBK,2025-08-13 07:10:07,Long Range,4,45.63,Moderate rain
NHB250813071303.RAWLFBP,2025-08-13 07:13:03,Short Range,8,49.06,Heavy rain
NHB250813072007.RAWLFBT,2025-08-13 07:20:07,Long Range,4,45.03,Moderate rain
NHB250813072304.RAWLFBX,2025-08-13 07:23:04,Short Range,8,47.46,Moderate rain
NHB250813073008.RAWLFC0,2025-08-13 07:30:08,Long Range,4,44.58,Moderate rain
NHB250813073304.RAWLFC4,2025-08-13 07:33:04,Short Range,8,47.07,Moderate rain
NHB250813074008.RAWLFC7,2025-08-13 07:40:08,Long Range,4,45.09,Moderate rain
NHB250813074303.RAWLFCB,2025-08-13 07:43:03,Short Range,8,46.83,Moderate rain
NHB250813075008.RAWLFCE,2025-08-13 07:50:08,Long Range,4,44.06,Moderate rain
NHB250813075303.RAWLFCJ,2025-08-13 07:53:03,Short Range,8,45.12,Moderate rain
NHB250813080008.RAWLFCM,2025-08-13 08:00:08,Long Range,4,43.12,Moderate rain
NHB250813080304.RAWLFCS,2025-08-13 08:03:04,Short Range,8,43.08,Moderate rain
NHB250813081008.RAWLFCV,2025-08-13 08:10:08,Long Range,4,43.17,Moderate rain
NHB250813081304.RAWLFCZ,2025-08-13 08:13:04,Short Range,8,43.47,Moderate rain
NHB250813082008.RAWLFD2,2025-08-13 08:20:08,Long Range,4,42.91,Moderate rain
NHB250813082303.RAWLFD6,2025-08-13 08:23:03,Short Range,8,41.36,Moderate rain
NHB250813083008.RAWLFD9,2025-08-13 08:30:08,Long Range,4,40.78,Moderate rain
NHB250813083303.RAWLFDD,2025-08-13 08:33:03,Short Range,8,35.35,Light rain
NHB250813084007.RAWLFDG,2025-08-13 08:40:07,Long Range,4,42.41,Moderate rain
NHB250813084304.RAWLFDL,2025-08-13 08:43:04,Short Range,8,35.49,Light rain
NHB250813085008.RAWLFDP,2025-08-13 08:50:08,Long Range,4,40.97,Moderate rain
NHB250813085303.RAWLFDU,2025-08-13 08:53:03,Short Range,8,32.49,Light rain
NHB250813090009.RAWLFDX,2025-08-13 09:00:09,Long Range,4,40.96,Moderate rain
NHB250813090303.RAWLFE1,2025-08-13 09:03:03,Short Range,8,31.15,Light rain
NHB250813091008.RAWLFE4,2025-08-13 09:10:08,Long Range,4,42.77,Moderate rain
NHB250813091304.RAWLFE8,2025-08-13 09:13:04,Short Range,8,32.41,Light rain
NHB250813092007.RAWLFEB,2025-08-13 09:20:07,Long Range,4,42.66,Moderate rain
NHB250813092303.RAWLFEF,2025-08-13 09:23:03,Short Range,8,32.99,Light rain
NHB250813093008.RAWLFEJ,2025-08-13 09:30:08,Long Range,4,44.39,Moderate rain
NHB250813093304.RAWLFEN,2025-08-13 09:33:04,Short Range,8,32.03,Light rain
NHB250813094008.RAWLFES,2025-08-13 09:40:08,Long Range,4,43.84,Moderate rain
NHB250813094303.RAWLFEW,2025-08-13 09:43:03,Short Range,8,31.81,Light rain
NHB250813095007.RAWLFEZ,2025-08-13 09:50:07,Long Range,4,42.25,Moderate rain
NHB250813095303.RAWLFF3,2025-08-13 09:53:03,Short Range,8,31.6,Light rain
NHB250813100008.RAWLFF6,2025-08-13 10:00:08,Long Range,4,43.58,Moderate rain
NHB250813100303.RAWLFFA,2025-08-13 10:03:03,Short Range,8,32.44,Light rain
NHB250813101007.RAWLFFD,2025-08-13 10:10:07,Long Range,4,43.11,Moderate rain
NHB250813101304.RAWLFFH,2025-08-13 10:13:04,Short Range,8,32.44,Light rain
NHB250813102007.RAWLFFL,2025-08-13 10:20:07,Long Range,4,42.75,Moderate rain
NHB250813102303.RAWLFFR,2025-08-13 10:23:03,Short Range,8,30.93,Light rain
NHB250813103007.RAWLFFU,2025-08-13 10:30:07,Long Range,4,42.18,Moderate rain
NHB250813103303.RAWLFFY,2025-08-13 10:33:03,Short Range,8,32.87,Light rain
NHB250813104008.RAWLFG1,2025-08-13 10:40:08,Long Range,4,42.78,Moderate rain
NHB250813104304.RAWLFG5,2025-08-13 10:43:04,Short Range,8,34.82,Light rain
NHB250813105008.RAWLFG8,2025-08-13 10:50:08,Long Range,4,43.6,Moderate rain
NHB250813105304.RAWLFGC,2025-08-13 10:53:04,Short Range,8,33.88,Light rain
NHB250813110008.RAWLFGF,2025-08-13 11:00:08,Long Range,4,43.16,Moderate rain
NHB250813110303.RAWLFGK,2025-08-13 11:03:03,Short Range,8,32.41,Light rain
NHB250813111008.RAWLFGN,2025-08-13 11:10:08,Long Range,4,42.49,Moderate rain
NHB250813111303.RAWLFGT,2025-08-13 11:13:03,Short Range,8,31.75,Light rain
NHB250813112008.RAWLFGW,2025-08-13 11:20:08,Long Range,4,40.51,Moderate rain
NHB250813112303.RAWLFH0,2025-08-13 11:23:03,Short Range,8,30.12,Light rain
NHB250813113008.RAWLFH3,2025-08-13 11:30:08,Long Range,4,40.9,Moderate rain
NHB250813113303.RAWLFH7,2025-08-13 11:33:03,Short Range,8,32.35,Light rain
NHB250813114008.RAWLFHA,2025-08-13 11:40:08,Long Range,4,40.11,Moderate rain
NHB250813114303.RAWLFHE,2025-08-13 11:43:03,Short Range,8,31.71,Light rain
NHB250813115007.RAWLFHH,2025-08-13 11:50:07,Long Range,4,40.16,Moderate rain
NHB250813115303.RAWLFHM,2025-08-13 11:53:03,Short Range,8,34.17,Light rain
NHB250813120007.RAWLFHR,2025-08-13 12:00:07,Long Range,4,39.48,Light rain
NHB250813120303.RAWLFHV,2025-08-13 12:03:03,Short Range,8,32.72,Light rain
NHB250813121008.RAWLFHY,2025-08-13 12:10:08,Long Range,4,38.59,Light rain
NHB250813121303.RAWLFJ2,2025-08-13 12:13:03,Short Range,8,31.42,Light rain
NHB250813122007.RAWLFJ5,2025-08-13 12:20:07,Long Range,4,39.26,Light rain
NHB250813122304.RAWLFJ9,2025-08-13 12:23:04,Short Range,8,30.3,Light rain
NHB250813123007.RAWLFJC,2025-08-13 12:30:07,Long Range,4,39.1,Light rain
NHB250813123304.RAWLFJG,2025-08-13 12:33:04,Short Range,8,30.48,Light rain
NHB250813124008.RAWLFJK,2025-08-13 12:40:08,Long Range,4,39.43,Light rain
NHB250813124304.RAWLFJP,2025-08-13 12:43:04,Short Range,8,29.69,Clear
NHB250813125008.RAWLFJT,2025-08-13 12:50:08,Long Range,4,39.31,Light rain
NHB250813125303.RAWLFJX,2025-08-13 12:53:03,Short Range,8,30.86,Light rain
NHB250813130008.RAWLFK0,2025-08-13 13:00:08,Long Range,4,39.63,Light rain
NHB250813130304.RAWLFK4,2025-08-13 13:03:04,Short Range,8,31.1,Light rain
NHB250813131008.RAWLFK7,2025-08-13 13:10:08,Long Range,4,39.56,Light rain
NHB250813131303.RAWLFKB,2025-08-13 13:13:03,Short Range,8,33.56,Light rain
NHB250813132008.RAWLFKE,2025-08-13 13:20:08,Long Range,4,40.86,Moderate rain
NHB250813132303.RAWLFKJ,2025-08-13 13:23:03,Short Range,8,34.71,Light rain
NHB250813133007.RAWLFKM,2025-08-13 13:30:07,Long Range,4,43.46,Moderate rain
NHB250813133303.RAWLFKS,2025-08-13 13:33:03,Short Range,8,36.09,Light rain
NHB250813134008.RAWLFKV,2025-08-13 13:40:08,Long Range,4,42.68,Moderate rain
NHB250813134304.RAWLFKZ,2025-08-13 13:43:04,Short Range,8,36.45,Light rain
NHB250813135007.RAWLFL2,2025-08-13 13:50:07,Long Range,4,42.97,Moderate rain
NHB250813135303.RAWLFL6,2025-08-13 13:53:03,Short Range,8,37.67,Light rain
NHB250813140007.RAWLFL9,2025-08-13 14:00:07,Long Range,4,43.33,Moderate rain
NHB250813140304.RAWLFLD,2025-08-13 14:03:04,Short Range,8,37.48,Light rain
NHB250813141008.RAWLFLG,2025-08-13 14:10:08,Long Range,4,42.39,Moderate rain
NHB250813141303.RAWLFLL,2025-08-13 14:13:03,Short Range,8,39.67,Light rain
NHB250813142007.RAWLFLP,2025-08-13 14:20:07,Long Range,4,43.43,Moderate rain
NHB250813142304.RAWLFLU,2025-08-13 14:23:04,Short Range,8,41.25,Moderate rain
NHB250813143008.RAWLFLX,2025-08-13 14:30:08,Long Range,4,44.03,Moderate rain
NHB250813143303.RAWLFM1,2025-08-13 14:33:03,Short Range,8,42.39,Moderate rain
NHB250813144008.RAWLFM4,2025-08-13 14:40:08,Long Range,4,43.38,Moderate rain
NHB250813144304.RAWLFM8,2025-08-13 14:43:04,Short Range,8,42.59,Moderate rain
NHB250813145007.RAWLFMB,2025-08-13 14:50:07,Long Range,4,43.43,Moderate rain
NHB250813145304.RAWLFMF,2025-08-13 14:53:04,Short Range,8,43.66,Moderate rain
NHB250813150007.RAWLFMJ,2025-08-13 15:00:07,Long Range,4,43.33,Moderate rain
NHB250813150303.RAWLFMN,2025-08-13 15:03:03,Short Range,8,44.42,Moderate rain
NHB250813151008.RAWLFMS,2025-08-13 15:10:08,Long Range,4,43.73,Moderate rain
NHB250813151304.RAWLFMW,2025-08-13 15:13:04,Short Range,8,45.08,Moderate rain
NHB250813152008.RAWLFMZ,2025-08-13 15:20:08,Long Range,4,44.07,Moderate rain
NHB250813152304.RAWLFN3,2025-08-13 15:23:04,Short Range,8,45.02,Moderate rain
NHB250813153009.RAWLFN6,2025-08-13 15:30:09,Long Range,4,43.96,Moderate rain
NHB250813153304.RAWLFNA,2025-08-13 15:33:04,Short Range,8,44.61,Moderate rain
NHB250813154008.RAWLFND,2025-08-13 15:40:08,Long Range,4,44.0,Moderate rain
NHB250813154304.RAWLFNH,2025-08-13 15:43:04,Short Range,8,44.3,Moderate rain
NHB250813155007.RAWLFNL,2025-08-13 15:50:07,Long Range,4,44.86,Moderate rain
NHB250813155304.RAWLFNR,2025-08-13 15:53:04,Short Range,8,44.11,Moderate rain
NHB250813160008.RAWLFNU,2025-08-13 16:00:08,Long Range,4,44.35,Moderate rain
NHB250813160304.RAWLFNY,2025-08-13 16:03:04,Short Range,8,42.77,Moderate rain
NHB250813161007.RAWLFP1,2025-08-13 16:10:07,Long Range,4,44.22,Moderate rain
NHB250813161303.RAWLFP5,2025-08-13 16:13:03,Short Range,8,42.55,Moderate rain
NHB250813162007.RAWLFP8,2025-08-13 16:20:07,Long Range,4,43.95,Moderate rain
NHB250813162303.RAWLFPC,2025-08-13 16:23:03,Short Range,8,42.17,Moderate rain
NHB250813163008.RAWLFPF,2025-08-13 16:30:08,Long Range,4,44.38,Moderate rain
NHB250813163303.RAWLFPK,2025-08-13 16:33:03,Short Range,8,42.51,Moderate rain
NHB250813164008.RAWLFPN,2025-08-13 16:40:08,Long Range,4,44.77,Moderate rain
NHB250813164303.RAWLFPT,2025-08-13 16:43:03,Short Range,8,42.54,Moderate rain
NHB250813165007.RAWLFPW,2025-08-13 16:50:07,Long Range,4,44.08,Moderate rain
NHB250813165303.RAWLFR0,2025-08-13 16:53:03,Short Range,8,42.67,Moderate rain
NHB250813170008.RAWLFR3,2025-08-13 17:00:08,Long Range,4,43.91,Moderate rain
NHB250813170303.RAWLFR7,2025-08-13 17:03:03,Short Range,8,42.94,Moderate rain
NHB250813171008.RAWLFRA,2025-08-13 17:10:08,Long Range,4,43.74,Moderate rain
NHB250813171303.RAWLFRE,2025-08-13 17:13:03,Short Range,8,42.24,Moderate rain
NHB250813172007.RAWLFRH,2025-08-13 17:20:07,Long Range,4,43.42,Moderate rain
NHB250813172304.RAWLFRM,2025-08-13 17:23:04,Short Range,8,41.93,Moderate rain
NHB250813173008.RAWLFRR,2025-08-13 17:30:08,Long Range,4,43.42,Moderate rain
NHB250813173303.RAWLFRV,2025-08-13 17:33:03,Short Range,8,42.18,Moderate rain
NHB250813174008.RAWLFRY,2025-08-13 17:40:08,Long Range,4,43.34,Moderate rain
NHB250813174303.RAWLFS2,2025-08-13 17:43:03,Short Range,8,42.02,Moderate rain
NHB250813175007.RAWLFS5,2025-08-13 17:50:07,Long Range,4,42.51,Moderate rain
NHB250813175304.RAWLFS9,2025-08-13 17:53:04,Short Range,8,41.51,Moderate rain
NHB250813180007.RAWLFSC,2025-08-13 18:00:07,Long Range,4,42.33,Moderate rain
NHB250813180304.RAWLFSG,2025-08-13 18:03:04,Short Range,8,40.17,Moderate rain
NHB250813181008.RAWLFSK,2025-08-13 18:10:08,Long Range,4,41.33,Moderate rain
NHB250813181304.RAWLFSP,2025-08-13 18:13:04,Short Range,8,38.71,Light rain
NHB250813182008.RAWLFST,2025-08-13 18:20:08,Long Range,4,39.25,Light rain
NHB250813182303.RAWLFSX,2025-08-13 18:23:03,Short Range,8,36.8,Light rain
NHB250813183007.RAWLFT0,2025-08-13 18:30:07,Long Range,4,38.17,Light rain
NHB250813183303.RAWLFT4,2025-08-13 18:33:03,Short Range,8,35.48,Light rain
NHB250813184007.RAWLFT7,2025-08-13 18:40:07,Long Range,4,37.09,Light rain
NHB250813184304.RAWLFTB,2025-08-13 18:43:04,Short Range,8,35.16,Light rain
NHB250813185008.RAWLFTE,2025-08-13 18:50:08,Long Range,4,36.12,Light rain
NHB250813185304.RAWLFTJ,2025-08-13 18:53:04,Short Range,8,34.26,Light rain
NHB250813190008.RAWLFTM,2025-08-13 19:00:08,Long Range,4,35.56,Light rain
NHB250813190304.RAWLFTS,2025-08-13 19:03:04,Short Range,8,32.28,Light rain
NHB250813191008.RAWLFTV,2025-08-13 19:10:08,Long Range,4,34.53,Light rain
NHB250813191304.RAWLFTZ,2025-08-13 19:13:04,Short Range,8,29.41,Clear
NHB250813192008.RAWLFU2,2025-08-13 19:20:08,Long Range,4,33.52,Light rain
NHB250813192304.RAWLFU6,2025-08-13 19:23:04,Short Range,8,27.38,Clear
NHB250813193008.RAWLFU9,2025-08-13 19:30:08,Long Range,4,32.77,Light rain
NHB250813193304.RAWLFUD,2025-08-13 19:33:04,Short Range,8,25.94,Clear
NHB250813194007.RAWLFUG,2025-08-13 19:40:07,Long Range,4,31.13,Light rain
NHB250813194304.RAWLFUL,2025-08-13 19:43:04,Short Range,8,26.0,Clear
NHB250813195008.RAWLFUP,2025-08-13 19:50:08,Long Range,4,30.94,Light rain
NHB250813195303.RAWLFUU,2025-08-13 19:53:03,Short Range,8,26.02,Clear
NHB250813200007.RAWLFUX,2025-08-13 20:00:07,Long Range,4,30.14,Light rain
NHB250813200303.RAWLFV1,2025-08-13 20:03:03,Short Range,8,26.03,Clear
NHB250813201008.RAWLFV4,2025-08-13 20:10:08,Long Range,4,29.59,Clear
NHB250813201303.RAWLFV8,2025-08-13 20:13:03,Short Range,8,26.09,Clear
NHB250813202008.RAWLFVB,2025-08-13 20:20:08,Long Range,4,30.64,Light rain
NHB250813202304.RAWLFVF,2025-08-13 20:23:04,Short Range,8,25.66,Clear
NHB250813203008.RAWLFVJ,2025-08-13 20:30:08,Long Range,4,29.28,Clear
NHB250813203304.RAWLFVN,2025-08-13 20:33:04,Short Range,8,26.02,Clear
NHB250813204007.RAWLFVS,2025-08-13 20:40:07,Long Range,4,29.54,Clear
NHB250813204303.RAWLFVW,2025-08-13 20:43:03,Short Range,8,25.59,Clear
NHB250813205007.RAWLFVZ,2025-08-13 20:50:07,Long Range,4,31.19,Light rain
NHB250813205303.RAWLFW3,2025-08-13 20:53:03,Short Range,8,26.18,Clear
NHB250813210008.RAWLFW6,2025-08-13 21:00:08,Long Range,4,28.43,Clear
NHB250813210303.RAWLFWA,2025-08-13 21:03:03,Short Range,8,25.53,Clear
NHB250813211007.RAWLFWD,2025-08-13 21:10:07,Long Range,4,28.3,Clear
NHB250813211304.RAWLFWH,2025-08-13 21:13:04,Short Range,8,24.51,Clear
NHB250813212008.RAWLFWL,2025-08-13 21:20:08,Long Range,4,27.04,Clear
NHB250813212303.RAWLFWR,2025-08-13 21:23:03,Short Range,8,24.12,Clear
NHB250813213008.RAWLFWU,2025-08-13 21:30:08,Long Range,4,27.56,Clear
NHB250813213303.RAWLFWY,2025-08-13 21:33:03,Short Range,8,23.16,Clear
NHB250813214008.RAWLFX1,2025-08-13 21:40:08,Long Range,4,27.16,Clear
NHB250813214303.RAWLFX5,2025-08-13 21:43:03,Short Range,8,22.65,Clear
NHB250813215008.RAWLFX8,2025-08-13 21:50:08,Long Range,4,27.83,Clear
NHB250813215303.RAWLFXC,2025-08-13 21:53:03,Short Range,8,23.56,Clear
NHB250813220007.RAWLFXF,2025-08-13 22:00:07,Long Range,4,28.04,Clear
NHB250813220303.RAWLFXK,2025-08-13 22:03:03,Short Range,8,23.35,Clear
NHB250813221008.RAWLFXN,2025-08-13 22:10:08,Long Range,4,30.04,Light rain
NHB250813221303.RAWLFXT,2025-08-13 22:13:03,Short Range,8,23.86,Clear
NHB250813222008.RAWLFXW,2025-08-13 22:20:08,Long Range,4,29.7,Clear
NHB250813222304.RAWLFY0,2025-08-13 22:23:04,Short Range,8,24.5,Clear
NHB250813223008.RAWLFY3,2025-08-13 22:30:08,Long Range,4,28.07,Clear
NHB250813223304.RAWLFY7,2025-08-13 22:33:04,Short Range,8,22.37,Clear
NHB250813224008.RAWLFYA,2025-08-13 22:40:08,Long Range,4,28.82,Clear
NHB250813224304.RAWLFYE,2025-08-13 22:43:04,Short Range,8,27.31,Clear
NHB250813225007.RAWLFYH,2025-08-13 22:50:07,Long Range,4,29.52,Clear
NHB250813225303.RAWLFYM,2025-08-13 22:53:03,Short Range,8,27.81,Clear
NHB250813230007.RAWLFYR,2025-08-13 23:00:07,Long Range,4,28.7,Clear
NHB250813230303.RAWLFYV,2025-08-13 23:03:03,Short Range,8,26.89,Clear
NHB250813231008.RAWLFYY,2025-08-13 23:10:08,Long Range,4,28.61,Clear
NHB250813231304.RAWLFZ2,2025-08-13 23:13:04,Short Range,8,26.18,Clear
NHB250813232008.RAWLFZ5,2025-08-13 23:20:08,Long Range,4,28.48,Clear
NHB250813232304.RAWLFZ9,2025-08-13 23:23:04,Short Range,8,25.91,Clear
NHB250813233008.RAWLFZC,2025-08-13 23:30:08,Long Range,4,28.46,Clear
NHB250813233304.RAWLFZG,2025-08-13 23:33:04,Short Range,8,26.86,Clear
NHB250813234008.RAWLFZK,2025-08-13 23:40:08,Long Range,4,30.49,Light rain
NHB250813234303.RAWLFZP,2025-08-13 23:43:03,Short Range,8,27.64,Clear
NHB250813235008.RAWLFZT,2025-08-13 23:50:08,Long Range,4,29.63,Clear
NHB250813235304.RAWLFZX,2025-08-13 23:53:04,Short Range,8,29.84,Clear
NHB250814000007.RAWLG00,2025-08-14 00:00:07,Long Range,4,29.53,Clear
NHB250814000304.RAWLG04,2025-08-14 00:03:04,Short Range,8,28.96,Clear
NHB250814001007.RAWLG07,2025-08-14 00:10:07,Long Range,4,29.25,Clear
NHB250814001303.RAWLG0B,2025-08-14 00:13:03,Short Range,8,29.16,Clear
NHB250814002007.RAWLG0E,2025-08-14 00:20:07,Long Range,4,27.8,Clear
NHB250814002304.RAWLG0J,2025-08-14 00:23:04,Short Range,8,29.71,Clear
NHB250814003008.RAWLG0M,2025-08-14 00:30:08,Long Range,4,29.51,Clear
NHB250814003303.RAWLG0S,2025-08-14 00:33:03,Short Range,8,30.39,Light rain
NHB250814004008.RAWLG0V,2025-08-14 00:40:08,Long Range,4,30.45,Light rain
NHB250814004304.RAWLG0Z,2025-08-14 00:43:04,Short Range,8,31.34,Light rain
NHB250814005008.RAWLG12,2025-08-14 00:50:08,Long Range,4,30.1,Light rain
NHB250814005304.RAWLG16,2025-08-14 00:53:04,Short Range,8,30.37,Light rain
NHB250814010008.RAWLG19,2025-08-14 01:00:08,Long Range,4,29.3,Clear
NHB250814010304.RAWLG1D,2025-08-14 01:03:04,Short Range,8,30.17,Light rain
NHB250814011008.RAWLG1G,2025-08-14 01:10:08,Long Range,4,28.29,Clear
NHB250814011304.RAWLG1L,2025-08-14 01:13:04,Short Range,8,29.83,Clear
NHB250814012007.RAWLG1P,2025-08-14 01:20:07,Long Range,4,37.45,Light rain
NHB250814012303.RAWLG1U,2025-08-14 01:23:03,Short Range,8,30.28,Light rain
NHB250814013007.RAWLG1X,2025-08-14 01:30:07,Long Range,4,29.0,Clear
NHB250814013304.RAWLG21,2025-08-14 01:33:04,Short Range,8,29.39,Clear
NHB250814014008.RAWLG24,2025-08-14 01:40:08,Long Range,4,27.74,Clear
NHB250814014304.RAWLG28,2025-08-14 01:43:04,Short Range,8,28.17,Clear
NHB250814015007.RAWLG2B,2025-08-14 01:50:07,Long Range,4,27.42,Clear
NHB250814015304.RAWLG2F,2025-08-14 01:53:04,Short Range,8,27.32,Clear
NHB250814020008.RAWLG2J,2025-08-14 02:00:08,Long Range,4,34.92,Light rain
NHB250814020303.RAWLG2N,2025-08-14 02:03:03,Short Range,8,26.85,Clear
NHB250814021007.RAWLG2S,2025-08-14 02:10:07,Long Range,4,33.56,Light rain
NHB250814021303.RAWLG2W,2025-08-14 02:13:03,Short Range,8,27.63,Clear
NHB250814022009.RAWLG2Z,2025-08-14 02:20:09,Long Range,4,31.58,Light rain
NHB250814022303.RAWLG33,2025-08-14 02:23:03,Short Range,8,28.87,Clear
NHB250814023009.RAWLG36,2025-08-14 02:30:09,Long Range,4,35.98,Light rain
NHB250814023304.RAWLG3A,2025-08-14 02:33:04,Short Range,8,28.78,Clear
NHB250814024008.RAWLG3D,2025-08-14 02:40:08,Long Range,4,33.67,Light rain
NHB250814024304.RAWLG3H,2025-08-14 02:43:04,Short Range,8,26.84,Clear
NHB250814025008.RAWLG3L,2025-08-14 02:50:08,Long Range,4,29.47,Clear
NHB250814025303.RAWLG3R,2025-08-14 02:53:03,Short Range,8,26.76,Clear
NHB250814030007.RAWLG3U,2025-08-14 03:00:07,Long Range,4,34.66,Light rain
NHB250814030303.RAWLG3Y,2025-08-14 03:03:03,Short Range,8,26.55,Clear
NHB250814031008.RAWLG41,2025-08-14 03:10:08,Long Range,4,36.88,Light rain
NHB250814031303.RAWLG45,2025-08-14 03:13:03,Short Range,8,27.18,Clear
NHB250814032007.RAWLG48,2025-08-14 03:20:07,Long Range,4,27.66,Clear
NHB250814032303.RAWLG4C,2025-08-14 03:23:03,Short Range,8,27.09,Clear
NHB250814033008.RAWLG4F,2025-08-14 03:30:08,Long Range,4,29.1,Clear
NHB250814033303.RAWLG4K,2025-08-14 03:33:03,Short Range,8,26.42,Clear
NHB250814034008.RAWLG4N,2025-08-14 03:40:08,Long Range,4,33.39,Light rain
NHB250814034304.RAWLG4T,2025-08-14 03:43:04,Short Range,8,26.99,Clear
NHB250814035008.RAWLG4W,2025-08-14 03:50:08,Long Range,4,34.99,Light rain
NHB250814035303.RAWLG50,2025-08-14 03:53:03,Short Range,8,25.94,Clear
NHB250814040008.RAWLG53,2025-08-14 04:00:08,Long Range,4,31.73,Light rain
NHB250814040304.RAWLG57,2025-08-14 04:03:04,Short Range,8,27.21,Clear
NHB250814041008.RAWLG5A,2025-08-14 04:10:08,Long Range,4,34.32,Light rain
NHB250814041303.RAWLG5E,2025-08-14 04:13:03,Short Range,8,26.61,Clear
NHB250814042007.RAWLG5H,2025-08-14 04:20:07,Long Range,4,32.44,Light rain
NHB250814042304.RAWLG5M,2025-08-14 04:23:04,Short Range,8,28.68,Clear
NHB250814043008.RAWLG5R,2025-08-14 04:30:08,Long Range,4,31.31,Light rain
NHB250814043303.RAWLG5V,2025-08-14 04:33:03,Short Range,8,32.54,Light rain
NHB250814044008.RAWLG5Y,2025-08-14 04:40:08,Long Range,4,34.3,Light rain
NHB250814044303.RAWLG62,2025-08-14 04:43:03,Short Range,8,33.05,Light rain
NHB250814045007.RAWLG65,2025-08-14 04:50:07,Long Range,4,33.94,Light rain
NHB250814045304.RAWLG69,2025-08-14 04:53:04,Short Range,8,34.17,Light rain
NHB250814050008.RAWLG6C,2025-08-14 05:00:08,Long Range,4,35.63,Light rain
NHB250814050303.RAWLG6G,2025-08-14 05:03:03,Short Range,8,36.65,Light rain
NHB250814051008.RAWLG6K,2025-08-14 05:10:08,Long Range,4,38.39,Light rain
NHB250814051304.RAWLG6P,2025-08-14 05:13:04,Short Range,8,42.73,Moderate rain
NHB250814052008.RAWLG6T,2025-08-14 05:20:08,Long Range,4,42.99,Moderate rain
NHB250814052303.RAWLG6X,2025-08-14 05:23:03,Short Range,8,45.94,Moderate rain
NHB250814053008.RAWLG70,2025-08-14 05:30:08,Long Range,4,45.44,Moderate rain
NHB250814053304.RAWLG74,2025-08-14 05:33:04,Short Range,8,50.87,Heavy rain
NHB250814054007.RAWLG77,2025-08-14 05:40:07,Long Range,4,47.74,Heavy rain
NHB250814054304.RAWLG7B,2025-08-14 05:43:04,Short Range,8,52.43,Heavy rain
NHB250814055007.RAWLG7E,2025-08-14 05:50:07,Long Range,4,48.74,Heavy rain
NHB250814055304.RAWLG7J,2025-08-14 05:53:04,Short Range,8,53.38,Heavy rain
NHB250814060007.RAWLG7M,2025-08-14 06:00:07,Long Range,4,50.91,Heavy rain
NHB250814060303.RAWLG7S,2025-08-14 06:03:03,Short Range,8,55.81,Very heavy rain
NHB250814061007.RAWLG7V,2025-08-14 06:10:07,Long Range,4,52.05,Heavy rain
NHB250814061303.RAWLG7Z,2025-08-14 06:13:03,Short Range,8,55.79,Very heavy rain
NHB250814062007.RAWLG82,2025-08-14 06:20:07,Long Range,4,51.64,Heavy rain
NHB250814062304.RAWLG86,2025-08-14 06:23:04,Short Range,8,56.33,Very heavy rain
NHB250814063008.RAWLG89,2025-08-14 06:30:08,Long Range,4,50.2,Heavy rain
NHB250814063303.RAWLG8D,2025-08-14 06:33:03,Short Range,8,57.56,Very heavy rain
NHB250814064008.RAWLG8G,2025-08-14 06:40:08,Long Range,4,52.06,Heavy rain
NHB250814064303.RAWLG8L,2025-08-14 06:43:03,Short Range,8,57.61,Very heavy rain
NHB250814065007.RAWLG8P,2025-08-14 06:50:07,Long Range,4,52.55,Heavy rain
NHB250814065303.RAWLG8U,2025-08-14 06:53:03,Short Range,8,56.55,Very heavy rain
NHB250814070008.RAWLG8X,2025-08-14 07:00:08,Long Range,4,52.06,Heavy rain
NHB250814070303.RAWLG91,2025-08-14 07:03:03,Short Range,8,55.21,Very heavy rain
NHB250814071008.RAWLG94,2025-08-14 07:10:08,Long Range,4,51.28,Heavy rain
NHB250814071304.RAWLG98,2025-08-14 07:13:04,Short Range,8,54.36,Heavy rain
NHB250814072007.RAWLG9B,2025-08-14 07:20:07,Long Range,4,51.85,Heavy rain
NHB250814072304.RAWLG9F,2025-08-14 07:23:04,Short Range,8,54.1,Heavy rain
NHB250814073007.RAWLG9J,2025-08-14 07:30:07,Long Range,4,50.58,Heavy rain
NHB250814073304.RAWLG9N,2025-08-14 07:33:04,Short Range,8,52.83,Heavy rain
NHB250814074008.RAWLG9S,2025-08-14 07:40:08,Long Range,4,50.61,Heavy rain
NHB250814074304.RAWLG9W,2025-08-14 07:43:04,Short Range,8,51.74,Heavy rain
NHB250814075008.RAWLG9Z,2025-08-14 07:50:08,Long Range,4,50.35,Heavy rain
NHB250814075304.RAWLGA3,2025-08-14 07:53:04,Short Range,8,51.47,Heavy rain
NHB250814080008.RAWLGA6,2025-08-14 08:00:08,Long Range,4,51.0,Heavy rain
NHB250814080303.RAWLGAA,2025-08-14 08:03:03,Short Range,8,51.87,Heavy rain
NHB250814081008.RAWLGAD,2025-08-14 08:10:08,Long Range,4,51.47,Heavy rain
NHB250814081304.RAWLGAH,2025-08-14 08:13:04,Short Range,8,52.34,Heavy rain
NHB250814082007.RAWLGAL,2025-08-14 08:20:07,Long Range,4,51.8,Heavy rain
NHB250814082304.RAWLGAR,2025-08-14 08:23:04,Short Range,8,53.02,Heavy rain
NHB250814083008.RAWLGAU,2025-08-14 08:30:08,Long Range,4,52.25,Heavy rain
NHB250814083304.RAWLGAY,2025-08-14 08:33:04,Short Range,8,53.63,Heavy rain
NHB250814084008.RAWLGB1,2025-08-14 08:40:08,Long Range,4,51.52,Heavy rain
NHB250814084304.RAWLGB5,2025-08-14 08:43:04,Short Range,8,54.0,Heavy rain
NHB250814085007.RAWLGB8,2025-08-14 08:50:07,Long Range,4,53.01,Heavy rain
NHB250814085304.RAWLGBC,2025-08-14 08:53:04,Short Range,8,55.34,Very heavy rain
NHB250814090008.RAWLGBF,2025-08-14 09:00:08,Long Range,4,53.27,Heavy rain
NHB250814090304.RAWLGBK,2025-08-14 09:03:04,Short Range,8,55.47,Very heavy rain
NHB250814091007.RAWLGBN,2025-08-14 09:10:07,Long Range,4,53.71,Heavy rain
NHB250814091304.RAWLGBT,2025-08-14 09:13:04,Short Range,8,56.31,Very heavy rain
NHB250814092007.RAWLGBW,2025-08-14 09:20:07,Long Range,4,54.54,Heavy rain
NHB250814092304.RAWLGC0,2025-08-14 09:23:04,Short Range,8,56.95,Very heavy rain
NHB250814093008.RAWLGC3,2025-08-14 09:30:08,Long Range,4,54.64,Heavy rain
NHB250814093303.RAWLGC7,2025-08-14 09:33:03,Short Range,8,57.02,Very heavy rain
NHB250814094007.RAWLGCA,2025-08-14 09:40:07,Long Range,4,53.64,Heavy rain
NHB250814094304.RAWLGCE,2025-08-14 09:43:04,Short Range,8,56.69,Very heavy rain
NHB250814095008.RAWLGCH,2025-08-14 09:50:08,Long Range,4,54.46,Heavy rain
NHB250814095303.RAWLGCM,2025-08-14 09:53:03,Short Range,8,56.46,Very heavy rain
NHB250814100007.RAWLGCR,2025-08-14 10:00:07,Long Range,4,54.0,Heavy rain
NHB250814100303.RAWLGCV,2025-08-14 10:03:03,Short Range,8,56.69,Very heavy rain
NHB250814101007.RAWLGCY,2025-08-14 10:10:07,Long Range,4,54.63,Heavy rain
NHB250814101303.RAWLGD2,2025-08-14 10:13:03,Short Range,8,57.23,Very heavy rain
NHB250814102008.RAWLGD5,2025-08-14 10:20:08,Long Range,4,54.79,Heavy rain
NHB250814102305.RAWLGD9,2025-08-14 10:23:05,Short Range,8,57.17,Very heavy rain
NHB250814103008.RAWLGDC,2025-08-14 10:30:08,Long Range,4,55.12,Very heavy rain
NHB250814103304.RAWLGDG,2025-08-14 10:33:04,Short Range,8,57.25,Very heavy rain
NHB250814104008.RAWLGDK,2025-08-14 10:40:08,Long Range,4,53.78,Heavy rain
NHB250814104304.RAWLGDP,2025-08-14 10:43:04,Short Range,8,55.11,Very heavy rain
NHB250814105007.RAWLGDT,2025-08-14 10:50:07,Long Range,4,51.63,Heavy rain
NHB250814105303.RAWLGDX,2025-08-14 10:53:03,Short Range,8,52.43,Heavy rain
NHB250814110007.RAWLGE0,2025-08-14 11:00:07,Long Range,4,51.92,Heavy rain
NHB250814110303.RAWLGE4,2025-08-14 11:03:03,Short Range,8,54.4,Heavy rain
NHB250814111008.RAWLGE7,2025-08-14 11:10:08,Long Range,4,51.94,Heavy rain
NHB250814111303.RAWLGEB,2025-08-14 11:13:03,Short Range,8,53.65,Heavy rain
NHB250814112008.RAWLGEE,2025-08-14 11:20:08,Long Range,4,51.2,Heavy rain
NHB250814112304.RAWLGEJ,2025-08-14 11:23:04,Short Range,8,52.27,Heavy rain
NHB250814113007.RAWLGEM,2025-08-14 11:30:07,Long Range,4,49.54,Heavy rain
NHB250814113303.RAWLGES,2025-08-14 11:33:03,Short Range,8,50.3,Heavy rain
NHB250814114007.RAWLGEV,2025-08-14 11:40:07,Long Range,4,48.16,Heavy rain
NHB250814114303.RAWLGEZ,2025-08-14 11:43:03,Short Range,8,47.25,Moderate rain
NHB250814115008.RAWLGF2,2025-08-14 11:50:08,Long Range,4,46.78,Moderate rain
NHB250814115305.RAWLGF6,2025-08-14 11:53:05,Short Range,8,46.56,Moderate rain
NHB250814120007.RAWLGF9,2025-08-14 12:00:07,Long Range,4,45.72,Moderate rain
NHB250814120304.RAWLGFD,2025-08-14 12:03:04,Short Range,8,44.2,Moderate rain
NHB250814121008.RAWLGFG,2025-08-14 12:10:08,Long Range,4,44.69,Moderate rain
NHB250814121303.RAWLGFL,2025-08-14 12:13:03,Short Range,8,43.09,Moderate rain
NHB250814122007.RAWLGFP,2025-08-14 12:20:07,Long Range,4,43.97,Moderate rain
NHB250814122303.RAWLGFU,2025-08-14 12:23:03,Short Range,8,43.88,Moderate rain
NHB250814123008.RAWLGFX,2025-08-14 12:30:08,Long Range,4,43.46,Moderate rain
NHB250814123304.RAWLGG1,2025-08-14 12:33:04,Short Range,8,44.4,Moderate rain
NHB250814124008.RAWLGG4,2025-08-14 12:40:08,Long Range,4,43.4,Moderate rain
NHB250814124303.RAWLGG8,2025-08-14 12:43:03,Short Range,8,43.52,Moderate rain
NHB250814125007.RAWLGGB,2025-08-14 12:50:07,Long Range,4,43.53,Moderate rain
NHB250814125303.RAWLGGF,2025-08-14 12:53:03,Short Range,8,43.13,Moderate rain
NHB250814130007.RAWLGGJ,2025-08-14 13:00:07,Long Range,4,43.67,Moderate rain
NHB250814130303.RAWLGGN,2025-08-14 13:03:03,Short Range,8,41.44,Moderate rain
NHB250814131007.RAWLGGS,2025-08-14 13:10:07,Long Range,4,43.66,Moderate rain
NHB250814131303.RAWLGGW,2025-08-14 13:13:03,Short Range,8,41.04,Moderate rain
NHB250814132008.RAWLGGZ,2025-08-14 13:20:08,Long Range,4,42.21,Moderate rain
NHB250814132303.RAWLGH3,2025-08-14 13:23:03,Short Range,8,41.45,Moderate rain
NHB250814133007.RAWLGH6,2025-08-14 13:30:07,Long Range,4,42.23,Moderate rain
NHB250814133303.RAWLGHA,2025-08-14 13:33:03,Short Range,8,41.78,Moderate rain
NHB250814134008.RAWLGHD,2025-08-14 13:40:08,Long Range,4,42.5,Moderate rain
NHB250814134304.RAWLGHH,2025-08-14 13:43:04,Short Range,8,41.79,Moderate rain
NHB250814135008.RAWLGHL,2025-08-14 13:50:08,Long Range,4,42.59,Moderate rain
NHB250814135303.RAWLGHR,2025-08-14 13:53:03,Short Range,8,41.49,Moderate rain
NHB250814140007.RAWLGHU,2025-08-14 14:00:07,Long Range,4,42.09,Moderate rain
NHB250814140303.RAWLGHY,2025-08-14 14:03:03,Short Range,8,40.76,Moderate rain
NHB250814141007.RAWLGJ1,2025-08-14 14:10:07,Long Range,4,41.49,Moderate rain
NHB250814141304.RAWLGJ5,2025-08-14 14:13:04,Short Range,8,40.39,Moderate rain
NHB250814142008.RAWLGJ8,2025-08-14 14:20:08,Long Range,4,40.65,Moderate rain
NHB250814142304.RAWLGJC,2025-08-14 14:23:04,Short Range,8,39.12,Light rain
NHB250814143008.RAWLGJF,2025-08-14 14:30:08,Long Range,4,40.32,Moderate rain
NHB250814143304.RAWLGJK,2025-08-14 14:33:04,Short Range,8,38.69,Light rain
NHB250814144008.RAWLGJN,2025-08-14 14:40:08,Long Range,4,39.68,Light rain
NHB250814144304.RAWLGJT,2025-08-14 14:43:04,Short Range,8,37.96,Light rain
NHB250814145009.RAWLGJW,2025-08-14 14:50:09,Long Range,4,39.12,Light rain
NHB250814145303.RAWLGK0,2025-08-14 14:53:03,Short Range,8,37.75,Light rain
NHB250814150007.RAWLGK3,2025-08-14 15:00:07,Long Range,4,39.5,Light rain
NHB250814150303.RAWLGK7,2025-08-14 15:03:03,Short Range,8,37.81,Light rain
NHB250814151007.RAWLGKA,2025-08-14 15:10:07,Long Range,4,39.96,Light rain
NHB250814151304.RAWLGKE,2025-08-14 15:13:04,Short Range,8,37.55,Light rain
NHB250814152007.RAWLGKH,2025-08-14 15:20:07,Long Range,4,39.03,Light rain
NHB250814152304.RAWLGKM,2025-08-14 15:23:04,Short Range,8,36.6,Light rain
NHB250814153008.RAWLGKR,2025-08-14 15:30:08,Long Range,4,37.5,Light rain
NHB250814153304.RAWLGKV,2025-08-14 15:33:04,Short Range,8,35.95,Light rain
NHB250814154008.RAWLGKY,2025-08-14 15:40:08,Long Range,4,36.87,Light rain
NHB250814154303.RAWLGL2,2025-08-14 15:43:03,Short Range,8,35.23,Light rain
NHB250814155007.RAWLGL5,2025-08-14 15:50:07,Long Range,4,36.27,Light rain
NHB250814155304.RAWLGL9,2025-08-14 15:53:04,Short Range,8,34.87,Light rain
NHB250814160008.RAWLGLC,2025-08-14 16:00:08,Long Range,4,36.28,Light rain
NHB250814160303.RAWLGLG,2025-08-14 16:03:03,Short Range,8,34.1,Light rain
NHB250814161007.RAWLGLK,2025-08-14 16:10:07,Long Range,4,36.43,Light rain
NHB250814161304.RAWLGLP,2025-08-14 16:13:04,Short Range,8,32.56,Light rain
NHB250814162007.RAWLGLT,2025-08-14 16:20:07,Long Range,4,34.28,Light rain
NHB250814162304.RAWLGLX,2025-08-14 16:23:04,Short Range,8,31.45,Light rain
NHB250814163008.RAWLGM0,2025-08-14 16:30:08,Long Range,4,34.31,Light rain
NHB250814163303.RAWLGM4,2025-08-14 16:33:03,Short Range,8,30.56,Light rain
NHB250814164008.RAWLGM7,2025-08-14 16:40:08,Long Range,4,33.8,Light rain
NHB250814164304.RAWLGMB,2025-08-14 16:43:04,Short Range,8,29.39,Clear
NHB250814165008.RAWLGME,2025-08-14 16:50:08,Long Range,4,34.21,Light rain
NHB250814165303.RAWLGMJ,2025-08-14 16:53:03,Short Range,8,28.52,Clear
NHB250814170008.RAWLGMM,2025-08-14 17:00:08,Long Range,4,33.99,Light rain
NHB250814170303.RAWLGMS,2025-08-14 17:03:03,Short Range,8,27.86,Clear
NHB250814171008.RAWLGMV,2025-08-14 17:10:08,Long Range,4,34.46,Light rain
NHB250814171304.RAWLGMZ,2025-08-14 17:13:04,Short Range,8,27.42,Clear
NHB250814172008.RAWLGN2,2025-08-14 17:20:08,Long Range,4,35.1,Light rain
NHB250814172303.RAWLGN6,2025-08-14 17:23:03,Short Range,8,27.02,Clear
NHB250814173007.RAWLGN9,2025-08-14 17:30:07,Long Range,4,36.07,Light rain
NHB250814173303.RAWLGND,2025-08-14 17:33:03,Short Range,8,26.85,Clear
NHB250814174008.RAWLGNG,2025-08-14 17:40:08,Long Range,4,34.52,Light rain
NHB250814174304.RAWLGNL,2025-08-14 17:43:04,Short Range,8,26.88,Clear
NHB250814175008.RAWLGNP,2025-08-14 17:50:08,Long Range,4,34.31,Light rain
NHB250814175305.RAWLGNU,2025-08-14 17:53:05,Short Range,8,26.45,Clear
NHB250814180008.RAWLGNX,2025-08-14 18:00:08,Long Range,4,32.28,Light rain
NHB250814180304.RAWLGP1,2025-08-14 18:03:04,Short Range,8,26.24,Clear
NHB250814181007.RAWLGP4,2025-08-14 18:10:07,Long Range,4,31.54,Light rain
NHB250814181303.RAWLGP8,2025-08-14 18:13:03,Short Range,8,25.79,Clear
NHB250814182008.RAWLGPB,2025-08-14 18:20:08,Long Range,4,31.92,Light rain
NHB250814182304.RAWLGPF,2025-08-14 18:23:04,Short Range,8,26.11,Clear
NHB250814183007.RAWLGPJ,2025-08-14 18:30:07,Long Range,4,33.04,Light rain
NHB250814183304.RAWLGPN,2025-08-14 18:33:04,Short Range,8,25.84,Clear
NHB250814184009.RAWLGPS,2025-08-14 18:40:09,Long Range,4,31.5,Light rain
NHB250814184304.RAWLGPW,2025-08-14 18:43:04,Short Range,8,25.93,Clear
NHB250814185009.RAWLGPZ,2025-08-14 18:50:09,Long Range,4,32.33,Light rain
NHB250814185303.RAWLGR3,2025-08-14 18:53:03,Short Range,8,26.61,Clear
NHB250814190009.RAWLGR6,2025-08-14 19:00:09,Long Range,4,31.33,Light rain
NHB250814190303.RAWLGRA,2025-08-14 19:03:03,Short Range,8,26.66,Clear
NHB250814191007.RAWLGRD,2025-08-14 19:10:07,Long Range,4,31.48,Light rain
NHB250814191304.RAWLGRH,2025-08-14 19:13:04,Short Range,8,27.1,Clear
NHB250814192007.RAWLGRL,2025-08-14 19:20:07,Long Range,4,31.37,Light rain
NHB250814192304.RAWLGRR,2025-08-14 19:23:04,Short Range,8,27.21,Clear
NHB250814193008.RAWLGRU,2025-08-14 19:30:08,Long Range,4,30.89,Light rain
NHB250814193304.RAWLGRY,2025-08-14 19:33:04,Short Range,8,26.04,Clear
NHB250814194007.RAWLGS1,2025-08-14 19:40:07,Long Range,4,30.42,Light rain
NHB250814194303.RAWLGS5,2025-08-14 19:43:03,Short Range,8,25.49,Clear
NHB250814195007.RAWLGS8,2025-08-14 19:50:07,Long Range,4,30.26,Light rain
NHB250814195304.RAWLGSC,2025-08-14 19:53:04,Short Range,8,24.29,Clear
NHB250814200008.RAWLGSF,2025-08-14 20:00:08,Long Range,4,30.47,Light rain
NHB250814200303.RAWLGSK,2025-08-14 20:03:03,Short Range,8,23.13,Clear
NHB250814201007.RAWLGSN,2025-08-14 20:10:07,Long Range,4,30.96,Light rain
NHB250814201304.RAWLGST,2025-08-14 20:13:04,Short Range,8,23.78,Clear
NHB250814202008.RAWLGSW,2025-08-14 20:20:08,Long Range,4,31.82,Light rain
NHB250814202304.RAWLGT0,2025-08-14 20:23:04,Short Range,8,23.0,Clear
NHB250814203008.RAWLGT3,2025-08-14 20:30:08,Long Range,4,33.1,Light rain
NHB250814203303.RAWLGT7,2025-08-14 20:33:03,Short Range,8,23.88,Clear
NHB250814204007.RAWLGTA,2025-08-14 20:40:07,Long Range,4,32.16,Light rain
NHB250814204303.RAWLGTE,2025-08-14 20:43:03,Short Range,8,22.57,Clear
NHB250814205007.RAWLGTH,2025-08-14 20:50:07,Long Range,4,31.47,Light rain
NHB250814205303.RAWLGTM,2025-08-14 20:53:03,Short Range,8,23.84,Clear
NHB250814210009.RAWLGTR,2025-08-14 21:00:09,Long Range,4,31.14,Light rain
NHB250814210303.RAWLGTV,2025-08-14 21:03:03,Short Range,8,23.49,Clear
NHB250814211007.RAWLGTY,2025-08-14 21:10:07,Long Range,4,31.74,Light rain
NHB250814211305.RAWLGU2,2025-08-14 21:13:05,Short Range,8,23.57,Clear
NHB250814212008.RAWLGU5,2025-08-14 21:20:08,Long Range,4,32.03,Light rain
NHB250814212303.RAWLGU9,2025-08-14 21:23:03,Short Range,8,23.99,Clear
NHB250814213008.RAWLGUC,2025-08-14 21:30:08,Long Range,4,32.3,Light rain
NHB250814213304.RAWLGUG,2025-08-14 21:33:04,Short Range,8,24.86,Clear
NHB250814214008.RAWLGUK,2025-08-14 21:40:08,Long Range,4,32.73,Light rain
NHB250814214303.RAWLGUP,2025-08-14 21:43:03,Short Range,8,25.61,Clear
NHB250814215008.RAWLGUT,2025-08-14 21:50:08,Long Range,4,33.72,Light rain
NHB250814215303.RAWLGUX,2025-08-14 21:53:03,Short Range,8,26.45,Clear
NHB250814220007.RAWLGV0,2025-08-14 22:00:07,Long Range,4,34.59,Light rain
NHB250814220304.RAWLGV4,2025-08-14 22:03:04,Short Range,8,26.37,Clear
NHB250814221007.RAWLGV7,2025-08-14 22:10:07,Long Range,4,32.12,Light rain
NHB250814221304.RAWLGVB,2025-08-14 22:13:04,Short Range,8,27.95,Clear
NHB250814222007.RAWLGVE,2025-08-14 22:20:07,Long Range,4,33.46,Light rain
NHB250814222303.RAWLGVJ,2025-08-14 22:23:03,Short Range,8,27.72,Clear
NHB250814223007.RAWLGVM,2025-08-14 22:30:07,Long Range,4,32.52,Light rain
NHB250814223304.RAWLGVS,2025-08-14 22:33:04,Short Range,8,25.78,Clear
NHB250814224007.RAWLGVV,2025-08-14 22:40:07,Long Range,4,31.83,Light rain
NHB250814224303.RAWLGVZ,2025-08-14 22:43:03,Short Range,8,26.49,Clear
NHB250814225008.RAWLGW2,2025-08-14 22:50:08,Long Range,4,31.8,Light rain
NHB250814225303.RAWLGW6,2025-08-14 22:53:03,Short Range,8,28.36,Clear
NHB250814230008.RAWLGW9,2025-08-14 23:00:08,Long Range,4,32.14,Light rain
NHB250814230303.RAWLGWD,2025-08-14 23:03:03,Short Range,8,27.43,Clear
NHB250814231007.RAWLGWG,2025-08-14 23:10:07,Long Range,4,33.39,Light rain
NHB250814231303.RAWLGWL,2025-08-14 23:13:03,Short Range,8,26.47,Clear
NHB250814232008.RAWLGWP,2025-08-14 23:20:08,Long Range,4,31.26,Light rain
NHB250814232304.RAWLGWU,2025-08-14 23:23:04,Short Range,8,27.13,Clear
NHB250814233007.RAWLGWX,2025-08-14 23:30:07,Long Range,4,31.65,Light rain
NHB250814233303.RAWLGX1,2025-08-14 23:33:03,Short Range,8,26.33,Clear
NHB250814234007.RAWLGX4,2025-08-14 23:40:07,Long Range,4,32.52,Light rain
NHB250814234303.RAWLGX8,2025-08-14 23:43:03,Short Range,8,26.62,Clear
NHB250814235008.RAWLGXB,2025-08-14 23:50:08,Long Range,4,36.07,Light rain
NHB250814235303.RAWLGXF,2025-08-14 23:53:03,Short Range,8,25.58,Clear
NHB250815000008.RAWLGXJ,2025-08-15 00:00:08,Long Range,4,37.15,Light rain
NHB250815000304.RAWLGXN,2025-08-15 00:03:04,Short Range,8,25.95,Clear
NHB250815001007.RAWLGXS,2025-08-15 00:10:07,Long Range,4,33.89,Light rain
NHB250815001304.RAWLGXW,2025-08-15 00:13:04,Short Range,8,26.11,Clear
NHB250815002008.RAWLGXZ,2025-08-15 00:20:08,Long Range,4,37.5,Light rain
NHB250815002304.RAWLGY3,2025-08-15 00:23:04,Short Range,8,26.66,Clear
NHB250815003008.RAWLGY6,2025-08-15 00:30:08,Long Range,4,34.11,Light rain
NHB250815003304.RAWLGYA,2025-08-15 00:33:04,Short Range,8,28.19,Clear
NHB250815004008.RAWLGYD,2025-08-15 00:40:08,Long Range,4,36.17,Light rain
NHB250815004304.RAWLGYH,2025-08-15 00:43:04,Short Range,8,28.7,Clear
NHB250815005007.RAWLGYL,2025-08-15 00:50:07,Long Range,4,36.15,Light rain
NHB250815005303.RAWLGYR,2025-08-15 00:53:03,Short Range,8,30.32,Light rain
NHB250815010008.RAWLGYU,2025-08-15 01:00:08,Long Range,4,36.45,Light rain
NHB250815010305.RAWLGYY,2025-08-15 01:03:05,Short Range,8,29.83,Clear
NHB250815011007.RAWLGZ1,2025-08-15 01:10:07,Long Range,4,35.95,Light rain
NHB250815011303.RAWLGZ5,2025-08-15 01:13:03,Short Range,8,30.31,Light rain
NHB250815012008.RAWLGZ8,2025-08-15 01:20:08,Long Range,4,37.61,Light rain
NHB250815012303.RAWLGZC,2025-08-15 01:23:03,Short Range,8,30.32,Light rain
NHB250815013008.RAWLGZF,2025-08-15 01:30:08,Long Range,4,37.37,Light rain
NHB250815013304.RAWLGZK,2025-08-15 01:33:04,Short Range,8,31.48,Light rain
NHB250815014008.RAWLGZN,2025-08-15 01:40:08,Long Range,4,38.34,Light rain
NHB250815014303.RAWLGZT,2025-08-15 01:43:03,Short Range,8,33.26,Light rain
NHB250815015007.RAWLGZW,2025-08-15 01:50:07,Long Range,4,39.1,Light rain
NHB250815015303.RAWLH00,2025-08-15 01:53:03,Short Range,8,32.69,Light rain
NHB250815020008.RAWLH03,2025-08-15 02:00:08,Long Range,4,38.85,Light rain
NHB250815020303.RAWLH07,2025-08-15 02:03:03,Short Range,8,38.36,Light rain
NHB250815021007.RAWLH0A,2025-08-15 02:10:07,Long Range,4,40.61,Moderate rain
NHB250815021303.RAWLH0E,2025-08-15 02:13:03,Short Range,8,40.1,Moderate rain
NHB250815022008.RAWLH0H,2025-08-15 02:20:08,Long Range,4,41.46,Moderate rain
NHB250815022303.RAWLH0M,2025-08-15 02:23:03,Short Range,8,41.7,Moderate rain
NHB250815023008.RAWLH0R,2025-08-15 02:30:08,Long Range,4,43.02,Moderate rain
NHB250815023303.RAWLH0V,2025-08-15 02:33:03,Short Range,8,43.48,Moderate rain
NHB250815024007.RAWLH0Y,2025-08-15 02:40:07,Long Range,4,43.85,Moderate rain
NHB250815024303.RAWLH12,2025-08-15 02:43:03,Short Range,8,45.0,Moderate rain
NHB250815025008.RAWLH15,2025-08-15 02:50:08,Long Range,4,44.78,Moderate rain
NHB250815025303.RAWLH19,2025-08-15 02:53:03,Short Range,8,47.48,Moderate rain
NHB250815030007.RAWLH1C,2025-08-15 03:00:07,Long Range,4,45.54,Moderate rain
NHB250815030304.RAWLH1G,2025-08-15 03:03:04,Short Range,8,49.34,Heavy rain
NHB250815031007.RAWLH1K,2025-08-15 03:10:07,Long Range,4,46.36,Moderate rain
NHB250815031303.RAWLH1P,2025-08-15 03:13:03,Short Range,8,50.05,Heavy rain
NHB250815032007.RAWLH1T,2025-08-15 03:20:07,Long Range,4,47.06,Moderate rain
NHB250815032304.RAWLH1X,2025-08-15 03:23:04,Short Range,8,52.12,Heavy rain
NHB250815033008.RAWLH20,2025-08-15 03:30:08,Long Range,4,48.33,Heavy rain
NHB250815033304.RAWLH24,2025-08-15 03:33:04,Short Range,8,52.89,Heavy rain
NHB250815034008.RAWLH27,2025-08-15 03:40:08,Long Range,4,48.57,Heavy rain
NHB250815034303.RAWLH2B,2025-08-15 03:43:03,Short Range,8,51.75,Heavy rain
NHB250815035007.RAWLH2E,2025-08-15 03:50:07,Long Range,4,46.03,Moderate rain
NHB250815035303.RAWLH2J,2025-08-15 03:53:03,Short Range,8,49.72,Heavy rain
NHB250815040007.RAWLH2M,2025-08-15 04:00:07,Long Range,4,48.16,Heavy rain
NHB250815040304.RAWLH2S,2025-08-15 04:03:04,Short Range,8,50.35,Heavy rain
NHB250815041008.RAWLH2V,2025-08-15 04:10:08,Long Range,4,44.82,Moderate rain
NHB250815041304.RAWLH2Z,2025-08-15 04:13:04,Short Range,8,46.9,Moderate rain
NHB250815042008.RAWLH32,2025-08-15 04:20:08,Long Range,4,44.87,Moderate rain
NHB250815042303.RAWLH36,2025-08-15 04:23:03,Short Range,8,47.41,Moderate rain
NHB250815043007.RAWLH39,2025-08-15 04:30:07,Long Range,4,45.69,Moderate rain
NHB250815043303.RAWLH3D,2025-08-15 04:33:03,Short Range,8,48.1,Heavy rain
NHB250815044007.RAWLH3G,2025-08-15 04:40:07,Long Range,4,46.71,Moderate rain
NHB250815044304.RAWLH3L,2025-08-15 04:43:04,Short Range,8,50.64,Heavy rain
NHB250815045008.RAWLH3P,2025-08-15 04:50:08,Long Range,4,47.49,Moderate rain
NHB250815045303.RAWLH3U,2025-08-15 04:53:03,Short Range,8,50.72,Heavy rain
NHB250815050007.RAWLH3X,2025-08-15 05:00:07,Long Range,4,48.69,Heavy rain
NHB250815050304.RAWLH41,2025-08-15 05:03:04,Short Range,8,52.1,Heavy rain
NHB250815051009.RAWLH44,2025-08-15 05:10:09,Long Range,4,48.06,Heavy rain
NHB250815051303.RAWLH48,2025-08-15 05:13:03,Short Range,8,51.38,Heavy rain
NHB250815052007.RAWLH4B,2025-08-15 05:20:07,Long Range,4,48.86,Heavy rain
NHB250815052304.RAWLH4F,2025-08-15 05:23:04,Short Range,8,49.85,Heavy rain
NHB250815053008.RAWLH4J,2025-08-15 05:30:08,Long Range,4,47.62,Heavy rain
NHB250815053303.RAWLH4N,2025-08-15 05:33:03,Short Range,8,48.17,Heavy rain
NHB250815054008.RAWLH4S,2025-08-15 05:40:08,Long Range,4,46.99,Moderate rain
NHB250815054303.RAWLH4W,2025-08-15 05:43:03,Short Range,8,47.39,Moderate rain
NHB250815055008.RAWLH4Z,2025-08-15 05:50:08,Long Range,4,45.95,Moderate rain
NHB250815055304.RAWLH53,2025-08-15 05:53:04,Short Range,8,45.62,Moderate rain
NHB250815060007.RAWLH56,2025-08-15 06:00:07,Long Range,4,44.22,Moderate rain
NHB250815060303.RAWLH5A,2025-08-15 06:03:03,Short Range,8,44.33,Moderate rain
NHB250815061007.RAWLH5D,2025-08-15 06:10:07,Long Range,4,45.47,Moderate rain
NHB250815061304.RAWLH5H,2025-08-15 06:13:04,Short Range,8,46.02,Moderate rain
NHB250815062007.RAWLH5L,2025-08-15 06:20:07,Long Range,4,45.51,Moderate rain
NHB250815062303.RAWLH5R,2025-08-15 06:23:03,Short Range,8,45.93,Moderate rain
NHB250815063009.RAWLH5U,2025-08-15 06:30:09,Long Range,4,47.16,Moderate rain
NHB250815063304.RAWLH5Y,2025-08-15 06:33:04,Short Range,8,46.79,Moderate rain
NHB250815064008.RAWLH61,2025-08-15 06:40:08,Long Range,4,46.75,Moderate rain
NHB250815064303.RAWLH65,2025-08-15 06:43:03,Short Range,8,47.6,Heavy rain
NHB250815065008.RAWLH68,2025-08-15 06:50:08,Long Range,4,47.62,Heavy rain
NHB250815065305.RAWLH6C,2025-08-15 06:53:05,Short Range,8,47.48,Moderate rain
NHB250815070007.RAWLH6F,2025-08-15 07:00:07,Long Range,4,47.38,Moderate rain
NHB250815070303.RAWLH6K,2025-08-15 07:03:03,Short Range,8,48.5,Heavy rain
NHB250815071008.RAWLH6N,2025-08-15 07:10:08,Long Range,4,48.64,Heavy rain
NHB250815071304.RAWLH6T,2025-08-15 07:13:04,Short Range,8,51.17,Heavy rain
NHB250815072009.RAWLH6W,2025-08-15 07:20:09,Long Range,4,49.4,Heavy rain
NHB250815072304.RAWLH70,2025-08-15 07:23:04,Short Range,8,51.18,Heavy rain
NHB250815073007.RAWLH73,2025-08-15 07:30:07,Long Range,4,49.11,Heavy rain
NHB250815073303.RAWLH77,2025-08-15 07:33:03,Short Range,8,51.74,Heavy rain
NHB250815074008.RAWLH7A,2025-08-15 07:40:08,Long Range,4,50.69,Heavy rain
NHB250815074304.RAWLH7E,2025-08-15 07:43:04,Short Range,8,54.56,Heavy rain
NHB250815075007.RAWLH7H,2025-08-15 07:50:07,Long Range,4,52.05,Heavy rain
NHB250815075305.RAWLH7M,2025-08-15 07:53:05,Short Range,8,55.15,Very heavy rain
NHB250815080007.RAWLH7R,2025-08-15 08:00:07,Long Range,4,52.56,Heavy rain
NHB250815080303.RAWLH7V,2025-08-15 08:03:03,Short Range,8,57.07,Very heavy rain
NHB250815081008.RAWLH7Y,2025-08-15 08:10:08,Long Range,4,53.74,Heavy rain
NHB250815081303.RAWLH82,2025-08-15 08:13:03,Short Range,8,56.52,Very heavy rain
NHB250815082007.RAWLH85,2025-08-15 08:20:07,Long Range,4,53.63,Heavy rain
NHB250815082303.RAWLH89,2025-08-15 08:23:03,Short Range,8,56.62,Very heavy rain
NHB250815083008.RAWLH8C,2025-08-15 08:30:08,Long Range,4,53.33,Heavy rain
NHB250815083303.RAWLH8G,2025-08-15 08:33:03,Short Range,8,56.3,Very heavy rain
NHB250815084007.RAWLH8K,2025-08-15 08:40:07,Long Range,4,52.9,Heavy rain
NHB250815084303.RAWLH8P,2025-08-15 08:43:03,Short Range,8,55.59,Very heavy rain
NHB250815085008.RAWLH8T,2025-08-15 08:50:08,Long Range,4,52.37,Heavy rain
NHB250815085303.RAWLH8X,2025-08-15 08:53:03,Short Range,8,56.53,Very heavy rain
NHB250815090008.RAWLH90,2025-08-15 09:00:08,Long Range,4,52.84,Heavy rain
NHB250815090304.RAWLH94,2025-08-15 09:03:04,Short Range,8,53.55,Heavy rain
NHB250815091007.RAWLH97,2025-08-15 09:10:07,Long Range,4,50.58,Heavy rain
NHB250815091304.RAWLH9B,2025-08-15 09:13:04,Short Range,8,51.31,Heavy rain
NHB250815092009.RAWLH9E,2025-08-15 09:20:09,Long Range,4,50.02,Heavy rain
NHB250815092303.RAWLH9J,2025-08-15 09:23:03,Short Range,8,50.56,Heavy rain
NHB250815093007.RAWLH9M,2025-08-15 09:30:07,Long Range,4,48.9,Heavy rain
NHB250815093304.RAWLH9S,2025-08-15 09:33:04,Short Range,8,48.86,Heavy rain
NHB250815094007.RAWLH9V,2025-08-15 09:40:07,Long Range,4,48.11,Heavy rain
NHB250815094303.RAWLH9Z,2025-08-15 09:43:03,Short Range,8,48.5,Heavy rain
NHB250815095007.RAWLHA2,2025-08-15 09:50:07,Long Range,4,48.52,Heavy rain
NHB250815095304.RAWLHA6,2025-08-15 09:53:04,Short Range,8,48.4,Heavy rain
NHB250815100008.RAWLHA9,2025-08-15 10:00:08,Long Range,4,48.75,Heavy rain
NHB250815100303.RAWLHAD,2025-08-15 10:03:03,Short Range,8,48.66,Heavy rain
NHB250815101008.RAWLHAG,2025-08-15 10:10:08,Long Range,4,48.38,Heavy rain
NHB250815101304.RAWLHAL,2025-08-15 10:13:04,Short Range,8,48.09,Heavy rain
NHB250815102008.RAWLHAP,2025-08-15 10:20:08,Long Range,4,46.05,Moderate rain
NHB250815102303.RAWLHAU,2025-08-15 10:23:03,Short Range,8,47.64,Heavy rain
NHB250815103007.RAWLHAX,2025-08-15 10:30:07,Long Range,4,47.45,Moderate rain
NHB250815103303.RAWLHB1,2025-08-15 10:33:03,Short Range,8,47.19,Moderate rain
NHB250815104007.RAWLHB4,2025-08-15 10:40:07,Long Range,4,47.26,Moderate rain
NHB250815104304.RAWLHB8,2025-08-15 10:43:04,Short Range,8,47.19,Moderate rain
NHB250815105007.RAWLHBB,2025-08-15 10:50:07,Long Range,4,47.79,Heavy rain
NHB250815105303.RAWLHBF,2025-08-15 10:53:03,Short Range,8,47.69,Heavy rain
NHB250815110008.RAWLHBJ,2025-08-15 11:00:08,Long Range,4,47.41,Moderate rain
NHB250815110303.RAWLHBN,2025-08-15 11:03:03,Short Range,8,47.22,Moderate rain
NHB250815111007.RAWLHBS,2025-08-15 11:10:07,Long Range,4,48.08,Heavy rain
NHB250815111303.RAWLHBW,2025-08-15 11:13:03,Short Range,8,47.09,Moderate rain
NHB250815112008.RAWLHBZ,2025-08-15 11:20:08,Long Range,4,47.84,Heavy rain
NHB250815112304.RAWLHC3,2025-08-15 11:23:04,Short Range,8,46.96,Moderate rain
NHB250815113008.RAWLHC6,2025-08-15 11:30:08,Long Range,4,47.46,Moderate rain
NHB250815113304.RAWLHCA,2025-08-15 11:33:04,Short Range,8,46.61,Moderate rain
NHB250815114007.RAWLHCD,2025-08-15 11:40:07,Long Range,4,46.98,Moderate rain
NHB250815114303.RAWLHCH,2025-08-15 11:43:03,Short Range,8,46.52,Moderate rain
NHB250815115007.RAWLHCL,2025-08-15 11:50:07,Long Range,4,46.93,Moderate rain
NHB250815115304.RAWLHCR,2025-08-15 11:53:04,Short Range,8,46.73,Moderate rain
NHB250815120008.RAWLHCU,2025-08-15 12:00:08,Long Range,4,46.64,Moderate rain
NHB250815120303.RAWLHCY,2025-08-15 12:03:03,Short Range,8,46.9,Moderate rain
NHB250815121007.RAWLHD1,2025-08-15 12:10:07,Long Range,4,46.35,Moderate rain
NHB250815121303.RAWLHD5,2025-08-15 12:13:03,Short Range,8,46.85,Moderate rain
NHB250815122008.RAWLHD8,2025-08-15 12:20:08,Long Range,4,47.1,Moderate rain
NHB250815122304.RAWLHDC,2025-08-15 12:23:04,Short Range,8,47.86,Heavy rain
NHB250815123008.RAWLHDF,2025-08-15 12:30:08,Long Range,4,46.77,Moderate rain
NHB250815123303.RAWLHDK,2025-08-15 12:33:03,Short Range,8,47.96,Heavy rain
NHB250815124008.RAWLHDN,2025-08-15 12:40:08,Long Range,4,47.19,Moderate rain
NHB250815124304.RAWLHDT,2025-08-15 12:43:04,Short Range,8,48.2,Heavy rain
NHB250815125008.RAWLHDW,2025-08-15 12:50:08,Long Range,4,47.28,Moderate rain
NHB250815125303.RAWLHE0,2025-08-15 12:53:03,Short Range,8,48.2,Heavy rain
NHB250815130008.RAWLHE3,2025-08-15 13:00:08,Long Range,4,47.55,Heavy rain
NHB250815130303.RAWLHE7,2025-08-15 13:03:03,Short Range,8,48.52,Heavy rain
NHB250815131008.RAWLHEA,2025-08-15 13:10:08,Long Range,4,47.04,Moderate rain
NHB250815131303.RAWLHEE,2025-08-15 13:13:03,Short Range,8,48.26,Heavy rain
NHB250815132007.RAWLHEH,2025-08-15 13:20:07,Long Range,4,46.96,Moderate rain
NHB250815132303.RAWLHEM,2025-08-15 13:23:03,Short Range,8,48.25,Heavy rain
NHB250815133008.RAWLHER,2025-08-15 13:30:08,Long Range,4,46.94,Moderate rain
NHB250815133303.RAWLHEV,2025-08-15 13:33:03,Short Range,8,47.82,Heavy rain
NHB250815134008.RAWLHEY,2025-08-15 13:40:08,Long Range,4,46.04,Moderate rain
NHB250815134303.RAWLHF2,2025-08-15 13:43:03,Short Range,8,46.83,Moderate rain
NHB250815135008.RAWLHF5,2025-08-15 13:50:08,Long Range,4,45.42,Moderate rain
NHB250815135303.RAWLHF9,2025-08-15 13:53:03,Short Range,8,46.4,Moderate rain
NHB250815140008.RAWLHFC,2025-08-15 14:00:08,Long Range,4,45.6,Moderate rain
NHB250815140303.RAWLHFG,2025-08-15 14:03:03,Short Range,8,46.21,Moderate rain
NHB250815141008.RAWLHFK,2025-08-15 14:10:08,Long Range,4,44.81,Moderate rain
NHB250815141304.RAWLHFP,2025-08-15 14:13:04,Short Range,8,45.16,Moderate rain
NHB250815142008.RAWLHFT,2025-08-15 14:20:08,Long Range,4,43.97,Moderate rain
NHB250815142304.RAWLHFX,2025-08-15 14:23:04,Short Range,8,44.16,Moderate rain
NHB250815143007.RAWLHG0,2025-08-15 14:30:07,Long Range,4,43.8,Moderate rain
NHB250815143304.RAWLHG4,2025-08-15 14:33:04,Short Range,8,43.34,Moderate rain
NHB250815144008.RAWLHG7,2025-08-15 14:40:08,Long Range,4,43.17,Moderate rain
NHB250815144304.RAWLHGB,2025-08-15 14:43:04,Short Range,8,42.68,Moderate rain
NHB250815145008.RAWLHGE,2025-08-15 14:50:08,Long Range,4,41.99,Moderate rain
NHB250815145303.RAWLHGJ,2025-08-15 14:53:03,Short Range,8,41.76,Moderate rain
NHB250815150008.RAWLHGM,2025-08-15 15:00:08,Long Range,4,40.75,Moderate rain
NHB250815150303.RAWLHGS,2025-08-15 15:03:03,Short Range,8,40.97,Moderate rain
NHB250815151008.RAWLHGV,2025-08-15 15:10:08,Long Range,4,40.76,Moderate rain
NHB250815151303.RAWLHGZ,2025-08-15 15:13:03,Short Range,8,39.48,Light rain
NHB250815152007.RAWLHH2,2025-08-15 15:20:07,Long Range,4,41.04,Moderate rain
NHB250815152303.RAWLHH6,2025-08-15 15:23:03,Short Range,8,38.32,Light rain
NHB250815153008.RAWLHH9,2025-08-15 15:30:08,Long Range,4,40.61,Moderate rain
NHB250815153303.RAWLHHD,2025-08-15 15:33:03,Short Range,8,37.9,Light rain
NHB250815154008.RAWLHHG,2025-08-15 15:40:08,Long Range,4,39.71,Light rain
NHB250815154303.RAWLHHL,2025-08-15 15:43:03,Short Range,8,36.82,Light rain
NHB250815155008.RAWLHHP,2025-08-15 15:50:08,Long Range,4,39.39,Light rain
NHB250815155304.RAWLHHU,2025-08-15 15:53:04,Short Range,8,36.28,Light rain
NHB250815160007.RAWLHHX,2025-08-15 16:00:07,Long Range,4,38.6,Light rain
NHB250815160303.RAWLHJ1,2025-08-15 16:03:03,Short Range,8,35.91,Light rain
NHB250815161008.RAWLHJ4,2025-08-15 16:10:08,Long Range,4,37.14,Light rain
NHB250815161303.RAWLHJ8,2025-08-15 16:13:03,Short Range,8,35.34,Light rain
NHB250815162007.RAWLHJB,2025-08-15 16:20:07,Long Range,4,36.41,Light rain
NHB250815162304.RAWLHJF,2025-08-15 16:23:04,Short Range,8,34.74,Light rain
NHB250815163008.RAWLHJJ,2025-08-15 16:30:08,Long Range,4,36.11,Light rain
NHB250815163304.RAWLHJN,2025-08-15 16:33:04,Short Range,8,34.01,Light rain
NHB250815164008.RAWLHJS,2025-08-15 16:40:08,Long Range,4,35.57,Light rain
NHB250815164304.RAWLHJW,2025-08-15 16:43:04,Short Range,8,32.99,Light rain
NHB250815165007.RAWLHJZ,2025-08-15 16:50:07,Long Range,4,35.06,Light rain
NHB250815165304.RAWLHK3,2025-08-15 16:53:04,Short Range,8,32.19,Light rain
NHB250815170008.RAWLHK6,2025-08-15 17:00:08,Long Range,4,35.15,Light rain
NHB250815170304.RAWLHKA,2025-08-15 17:03:04,Short Range,8,30.84,Light rain
NHB250815171007.RAWLHKD,2025-08-15 17:10:07,Long Range,4,33.69,Light rain
NHB250815171304.RAWLHKH,2025-08-15 17:13:04,Short Range,8,29.04,Clear
NHB250815172007.RAWLHKL,2025-08-15 17:20:07,Long Range,4,33.95,Light rain
NHB250815172303.RAWLHKR,2025-08-15 17:23:03,Short Range,8,29.33,Clear
NHB250815173007.RAWLHKU,2025-08-15 17:30:07,Long Range,4,33.65,Light rain
NHB250815173303.RAWLHKY,2025-08-15 17:33:03,Short Range,8,28.04,Clear
NHB250815174007.RAWLHL1,2025-08-15 17:40:07,Long Range,4,33.05,Light rain
NHB250815174303.RAWLHL5,2025-08-15 17:43:03,Short Range,8,27.46,Clear
NHB250815175008.RAWLHL8,2025-08-15 17:50:08,Long Range,4,31.74,Light rain
NHB250815175303.RAWLHLC,2025-08-15 17:53:03,Short Range,8,27.04,Clear
NHB250815180008.RAWLHLF,2025-08-15 18:00:08,Long Range,4,30.37,Light rain
NHB250815180304.RAWLHLK,2025-08-15 18:03:04,Short Range,8,26.15,Clear
NHB250815181007.RAWLHLN,2025-08-15 18:10:07,Long Range,4,29.89,Clear
NHB250815181303.RAWLHLT,2025-08-15 18:13:03,Short Range,8,26.12,Clear
NHB250815182008.RAWLHLW,2025-08-15 18:20:08,Long Range,4,27.99,Clear
NHB250815182303.RAWLHM0,2025-08-15 18:23:03,Short Range,8,26.6,Clear
NHB250815183008.RAWLHM3,2025-08-15 18:30:08,Long Range,4,29.63,Clear
NHB250815183303.RAWLHM7,2025-08-15 18:33:03,Short Range,8,27.49,Clear
NHB250815184007.RAWLHMA,2025-08-15 18:40:07,Long Range,4,27.63,Clear
NHB250815184303.RAWLHME,2025-08-15 18:43:03,Short Range,8,27.5,Clear
NHB250815185008.RAWLHMH,2025-08-15 18:50:08,Long Range,4,27.12,Clear
NHB250815185304.RAWLHMM,2025-08-15 18:53:04,Short Range,8,26.25,Clear
NHB250815190008.RAWLHMR,2025-08-15 19:00:08,Long Range,4,26.68,Clear
NHB250815190303.RAWLHMV,2025-08-15 19:03:03,Short Range,8,26.15,Clear
NHB250815191008.RAWLHMY,2025-08-15 19:10:08,Long Range,4,27.23,Clear
NHB250815191303.RAWLHN2,2025-08-15 19:13:03,Short Range,8,25.1,Clear
NHB250815192008.RAWLHN5,2025-08-15 19:20:08,Long Range,4,27.53,Clear
NHB250815192304.RAWLHN9,2025-08-15 19:23:04,Short Range,8,24.73,Clear
NHB250815193007.RAWLHNC,2025-08-15 19:30:07,Long Range,4,27.11,Clear
NHB250815193303.RAWLHNG,2025-08-15 19:33:03,Short Range,8,24.28,Clear
NHB250815194008.RAWLHNK,2025-08-15 19:40:08,Long Range,4,29.29,Clear
NHB250815194304.RAWLHNP,2025-08-15 19:43:04,Short Range,8,24.97,Clear
NHB250815195008.RAWLHNT,2025-08-15 19:50:08,Long Range,4,29.52,Clear
NHB250815195304.RAWLHNX,2025-08-15 19:53:04,Short Range,8,25.9,Clear
NHB250815200007.RAWLHP0,2025-08-15 20:00:07,Long Range,4,27.65,Clear
NHB250815200304.RAWLHP4,2025-08-15 20:03:04,Short Range,8,25.24,Clear
NHB250815201007.RAWLHP7,2025-08-15 20:10:07,Long Range,4,27.84,Clear
NHB250815201303.RAWLHPB,2025-08-15 20:13:03,Short Range,8,25.9,Clear
NHB250815202008.RAWLHPE,2025-08-15 20:20:08,Long Range,4,28.03,Clear
NHB250815202303.RAWLHPJ,2025-08-15 20:23:03,Short Range,8,28.69,Clear
NHB250815203008.RAWLHPM,2025-08-15 20:30:08,Long Range,4,31.84,Light rain
NHB250815203303.RAWLHPS,2025-08-15 20:33:03,Short Range,8,33.41,Light rain
NHB250815204008.RAWLHPV,2025-08-15 20:40:08,Long Range,4,32.98,Light rain
NHB250815204304.RAWLHPZ,2025-08-15 20:43:04,Short Range,8,35.01,Light rain
NHB250815205008.RAWLHR2,2025-08-15 20:50:08,Long Range,4,35.46,Light rain
NHB250815205303.RAWLHR6,2025-08-15 20:53:03,Short Range,8,37.87,Light rain
NHB250815210009.RAWLHR9,2025-08-15 21:00:09,Long Range,4,38.05,Light rain
NHB250815210304.RAWLHRD,2025-08-15 21:03:04,Short Range,8,38.96,Light rain
NHB250815211008.RAWLHRG,2025-08-15 21:10:08,Long Range,4,38.51,Light rain
NHB250815211304.RAWLHRL,2025-08-15 21:13:04,Short Range,8,39.06,Light rain
NHB250815212008.RAWLHRP,2025-08-15 21:20:08,Long Range,4,39.42,Light rain
NHB250815212304.RAWLHRU,2025-08-15 21:23:04,Short Range,8,40.54,Moderate rain
NHB250815213007.RAWLHRX,2025-08-15 21:30:07,Long Range,4,40.21,Moderate rain
NHB250815213304.RAWLHS1,2025-08-15 21:33:04,Short Range,8,39.97,Light rain
NHB250815214008.RAWLHS4,2025-08-15 21:40:08,Long Range,4,39.84,Light rain
NHB250815214304.RAWLHS8,2025-08-15 21:43:04,Short Range,8,39.19,Light rain
NHB250815215008.RAWLHSB,2025-08-15 21:50:08,Long Range,4,39.75,Light rain
NHB250815215304.RAWLHSF,2025-08-15 21:53:04,Short Range,8,38.41,Light rain
NHB250815220008.RAWLHSJ,2025-08-15 22:00:08,Long Range,4,39.85,Light rain
NHB250815220304.RAWLHSN,2025-08-15 22:03:04,Short Range,8,37.63,Light rain
NHB250815221007.RAWLHSS,2025-08-15 22:10:07,Long Range,4,40.41,Moderate rain
NHB250815221303.RAWLHSW,2025-08-15 22:13:03,Short Range,8,36.99,Light rain
NHB250815222007.RAWLHSZ,2025-08-15 22:20:07,Long Range,4,41.35,Moderate rain
NHB250815222304.RAWLHT3,2025-08-15 22:23:04,Short Range,8,36.85,Light rain
NHB250815223007.RAWLHT6,2025-08-15 22:30:07,Long Range,4,40.63,Moderate rain
NHB250815223304.RAWLHTA,2025-08-15 22:33:04,Short Range,8,35.57,Light rain
NHB250815224007.RAWLHTD,2025-08-15 22:40:07,Long Range,4,39.4,Light rain
NHB250815224304.RAWLHTH,2025-08-15 22:43:04,Short Range,8,34.34,Light rain
NHB250815225008.RAWLHTL,2025-08-15 22:50:08,Long Range,4,38.68,Light rain
NHB250815225304.RAWLHTR,2025-08-15 22:53:04,Short Range,8,33.81,Light rain
NHB250815230008.RAWLHTU,2025-08-15 23:00:08,Long Range,4,37.15,Light rain
NHB250815230304.RAWLHTY,2025-08-15 23:03:04,Short Range,8,34.34,Light rain
NHB250815231007.RAWLHU1,2025-08-15 23:10:07,Long Range,4,37.57,Light rain
NHB250815231303.RAWLHU5,2025-08-15 23:13:03,Short Range,8,33.78,Light rain
NHB250815232008.RAWLHU8,2025-08-15 23:20:08,Long Range,4,38.06,Light rain
NHB250815232303.RAWLHUC,2025-08-15 23:23:03,Short Range,8,34.53,Light rain
NHB250815233008.RAWLHUF,2025-08-15 23:30:08,Long Range,4,38.98,Light rain
NHB250815233303.RAWLHUK,2025-08-15 23:33:03,Short Range,8,34.52,Light rain
NHB250815234007.RAWLHUN,2025-08-15 23:40:07,Long Range,4,38.37,Light rain
NHB250815234304.RAWLHUT,2025-08-15 23:43:04,Short Range,8,34.06,Light rain
NHB250815235008.RAWLHUW,2025-08-15 23:50:08,Long Range,4,36.68,Light rain
NHB250815235304.RAWLHV0,2025-08-15 23:53:04,Short Range,8,34.88,Light rain
NHB250816000007.RAWLHV3,2025-08-16 00:00:07,Long Range,4,37.33,Light rain
NHB250816000304.RAWLHV7,2025-08-16 00:03:04,Short Range,8,35.6,Light rain
NHB250816001008.RAWLHVA,2025-08-16 00:10:08,Long Range,4,38.35,Light rain
NHB250816001304.RAWLHVE,2025-08-16 00:13:04,Short Range,8,35.77,Light rain
NHB250816002008.RAWLHVH,2025-08-16 00:20:08,Long Range,4,36.96,Light rain
NHB250816002304.RAWLHVM,2025-08-16 00:23:04,Short Range,8,36.04,Light rain
NHB250816003008.RAWLHVR,2025-08-16 00:30:08,Long Range,4,37.78,Light rain
NHB250816003304.RAWLHVV,2025-08-16 00:33:04,Short Range,8,36.99,Light rain
NHB250816004008.RAWLHVY,2025-08-16 00:40:08,Long Range,4,37.16,Light rain
NHB250816004304.RAWLHW2,2025-08-16 00:43:04,Short Range,8,36.46,Light rain
NHB250816005008.RAWLHW5,2025-08-16 00:50:08,Long Range,4,38.62,Light rain
NHB250816005303.RAWLHW9,2025-08-16 00:53:03,Short Range,8,35.63,Light rain
NHB250816010007.RAWLHWC,2025-08-16 01:00:07,Long Range,4,37.65,Light rain
NHB250816010303.RAWLHWG,2025-08-16 01:03:03,Short Range,8,36.11,Light rain
NHB250816011008.RAWLHWK,2025-08-16 01:10:08,Long Range,4,38.45,Light rain
NHB250816011304.RAWLHWP,2025-08-16 01:13:04,Short Range,8,34.79,Light rain
NHB250816012007.RAWLHWT,2025-08-16 01:20:07,Long Range,4,39.07,Light rain
NHB250816012304.RAWLHWX,2025-08-16 01:23:04,Short Range,8,36.13,Light rain
NHB250816013008.RAWLHX0,2025-08-16 01:30:08,Long Range,4,37.2,Light rain
NHB250816013303.RAWLHX4,2025-08-16 01:33:03,Short Range,8,35.93,Light rain
NHB250816014008.RAWLHX7,2025-08-16 01:40:08,Long Range,4,38.09,Light rain
NHB250816014304.RAWLHXB,2025-08-16 01:43:04,Short Range,8,36.67,Light rain
NHB250816015007.RAWLHXE,2025-08-16 01:50:07,Long Range,4,39.76,Light rain
NHB250816015304.RAWLHXJ,2025-08-16 01:53:04,Short Range,8,40.7,Moderate rain
NHB250816020007.RAWLHXM,2025-08-16 02:00:07,Long Range,4,41.33,Moderate rain
NHB250816020304.RAWLHXS,2025-08-16 02:03:04,Short Range,8,41.85,Moderate rain
NHB250816021008.RAWLHXV,2025-08-16 02:10:08,Long Range,4,39.87,Light rain
NHB250816021303.RAWLHXZ,2025-08-16 02:13:03,Short Range,8,42.93,Moderate rain
NHB250816022008.RAWLHY2,2025-08-16 02:20:08,Long Range,4,40.44,Moderate rain
NHB250816022303.RAWLHY6,2025-08-16 02:23:03,Short Range,8,43.27,Moderate rain
NHB250816023008.RAWLHY9,2025-08-16 02:30:08,Long Range,4,40.05,Moderate rain
NHB250816023304.RAWLHYD,2025-08-16 02:33:04,Short Range,8,43.41,Moderate rain
NHB250816024008.RAWLHYG,2025-08-16 02:40:08,Long Range,4,42.79,Moderate rain
NHB250816024303.RAWLHYL,2025-08-16 02:43:03,Short Range,8,47.0,Moderate rain
NHB250816025007.RAWLHYP,2025-08-16 02:50:07,Long Range,4,43.16,Moderate rain
NHB250816025304.RAWLHYU,2025-08-16 02:53:04,Short Range,8,47.26,Moderate rain
NHB250816030008.RAWLHYX,2025-08-16 03:00:08,Long Range,4,43.72,Moderate rain
NHB250816030303.RAWLHZ1,2025-08-16 03:03:03,Short Range,8,49.35,Heavy rain
NHB250816031008.RAWLHZ4,2025-08-16 03:10:08,Long Range,4,44.5,Moderate rain
NHB250816031303.RAWLHZ8,2025-08-16 03:13:03,Short Range,8,49.75,Heavy rain
NHB250816032008.RAWLHZB,2025-08-16 03:20:08,Long Range,4,45.61,Moderate rain
NHB250816032303.RAWLHZF,2025-08-16 03:23:03,Short Range,8,49.7,Heavy rain
NHB250816033008.RAWLHZJ,2025-08-16 03:30:08,Long Range,4,46.95,Moderate rain
NHB250816033303.RAWLHZN,2025-08-16 03:33:03,Short Range,8,51.37,Heavy rain
NHB250816034008.RAWLHZS,2025-08-16 03:40:08,Long Range,4,47.51,Heavy rain
NHB250816034303.RAWLHZW,2025-08-16 03:43:03,Short Range,8,49.88,Heavy rain
NHB250816035008.RAWLHZZ,2025-08-16 03:50:08,Long Range,4,47.16,Moderate rain
NHB250816035304.RAWLJ03,2025-08-16 03:53:04,Short Range,8,49.97,Heavy rain
NHB250816040007.RAWLJ06,2025-08-16 04:00:07,Long Range,4,47.36,Moderate rain
NHB250816040303.RAWLJ0A,2025-08-16 04:03:03,Short Range,8,49.52,Heavy rain
NHB250816041008.RAWLJ0D,2025-08-16 04:10:08,Long Range,4,47.83,Heavy rain
NHB250816041303.RAWLJ0H,2025-08-16 04:13:03,Short Range,8,49.99,Heavy rain
NHB250816042009.RAWLJ0L,2025-08-16 04:20:09,Long Range,4,49.43,Heavy rain
NHB250816042304.RAWLJ0R,2025-08-16 04:23:04,Short Range,8,51.63,Heavy rain
NHB250816043007.RAWLJ0U,2025-08-16 04:30:07,Long Range,4,50.0,Heavy rain
NHB250816043303.RAWLJ0Y,2025-08-16 04:33:03,Short Range,8,52.13,Heavy rain
NHB250816044008.RAWLJ11,2025-08-16 04:40:08,Long Range,4,50.46,Heavy rain
NHB250816044304.RAWLJ15,2025-08-16 04:43:04,Short Range,8,51.24,Heavy rain
NHB250816045007.RAWLJ18,2025-08-16 04:50:07,Long Range,4,50.34,Heavy rain
NHB250816045304.RAWLJ1C,2025-08-16 04:53:04,Short Range,8,53.05,Heavy rain
NHB250816050007.RAWLJ1F,2025-08-16 05:00:07,Long Range,4,51.34,Heavy rain
NHB250816050304.RAWLJ1K,2025-08-16 05:03:04,Short Range,8,53.33,Heavy rain
NHB250816051007.RAWLJ1N,2025-08-16 05:10:07,Long Range,4,50.8,Heavy rain
NHB250816051304.RAWLJ1T,2025-08-16 05:13:04,Short Range,8,52.19,Heavy rain
NHB250816052008.RAWLJ1W,2025-08-16 05:20:08,Long Range,4,47.46,Moderate rain
NHB250816052304.RAWLJ20,2025-08-16 05:23:04,Short Range,8,50.73,Heavy rain
NHB250816053008.RAWLJ23,2025-08-16 05:30:08,Long Range,4,48.99,Heavy rain
NHB250816053304.RAWLJ27,2025-08-16 05:33:04,Short Range,8,51.59,Heavy rain
NHB250816054007.RAWLJ2A,2025-08-16 05:40:07,Long Range,4,50.73,Heavy rain
NHB250816054303.RAWLJ2E,2025-08-16 05:43:03,Short Range,8,53.74,Heavy rain
NHB250816055008.RAWLJ2H,2025-08-16 05:50:08,Long Range,4,51.96,Heavy rain
NHB250816055304.RAWLJ2M,2025-08-16 05:53:04,Short Range,8,53.86,Heavy rain
NHB250816060008.RAWLJ2R,2025-08-16 06:00:08,Long Range,4,52.29,Heavy rain
NHB250816060303.RAWLJ2V,2025-08-16 06:03:03,Short Range,8,53.29,Heavy rain
NHB250816061007.RAWLJ2Y,2025-08-16 06:10:07,Long Range,4,51.19,Heavy rain
NHB250816061304.RAWLJ32,2025-08-16 06:13:04,Short Range,8,52.15,Heavy rain
NHB250816062008.RAWLJ35,2025-08-16 06:20:08,Long Range,4,51.54,Heavy rain
NHB250816062303.RAWLJ39,2025-08-16 06:23:03,Short Range,8,52.66,Heavy rain
NHB250816063008.RAWLJ3C,2025-08-16 06:30:08,Long Range,4,51.63,Heavy rain
NHB250816063303.RAWLJ3G,2025-08-16 06:33:03,Short Range,8,52.13,Heavy rain
NHB250816064008.RAWLJ3K,2025-08-16 06:40:08,Long Range,4,51.14,Heavy rain
NHB250816064304.RAWLJ3P,2025-08-16 06:43:04,Short Range,8,51.01,Heavy rain
NHB250816065008.RAWLJ3T,2025-08-16 06:50:08,Long Range,4,49.19,Heavy rain
NHB250816065303.RAWLJ3X,2025-08-16 06:53:03,Short Range,8,50.94,Heavy rain
NHB250816070007.RAWLJ40,2025-08-16 07:00:07,Long Range,4,49.1,Heavy rain
NHB250816070303.RAWLJ44,2025-08-16 07:03:03,Short Range,8,50.33,Heavy rain
NHB250816071008.RAWLJ47,2025-08-16 07:10:08,Long Range,4,49.0,Heavy rain
NHB250816071303.RAWLJ4B,2025-08-16 07:13:03,Short Range,8,49.11,Heavy rain
NHB250816072009.RAWLJ4E,2025-08-16 07:20:09,Long Range,4,47.67,Heavy rain
NHB250816072304.RAWLJ4J,2025-08-16 07:23:04,Short Range,8,49.22,Heavy rain
NHB250816073007.RAWLJ4M,2025-08-16 07:30:07,Long Range,4,48.29,Heavy rain
NHB250816073304.RAWLJ4S,2025-08-16 07:33:04,Short Range,8,49.02,Heavy rain
NHB250816074008.RAWLJ4V,2025-08-16 07:40:08,Long Range,4,47.39,Moderate rain
NHB250816074303.RAWLJ4Z,2025-08-16 07:43:03,Short Range,8,48.71,Heavy rain
NHB250816075007.RAWLJ52,2025-08-16 07:50:07,Long Range,4,48.03,Heavy rain
NHB250816075304.RAWLJ56,2025-08-16 07:53:04,Short Range,8,48.93,Heavy rain
NHB250816080007.RAWLJ59,2025-08-16 08:00:07,Long Range,4,47.79,Heavy rain
NHB250816080303.RAWLJ5D,2025-08-16 08:03:03,Short Range,8,48.69,Heavy rain
NHB250816081008.RAWLJ5G,2025-08-16 08:10:08,Long Range,4,48.17,Heavy rain
NHB250816081303.RAWLJ5L,2025-08-16 08:13:03,Short Range,8,49.32,Heavy rain
NHB250816082008.RAWLJ5P,2025-08-16 08:20:08,Long Range,4,48.32,Heavy rain
NHB250816082303.RAWLJ5U,2025-08-16 08:23:03,Short Range,8,49.13,Heavy rain
NHB250816083007.RAWLJ5X,2025-08-16 08:30:07,Long Range,4,47.84,Heavy rain
NHB250816083303.RAWLJ61,2025-08-16 08:33:03,Short Range,8,48.07,Heavy rain
NHB250816084007.RAWLJ64,2025-08-16 08:40:07,Long Range,4,47.26,Moderate rain
NHB250816084304.RAWLJ68,2025-08-16 08:43:04,Short Range,8,47.18,Moderate rain
NHB250816085008.RAWLJ6B,2025-08-16 08:50:08,Long Range,4,47.29,Moderate rain
NHB250816085304.RAWLJ6F,2025-08-16 08:53:04,Short Range,8,47.66,Heavy rain
NHB250816090007.RAWLJ6J,2025-08-16 09:00:07,Long Range,4,46.35,Moderate rain
NHB250816090304.RAWLJ6N,2025-08-16 09:03:04,Short Range,8,46.25,Moderate rain
NHB250816091007.RAWLJ6S,2025-08-16 09:10:07,Long Range,4,46.75,Moderate rain
NHB250816091303.RAWLJ6W,2025-08-16 09:13:03,Short Range,8,46.68,Moderate rain
NHB250816092007.RAWLJ6Z,2025-08-16 09:20:07,Long Range,4,46.21,Moderate rain
NHB250816092303.RAWLJ73,2025-08-16 09:23:03,Short Range,8,45.68,Moderate rain
NHB250816093008.RAWLJ76,2025-08-16 09:30:08,Long Range,4,46.61,Moderate rain
NHB250816093303.RAWLJ7A,2025-08-16 09:33:03,Short Range,8,45.53,Moderate rain
NHB250816094007.RAWLJ7D,2025-08-16 09:40:07,Long Range,4,45.22,Moderate rain
NHB250816094303.RAWLJ7H,2025-08-16 09:43:03,Short Range,8,44.74,Moderate rain
NHB250816095007.RAWLJ7L,2025-08-16 09:50:07,Long Range,4,46.22,Moderate rain
NHB250816095303.RAWLJ7R,2025-08-16 09:53:03,Short Range,8,45.53,Moderate rain
NHB250816100008.RAWLJ7U,2025-08-16 10:00:08,Long Range,4,45.83,Moderate rain
NHB250816100303.RAWLJ7Y,2025-08-16 10:03:03,Short Range,8,45.27,Moderate rain
NHB250816101007.RAWLJ81,2025-08-16 10:10:07,Long Range,4,45.46,Moderate rain
NHB250816101305.RAWLJ85,2025-08-16 10:13:05,Short Range,8,45.14,Moderate rain
NHB250816102008.RAWLJ88,2025-08-16 10:20:08,Long Range,4,45.1,Moderate rain
NHB250816102303.RAWLJ8C,2025-08-16 10:23:03,Short Range,8,44.77,Moderate rain
NHB250816103008.RAWLJ8F,2025-08-16 10:30:08,Long Range,4,45.24,Moderate rain
NHB250816103303.RAWLJ8K,2025-08-16 10:33:03,Short Range,8,44.8,Moderate rain
NHB250816104008.RAWLJ8N,2025-08-16 10:40:08,Long Range,4,44.36,Moderate rain
NHB250816104304.RAWLJ8T,2025-08-16 10:43:04,Short Range,8,44.47,Moderate rain
NHB250816105008.RAWLJ8W,2025-08-16 10:50:08,Long Range,4,44.93,Moderate rain
NHB250816105304.RAWLJ90,2025-08-16 10:53:04,Short Range,8,44.59,Moderate rain
NHB250816110007.RAWLJ93,2025-08-16 11:00:07,Long Range,4,45.12,Moderate rain
NHB250816110304.RAWLJ97,2025-08-16 11:03:04,Short Range,8,44.31,Moderate rain
NHB250816111008.RAWLJ9A,2025-08-16 11:10:08,Long Range,4,44.98,Moderate rain
NHB250816111303.RAWLJ9E,2025-08-16 11:13:03,Short Range,8,44.19,Moderate rain
NHB250816112008.RAWLJ9H,2025-08-16 11:20:08,Long Range,4,44.87,Moderate rain
NHB250816112303.RAWLJ9M,2025-08-16 11:23:03,Short Range,8,44.16,Moderate rain
NHB250816113008.RAWLJ9R,2025-08-16 11:30:08,Long Range,4,44.43,Moderate rain
NHB250816113304.RAWLJ9V,2025-08-16 11:33:04,Short Range,8,44.46,Moderate rain
NHB250816114008.RAWLJ9Y,2025-08-16 11:40:08,Long Range,4,45.09,Moderate rain
NHB250816114304.RAWLJA2,2025-08-16 11:43:04,Short Range,8,44.75,Moderate rain
NHB250816115008.RAWLJA5,2025-08-16 11:50:08,Long Range,4,44.41,Moderate rain
NHB250816115303.RAWLJA9,2025-08-16 11:53:03,Short Range,8,44.62,Moderate rain
NHB250816120008.RAWLJAC,2025-08-16 12:00:08,Long Range,4,44.35,Moderate rain
NHB250816120303.RAWLJAG,2025-08-16 12:03:03,Short Range,8,44.6,Moderate rain
NHB250816121008.RAWLJAK,2025-08-16 12:10:08,Long Range,4,44.19,Moderate rain
NHB250816121303.RAWLJAP,2025-08-16 12:13:03,Short Range,8,44.2,Moderate rain
NHB250816122008.RAWLJAT,2025-08-16 12:20:08,Long Range,4,43.72,Moderate rain
NHB250816122303.RAWLJAX,2025-08-16 12:23:03,Short Range,8,43.87,Moderate rain
NHB250816123008.RAWLJB0,2025-08-16 12:30:08,Long Range,4,43.42,Moderate rain
NHB250816123303.RAWLJB4,2025-08-16 12:33:03,Short Range,8,43.51,Moderate rain
NHB250816124008.RAWLJB7,2025-08-16 12:40:08,Long Range,4,43.39,Moderate rain
NHB250816124303.RAWLJBB,2025-08-16 12:43:03,Short Range,8,43.29,Moderate rain
NHB250816125008.RAWLJBE,2025-08-16 12:50:08,Long Range,4,42.89,Moderate rain
NHB250816125304.RAWLJBJ,2025-08-16 12:53:04,Short Range,8,43.14,Moderate rain
NHB250816130007.RAWLJBM,2025-08-16 13:00:07,Long Range,4,43.24,Moderate rain
NHB250816130303.RAWLJBS,2025-08-16 13:03:03,Short Range,8,43.04,Moderate rain
NHB250816131007.RAWLJBV,2025-08-16 13:10:07,Long Range,4,43.2,Moderate rain
NHB250816131304.RAWLJBZ,2025-08-16 13:13:04,Short Range,8,42.71,Moderate rain
NHB250816132008.RAWLJC2,2025-08-16 13:20:08,Long Range,4,42.65,Moderate rain
NHB250816132303.RAWLJC6,2025-08-16 13:23:03,Short Range,8,42.05,Moderate rain
NHB250816133007.RAWLJC9,2025-08-16 13:30:07,Long Range,4,42.38,Moderate rain
NHB250816133303.RAWLJCD,2025-08-16 13:33:03,Short Range,8,41.42,Moderate rain
NHB250816134008.RAWLJCG,2025-08-16 13:40:08,Long Range,4,41.49,Moderate rain
NHB250816134304.RAWLJCL,2025-08-16 13:43:04,Short Range,8,40.76,Moderate rain
NHB250816135008.RAWLJCP,2025-08-16 13:50:08,Long Range,4,40.65,Moderate rain
NHB250816135304.RAWLJCU,2025-08-16 13:53:04,Short Range,8,39.75,Light rain
NHB250816140008.RAWLJCX,2025-08-16 14:00:08,Long Range,4,39.92,Light rain
NHB250816140303.RAWLJD1,2025-08-16 14:03:03,Short Range,8,38.57,Light rain
NHB250816141008.RAWLJD4,2025-08-16 14:10:08,Long Range,4,38.29,Light rain
NHB250816141303.RAWLJD8,2025-08-16 14:13:03,Short Range,8,37.44,Light rain
NHB250816142008.RAWLJDB,2025-08-16 14:20:08,Long Range,4,37.57,Light rain
NHB250816142304.RAWLJDF,2025-08-16 14:23:04,Short Range,8,36.92,Light rain
NHB250816143008.RAWLJDJ,2025-08-16 14:30:08,Long Range,4,37.75,Light rain
NHB250816143303.RAWLJDN,2025-08-16 14:33:03,Short Range,8,36.75,Light rain
NHB250816144008.RAWLJDS,2025-08-16 14:40:08,Long Range,4,37.34,Light rain
NHB250816144303.RAWLJDW,2025-08-16 14:43:03,Short Range,8,36.38,Light rain
NHB250816145007.RAWLJDZ,2025-08-16 14:50:07,Long Range,4,37.34,Light rain
NHB250816145304.RAWLJE3,2025-08-16 14:53:04,Short Range,8,36.85,Light rain
NHB250816150007.RAWLJE6,2025-08-16 15:00:07,Long Range,4,36.91,Light rain
NHB250816150303.RAWLJEA,2025-08-16 15:03:03,Short Range,8,36.79,Light rain
NHB250816151007.RAWLJED,2025-08-16 15:10:07,Long Range,4,36.24,Light rain
NHB250816151304.RAWLJEH,2025-08-16 15:13:04,Short Range,8,36.38,Light rain
NHB250816152008.RAWLJEL,2025-08-16 15:20:08,Long Range,4,36.27,Light rain
NHB250816152303.RAWLJER,2025-08-16 15:23:03,Short Range,8,35.6,Light rain
NHB250816153008.RAWLJEU,2025-08-16 15:30:08,Long Range,4,35.67,Light rain
NHB250816153303.RAWLJEY,2025-08-16 15:33:03,Short Range,8,35.53,Light rain
NHB250816154008.RAWLJF1,2025-08-16 15:40:08,Long Range,4,35.49,Light rain
NHB250816154303.RAWLJF5,2025-08-16 15:43:03,Short Range,8,34.86,Light rain
NHB250816155008.RAWLJF8,2025-08-16 15:50:08,Long Range,4,34.34,Light rain
NHB250816155303.RAWLJFC,2025-08-16 15:53:03,Short Range,8,34.05,Light rain
NHB250816160007.RAWLJFF,2025-08-16 16:00:07,Long Range,4,33.97,Light rain
NHB250816160303.RAWLJFK,2025-08-16 16:03:03,Short Range,8,32.89,Light rain
NHB250816161008.RAWLJFN,2025-08-16 16:10:08,Long Range,4,33.77,Light rain
NHB250816161303.RAWLJFT,2025-08-16 16:13:03,Short Range,8,31.12,Light rain
NHB250816162008.RAWLJFW,2025-08-16 16:20:08,Long Range,4,32.26,Light rain
NHB250816162303.RAWLJG0,2025-08-16 16:23:03,Short Range,8,29.93,Clear
NHB250816163008.RAWLJG3,2025-08-16 16:30:08,Long Range,4,31.83,Light rain
NHB250816163303.RAWLJG7,2025-08-16 16:33:03,Short Range,8,30.3,Light rain
NHB250816164008.RAWLJGA,2025-08-16 16:40:08,Long Range,4,31.65,Light rain
NHB250816164303.RAWLJGE,2025-08-16 16:43:03,Short Range,8,29.84,Clear
NHB250816165008.RAWLJGH,2025-08-16 16:50:08,Long Range,4,32.74,Light rain
NHB250816165304.RAWLJGM,2025-08-16 16:53:04,Short Range,8,29.71,Clear
NHB250816170007.RAWLJGR,2025-08-16 17:00:07,Long Range,4,32.07,Light rain
NHB250816170305.RAWLJGV,2025-08-16 17:03:05,Short Range,8,29.91,Clear
NHB250816171008.RAWLJGY,2025-08-16 17:10:08,Long Range,4,31.49,Light rain
NHB250816171304.RAWLJH2,2025-08-16 17:13:04,Short Range,8,29.69,Clear
NHB250816172007.RAWLJH5,2025-08-16 17:20:07,Long Range,4,31.83,Light rain
NHB250816172304.RAWLJH9,2025-08-16 17:23:04,Short Range,8,29.75,Clear
NHB250816173008.RAWLJHC,2025-08-16 17:30:08,Long Range,4,31.31,Light rain
NHB250816173303.RAWLJHG,2025-08-16 17:33:03,Short Range,8,29.68,Clear
NHB250816174007.RAWLJHK,2025-08-16 17:40:07,Long Range,4,30.69,Light rain
NHB250816174304.RAWLJHP,2025-08-16 17:43:04,Short Range,8,29.43,Clear
NHB250816175008.RAWLJHT,2025-08-16 17:50:08,Long Range,4,31.12,Light rain
NHB250816175303.RAWLJHX,2025-08-16 17:53:03,Short Range,8,29.11,Clear
NHB250816180009.RAWLJJ0,2025-08-16 18:00:09,Long Range,4,31.26,Light rain
NHB250816180303.RAWLJJ4,2025-08-16 18:03:03,Short Range,8,28.59,Clear
NHB250816181008.RAWLJJ7,2025-08-16 18:10:08,Long Range,4,31.0,Light rain
NHB250816181304.RAWLJJB,2025-08-16 18:13:04,Short Range,8,27.98,Clear
NHB250816182007.RAWLJJE,2025-08-16 18:20:07,Long Range,4,30.62,Light rain
NHB250816182303.RAWLJJJ,2025-08-16 18:23:03,Short Range,8,27.28,Clear
NHB250816183008.RAWLJJM,2025-08-16 18:30:08,Long Range,4,30.43,Light rain
NHB250816183303.RAWLJJS,2025-08-16 18:33:03,Short Range,8,26.75,Clear
NHB250816184008.RAWLJJV,2025-08-16 18:40:08,Long Range,4,30.69,Light rain
NHB250816184304.RAWLJJZ,2025-08-16 18:43:04,Short Range,8,26.62,Clear
NHB250816185008.RAWLJK2,2025-08-16 18:50:08,Long Range,4,31.6,Light rain
NHB250816185303.RAWLJK6,2025-08-16 18:53:03,Short Range,8,26.86,Clear
NHB250816190008.RAWLJK9,2025-08-16 19:00:08,Long Range,4,31.44,Light rain
NHB250816190304.RAWLJKD,2025-08-16 19:03:04,Short Range,8,25.58,Clear
NHB250816191007.RAWLJKG,2025-08-16 19:10:07,Long Range,4,30.98,Light rain
NHB250816191303.RAWLJKL,2025-08-16 19:13:03,Short Range,8,25.33,Clear
NHB250816192008.RAWLJKP,2025-08-16 19:20:08,Long Range,4,32.87,Light rain
NHB250816192304.RAWLJKU,2025-08-16 19:23:04,Short Range,8,26.27,Clear
NHB250816193008.RAWLJKX,2025-08-16 19:30:08,Long Range,4,31.31,Light rain
NHB250816193303.RAWLJL1,2025-08-16 19:33:03,Short Range,8,26.52,Clear
NHB250816194007.RAWLJL4,2025-08-16 19:40:07,Long Range,4,31.3,Light rain
NHB250816194304.RAWLJL8,2025-08-16 19:43:04,Short Range,8,27.11,Clear
NHB250816195007.RAWLJLB,2025-08-16 19:50:07,Long Range,4,30.96,Light rain
NHB250816195303.RAWLJLF,2025-08-16 19:53:03,Short Range,8,26.89,Clear
NHB250816200009.RAWLJLJ,2025-08-16 20:00:09,Long Range,4,30.39,Light rain
NHB250816200304.RAWLJLN,2025-08-16 20:03:04,Short Range,8,26.93,Clear
NHB250816201008.RAWLJLS,2025-08-16 20:10:08,Long Range,4,30.09,Light rain
NHB250816201303.RAWLJLW,2025-08-16 20:13:03,Short Range,8,26.9,Clear
NHB250816202008.RAWLJLZ,2025-08-16 20:20:08,Long Range,4,29.49,Clear
NHB250816202303.RAWLJM3,2025-08-16 20:23:03,Short Range,8,26.54,Clear
NHB250816203007.RAWLJM6,2025-08-16 20:30:07,Long Range,4,30.06,Light rain
NHB250816203303.RAWLJMA,2025-08-16 20:33:03,Short Range,8,26.01,Clear
NHB250816204007.RAWLJMD,2025-08-16 20:40:07,Long Range,4,27.87,Clear
NHB250816204303.RAWLJMH,2025-08-16 20:43:03,Short Range,8,26.17,Clear
NHB250816205007.RAWLJML,2025-08-16 20:50:07,Long Range,4,27.21,Clear
NHB250816205303.RAWLJMR,2025-08-16 20:53:03,Short Range,8,25.06,Clear
NHB250816210008.RAWLJMU,2025-08-16 21:00:08,Long Range,4,26.33,Clear
NHB250816210304.RAWLJMY,2025-08-16 21:03:04,Short Range,8,25.17,Clear
NHB250816211007.RAWLJN1,2025-08-16 21:10:07,Long Range,4,26.91,Clear
NHB250816211303.RAWLJN5,2025-08-16 21:13:03,Short Range,8,25.18,Clear
NHB250816212008.RAWLJN8,2025-08-16 21:20:08,Long Range,4,27.63,Clear
NHB250816212304.RAWLJNC,2025-08-16 21:23:04,Short Range,8,24.53,Clear
NHB250816213008.RAWLJNF,2025-08-16 21:30:08,Long Range,4,29.5,Clear
NHB250816213303.RAWLJNK,2025-08-16 21:33:03,Short Range,8,26.4,Clear
NHB250816214007.RAWLJNN,2025-08-16 21:40:07,Long Range,4,29.04,Clear
NHB250816214304.RAWLJNT,2025-08-16 21:43:04,Short Range,8,27.09,Clear
NHB250816215008.RAWLJNW,2025-08-16 21:50:08,Long Range,4,29.57,Clear
NHB250816215305.RAWLJP0,2025-08-16 21:53:05,Short Range,8,27.07,Clear
NHB250816220008.RAWLJP3,2025-08-16 22:00:08,Long Range,4,29.89,Clear
NHB250816220303.RAWLJP7,2025-08-16 22:03:03,Short Range,8,27.07,Clear
NHB250816221008.RAWLJPA,2025-08-16 22:10:08,Long Range,4,29.59,Clear
NHB250816221304.RAWLJPE,2025-08-16 22:13:04,Short Range,8,27.09,Clear
NHB250816222008.RAWLJPH,2025-08-16 22:20:08,Long Range,4,30.71,Light rain
NHB250816222304.RAWLJPM,2025-08-16 22:23:04,Short Range,8,27.32,Clear
NHB250816223008.RAWLJPR,2025-08-16 22:30:08,Long Range,4,36.95,Light rain
NHB250816223304.RAWLJPV,2025-08-16 22:33:04,Short Range,8,27.27,Clear
NHB250816224009.RAWLJPY,2025-08-16 22:40:09,Long Range,4,31.37,Light rain
NHB250816224304.RAWLJR2,2025-08-16 22:43:04,Short Range,8,29.66,Clear
NHB250816225008.RAWLJR5,2025-08-16 22:50:08,Long Range,4,33.65,Light rain
NHB250816225303.RAWLJR9,2025-08-16 22:53:03,Short Range,8,30.84,Light rain
NHB250816230008.RAWLJRC,2025-08-16 23:00:08,Long Range,4,31.71,Light rain
NHB250816230304.RAWLJRG,2025-08-16 23:03:04,Short Range,8,28.27,Clear
NHB250816231008.RAWLJRK,2025-08-16 23:10:08,Long Range,4,32.04,Light rain
NHB250816231303.RAWLJRP,2025-08-16 23:13:03,Short Range,8,27.75,Clear
NHB250816232007.RAWLJRT,2025-08-16 23:20:07,Long Range,4,36.37,Light rain
NHB250816232303.RAWLJRX,2025-08-16 23:23:03,Short Range,8,27.66,Clear
NHB250816233007.RAWLJS0,2025-08-16 23:30:07,Long Range,4,29.27,Clear
NHB250816233304.RAWLJS4,2025-08-16 23:33:04,Short Range,8,27.19,Clear
NHB250816234008.RAWLJS7,2025-08-16 23:40:08,Long Range,4,29.93,Clear
NHB250816234303.RAWLJSB,2025-08-16 23:43:03,Short Range,8,28.52,Clear
NHB250816235008.RAWLJSE,2025-08-16 23:50:08,Long Range,4,28.42,Clear
NHB250816235304.RAWLJSJ,2025-08-16 23:53:04,Short Range,8,28.67,Clear
NHB250817000007.RAWLJSM,2025-08-17 00:00:07,Long Range,4,32.18,Light rain
NHB250817000303.RAWLJSS,2025-08-17 00:03:03,Short Range,8,29.56,Clear
NHB250817001008.RAWLJSV,2025-08-17 00:10:08,Long Range,4,30.41,Light rain
NHB250817001304.RAWLJSZ,2025-08-17 00:13:04,Short Range,8,31.54,Light rain
NHB250817002008.RAWLJT2,2025-08-17 00:20:08,Long Range,4,33.96,Light rain
NHB250817002303.RAWLJT6,2025-08-17 00:23:03,Short Range,8,32.19,Light rain
NHB250817003008.RAWLJT9,2025-08-17 00:30:08,Long Range,4,36.99,Light rain
NHB250817003304.RAWLJTD,2025-08-17 00:33:04,Short Range,8,31.56,Light rain
NHB250817004008.RAWLJTG,2025-08-17 00:40:08,Long Range,4,30.83,Light rain
NHB250817004304.RAWLJTL,2025-08-17 00:43:04,Short Range,8,32.12,Light rain
NHB250817005007.RAWLJTP,2025-08-17 00:50:07,Long Range,4,31.43,Light rain
NHB250817005303.RAWLJTU,2025-08-17 00:53:03,Short Range,8,31.36,Light rain
NHB250817010007.RAWLJTX,2025-08-17 01:00:07,Long Range,4,31.77,Light rain
NHB250817010303.RAWLJU1,2025-08-17 01:03:03,Short Range,8,30.71,Light rain
NHB250817011007.RAWLJU4,2025-08-17 01:10:07,Long Range,4,32.92,Light rain
NHB250817011303.RAWLJU8,2025-08-17 01:13:03,Short Range,8,30.23,Light rain
NHB250817012008.RAWLJUB,2025-08-17 01:20:08,Long Range,4,31.8,Light rain
NHB250817012303.RAWLJUF,2025-08-17 01:23:03,Short Range,8,29.8,Clear
NHB250817013007.RAWLJUJ,2025-08-17 01:30:07,Long Range,4,32.31,Light rain
NHB250817013304.RAWLJUN,2025-08-17 01:33:04,Short Range,8,30.61,Light rain
NHB250817014008.RAWLJUS,2025-08-17 01:40:08,Long Range,4,32.35,Light rain
NHB250817014303.RAWLJUW,2025-08-17 01:43:03,Short Range,8,31.33,Light rain
NHB250817015008.RAWLJUZ,2025-08-17 01:50:08,Long Range,4,33.0,Light rain
NHB250817015304.RAWLJV3,2025-08-17 01:53:04,Short Range,8,30.73,Light rain
NHB250817020007.RAWLJV6,2025-08-17 02:00:07,Long Range,4,31.1,Light rain
NHB250817020303.RAWLJVA,2025-08-17 02:03:03,Short Range,8,30.91,Light rain
NHB250817021007.RAWLJVD,2025-08-17 02:10:07,Long Range,4,32.48,Light rain
NHB250817021303.RAWLJVH,2025-08-17 02:13:03,Short Range,8,29.55,Clear
NHB250817022008.RAWLJVL,2025-08-17 02:20:08,Long Range,4,31.75,Light rain
NHB250817022304.RAWLJVR,2025-08-17 02:23:04,Short Range,8,28.88,Clear
NHB250817023008.RAWLJVU,2025-08-17 02:30:08,Long Range,4,31.45,Light rain
NHB250817023303.RAWLJVY,2025-08-17 02:33:03,Short Range,8,28.91,Clear
NHB250817024007.RAWLJW1,2025-08-17 02:40:07,Long Range,4,32.19,Light rain
NHB250817024304.RAWLJW5,2025-08-17 02:43:04,Short Range,8,28.52,Clear
NHB250817025007.RAWLJW8,2025-08-17 02:50:07,Long Range,4,31.27,Light rain
NHB250817025303.RAWLJWC,2025-08-17 02:53:03,Short Range,8,30.33,Light rain
NHB250817030008.RAWLJWF,2025-08-17 03:00:08,Long Range,4,30.76,Light rain
NHB250817030303.RAWLJWK,2025-08-17 03:03:03,Short Range,8,27.83,Clear
NHB250817031008.RAWLJWN,2025-08-17 03:10:08,Long Range,4,31.48,Light rain
NHB250817031304.RAWLJWT,2025-08-17 03:13:04,Short Range,8,27.61,Clear
NHB250817032007.RAWLJWW,2025-08-17 03:20:07,Long Range,4,32.5,Light rain
NHB250817032303.RAWLJX0,2025-08-17 03:23:03,Short Range,8,27.29,Clear
NHB250817033007.RAWLJX3,2025-08-17 03:30:07,Long Range,4,30.57,Light rain
NHB250817033303.RAWLJX7,2025-08-17 03:33:03,Short Range,8,27.01,Clear
NHB250817034008.RAWLJXA,2025-08-17 03:40:08,Long Range,4,31.85,Light rain
NHB250817034303.RAWLJXE,2025-08-17 03:43:03,Short Range,8,26.34,Clear
NHB250817035008.RAWLJXH,2025-08-17 03:50:08,Long Range,4,32.15,Light rain
NHB250817035303.RAWLJXM,2025-08-17 03:53:03,Short Range,8,25.69,Clear
NHB250817040008.RAWLJXR,2025-08-17 04:00:08,Long Range,4,35.77,Light rain
NHB250817040304.RAWLJXV,2025-08-17 04:03:04,Short Range,8,26.49,Clear
NHB250817041008.RAWLJXY,2025-08-17 04:10:08,Long Range,4,34.85,Light rain
NHB250817041303.RAWLJY2,2025-08-17 04:13:03,Short Range,8,26.45,Clear
NHB250817042008.RAWLJY5,2025-08-17 04:20:08,Long Range,4,34.57,Light rain
NHB250817042303.RAWLJY9,2025-08-17 04:23:03,Short Range,8,27.67,Clear
NHB250817043008.RAWLJYC,2025-08-17 04:30:08,Long Range,4,33.31,Light rain
NHB250817043304.RAWLJYG,2025-08-17 04:33:04,Short Range,8,28.08,Clear
NHB250817044008.RAWLJYK,2025-08-17 04:40:08,Long Range,4,33.02,Light rain
NHB250817044304.RAWLJYP,2025-08-17 04:43:04,Short Range,8,28.62,Clear
NHB250817045008.RAWLJYT,2025-08-17 04:50:08,Long Range,4,36.36,Light rain
NHB250817045304.RAWLJYX,2025-08-17 04:53:04,Short Range,8,29.0,Clear
NHB250817050008.RAWLJZ0,2025-08-17 05:00:08,Long Range,4,35.66,Light rain
NHB250817050303.RAWLJZ4,2025-08-17 05:03:03,Short Range,8,30.83,Light rain
NHB250817051008.RAWLJZ7,2025-08-17 05:10:08,Long Range,4,35.43,Light rain
NHB250817051303.RAWLJZB,2025-08-17 05:13:03,Short Range,8,32.29,Light rain
NHB250817052008.RAWLJZE,2025-08-17 05:20:08,Long Range,4,35.17,Light rain
NHB250817052304.RAWLJZJ,2025-08-17 05:23:04,Short Range,8,31.28,Light rain
NHB250817053008.RAWLJZM,2025-08-17 05:30:08,Long Range,4,34.99,Light rain
NHB250817053303.RAWLJZS,2025-08-17 05:33:03,Short Range,8,31.5,Light rain
NHB250817054007.RAWLJZV,2025-08-17 05:40:07,Long Range,4,35.11,Light rain
NHB250817054304.RAWLJZZ,2025-08-17 05:43:04,Short Range,8,30.53,Light rain
NHB250817055008.RAWLK02,2025-08-17 05:50:08,Long Range,4,36.76,Light rain
NHB250817055304.RAWLK06,2025-08-17 05:53:04,Short Range,8,34.43,Light rain
NHB250817060008.RAWLK09,2025-08-17 06:00:08,Long Range,4,38.11,Light rain
NHB250817060303.RAWLK0D,2025-08-17 06:03:03,Short Range,8,37.29,Light rain
NHB250817061007.RAWLK0G,2025-08-17 06:10:07,Long Range,4,38.75,Light rain
NHB250817061303.RAWLK0L,2025-08-17 06:13:03,Short Range,8,38.08,Light rain
NHB250817062008.RAWLK0P,2025-08-17 06:20:08,Long Range,4,40.12,Moderate rain
NHB250817062303.RAWLK0U,2025-08-17 06:23:03,Short Range,8,40.25,Moderate rain
NHB250817063008.RAWLK0X,2025-08-17 06:30:08,Long Range,4,40.02,Moderate rain
NHB250817063303.RAWLK11,2025-08-17 06:33:03,Short Range,8,41.56,Moderate rain
NHB250817064007.RAWLK14,2025-08-17 06:40:07,Long Range,4,41.9,Moderate rain
NHB250817064304.RAWLK18,2025-08-17 06:43:04,Short Range,8,42.81,Moderate rain
NHB250817065007.RAWLK1B,2025-08-17 06:50:07,Long Range,4,41.49,Moderate rain
NHB250817065304.RAWLK1F,2025-08-17 06:53:04,Short Range,8,42.77,Moderate rain
NHB250817070008.RAWLK1J,2025-08-17 07:00:08,Long Range,4,42.06,Moderate rain
NHB250817070303.RAWLK1N,2025-08-17 07:03:03,Short Range,8,43.36,Moderate rain
NHB250817071007.RAWLK1S,2025-08-17 07:10:07,Long Range,4,42.7,Moderate rain
NHB250817071303.RAWLK1W,2025-08-17 07:13:03,Short Range,8,44.63,Moderate rain
NHB250817072007.RAWLK1Z,2025-08-17 07:20:07,Long Range,4,43.15,Moderate rain
NHB250817072304.RAWLK23,2025-08-17 07:23:04,Short Range,8,44.42,Moderate rain
NHB250817073008.RAWLK26,2025-08-17 07:30:08,Long Range,4,42.65,Moderate rain
NHB250817073303.RAWLK2A,2025-08-17 07:33:03,Short Range,8,44.29,Moderate rain
NHB250817074007.RAWLK2D,2025-08-17 07:40:07,Long Range,4,44.18,Moderate rain
NHB250817074303.RAWLK2H,2025-08-17 07:43:03,Short Range,8,46.19,Moderate rain
NHB250817075008.RAWLK2L,2025-08-17 07:50:08,Long Range,4,44.54,Moderate rain
NHB250817075304.RAWLK2R,2025-08-17 07:53:04,Short Range,8,46.54,Moderate rain
NHB250817080007.RAWLK2U,2025-08-17 08:00:07,Long Range,4,44.99,Moderate rain
NHB250817080303.RAWLK2Y,2025-08-17 08:03:03,Short Range,8,48.71,Heavy rain
NHB250817081008.RAWLK31,2025-08-17 08:10:08,Long Range,4,45.49,Moderate rain
NHB250817081303.RAWLK35,2025-08-17 08:13:03,Short Range,8,49.73,Heavy rain
NHB250817082007.RAWLK38,2025-08-17 08:20:07,Long Range,4,47.06,Moderate rain
NHB250817082303.RAWLK3C,2025-08-17 08:23:03,Short Range,8,49.2,Heavy rain
NHB250817083009.RAWLK3F,2025-08-17 08:30:09,Long Range,4,46.87,Moderate rain
NHB250817083304.RAWLK3K,2025-08-17 08:33:04,Short Range,8,48.65,Heavy rain
NHB250817084008.RAWLK3N,2025-08-17 08:40:08,Long Range,4,46.66,Moderate rain
NHB250817084303.RAWLK3T,2025-08-17 08:43:03,Short Range,8,47.76,Heavy rain
NHB250817085008.RAWLK3W,2025-08-17 08:50:08,Long Range,4,45.9,Moderate rain
NHB250817085303.RAWLK40,2025-08-17 08:53:03,Short Range,8,47.15,Moderate rain
NHB250817090008.RAWLK43,2025-08-17 09:00:08,Long Range,4,45.84,Moderate rain
NHB250817090304.RAWLK47,2025-08-17 09:03:04,Short Range,8,47.86,Heavy rain
NHB250817091008.RAWLK4A,2025-08-17 09:10:08,Long Range,4,46.19,Moderate rain
NHB250817091304.RAWLK4E,2025-08-17 09:13:04,Short Range,8,50.03,Heavy rain
NHB250817092008.RAWLK4H,2025-08-17 09:20:08,Long Range,4,47.67,Heavy rain
NHB250817092304.RAWLK4M,2025-08-17 09:23:04,Short Range,8,50.0,Heavy rain
NHB250817093007.RAWLK4R,2025-08-17 09:30:07,Long Range,4,48.35,Heavy rain
NHB250817093304.RAWLK4V,2025-08-17 09:33:04,Short Range,8,51.93,Heavy rain
NHB250817094008.RAWLK4Y,2025-08-17 09:40:08,Long Range,4,50.08,Heavy rain
NHB250817094304.RAWLK52,2025-08-17 09:43:04,Short Range,8,51.43,Heavy rain
NHB250817095008.RAWLK55,2025-08-17 09:50:08,Long Range,4,49.01,Heavy rain
NHB250817095304.RAWLK59,2025-08-17 09:53:04,Short Range,8,50.4,Heavy rain
NHB250817100008.RAWLK5C,2025-08-17 10:00:08,Long Range,4,48.28,Heavy rain
NHB250817100305.RAWLK5G,2025-08-17 10:03:05,Short Range,8,49.93,Heavy rain
NHB250817101007.RAWLK5K,2025-08-17 10:10:07,Long Range,4,47.43,Moderate rain
NHB250817101303.RAWLK5P,2025-08-17 10:13:03,Short Range,8,49.11,Heavy rain
NHB250817102008.RAWLK5T,2025-08-17 10:20:08,Long Range,4,46.91,Moderate rain
NHB250817102303.RAWLK5X,2025-08-17 10:23:03,Short Range,8,47.23,Moderate rain
NHB250817103008.RAWLK60,2025-08-17 10:30:08,Long Range,4,46.1,Moderate rain
NHB250817103304.RAWLK64,2025-08-17 10:33:04,Short Range,8,45.18,Moderate rain
NHB250817104008.RAWLK67,2025-08-17 10:40:08,Long Range,4,45.32,Moderate rain
NHB250817104304.RAWLK6B,2025-08-17 10:43:04,Short Range,8,44.76,Moderate rain
NHB250817105008.RAWLK6E,2025-08-17 10:50:08,Long Range,4,45.72,Moderate rain
NHB250817105304.RAWLK6J,2025-08-17 10:53:04,Short Range,8,45.25,Moderate rain
NHB250817110007.RAWLK6M,2025-08-17 11:00:07,Long Range,4,45.44,Moderate rain
NHB250817110304.RAWLK6S,2025-08-17 11:03:04,Short Range,8,45.48,Moderate rain
NHB250817111008.RAWLK6V,2025-08-17 11:10:08,Long Range,4,45.6,Moderate rain
NHB250817111303.RAWLK6Z,2025-08-17 11:13:03,Short Range,8,45.5,Moderate rain
NHB250817112007.RAWLK72,2025-08-17 11:20:07,Long Range,4,45.54,Moderate rain
NHB250817112304.RAWLK76,2025-08-17 11:23:04,Short Range,8,45.39,Moderate rain
NHB250817113008.RAWLK79,2025-08-17 11:30:08,Long Range,4,45.27,Moderate rain
NHB250817113304.RAWLK7D,2025-08-17 11:33:04,Short Range,8,45.0,Moderate rain
NHB250817114008.RAWLK7G,2025-08-17 11:40:08,Long Range,4,45.32,Moderate rain
NHB250817114304.RAWLK7L,2025-08-17 11:43:04,Short Range,8,45.15,Moderate rain
NHB250817115008.RAWLK7P,2025-08-17 11:50:08,Long Range,4,45.68,Moderate rain
NHB250817115303.RAWLK7U,2025-08-17 11:53:03,Short Range,8,45.68,Moderate rain
NHB250817120008.RAWLK7X,2025-08-17 12:00:08,Long Range,4,45.99,Moderate rain
NHB250817120304.RAWLK81,2025-08-17 12:03:04,Short Range,8,46.44,Moderate rain
NHB250817121007.RAWLK84,2025-08-17 12:10:07,Long Range,4,47.05,Moderate rain
NHB250817121303.RAWLK88,2025-08-17 12:13:03,Short Range,8,48.77,Heavy rain
NHB250817122008.RAWLK8B,2025-08-17 12:20:08,Long Range,4,48.57,Heavy rain
NHB250817122303.RAWLK8F,2025-08-17 12:23:03,Short Range,8,50.74,Heavy rain
NHB250817123008.RAWLK8J,2025-08-17 12:30:08,Long Range,4,49.23,Heavy rain
NHB250817123304.RAWLK8N,2025-08-17 12:33:04,Short Range,8,52.06,Heavy rain
NHB250817124007.RAWLK8S,2025-08-17 12:40:07,Long Range,4,49.93,Heavy rain
NHB250817124304.RAWLK8W,2025-08-17 12:43:04,Short Range,8,54.41,Heavy rain
NHB250817125008.RAWLK8Z,2025-08-17 12:50:08,Long Range,4,48.57,Heavy rain
NHB250817125304.RAWLK93,2025-08-17 12:53:04,Short Range,8,50.14,Heavy rain
NHB250817130008.RAWLK96,2025-08-17 13:00:08,Long Range,4,46.61,Moderate rain
NHB250817130305.RAWLK9A,2025-08-17 13:03:05,Short Range,8,50.97,Heavy rain
NHB250817131007.RAWLK9D,2025-08-17 13:10:07,Long Range,4,49.53,Heavy rain
NHB250817131304.RAWLK9H,2025-08-17 13:13:04,Short Range,8,51.96,Heavy rain
NHB250817132008.RAWLK9L,2025-08-17 13:20:08,Long Range,4,48.51,Heavy rain
NHB250817132303.RAWLK9R,2025-08-17 13:23:03,Short Range,8,50.97,Heavy rain
NHB250817133007.RAWLK9U,2025-08-17 13:30:07,Long Range,4,49.96,Heavy rain
NHB250817133304.RAWLK9Y,2025-08-17 13:33:04,Short Range,8,52.49,Heavy rain
NHB250817134008.RAWLKA1,2025-08-17 13:40:08,Long Range,4,51.01,Heavy rain
NHB250817134303.RAWLKA5,2025-08-17 13:43:03,Short Range,8,54.24,Heavy rain
NHB250817135008.RAWLKA8,2025-08-17 13:50:08,Long Range,4,51.34,Heavy rain
NHB250817135305.RAWLKAC,2025-08-17 13:53:05,Short Range,8,53.36,Heavy rain
NHB250817140008.RAWLKAF,2025-08-17 14:00:08,Long Range,4,49.87,Heavy rain
NHB250817140304.RAWLKAK,2025-08-17 14:03:04,Short Range,8,51.68,Heavy rain
NHB250817141008.RAWLKAN,2025-08-17 14:10:08,Long Range,4,48.48,Heavy rain
NHB250817141304.RAWLKAT,2025-08-17 14:13:04,Short Range,8,48.75,Heavy rain
NHB250817142008.RAWLKAW,2025-08-17 14:20:08,Long Range,4,44.73,Moderate rain
NHB250817142303.RAWLKB0,2025-08-17 14:23:03,Short Range,8,46.03,Moderate rain
NHB250817143008.RAWLKB3,2025-08-17 14:30:08,Long Range,4,43.89,Moderate rain
NHB250817143303.RAWLKB7,2025-08-17 14:33:03,Short Range,8,44.47,Moderate rain
NHB250817144008.RAWLKBA,2025-08-17 14:40:08,Long Range,4,43.53,Moderate rain
NHB250817144304.RAWLKBE,2025-08-17 14:43:04,Short Range,8,44.43,Moderate rain
NHB250817145008.RAWLKBH,2025-08-17 14:50:08,Long Range,4,43.19,Moderate rain
NHB250817145303.RAWLKBM,2025-08-17 14:53:03,Short Range,8,43.89,Moderate rain
NHB250817150007.RAWLKBR,2025-08-17 15:00:07,Long Range,4,42.82,Moderate rain
NHB250817150304.RAWLKBV,2025-08-17 15:03:04,Short Range,8,43.5,Moderate rain
NHB250817151008.RAWLKBY,2025-08-17 15:10:08,Long Range,4,42.38,Moderate rain
NHB250817151303.RAWLKC2,2025-08-17 15:13:03,Short Range,8,43.69,Moderate rain
NHB250817152008.RAWLKC5,2025-08-17 15:20:08,Long Range,4,41.6,Moderate rain
NHB250817152304.RAWLKC9,2025-08-17 15:23:04,Short Range,8,43.56,Moderate rain
NHB250817153008.RAWLKCC,2025-08-17 15:30:08,Long Range,4,39.95,Light rain
NHB250817153303.RAWLKCG,2025-08-17 15:33:03,Short Range,8,42.49,Moderate rain
NHB250817154008.RAWLKCK,2025-08-17 15:40:08,Long Range,4,37.45,Light rain
NHB250817154304.RAWLKCP,2025-08-17 15:43:04,Short Range,8,40.5,Moderate rain
NHB250817155008.RAWLKCT,2025-08-17 15:50:08,Long Range,4,37.32,Light rain
NHB250817155304.RAWLKCX,2025-08-17 15:53:04,Short Range,8,38.32,Light rain
NHB250817160007.RAWLKD0,2025-08-17 16:00:07,Long Range,4,37.63,Light rain
NHB250817160303.RAWLKD4,2025-08-17 16:03:03,Short Range,8,37.73,Light rain
NHB250817161008.RAWLKD7,2025-08-17 16:10:08,Long Range,4,36.36,Light rain
NHB250817161304.RAWLKDB,2025-08-17 16:13:04,Short Range,8,37.36,Light rain
NHB250817162008.RAWLKDE,2025-08-17 16:20:08,Long Range,4,35.84,Light rain
NHB250817162304.RAWLKDJ,2025-08-17 16:23:04,Short Range,8,37.08,Light rain
NHB250817163008.RAWLKDM,2025-08-17 16:30:08,Long Range,4,34.67,Light rain
NHB250817163303.RAWLKDS,2025-08-17 16:33:03,Short Range,8,36.82,Light rain
NHB250817164008.RAWLKDV,2025-08-17 16:40:08,Long Range,4,33.14,Light rain
NHB250817164303.RAWLKDZ,2025-08-17 16:43:03,Short Range,8,35.67,Light rain
NHB250817165007.RAWLKE2,2025-08-17 16:50:07,Long Range,4,33.19,Light rain
NHB250817165303.RAWLKE6,2025-08-17 16:53:03,Short Range,8,34.49,Light rain
NHB250817170007.RAWLKE9,2025-08-17 17:00:07,Long Range,4,33.89,Light rain
NHB250817170303.RAWLKED,2025-08-17 17:03:03,Short Range,8,34.2,Light rain
NHB250817171008.RAWLKEG,2025-08-17 17:10:08,Long Range,4,35.0,Light rain
NHB250817171303.RAWLKEL,2025-08-17 17:13:03,Short Range,8,34.5,Light rain
NHB250817172007.RAWLKEP,2025-08-17 17:20:07,Long Range,4,33.48,Light rain
NHB250817172304.RAWLKEU,2025-08-17 17:23:04,Short Range,8,34.66,Light rain
NHB250817173007.RAWLKEX,2025-08-17 17:30:07,Long Range,4,33.36,Light rain
NHB250817173303.RAWLKF1,2025-08-17 17:33:03,Short Range,8,34.48,Light rain
NHB250817174007.RAWLKF4,2025-08-17 17:40:07,Long Range,4,33.48,Light rain
NHB250817174303.RAWLKF8,2025-08-17 17:43:03,Short Range,8,33.93,Light rain
NHB250817175007.RAWLKFB,2025-08-17 17:50:07,Long Range,4,32.91,Light rain
NHB250817175304.RAWLKFF,2025-08-17 17:53:04,Short Range,8,33.71,Light rain
NHB250817180008.RAWLKFJ,2025-08-17 18:00:08,Long Range,4,33.31,Light rain
NHB250817180304.RAWLKFN,2025-08-17 18:03:04,Short Range,8,33.87,Light rain
NHB250817181007.RAWLKFS,2025-08-17 18:10:07,Long Range,4,33.25,Light rain
NHB250817181303.RAWLKFW,2025-08-17 18:13:03,Short Range,8,33.53,Light rain
NHB250817182007.RAWLKFZ,2025-08-17 18:20:07,Long Range,4,33.76,Light rain
NHB250817182304.RAWLKG3,2025-08-17 18:23:04,Short Range,8,34.43,Light rain
NHB250817183008.RAWLKG6,2025-08-17 18:30:08,Long Range,4,33.54,Light rain
NHB250817183303.RAWLKGA,2025-08-17 18:33:03,Short Range,8,34.18,Light rain
NHB250817184007.RAWLKGD,2025-08-17 18:40:07,Long Range,4,33.01,Light rain
NHB250817184303.RAWLKGH,2025-08-17 18:43:03,Short Range,8,33.15,Light rain
NHB250817185008.RAWLKGL,2025-08-17 18:50:08,Long Range,4,32.62,Light rain
NHB250817185303.RAWLKGR,2025-08-17 18:53:03,Short Range,8,32.7,Light rain
NHB250817190007.RAWLKGU,2025-08-17 19:00:07,Long Range,4,32.42,Light rain
NHB250817190303.RAWLKGY,2025-08-17 19:03:03,Short Range,8,31.27,Light rain
NHB250817191008.RAWLKH1,2025-08-17 19:10:08,Long Range,4,30.84,Light rain
NHB250817191303.RAWLKH5,2025-08-17 19:13:03,Short Range,8,30.36,Light rain
NHB250817192007.RAWLKH8,2025-08-17 19:20:07,Long Range,4,33.21,Light rain
NHB250817192304.RAWLKHC,2025-08-17 19:23:04,Short Range,8,31.52,Light rain
NHB250817193008.RAWLKHF,2025-08-17 19:30:08,Long Range,4,31.92,Light rain
NHB250817193304.RAWLKHK,2025-08-17 19:33:04,Short Range,8,32.17,Light rain
NHB250817194008.RAWLKHN,2025-08-17 19:40:08,Long Range,4,31.64,Light rain
NHB250817194304.RAWLKHT,2025-08-17 19:43:04,Short Range,8,32.31,Light rain
NHB250817195007.RAWLKHW,2025-08-17 19:50:07,Long Range,4,31.68,Light rain
NHB250817195303.RAWLKJ0,2025-08-17 19:53:03,Short Range,8,32.66,Light rain
NHB250817200008.RAWLKJ3,2025-08-17 20:00:08,Long Range,4,30.83,Light rain
NHB250817200304.RAWLKJ7,2025-08-17 20:03:04,Short Range,8,32.3,Light rain
NHB250817201008.RAWLKJA,2025-08-17 20:10:08,Long Range,4,31.08,Light rain
NHB250817201303.RAWLKJE,2025-08-17 20:13:03,Short Range,8,32.66,Light rain
NHB250817202007.RAWLKJH,2025-08-17 20:20:07,Long Range,4,30.86,Light rain
NHB250817202303.RAWLKJM,2025-08-17 20:23:03,Short Range,8,32.13,Light rain
NHB250817203008.RAWLKJR,2025-08-17 20:30:08,Long Range,4,32.45,Light rain
NHB250817203303.RAWLKJV,2025-08-17 20:33:03,Short Range,8,32.05,Light rain
NHB250817204008.RAWLKJY,2025-08-17 20:40:08,Long Range,4,32.55,Light rain
NHB250817204304.RAWLKK2,2025-08-17 20:43:04,Short Range,8,32.15,Light rain
NHB250817205008.RAWLKK5,2025-08-17 20:50:08,Long Range,4,31.62,Light rain
NHB250817205304.RAWLKK9,2025-08-17 20:53:04,Short Range,8,31.6,Light rain
NHB250817210008.RAWLKKC,2025-08-17 21:00:08,Long Range,4,31.03,Light rain
NHB250817210304.RAWLKKG,2025-08-17 21:03:04,Short Range,8,29.66,Clear
NHB250817211007.RAWLKKK,2025-08-17 21:10:07,Long Range,4,30.85,Light rain
NHB250817211304.RAWLKKP,2025-08-17 21:13:04,Short Range,8,29.35,Clear
NHB250817212008.RAWLKKT,2025-08-17 21:20:08,Long Range,4,30.84,Light rain
NHB250817212304.RAWLKKX,2025-08-17 21:23:04,Short Range,8,26.63,Clear
NHB250817213007.RAWLKL0,2025-08-17 21:30:07,Long Range,4,30.75,Light rain
NHB250817213304.RAWLKL4,2025-08-17 21:33:04,Short Range,8,26.4,Clear
NHB250817214008.RAWLKL7,2025-08-17 21:40:08,Long Range,4,34.58,Light rain
NHB250817214303.RAWLKLB,2025-08-17 21:43:03,Short Range,8,26.73,Clear
NHB250817215008.RAWLKLE,2025-08-17 21:50:08,Long Range,4,34.26,Light rain
NHB250817215304.RAWLKLJ,2025-08-17 21:53:04,Short Range,8,27.6,Clear
NHB250817220008.RAWLKLM,2025-08-17 22:00:08,Long Range,4,33.36,Light rain
NHB250817220303.RAWLKLS,2025-08-17 22:03:03,Short Range,8,27.21,Clear
NHB250817221008.RAWLKLV,2025-08-17 22:10:08,Long Range,4,31.14,Light rain
NHB250817221304.RAWLKLZ,2025-08-17 22:13:04,Short Range,8,26.71,Clear
NHB250817222008.RAWLKM2,2025-08-17 22:20:08,Long Range,4,30.35,Light rain
NHB250817222303.RAWLKM6,2025-08-17 22:23:03,Short Range,8,27.32,Clear
NHB250817223008.RAWLKM9,2025-08-17 22:30:08,Long Range,4,31.44,Light rain
NHB250817223303.RAWLKMD,2025-08-17 22:33:03,Short Range,8,26.49,Clear
NHB250817224008.RAWLKMG,2025-08-17 22:40:08,Long Range,4,31.03,Light rain
NHB250817224303.RAWLKML,2025-08-17 22:43:03,Short Range,8,27.35,Clear
NHB250817225008.RAWLKMP,2025-08-17 22:50:08,Long Range,4,31.64,Light rain
NHB250817225304.RAWLKMU,2025-08-17 22:53:04,Short Range,8,27.12,Clear
NHB250817230007.RAWLKMX,2025-08-17 23:00:07,Long Range,4,29.97,Clear
NHB250817230304.RAWLKN1,2025-08-17 23:03:04,Short Range,8,27.64,Clear
NHB250817231007.RAWLKN4,2025-08-17 23:10:07,Long Range,4,29.37,Clear
NHB250817231303.RAWLKN8,2025-08-17 23:13:03,Short Range,8,27.24,Clear
NHB250817232009.RAWLKNB,2025-08-17 23:20:09,Long Range,4,30.03,Light rain
NHB250817232305.RAWLKNF,2025-08-17 23:23:05,Short Range,8,28.44,Clear
NHB250817233007.RAWLKNJ,2025-08-17 23:30:07,Long Range,4,30.06,Light rain
NHB250817233304.RAWLKNN,2025-08-17 23:33:04,Short Range,8,29.14,Clear
NHB250817234008.RAWLKNS,2025-08-17 23:40:08,Long Range,4,33.17,Light rain
NHB250817234303.RAWLKNW,2025-08-17 23:43:03,Short Range,8,30.06,Light rain
NHB250817235007.RAWLKNZ,2025-08-17 23:50:07,Long Range,4,32.17,Light rain
NHB250817235304.RAWLKP3,2025-08-17 23:53:04,Short Range,8,31.52,Light rain
NHB250818000007.RAWLKP6,2025-08-18 00:00:07,Long Range,4,33.23,Light rain
NHB250818000304.RAWLKPA,2025-08-18 00:03:04,Short Range,8,31.5,Light rain
NHB250818001007.RAWLKPD,2025-08-18 00:10:07,Long Range,4,32.54,Light rain
NHB250818001304.RAWLKPH,2025-08-18 00:13:04,Short Range,8,32.73,Light rain
NHB250818002007.RAWLKPL,2025-08-18 00:20:07,Long Range,4,34.31,Light rain
NHB250818002304.RAWLKPR,2025-08-18 00:23:04,Short Range,8,30.72,Light rain
NHB250818003007.RAWLKPU,2025-08-18 00:30:07,Long Range,4,31.41,Light rain
NHB250818003303.RAWLKPY,2025-08-18 00:33:03,Short Range,8,30.66,Light rain
NHB250818004007.RAWLKR1,2025-08-18 00:40:07,Long Range,4,31.3,Light rain
NHB250818004304.RAWLKR5,2025-08-18 00:43:04,Short Range,8,31.08,Light rain
NHB250818005008.RAWLKR8,2025-08-18 00:50:08,Long Range,4,35.02,Light rain
NHB250818005303.RAWLKRC,2025-08-18 00:53:03,Short Range,8,31.39,Light rain
NHB250818010007.RAWLKRF,2025-08-18 01:00:07,Long Range,4,31.78,Light rain
NHB250818010303.RAWLKRK,2025-08-18 01:03:03,Short Range,8,29.31,Clear
NHB250818011007.RAWLKRN,2025-08-18 01:10:07,Long Range,4,32.3,Light rain
NHB250818011304.RAWLKRT,2025-08-18 01:13:04,Short Range,8,32.17,Light rain
NHB250818012007.RAWLKRW,2025-08-18 01:20:07,Long Range,4,31.28,Light rain
NHB250818012303.RAWLKS0,2025-08-18 01:23:03,Short Range,8,31.05,Light rain
NHB250818013007.RAWLKS3,2025-08-18 01:30:07,Long Range,4,31.01,Light rain
NHB250818013303.RAWLKS7,2025-08-18 01:33:03,Short Range,8,29.9,Clear
NHB250818014007.RAWLKSA,2025-08-18 01:40:07,Long Range,4,29.85,Clear
NHB250818014303.RAWLKSE,2025-08-18 01:43:03,Short Range,8,29.41,Clear
NHB250818015008.RAWLKSH,2025-08-18 01:50:08,Long Range,4,29.38,Clear
NHB250818015304.RAWLKSM,2025-08-18 01:53:04,Short Range,8,28.35,Clear
NHB250818020008.RAWLKSR,2025-08-18 02:00:08,Long Range,4,30.38,Light rain
NHB250818020303.RAWLKSV,2025-08-18 02:03:03,Short Range,8,28.58,Clear
NHB250818021008.RAWLKSY,2025-08-18 02:10:08,Long Range,4,32.04,Light rain
NHB250818021303.RAWLKT2,2025-08-18 02:13:03,Short Range,8,28.44,Clear
NHB250818022009.RAWLKT5,2025-08-18 02:20:09,Long Range,4,27.99,Clear
NHB250818022303.RAWLKT9,2025-08-18 02:23:03,Short Range,8,27.54,Clear
NHB250818023008.RAWLKTC,2025-08-18 02:30:08,Long Range,4,32.12,Light rain
NHB250818023303.RAWLKTG,2025-08-18 02:33:03,Short Range,8,29.46,Clear
NHB250818024008.RAWLKTK,2025-08-18 02:40:08,Long Range,4,38.54,Light rain
NHB250818024303.RAWLKTP,2025-08-18 02:43:03,Short Range,8,29.88,Clear
NHB250818025008.RAWLKTT,2025-08-18 02:50:08,Long Range,4,38.03,Light rain
NHB250818025303.RAWLKTX,2025-08-18 02:53:03,Short Range,8,28.56,Clear
NHB250818030007.RAWLKU0,2025-08-18 03:00:07,Long Range,4,34.12,Light rain
NHB250818030303.RAWLKU4,2025-08-18 03:03:03,Short Range,8,28.32,Clear
NHB250818031008.RAWLKU7,2025-08-18 03:10:08,Long Range,4,29.75,Clear
NHB250818031304.RAWLKUB,2025-08-18 03:13:04,Short Range,8,26.66,Clear
NHB250818032007.RAWLKUE,2025-08-18 03:20:07,Long Range,4,27.91,Clear
NHB250818032304.RAWLKUJ,2025-08-18 03:23:04,Short Range,8,26.67,Clear
NHB250818033007.RAWLKUM,2025-08-18 03:30:07,Long Range,4,33.76,Light rain
NHB250818033303.RAWLKUS,2025-08-18 03:33:03,Short Range,8,27.57,Clear
NHB250818034008.RAWLKUV,2025-08-18 03:40:08,Long Range,4,28.85,Clear
NHB250818034303.RAWLKUZ,2025-08-18 03:43:03,Short Range,8,27.18,Clear
NHB250818035008.RAWLKV2,2025-08-18 03:50:08,Long Range,4,30.52,Light rain
NHB250818035304.RAWLKV6,2025-08-18 03:53:04,Short Range,8,27.03,Clear
NHB250818040008.RAWLKV9,2025-08-18 04:00:08,Long Range,4,28.13,Clear
NHB250818040303.RAWLKVD,2025-08-18 04:03:03,Short Range,8,27.28,Clear
NHB250818041008.RAWLKVG,2025-08-18 04:10:08,Long Range,4,36.38,Light rain
NHB250818041304.RAWLKVL,2025-08-18 04:13:04,Short Range,8,27.77,Clear
NHB250818042008.RAWLKVP,2025-08-18 04:20:08,Long Range,4,27.57,Clear
NHB250818042303.RAWLKVU,2025-08-18 04:23:03,Short Range,8,27.94,Clear
NHB250818043008.RAWLKVX,2025-08-18 04:30:08,Long Range,4,39.36,Light rain
NHB250818043304.RAWLKW1,2025-08-18 04:33:04,Short Range,8,28.17,Clear
NHB250818044007.RAWLKW4,2025-08-18 04:40:07,Long Range,4,28.91,Clear
NHB250818044304.RAWLKW8,2025-08-18 04:43:04,Short Range,8,29.61,Clear
NHB250818045007.RAWLKWB,2025-08-18 04:50:07,Long Range,4,29.38,Clear
NHB250818045303.RAWLKWF,2025-08-18 04:53:03,Short Range,8,29.27,Clear
NHB250818050008.RAWLKWJ,2025-08-18 05:00:08,Long Range,4,35.34,Light rain
NHB250818050304.RAWLKWN,2025-08-18 05:03:04,Short Range,8,29.64,Clear
NHB250818051008.RAWLKWS,2025-08-18 05:10:08,Long Range,4,31.84,Light rain
NHB250818051303.RAWLKWW,2025-08-18 05:13:03,Short Range,8,29.69,Clear
NHB250818052007.RAWLKWZ,2025-08-18 05:20:07,Long Range,4,32.93,Light rain
NHB250818052304.RAWLKX3,2025-08-18 05:23:04,Short Range,8,30.84,Light rain
NHB250818053008.RAWLKX6,2025-08-18 05:30:08,Long Range,4,29.27,Clear
NHB250818053303.RAWLKXA,2025-08-18 05:33:03,Short Range,8,29.86,Clear
NHB250818054008.RAWLKXD,2025-08-18 05:40:08,Long Range,4,30.45,Light rain
NHB250818054303.RAWLKXH,2025-08-18 05:43:03,Short Range,8,28.93,Clear
NHB250818055008.RAWLKXL,2025-08-18 05:50:08,Long Range,4,29.19,Clear
NHB250818055304.RAWLKXR,2025-08-18 05:53:04,Short Range,8,29.26,Clear
NHB250818060009.RAWLKXU,2025-08-18 06:00:09,Long Range,4,31.5,Light rain
NHB250818060304.RAWLKXY,2025-08-18 06:03:04,Short Range,8,31.63,Light rain
NHB250818061007.RAWLKY1,2025-08-18 06:10:07,Long Range,4,36.04,Light rain
NHB250818061304.RAWLKY5,2025-08-18 06:13:04,Short Range,8,34.24,Light rain
NHB250818062008.RAWLKY8,2025-08-18 06:20:08,Long Range,4,36.84,Light rain
NHB250818062303.RAWLKYC,2025-08-18 06:23:03,Short Range,8,34.24,Light rain
NHB250818063008.RAWLKYF,2025-08-18 06:30:08,Long Range,4,33.69,Light rain
NHB250818063303.RAWLKYK,2025-08-18 06:33:03,Short Range,8,33.07,Light rain
NHB250818064007.RAWLKYN,2025-08-18 06:40:07,Long Range,4,37.33,Light rain
NHB250818064303.RAWLKYT,2025-08-18 06:43:03,Short Range,8,32.56,Light rain
NHB250818065008.RAWLKYW,2025-08-18 06:50:08,Long Range,4,34.41,Light rain
NHB250818065304.RAWLKZ0,2025-08-18 06:53:04,Short Range,8,34.01,Light rain
NHB250818070008.RAWLKZ3,2025-08-18 07:00:08,Long Range,4,37.1,Light rain
NHB250818070304.RAWLKZ7,2025-08-18 07:03:04,Short Range,8,34.7,Light rain
NHB250818071007.RAWLKZA,2025-08-18 07:10:07,Long Range,4,36.2,Light rain
NHB250818071304.RAWLKZE,2025-08-18 07:13:04,Short Range,8,36.17,Light rain
NHB250818072009.RAWLKZH,2025-08-18 07:20:09,Long Range,4,40.42,Moderate rain
NHB250818072304.RAWLKZM,2025-08-18 07:23:04,Short Range,8,38.59,Light rain
NHB250818073007.RAWLKZR,2025-08-18 07:30:07,Long Range,4,38.0,Light rain
NHB250818073304.RAWLKZV,2025-08-18 07:33:04,Short Range,8,37.68,Light rain
NHB250818074008.RAWLKZY,2025-08-18 07:40:08,Long Range,4,39.49,Light rain
NHB250818074303.RAWLL02,2025-08-18 07:43:03,Short Range,8,39.29,Light rain
NHB250818075007.RAWLL05,2025-08-18 07:50:07,Long Range,4,41.72,Moderate rain
NHB250818075303.RAWLL09,2025-08-18 07:53:03,Short Range,8,40.19,Moderate rain
NHB250818080007.RAWLL0C,2025-08-18 08:00:07,Long Range,4,41.26,Moderate rain
NHB250818080304.RAWLL0G,2025-08-18 08:03:04,Short Range,8,41.67,Moderate rain
NHB250818081007.RAWLL0K,2025-08-18 08:10:07,Long Range,4,42.4,Moderate rain
NHB250818081304.RAWLL0P,2025-08-18 08:13:04,Short Range,8,43.75,Moderate rain
NHB250818082007.RAWLL0T,2025-08-18 08:20:07,Long Range,4,43.43,Moderate rain
NHB250818082303.RAWLL0X,2025-08-18 08:23:03,Short Range,8,46.47,Moderate rain
NHB250818083007.RAWLL10,2025-08-18 08:30:07,Long Range,4,45.44,Moderate rain
NHB250818083303.RAWLL14,2025-08-18 08:33:03,Short Range,8,46.5,Moderate rain
NHB250818084008.RAWLL17,2025-08-18 08:40:08,Long Range,4,43.74,Moderate rain
NHB250818084303.RAWLL1B,2025-08-18 08:43:03,Short Range,8,45.79,Moderate rain
NHB250818085007.RAWLL1E,2025-08-18 08:50:07,Long Range,4,44.68,Moderate rain
NHB250818085303.RAWLL1J,2025-08-18 08:53:03,Short Range,8,46.8,Moderate rain
NHB250818090008.RAWLL1M,2025-08-18 09:00:08,Long Range,4,44.54,Moderate rain
NHB250818090303.RAWLL1S,2025-08-18 09:03:03,Short Range,8,46.21,Moderate rain
NHB250818091008.RAWLL1V,2025-08-18 09:10:08,Long Range,4,46.03,Moderate rain
NHB250818091303.RAWLL1Z,2025-08-18 09:13:03,Short Range,8,47.01,Moderate rain
NHB250818092007.RAWLL22,2025-08-18 09:20:07,Long Range,4,46.14,Moderate rain
NHB250818092303.RAWLL26,2025-08-18 09:23:03,Short Range,8,47.93,Heavy rain
NHB250818093008.RAWLL29,2025-08-18 09:30:08,Long Range,4,46.81,Moderate rain
NHB250818093304.RAWLL2D,2025-08-18 09:33:04,Short Range,8,47.76,Heavy rain
NHB250818094008.RAWLL2G,2025-08-18 09:40:08,Long Range,4,45.11,Moderate rain
NHB250818094305.RAWLL2L,2025-08-18 09:43:05,Short Range,8,46.27,Moderate rain
NHB250818095008.RAWLL2P,2025-08-18 09:50:08,Long Range,4,45.54,Moderate rain
NHB250818095303.RAWLL2U,2025-08-18 09:53:03,Short Range,8,46.31,Moderate rain
NHB250818100007.RAWLL2X,2025-08-18 10:00:07,Long Range,4,45.24,Moderate rain
NHB250818100303.RAWLL31,2025-08-18 10:03:03,Short Range,8,44.9,Moderate rain
NHB250818101008.RAWLL34,2025-08-18 10:10:08,Long Range,4,45.46,Moderate rain
NHB250818101304.RAWLL38,2025-08-18 10:13:04,Short Range,8,45.11,Moderate rain
NHB250818102007.RAWLL3B,2025-08-18 10:20:07,Long Range,4,44.25,Moderate rain
NHB250818102303.RAWLL3F,2025-08-18 10:23:03,Short Range,8,43.6,Moderate rain
NHB250818103008.RAWLL3J,2025-08-18 10:30:08,Long Range,4,44.46,Moderate rain
NHB250818103303.RAWLL3N,2025-08-18 10:33:03,Short Range,8,42.94,Moderate rain
NHB250818104008.RAWLL3S,2025-08-18 10:40:08,Long Range,4,44.14,Moderate rain
NHB250818104304.RAWLL3W,2025-08-18 10:43:04,Short Range,8,42.4,Moderate rain
NHB250818105007.RAWLL3Z,2025-08-18 10:50:07,Long Range,4,41.65,Moderate rain
NHB250818105305.RAWLL43,2025-08-18 10:53:05,Short Range,8,39.41,Light rain
NHB250818110008.RAWLL46,2025-08-18 11:00:08,Long Range,4,40.45,Moderate rain
NHB250818110304.RAWLL4A,2025-08-18 11:03:04,Short Range,8,37.6,Light rain
NHB250818111009.RAWLL4D,2025-08-18 11:10:09,Long Range,4,38.92,Light rain
NHB250818111303.RAWLL4H,2025-08-18 11:13:03,Short Range,8,34.95,Light rain
NHB250818112008.RAWLL4L,2025-08-18 11:20:08,Long Range,4,40.65,Moderate rain
NHB250818112304.RAWLL4R,2025-08-18 11:23:04,Short Range,8,33.15,Light rain
NHB250818113008.RAWLL4U,2025-08-18 11:30:08,Long Range,4,40.54,Moderate rain
NHB250818113304.RAWLL4Y,2025-08-18 11:33:04,Short Range,8,32.63,Light rain
NHB250818114008.RAWLL51,2025-08-18 11:40:08,Long Range,4,38.87,Light rain
NHB250818114304.RAWLL55,2025-08-18 11:43:04,Short Range,8,34.96,Light rain
NHB250818115008.RAWLL58,2025-08-18 11:50:08,Long Range,4,41.0,Moderate rain
NHB250818115304.RAWLL5C,2025-08-18 11:53:04,Short Range,8,36.6,Light rain
NHB250818120007.RAWLL5F,2025-08-18 12:00:07,Long Range,4,42.27,Moderate rain
NHB250818120304.RAWLL5K,2025-08-18 12:03:04,Short Range,8,37.87,Light rain
NHB250818121007.RAWLL5N,2025-08-18 12:10:07,Long Range,4,42.48,Moderate rain
NHB250818121303.RAWLL5T,2025-08-18 12:13:03,Short Range,8,37.77,Light rain
NHB250818122008.RAWLL5W,2025-08-18 12:20:08,Long Range,4,38.94,Light rain
NHB250818122304.RAWLL60,2025-08-18 12:23:04,Short Range,8,38.86,Light rain
NHB250818123008.RAWLL63,2025-08-18 12:30:08,Long Range,4,37.7,Light rain
NHB250818123303.RAWLL67,2025-08-18 12:33:03,Short Range,8,38.11,Light rain
NHB250818124008.RAWLL6A,2025-08-18 12:40:08,Long Range,4,38.96,Light rain
NHB250818124303.RAWLL6E,2025-08-18 12:43:03,Short Range,8,37.73,Light rain
NHB250818125008.RAWLL6H,2025-08-18 12:50:08,Long Range,4,42.42,Moderate rain
NHB250818125303.RAWLL6M,2025-08-18 12:53:03,Short Range,8,38.02,Light rain
NHB250818130008.RAWLL6R,2025-08-18 13:00:08,Long Range,4,39.78,Light rain
NHB250818130303.RAWLL6V,2025-08-18 13:03:03,Short Range,8,38.83,Light rain
NHB250818131008.RAWLL6Y,2025-08-18 13:10:08,Long Range,4,40.1,Moderate rain
NHB250818131303.RAWLL72,2025-08-18 13:13:03,Short Range,8,40.09,Moderate rain
NHB250818132007.RAWLL75,2025-08-18 13:20:07,Long Range,4,44.6,Moderate rain
NHB250818132303.RAWLL79,2025-08-18 13:23:03,Short Range,8,41.06,Moderate rain
NHB250818133007.RAWLL7C,2025-08-18 13:30:07,Long Range,4,43.71,Moderate rain
NHB250818133304.RAWLL7G,2025-08-18 13:33:04,Short Range,8,42.38,Moderate rain
NHB250818134008.RAWLL7K,2025-08-18 13:40:08,Long Range,4,44.58,Moderate rain
NHB250818134304.RAWLL7P,2025-08-18 13:43:04,Short Range,8,43.93,Moderate rain
NHB250818135007.RAWLL7T,2025-08-18 13:50:07,Long Range,4,44.68,Moderate rain
NHB250818135303.RAWLL7X,2025-08-18 13:53:03,Short Range,8,44.13,Moderate rain
NHB250818140008.RAWLL80,2025-08-18 14:00:08,Long Range,4,43.88,Moderate rain
NHB250818140303.RAWLL84,2025-08-18 14:03:03,Short Range,8,43.23,Moderate rain
NHB250818141007.RAWLL87,2025-08-18 14:10:07,Long Range,4,43.08,Moderate rain
NHB250818141304.RAWLL8B,2025-08-18 14:13:04,Short Range,8,42.99,Moderate rain
NHB250818142008.RAWLL8E,2025-08-18 14:20:08,Long Range,4,41.17,Moderate rain
NHB250818142303.RAWLL8J,2025-08-18 14:23:03,Short Range,8,41.25,Moderate rain
NHB250818143008.RAWLL8M,2025-08-18 14:30:08,Long Range,4,40.69,Moderate rain
NHB250818143303.RAWLL8S,2025-08-18 14:33:03,Short Range,8,40.32,Moderate rain
NHB250818144007.RAWLL8V,2025-08-18 14:40:07,Long Range,4,41.44,Moderate rain
NHB250818144303.RAWLL8Z,2025-08-18 14:43:03,Short Range,8,39.84,Light rain
NHB250818145008.RAWLL92,2025-08-18 14:50:08,Long Range,4,38.22,Light rain
NHB250818145303.RAWLL96,2025-08-18 14:53:03,Short Range,8,37.0,Light rain
NHB250818150008.RAWLL99,2025-08-18 15:00:08,Long Range,4,36.95,Light rain
NHB250818150303.RAWLL9D,2025-08-18 15:03:03,Short Range,8,33.79,Light rain
NHB250818151007.RAWLL9G,2025-08-18 15:10:07,Long Range,4,34.63,Light rain
NHB250818151304.RAWLL9L,2025-08-18 15:13:04,Short Range,8,29.67,Clear
NHB250818152008.RAWLL9P,2025-08-18 15:20:08,Long Range,4,32.01,Light rain
NHB250818152303.RAWLL9U,2025-08-18 15:23:03,Short Range,8,27.95,Clear
NHB250818153008.RAWLL9X,2025-08-18 15:30:08,Long Range,4,32.03,Light rain
NHB250818153303.RAWLLA1,2025-08-18 15:33:03,Short Range,8,26.37,Clear
NHB250818154007.RAWLLA4,2025-08-18 15:40:07,Long Range,4,30.69,Light rain
NHB250818154304.RAWLLA8,2025-08-18 15:43:04,Short Range,8,25.8,Clear
NHB250818155007.RAWLLAB,2025-08-18 15:50:07,Long Range,4,31.14,Light rain
NHB250818155304.RAWLLAF,2025-08-18 15:53:04,Short Range,8,25.04,Clear
NHB250818160008.RAWLLAJ,2025-08-18 16:00:08,Long Range,4,30.45,Light rain
NHB250818160304.RAWLLAN,2025-08-18 16:03:04,Short Range,8,25.11,Clear
NHB250818161007.RAWLLAS,2025-08-18 16:10:07,Long Range,4,29.95,Clear
NHB250818161303.RAWLLAW,2025-08-18 16:13:03,Short Range,8,24.4,Clear
NHB250818162008.RAWLLAZ,2025-08-18 16:20:08,Long Range,4,29.6,Clear
NHB250818162303.RAWLLB3,2025-08-18 16:23:03,Short Range,8,24.35,Clear
NHB250818163008.RAWLLB6,2025-08-18 16:30:08,Long Range,4,27.53,Clear
NHB250818163304.RAWLLBA,2025-08-18 16:33:04,Short Range,8,25.49,Clear
NHB250818164008.RAWLLBD,2025-08-18 16:40:08,Long Range,4,29.28,Clear
NHB250818164303.RAWLLBH,2025-08-18 16:43:03,Short Range,8,27.05,Clear
NHB250818165008.RAWLLBL,2025-08-18 16:50:08,Long Range,4,27.91,Clear
NHB250818165304.RAWLLBR,2025-08-18 16:53:04,Short Range,8,26.2,Clear
NHB250818170007.RAWLLBU,2025-08-18 17:00:07,Long Range,4,27.39,Clear
NHB250818170304.RAWLLBY,2025-08-18 17:03:04,Short Range,8,26.95,Clear
NHB250818171008.RAWLLC1,2025-08-18 17:10:08,Long Range,4,28.17,Clear
NHB250818171303.RAWLLC5,2025-08-18 17:13:03,Short Range,8,26.25,Clear
NHB250818172008.RAWLLC8,2025-08-18 17:20:08,Long Range,4,26.8,Clear
NHB250818172303.RAWLLCC,2025-08-18 17:23:03,Short Range,8,25.57,Clear
NHB250818173008.RAWLLCF,2025-08-18 17:30:08,Long Range,4,26.19,Clear
NHB250818173303.RAWLLCK,2025-08-18 17:33:03,Short Range,8,25.79,Clear
NHB250818174008.RAWLLCN,2025-08-18 17:40:08,Long Range,4,25.07,Clear
NHB250818174303.RAWLLCT,2025-08-18 17:43:03,Short Range,8,26.56,Clear
NHB250818175007.RAWLLCW,2025-08-18 17:50:07,Long Range,4,27.12,Clear
NHB250818175304.RAWLLD0,2025-08-18 17:53:04,Short Range,8,28.37,Clear
NHB250818180009.RAWLLD3,2025-08-18 18:00:09,Long Range,4,26.86,Clear
NHB250818180303.RAWLLD7,2025-08-18 18:03:03,Short Range,8,30.04,Light rain
NHB250818181007.RAWLLDA,2025-08-18 18:10:07,Long Range,4,28.45,Clear
NHB250818181304.RAWLLDE,2025-08-18 18:13:04,Short Range,8,29.48,Clear
NHB250818182008.RAWLLDH,2025-08-18 18:20:08,Long Range,4,27.78,Clear
NHB250818182304.RAWLLDM,2025-08-18 18:23:04,Short Range,8,28.87,Clear
NHB250818183008.RAWLLDR,2025-08-18 18:30:08,Long Range,4,26.7,Clear
NHB250818183303.RAWLLDV,2025-08-18 18:33:03,Short Range,8,27.84,Clear
NHB250818184008.RAWLLDY,2025-08-18 18:40:08,Long Range,4,27.61,Clear
NHB250818184303.RAWLLE2,2025-08-18 18:43:03,Short Range,8,27.46,Clear
NHB250818185007.RAWLLE5,2025-08-18 18:50:07,Long Range,4,27.21,Clear
NHB250818185303.RAWLLE9,2025-08-18 18:53:03,Short Range,8,26.43,Clear
NHB250818190008.RAWLLEC,2025-08-18 19:00:08,Long Range,4,25.26,Clear
NHB250818190303.RAWLLEG,2025-08-18 19:03:03,Short Range,8,25.88,Clear
NHB250818191007.RAWLLEK,2025-08-18 19:10:07,Long Range,4,23.82,Clear
NHB250818191304.RAWLLEP,2025-08-18 19:13:04,Short Range,8,23.89,Clear
NHB250818192008.RAWLLET,2025-08-18 19:20:08,Long Range,4,23.63,Clear
NHB250818192303.RAWLLEX,2025-08-18 19:23:03,Short Range,8,26.62,Clear
NHB250818193008.RAWLLF0,2025-08-18 19:30:08,Long Range,4,24.97,Clear
NHB250818193304.RAWLLF4,2025-08-18 19:33:04,Short Range,8,25.15,Clear
NHB250818194008.RAWLLF7,2025-08-18 19:40:08,Long Range,4,25.66,Clear
NHB250818194304.RAWLLFB,2025-08-18 19:43:04,Short Range,8,25.3,Clear
NHB250818195007.RAWLLFE,2025-08-18 19:50:07,Long Range,4,25.04,Clear
NHB250818195303.RAWLLFJ,2025-08-18 19:53:03,Short Range,8,25.2,Clear
NHB250818200008.RAWLLFM,2025-08-18 20:00:08,Long Range,4,25.73,Clear
NHB250818200303.RAWLLFS,2025-08-18 20:03:03,Short Range,8,23.94,Clear
NHB250818201007.RAWLLFV,2025-08-18 20:10:07,Long Range,4,24.23,Clear
NHB250818201303.RAWLLFZ,2025-08-18 20:13:03,Short Range,8,24.79,Clear
NHB250818202008.RAWLLG2,2025-08-18 20:20:08,Long Range,4,25.55,Clear
NHB250818202303.RAWLLG6,2025-08-18 20:23:03,Short Range,8,24.8,Clear
NHB250818203008.RAWLLG9,2025-08-18 20:30:08,Long Range,4,25.21,Clear
NHB250818203303.RAWLLGD,2025-08-18 20:33:03,Short Range,8,24.21,Clear
NHB250818204007.RAWLLGG,2025-08-18 20:40:07,Long Range,4,26.16,Clear
NHB250818204304.RAWLLGL,2025-08-18 20:43:04,Short Range,8,25.65,Clear
NHB250818205007.RAWLLGP,2025-08-18 20:50:07,Long Range,4,26.27,Clear
NHB250818205303.RAWLLGU,2025-08-18 20:53:03,Short Range,8,25.11,Clear
NHB250818210007.RAWLLGX,2025-08-18 21:00:07,Long Range,4,25.46,Clear
NHB250818210303.RAWLLH1,2025-08-18 21:03:03,Short Range,8,24.12,Clear
NHB250818211007.RAWLLH4,2025-08-18 21:10:07,Long Range,4,25.03,Clear
NHB250818211304.RAWLLH8,2025-08-18 21:13:04,Short Range,8,25.11,Clear
NHB250818212007.RAWLLHB,2025-08-18 21:20:07,Long Range,4,25.69,Clear
NHB250818212303.RAWLLHF,2025-08-18 21:23:03,Short Range,8,26.33,Clear
NHB250818213008.RAWLLHJ,2025-08-18 21:30:08,Long Range,4,25.92,Clear
NHB250818213304.RAWLLHN,2025-08-18 21:33:04,Short Range,8,24.2,Clear
NHB250818214008.RAWLLHS,2025-08-18 21:40:08,Long Range,4,24.96,Clear
NHB250818214303.RAWLLHW,2025-08-18 21:43:03,Short Range,8,23.48,Clear
NHB250818215008.RAWLLHZ,2025-08-18 21:50:08,Long Range,4,26.08,Clear
NHB250818215304.RAWLLJ3,2025-08-18 21:53:04,Short Range,8,23.67,Clear
NHB250818220008.RAWLLJ6,2025-08-18 22:00:08,Long Range,4,26.54,Clear
NHB250818220304.RAWLLJA,2025-08-18 22:03:04,Short Range,8,24.33,Clear
NHB250818221007.RAWLLJD,2025-08-18 22:10:07,Long Range,4,26.72,Clear
NHB250818221304.RAWLLJH,2025-08-18 22:13:04,Short Range,8,23.29,Clear
NHB250818222008.RAWLLJL,2025-08-18 22:20:08,Long Range,4,26.06,Clear
NHB250818222304.RAWLLJR,2025-08-18 22:23:04,Short Range,8,22.03,Clear
NHB250818223007.RAWLLJU,2025-08-18 22:30:07,Long Range,4,25.1,Clear
NHB250818223303.RAWLLJY,2025-08-18 22:33:03,Short Range,8,21.11,Clear
NHB250818224008.RAWLLK1,2025-08-18 22:40:08,Long Range,4,27.85,Clear
NHB250818224303.RAWLLK5,2025-08-18 22:43:03,Short Range,8,25.28,Clear
NHB250818225007.RAWLLK8,2025-08-18 22:50:07,Long Range,4,28.68,Clear
NHB250818225304.RAWLLKC,2025-08-18 22:53:04,Short Range,8,25.84,Clear
NHB250818230008.RAWLLKF,2025-08-18 23:00:08,Long Range,4,28.05,Clear
NHB250818230303.RAWLLKK,2025-08-18 23:03:03,Short Range,8,25.85,Clear
NHB250818231007.RAWLLKN,2025-08-18 23:10:07,Long Range,4,27.12,Clear
NHB250818231303.RAWLLKT,2025-08-18 23:13:03,Short Range,8,25.19,Clear
NHB250818232008.RAWLLKW,2025-08-18 23:20:08,Long Range,4,29.74,Clear
NHB250818232304.RAWLLL0,2025-08-18 23:23:04,Short Range,8,26.23,Clear
NHB250818233007.RAWLLL3,2025-08-18 23:30:07,Long Range,4,27.32,Clear
NHB250818233304.RAWLLL7,2025-08-18 23:33:04,Short Range,8,26.26,Clear
NHB250818234007.RAWLLLA,2025-08-18 23:40:07,Long Range,4,26.61,Clear
NHB250818234304.RAWLLLE,2025-08-18 23:43:04,Short Range,8,25.58,Clear
NHB250818235008.RAWLLLH,2025-08-18 23:50:08,Long Range,4,26.89,Clear
NHB250818235304.RAWLLLM,2025-08-18 23:53:04,Short Range,8,25.14,Clear
NHB250819000008.RAWLLLR,2025-08-19 00:00:08,Long Range,4,32.22,Light rain
NHB250819000304.RAWLLLV,2025-08-19 00:03:04,Short Range,8,25.14,Clear
NHB250819001007.RAWLLLY,2025-08-19 00:10:07,Long Range,4,26.59,Clear
NHB250819001303.RAWLLM2,2025-08-19 00:13:03,Short Range,8,25.11,Clear
NHB250819002008.RAWLLM5,2025-08-19 00:20:08,Long Range,4,36.73,Light rain
NHB250819002304.RAWLLM9,2025-08-19 00:23:04,Short Range,8,25.88,Clear
NHB250819003007.RAWLLMC,2025-08-19 00:30:07,Long Range,4,27.13,Clear
NHB250819003303.RAWLLMG,2025-08-19 00:33:03,Short Range,8,25.82,Clear
NHB250819004008.RAWLLMK,2025-08-19 00:40:08,Long Range,4,26.79,Clear
NHB250819004303.RAWLLMP,2025-08-19 00:43:03,Short Range,8,26.35,Clear
NHB250819005008.RAWLLMT,2025-08-19 00:50:08,Long Range,4,33.26,Light rain
NHB250819005305.RAWLLMX,2025-08-19 00:53:05,Short Range,8,26.61,Clear
NHB250819010007.RAWLLN0,2025-08-19 01:00:07,Long Range,4,27.29,Clear
NHB250819010303.RAWLLN4,2025-08-19 01:03:03,Short Range,8,26.69,Clear
NHB250819011008.RAWLLN7,2025-08-19 01:10:08,Long Range,4,28.75,Clear
NHB250819011303.RAWLLNB,2025-08-19 01:13:03,Short Range,8,28.48,Clear
NHB250819012008.RAWLLNE,2025-08-19 01:20:08,Long Range,4,28.5,Clear
NHB250819012303.RAWLLNJ,2025-08-19 01:23:03,Short Range,8,27.43,Clear
NHB250819013008.RAWLLNM,2025-08-19 01:30:08,Long Range,4,28.26,Clear
NHB250819013303.RAWLLNS,2025-08-19 01:33:03,Short Range,8,27.74,Clear
NHB250819014007.RAWLLNV,2025-08-19 01:40:07,Long Range,4,29.45,Clear
NHB250819014303.RAWLLNZ,2025-08-19 01:43:03,Short Range,8,28.25,Clear
NHB250819015008.RAWLLP2,2025-08-19 01:50:08,Long Range,4,29.19,Clear
NHB250819015303.RAWLLP6,2025-08-19 01:53:03,Short Range,8,28.48,Clear
NHB250819020009.RAWLLP9,2025-08-19 02:00:09,Long Range,4,29.9,Clear
NHB250819020304.RAWLLPD,2025-08-19 02:03:04,Short Range,8,28.35,Clear
NHB250819021008.RAWLLPG,2025-08-19 02:10:08,Long Range,4,29.9,Clear
NHB250819021303.RAWLLPL,2025-08-19 02:13:03,Short Range,8,27.92,Clear
NHB250819022007.RAWLLPP,2025-08-19 02:20:07,Long Range,4,31.71,Light rain
NHB250819022304.RAWLLPU,2025-08-19 02:23:04,Short Range,8,28.8,Clear
NHB250819023008.RAWLLPX,2025-08-19 02:30:08,Long Range,4,31.04,Light rain
NHB250819023304.RAWLLR1,2025-08-19 02:33:04,Short Range,8,28.16,Clear
NHB250819024008.RAWLLR4,2025-08-19 02:40:08,Long Range,4,29.68,Clear
NHB250819024304.RAWLLR8,2025-08-19 02:43:04,Short Range,8,28.99,Clear
NHB250819025007.RAWLLRB,2025-08-19 02:50:07,Long Range,4,32.04,Light rain
NHB250819025304.RAWLLRF,2025-08-19 02:53:04,Short Range,8,28.34,Clear
NHB250819030007.RAWLLRJ,2025-08-19 03:00:07,Long Range,4,29.66,Clear
NHB250819030304.RAWLLRN,2025-08-19 03:03:04,Short Range,8,28.94,Clear
NHB250819031007.RAWLLRS,2025-08-19 03:10:07,Long Range,4,29.26,Clear
NHB250819031304.RAWK3LS,2025-08-19 03:13:04,Short Range,8,28.55,Clear
NHB250819032007.RAWK3LV,2025-08-19 03:20:07,Long Range,4,30.92,Light rain
NHB250819032304.RAWK3LZ,2025-08-19 03:23:04,Short Range,8,29.08,Clear
NHB250819033008.RAWK3M2,2025-08-19 03:30:08,Long Range,4,31.7,Light rain
NHB250819033303.RAWK3M6,2025-08-19 03:33:03,Short Range,8,27.84,Clear
NHB250819034008.RAWK3M9,2025-08-19 03:40:08,Long Range,4,31.34,Light rain
NHB250819034304.RAWK3MD,2025-08-19 03:43:04,Short Range,8,28.85,Clear
NHB250819035008.RAWK3MG,2025-08-19 03:50:08,Long Range,4,34.0,Light rain
NHB250819035303.RAWK3ML,2025-08-19 03:53:03,Short Range,8,30.15,Light rain
NHB250819040007.RAWK3MP,2025-08-19 04:00:07,Long Range,4,31.26,Light rain
NHB250819040303.RAWK3MU,2025-08-19 04:03:03,Short Range,8,32.79,Light rain
NHB250819041008.RAWK3MX,2025-08-19 04:10:08,Long Range,4,35.4,Light rain
NHB250819041303.RAWK3N1,2025-08-19 04:13:03,Short Range,8,35.68,Light rain
NHB250819042008.RAWK3N4,2025-08-19 04:20:08,Long Range,4,34.0,Light rain
NHB250819042303.RAWK3N8,2025-08-19 04:23:03,Short Range,8,34.92,Light rain
NHB250819043008.RAWK3NB,2025-08-19 04:30:08,Long Range,4,36.87,Light rain
NHB250819043303.RAWK3NF,2025-08-19 04:33:03,Short Range,8,34.73,Light rain
NHB250819044008.RAWK3NJ,2025-08-19 04:40:08,Long Range,4,36.29,Light rain
NHB250819044304.RAWK3NN,2025-08-19 04:43:04,Short Range,8,36.2,Light rain
NHB250819045008.RAWK3NS,2025-08-19 04:50:08,Long Range,4,37.6,Light rain
NHB250819045303.RAWK3NW,2025-08-19 04:53:03,Short Range,8,35.11,Light rain
NHB250819050007.RAWK3NZ,2025-08-19 05:00:07,Long Range,4,33.96,Light rain
NHB250819050304.RAWK3P3,2025-08-19 05:03:04,Short Range,8,35.89,Light rain
NHB250819051007.RAWK3P6,2025-08-19 05:10:07,Long Range,4,39.62,Light rain
NHB250819051303.RAWK3PA,2025-08-19 05:13:03,Short Range,8,35.19,Light rain
NHB250819052007.RAWK3PD,2025-08-19 05:20:07,Long Range,4,34.88,Light rain
NHB250819052303.RAWK3PH,2025-08-19 05:23:03,Short Range,8,34.18,Light rain
NHB250819053008.RAWK3PL,2025-08-19 05:30:08,Long Range,4,33.71,Light rain
NHB250819053303.RAWK3PR,2025-08-19 05:33:03,Short Range,8,34.03,Light rain
NHB250819054009.RAWK3PU,2025-08-19 05:40:09,Long Range,4,34.5,Light rain
NHB250819054304.RAWK3PY,2025-08-19 05:43:04,Short Range,8,35.26,Light rain
NHB250819055008.RAWK3R1,2025-08-19 05:50:08,Long Range,4,34.65,Light rain
NHB250819055303.RAWK3R5,2025-08-19 05:53:03,Short Range,8,35.31,Light rain
NHB250819060009.RAWK3R8,2025-08-19 06:00:09,Long Range,4,34.79,Light rain
NHB250819060303.RAWK3RC,2025-08-19 06:03:03,Short Range,8,35.52,Light rain
NHB250819061008.RAWK3RF,2025-08-19 06:10:08,Long Range,4,35.51,Light rain
NHB250819061303.RAWK3RK,2025-08-19 06:13:03,Short Range,8,36.3,Light rain
NHB250819062008.RAWK3RN,2025-08-19 06:20:08,Long Range,4,37.12,Light rain
NHB250819062304.RAWK3RT,2025-08-19 06:23:04,Short Range,8,35.84,Light rain
NHB250819063008.RAWK3RW,2025-08-19 06:30:08,Long Range,4,35.89,Light rain
NHB250819063303.RAWK3S0,2025-08-19 06:33:03,Short Range,8,36.78,Light rain
NHB250819064008.RAWK3S3,2025-08-19 06:40:08,Long Range,4,38.09,Light rain
NHB250819064303.RAWK3S7,2025-08-19 06:43:03,Short Range,8,37.33,Light rain
NHB250819065008.RAWK3SA,2025-08-19 06:50:08,Long Range,4,36.39,Light rain
NHB250819065303.RAWK3SE,2025-08-19 06:53:03,Short Range,8,36.1,Light rain
NHB250819070008.RAWK3SH,2025-08-19 07:00:08,Long Range,4,36.31,Light rain
NHB250819070303.RAWK3SM,2025-08-19 07:03:03,Short Range,8,35.6,Light rain
NHB250819071008.RAWK3SR,2025-08-19 07:10:08,Long Range,4,40.42,Moderate rain
NHB250819071304.RAWK3SV,2025-08-19 07:13:04,Short Range,8,36.27,Light rain
NHB250819072007.RAWK3SY,2025-08-19 07:20:07,Long Range,4,37.33,Light rain
NHB250819072303.RAWK3T2,2025-08-19 07:23:03,Short Range,8,37.4,Light rain
NHB250819073007.RAWK3T5,2025-08-19 07:30:07,Long Range,4,40.25,Moderate rain
NHB250819073304.RAWK3T9,2025-08-19 07:33:04,Short Range,8,39.06,Light rain
NHB250819074008.RAWK3TC,2025-08-19 07:40:08,Long Range,4,40.65,Moderate rain
NHB250819074303.RAWK3TG,2025-08-19 07:43:03,Short Range,8,39.17,Light rain
NHB250819075007.RAWK3TK,2025-08-19 07:50:07,Long Range,4,37.43,Light rain
NHB250819075303.RAWK3TP,2025-08-19 07:53:03,Short Range,8,36.81,Light rain
NHB250819080008.RAWK3TT,2025-08-19 08:00:08,Long Range,4,37.64,Light rain
NHB250819080303.RAWK3TX,2025-08-19 08:03:03,Short Range,8,37.81,Light rain
NHB250819081007.RAWK3U0,2025-08-19 08:10:07,Long Range,4,38.39,Light rain
NHB250819081304.RAWK3U4,2025-08-19 08:13:04,Short Range,8,39.02,Light rain
NHB250819082007.RAWK3U7,2025-08-19 08:20:07,Long Range,4,39.15,Light rain
NHB250819082304.RAWK3UB,2025-08-19 08:23:04,Short Range,8,38.81,Light rain
NHB250819083008.RAWK3UE,2025-08-19 08:30:08,Long Range,4,38.76,Light rain
NHB250819083303.RAWK3UJ,2025-08-19 08:33:03,Short Range,8,40.18,Moderate rain
NHB250819084008.RAWK3UM,2025-08-19 08:40:08,Long Range,4,39.81,Light rain
NHB250819084305.RAWK3US,2025-08-19 08:43:05,Short Range,8,43.12,Moderate rain
NHB250819085008.RAWK3UV,2025-08-19 08:50:08,Long Range,4,43.99,Moderate rain
NHB250819085304.RAWK3UZ,2025-08-19 08:53:04,Short Range,8,47.14,Moderate rain
NHB250819090007.RAWK3V2,2025-08-19 09:00:07,Long Range,4,45.85,Moderate rain
NHB250819090304.RAWK3V6,2025-08-19 09:03:04,Short Range,8,48.66,Heavy rain
NHB250819091009.RAWK3V9,2025-08-19 09:10:09,Long Range,4,47.19,Moderate rain
NHB250819091303.RAWK3VD,2025-08-19 09:13:03,Short Range,8,50.09,Heavy rain
NHB250819092008.RAWK3VG,2025-08-19 09:20:08,Long Range,4,48.96,Heavy rain
NHB250819092304.RAWK3VL,2025-08-19 09:23:04,Short Range,8,51.14,Heavy rain
NHB250819093008.RAWK3VP,2025-08-19 09:30:08,Long Range,4,49.47,Heavy rain
NHB250819093303.RAWK3VU,2025-08-19 09:33:03,Short Range,8,51.11,Heavy rain
NHB250819094007.RAWK3VX,2025-08-19 09:40:07,Long Range,4,49.26,Heavy rain
NHB250819094303.RAWK3W1,2025-08-19 09:43:03,Short Range,8,49.67,Heavy rain
NHB250819095008.RAWK3W4,2025-08-19 09:50:08,Long Range,4,47.2,Moderate rain
NHB250819095304.RAWK3W8,2025-08-19 09:53:04,Short Range,8,48.85,Heavy rain
NHB250819100007.RAWK3WB,2025-08-19 10:00:07,Long Range,4,46.92,Moderate rain
NHB250819100304.RAWK3WF,2025-08-19 10:03:04,Short Range,8,49.15,Heavy rain
NHB250819101008.RAWK3WJ,2025-08-19 10:10:08,Long Range,4,47.25,Moderate rain
NHB250819101303.RAWK3WN,2025-08-19 10:13:03,Short Range,8,48.47,Heavy rain
NHB250819102008.RAWK3WS,2025-08-19 10:20:08,Long Range,4,47.19,Moderate rain
NHB250819102304.RAWK3WW,2025-08-19 10:23:04,Short Range,8,47.26,Moderate rain
NHB250819103008.RAWK3WZ,2025-08-19 10:30:08,Long Range,4,44.47,Moderate rain
NHB250819103303.RAWK3X3,2025-08-19 10:33:03,Short Range,8,45.93,Moderate rain
NHB250819104007.RAWK3X6,2025-08-19 10:40:07,Long Range,4,44.04,Moderate rain
NHB250819104305.RAWK3XA,2025-08-19 10:43:05,Short Range,8,46.43,Moderate rain
NHB250819105008.RAWK3XD,2025-08-19 10:50:08,Long Range,4,43.21,Moderate rain
NHB250819105303.RAWK3XH,2025-08-19 10:53:03,Short Range,8,45.86,Moderate rain
NHB250819110008.RAWK3XL,2025-08-19 11:00:08,Long Range,4,42.65,Moderate rain
NHB250819110303.RAWK3XR,2025-08-19 11:03:03,Short Range,8,44.19,Moderate rain
NHB250819111008.RAWK3XU,2025-08-19 11:10:08,Long Range,4,41.81,Moderate rain
NHB250819111303.RAWK3XY,2025-08-19 11:13:03,Short Range,8,43.68,Moderate rain
NHB250819112007.RAWK3Y1,2025-08-19 11:20:07,Long Range,4,42.37,Moderate rain
NHB250819112303.RAWK3Y5,2025-08-19 11:23:03,Short Range,8,43.96,Moderate rain
NHB250819113007.RAWK3Y8,2025-08-19 11:30:07,Long Range,4,42.82,Moderate rain
NHB250819113304.RAWK3YC,2025-08-19 11:33:04,Short Range,8,42.26,Moderate rain
NHB250819114008.RAWK3YF,2025-08-19 11:40:08,Long Range,4,38.13,Light rain
NHB250819114304.RAWK3YK,2025-08-19 11:43:04,Short Range,8,38.25,Light rain
NHB250819115008.RAWK3YN,2025-08-19 11:50:08,Long Range,4,37.07,Light rain
NHB250819115304.RAWK3YT,2025-08-19 11:53:04,Short Range,8,36.53,Light rain
NHB250819120008.RAWK3YW,2025-08-19 12:00:08,Long Range,4,37.43,Light rain
NHB250819120303.RAWK3Z0,2025-08-19 12:03:03,Short Range,8,34.8,Light rain
NHB250819121008.RAWK3Z3,2025-08-19 12:10:08,Long Range,4,33.59,Light rain
NHB250819121304.RAWK3Z7,2025-08-19 12:13:04,Short Range,8,30.98,Light rain
NHB250819122007.RAWK3ZA,2025-08-19 12:20:07,Long Range,4,35.01,Light rain
NHB250819122303.RAWK3ZE,2025-08-19 12:23:03,Short Range,8,32.2,Light rain
NHB250819123008.RAWK3ZH,2025-08-19 12:30:08,Long Range,4,32.61,Light rain
NHB250819123304.RAWK3ZM,2025-08-19 12:33:04,Short Range,8,29.51,Clear
NHB250819124009.RAWK3ZR,2025-08-19 12:40:09,Long Range,4,33.56,Light rain
NHB250819124304.RAWK3ZV,2025-08-19 12:43:04,Short Range,8,29.02,Clear
NHB250819125007.RAWK3ZY,2025-08-19 12:50:07,Long Range,4,31.28,Light rain
NHB250819125304.RAWK402,2025-08-19 12:53:04,Short Range,8,27.85,Clear
NHB250819130008.RAWK405,2025-08-19 13:00:08,Long Range,4,30.03,Light rain
NHB250819130303.RAWK409,2025-08-19 13:03:03,Short Range,8,27.93,Clear
NHB250819131008.RAWK40C,2025-08-19 13:10:08,Long Range,4,29.37,Clear
NHB250819131303.RAWK40G,2025-08-19 13:13:03,Short Range,8,27.94,Clear
NHB250819132007.RAWK40K,2025-08-19 13:20:07,Long Range,4,28.76,Clear
NHB250819132303.RAWK40P,2025-08-19 13:23:03,Short Range,8,27.67,Clear
NHB250819133008.RAWK40T,2025-08-19 13:30:08,Long Range,4,31.85,Light rain
NHB250819133303.RAWK40X,2025-08-19 13:33:03,Short Range,8,26.71,Clear
NHB250819134008.RAWK410,2025-08-19 13:40:08,Long Range,4,27.47,Clear
NHB250819134304.RAWK414,2025-08-19 13:43:04,Short Range,8,25.42,Clear
NHB250819135008.RAWK417,2025-08-19 13:50:08,Long Range,4,27.23,Clear
NHB250819135303.RAWK41B,2025-08-19 13:53:03,Short Range,8,25.65,Clear
NHB250819140009.RAWK41E,2025-08-19 14:00:09,Long Range,4,26.52,Clear
NHB250819140303.RAWK41J,2025-08-19 14:03:03,Short Range,8,25.08,Clear
NHB250819141008.RAWK41M,2025-08-19 14:10:08,Long Range,4,28.65,Clear
NHB250819141303.RAWK41S,2025-08-19 14:13:03,Short Range,8,24.69,Clear
NHB250819142008.RAWK41V,2025-08-19 14:20:08,Long Range,4,26.76,Clear
NHB250819142304.RAWK41Z,2025-08-19 14:23:04,Short Range,8,24.96,Clear
NHB250819143008.RAWK422,2025-08-19 14:30:08,Long Range,4,26.4,Clear
NHB250819143304.RAWK426,2025-08-19 14:33:04,Short Range,8,24.24,Clear
NHB250819144008.RAWK429,2025-08-19 14:40:08,Long Range,4,29.14,Clear
NHB250819144303.RAWK42D,2025-08-19 14:43:03,Short Range,8,24.09,Clear
NHB250819145008.RAWK42G,2025-08-19 14:50:08,Long Range,4,25.36,Clear
NHB250819145303.RAWK42L,2025-08-19 14:53:03,Short Range,8,24.02,Clear
NHB250819150008.RAWK42P,2025-08-19 15:00:08,Long Range,4,30.77,Light rain
NHB250819150304.RAWK42U,2025-08-19 15:03:04,Short Range,8,23.27,Clear
NHB250819151008.RAWK42X,2025-08-19 15:10:08,Long Range,4,27.16,Clear
NHB250819151303.RAWK431,2025-08-19 15:13:03,Short Range,8,23.77,Clear
NHB250819152007.RAWK434,2025-08-19 15:20:07,Long Range,4,28.65,Clear
NHB250819152304.RAWK438,2025-08-19 15:23:04,Short Range,8,23.24,Clear
NHB250819153008.RAWK43B,2025-08-19 15:30:08,Long Range,4,29.78,Clear
NHB250819153303.RAWK43F,2025-08-19 15:33:03,Short Range,8,23.08,Clear
NHB250819154007.RAWK43J,2025-08-19 15:40:07,Long Range,4,26.84,Clear
NHB250819154304.RAWK43N,2025-08-19 15:43:04,Short Range,8,22.95,Clear
NHB250819155008.RAWK43S,2025-08-19 15:50:08,Long Range,4,26.9,Clear
NHB250819155303.RAWK43W,2025-08-19 15:53:03,Short Range,8,23.48,Clear
NHB250819160008.RAWK43Z,2025-08-19 16:00:08,Long Range,4,25.46,Clear
NHB250819160305.RAWK443,2025-08-19 16:03:05,Short Range,8,23.21,Clear
NHB250819161007.RAWK446,2025-08-19 16:10:07,Long Range,4,26.92,Clear
NHB250819161304.RAWK44A,2025-08-19 16:13:04,Short Range,8,24.04,Clear
NHB250819162008.RAWK44D,2025-08-19 16:20:08,Long Range,4,31.22,Light rain
NHB250819162304.RAWK44H,2025-08-19 16:23:04,Short Range,8,23.03,Clear
NHB250819163009.RAWK44L,2025-08-19 16:30:09,Long Range,4,26.2,Clear
NHB250819163303.RAWK44R,2025-08-19 16:33:03,Short Range,8,23.15,Clear
NHB250819164008.RAWK44U,2025-08-19 16:40:08,Long Range,4,28.88,Clear
NHB250819164304.RAWK44Y,2025-08-19 16:43:04,Short Range,8,23.22,Clear
NHB250819165008.RAWK451,2025-08-19 16:50:08,Long Range,4,25.61,Clear
NHB250819165303.RAWK455,2025-08-19 16:53:03,Short Range,8,22.37,Clear
NHB250819170008.RAWK458,2025-08-19 17:00:08,Long Range,4,26.04,Clear
NHB250819170303.RAWK45C,2025-08-19 17:03:03,Short Range,8,21.89,Clear
NHB250819171007.RAWK45F,2025-08-19 17:10:07,Long Range,4,25.59,Clear
NHB250819171305.RAWK45K,2025-08-19 17:13:05,Short Range,8,22.61,Clear
NHB250819172007.RAWK45N,2025-08-19 17:20:07,Long Range,4,25.63,Clear
NHB250819172304.RAWK45T,2025-08-19 17:23:04,Short Range,8,22.37,Clear
NHB250819173008.RAWK45W,2025-08-19 17:30:08,Long Range,4,27.94,Clear
NHB250819173303.RAWK460,2025-08-19 17:33:03,Short Range,8,22.62,Clear
NHB250819174008.RAWK463,2025-08-19 17:40:08,Long Range,4,25.87,Clear
NHB250819174303.RAWK467,2025-08-19 17:43:03,Short Range,8,21.63,Clear
NHB250819175007.RAWK46A,2025-08-19 17:50:07,Long Range,4,24.58,Clear
NHB250819175304.RAWK46E,2025-08-19 17:53:04,Short Range,8,22.65,Clear
NHB250819180008.RAWK46H,2025-08-19 18:00:08,Long Range,4,25.88,Clear
NHB250819180305.RAWK46M,2025-08-19 18:03:05,Short Range,8,22.06,Clear
NHB250819181008.RAWK46R,2025-08-19 18:10:08,Long Range,4,23.57,Clear
NHB250819181303.RAWK46V,2025-08-19 18:13:03,Short Range,8,22.55,Clear
NHB250819182007.RAWK46Y,2025-08-19 18:20:07,Long Range,4,25.07,Clear
NHB250819182304.RAWK472,2025-08-19 18:23:04,Short Range,8,22.54,Clear
NHB250819183008.RAWK475,2025-08-19 18:30:08,Long Range,4,24.42,Clear
NHB250819183304.RAWK479,2025-08-19 18:33:04,Short Range,8,22.5,Clear
NHB250819184008.RAWK47C,2025-08-19 18:40:08,Long Range,4,24.16,Clear
NHB250819184303.RAWK47G,2025-08-19 18:43:03,Short Range,8,22.55,Clear
NHB250819185007.RAWK47K,2025-08-19 18:50:07,Long Range,4,24.88,Clear
NHB250819185304.RAWK47P,2025-08-19 18:53:04,Short Range,8,22.14,Clear
NHB250819190007.RAWK47T,2025-08-19 19:00:07,Long Range,4,23.88,Clear
NHB250819190304.RAWK47X,2025-08-19 19:03:04,Short Range,8,22.79,Clear
NHB250819191008.RAWK480,2025-08-19 19:10:08,Long Range,4,24.21,Clear
NHB250819191303.RAWK484,2025-08-19 19:13:03,Short Range,8,22.87,Clear
NHB250819192008.RAWK487,2025-08-19 19:20:08,Long Range,4,24.0,Clear
NHB250819192304.RAWK48B,2025-08-19 19:23:04,Short Range,8,23.68,Clear
NHB250819193008.RAWK48E,2025-08-19 19:30:08,Long Range,4,23.27,Clear
NHB250819193303.RAWK48J,2025-08-19 19:33:03,Short Range,8,22.55,Clear
NHB250819194008.RAWK48M,2025-08-19 19:40:08,Long Range,4,24.62,Clear
NHB250819194303.RAWK48S,2025-08-19 19:43:03,Short Range,8,23.64,Clear
NHB250819195008.RAWK48V,2025-08-19 19:50:08,Long Range,4,24.2,Clear
NHB250819195304.RAWK48Z,2025-08-19 19:53:04,Short Range,8,23.22,Clear
NHB250819200008.RAWK492,2025-08-19 20:00:08,Long Range,4,24.52,Clear
NHB250819200303.RAWK496,2025-08-19 20:03:03,Short Range,8,22.18,Clear
NHB250819201008.RAWK499,2025-08-19 20:10:08,Long Range,4,24.77,Clear
NHB250819201304.RAWK49D,2025-08-19 20:13:04,Short Range,8,23.85,Clear
NHB250819202008.RAWK49G,2025-08-19 20:20:08,Long Range,4,25.33,Clear
NHB250819202304.RAWK49L,2025-08-19 20:23:04,Short Range,8,25.54,Clear
NHB250819203008.RAWK49P,2025-08-19 20:30:08,Long Range,4,26.15,Clear
NHB250819203303.RAWK49U,2025-08-19 20:33:03,Short Range,8,25.32,Clear
NHB250819204008.RAWK49X,2025-08-19 20:40:08,Long Range,4,25.77,Clear
NHB250819204303.RAWK4A1,2025-08-19 20:43:03,Short Range,8,24.1,Clear
NHB250819205008.RAWK4A4,2025-08-19 20:50:08,Long Range,4,25.59,Clear
NHB250819205303.RAWK4A8,2025-08-19 20:53:03,Short Range,8,24.14,Clear
NHB250819210008.RAWK4AB,2025-08-19 21:00:08,Long Range,4,24.92,Clear
NHB250819210304.RAWK4AF,2025-08-19 21:03:04,Short Range,8,24.41,Clear
NHB250819211008.RAWK4AJ,2025-08-19 21:10:08,Long Range,4,27.19,Clear
NHB250819211304.RAWK4AN,2025-08-19 21:13:04,Short Range,8,23.52,Clear
NHB250819212009.RAWK4AS,2025-08-19 21:20:09,Long Range,4,24.66,Clear
NHB250819212304.RAWK4AW,2025-08-19 21:23:04,Short Range,8,22.68,Clear
NHB250819213008.RAWK4AZ,2025-08-19 21:30:08,Long Range,4,25.49,Clear
NHB250819213303.RAWK4B3,2025-08-19 21:33:03,Short Range,8,23.47,Clear
NHB250819214008.RAWK4B6,2025-08-19 21:40:08,Long Range,4,27.89,Clear
NHB250819214304.RAWK4BA,2025-08-19 21:43:04,Short Range,8,23.42,Clear
NHB250819215007.RAWK4BD,2025-08-19 21:50:07,Long Range,4,27.94,Clear
NHB250819215303.RAWK4BH,2025-08-19 21:53:03,Short Range,8,24.44,Clear
NHB250819220007.RAWK4BL,2025-08-19 22:00:07,Long Range,4,27.92,Clear
NHB250819220303.RAWK4BR,2025-08-19 22:03:03,Short Range,8,24.73,Clear
NHB250819221008.RAWK4BU,2025-08-19 22:10:08,Long Range,4,27.62,Clear
NHB250819221303.RAWK4BY,2025-08-19 22:13:03,Short Range,8,24.83,Clear
NHB250819222008.RAWK4C1,2025-08-19 22:20:08,Long Range,4,28.13,Clear
NHB250819222304.RAWK4C5,2025-08-19 22:23:04,Short Range,8,24.79,Clear
NHB250819223007.RAWK4C8,2025-08-19 22:30:07,Long Range,4,29.55,Clear
NHB250819223303.RAWK4CC,2025-08-19 22:33:03,Short Range,8,23.79,Clear
NHB250819224008.RAWK4CF,2025-08-19 22:40:08,Long Range,4,30.43,Light rain
NHB250819224303.RAWK4CK,2025-08-19 22:43:03,Short Range,8,26.83,Clear
NHB250819225008.RAWK4CN,2025-08-19 22:50:08,Long Range,4,30.93,Light rain
NHB250819225303.RAWK4CT,2025-08-19 22:53:03,Short Range,8,25.47,Clear
NHB250819230007.RAWK4CW,2025-08-19 23:00:07,Long Range,4,30.31,Light rain
NHB250819230303.RAWK4D0,2025-08-19 23:03:03,Short Range,8,25.64,Clear
NHB250819231008.RAWK4D3,2025-08-19 23:10:08,Long Range,4,32.16,Light rain
NHB250819231304.RAWK4D7,2025-08-19 23:13:04,Short Range,8,25.7,Clear
NHB250819232008.RAWK4DA,2025-08-19 23:20:08,Long Range,4,31.54,Light rain
NHB250819232304.RAWK4DE,2025-08-19 23:23:04,Short Range,8,25.64,Clear
NHB250819233007.RAWK4DH,2025-08-19 23:30:07,Long Range,4,31.0,Light rain
NHB250819233304.RAWK4DM,2025-08-19 23:33:04,Short Range,8,24.91,Clear
NHB250819234007.RAWK4DR,2025-08-19 23:40:07,Long Range,4,30.58,Light rain
NHB250819234303.RAWK4DV,2025-08-19 23:43:03,Short Range,8,24.73,Clear
NHB250819235008.RAWK4DY,2025-08-19 23:50:08,Long Range,4,31.02,Light rain
NHB250819235303.RAWK4E2,2025-08-19 23:53:03,Short Range,8,24.52,Clear
NHB250820000008.RAWK4E5,2025-08-20 00:00:08,Long Range,4,31.32,Light rain
NHB250820000303.RAWK4E9,2025-08-20 00:03:03,Short Range,8,24.21,Clear
NHB250820001008.RAWK4EC,2025-08-20 00:10:08,Long Range,4,30.12,Light rain
NHB250820001303.RAWK4EG,2025-08-20 00:13:03,Short Range,8,24.54,Clear
NHB250820002008.RAWK4EK,2025-08-20 00:20:08,Long Range,4,30.78,Light rain
NHB250820002304.RAWK4EP,2025-08-20 00:23:04,Short Range,8,24.95,Clear
NHB250820003008.RAWK4ET,2025-08-20 00:30:08,Long Range,4,30.94,Light rain
NHB250820003304.RAWK4EX,2025-08-20 00:33:04,Short Range,8,24.81,Clear
NHB250820004008.RAWK4F0,2025-08-20 00:40:08,Long Range,4,33.03,Light rain
NHB250820004305.RAWK4F4,2025-08-20 00:43:05,Short Range,8,25.21,Clear
NHB250820005008.RAWK4F7,2025-08-20 00:50:08,Long Range,4,31.21,Light rain
NHB250820005305.RAWK4FB,2025-08-20 00:53:05,Short Range,8,25.82,Clear
NHB250820010008.RAWK4FE,2025-08-20 01:00:08,Long Range,4,31.31,Light rain
NHB250820010303.RAWK4FJ,2025-08-20 01:03:03,Short Range,8,25.94,Clear
NHB250820011008.RAWK4FM,2025-08-20 01:10:08,Long Range,4,31.25,Light rain
NHB250820011303.RAWK4FS,2025-08-20 01:13:03,Short Range,8,27.15,Clear
NHB250820012008.RAWK4FV,2025-08-20 01:20:08,Long Range,4,31.96,Light rain
NHB250820012303.RAWK4FZ,2025-08-20 01:23:03,Short Range,8,26.82,Clear
NHB250820013008.RAWK4G2,2025-08-20 01:30:08,Long Range,4,32.61,Light rain
NHB250820013304.RAWK4G6,2025-08-20 01:33:04,Short Range,8,27.33,Clear
NHB250820014007.RAWK4G9,2025-08-20 01:40:07,Long Range,4,31.35,Light rain
NHB250820014304.RAWK4GD,2025-08-20 01:43:04,Short Range,8,26.05,Clear
NHB250820015008.RAWK4GG,2025-08-20 01:50:08,Long Range,4,31.88,Light rain
NHB250820015303.RAWK4GL,2025-08-20 01:53:03,Short Range,8,28.02,Clear
NHB250820020008.RAWK4GP,2025-08-20 02:00:08,Long Range,4,31.78,Light rain
NHB250820020303.RAWK4GU,2025-08-20 02:03:03,Short Range,8,27.26,Clear
NHB250820021008.RAWK4GX,2025-08-20 02:10:08,Long Range,4,32.96,Light rain
NHB250820021303.RAWK4H1,2025-08-20 02:13:03,Short Range,8,27.17,Clear
NHB250820022008.RAWK4H4,2025-08-20 02:20:08,Long Range,4,30.98,Light rain
NHB250820022304.RAWK4H8,2025-08-20 02:23:04,Short Range,8,26.2,Clear
NHB250820023007.RAWK4HB,2025-08-20 02:30:07,Long Range,4,30.53,Light rain
NHB250820023303.RAWK4HF,2025-08-20 02:33:03,Short Range,8,26.73,Clear
NHB250820024007.RAWK4HJ,2025-08-20 02:40:07,Long Range,4,29.82,Clear
NHB250820024304.RAWK4HN,2025-08-20 02:43:04,Short Range,8,26.58,Clear
NHB250820025007.RAWK4HS,2025-08-20 02:50:07,Long Range,4,30.47,Light rain
NHB250820025304.RAWK4HW,2025-08-20 02:53:04,Short Range,8,25.25,Clear
NHB250820030008.RAWK4HZ,2025-08-20 03:00:08,Long Range,4,31.84,Light rain
NHB250820030304.RAWK4J3,2025-08-20 03:03:04,Short Range,8,25.6,Clear
NHB250820031007.RAWK4J6,2025-08-20 03:10:07,Long Range,4,29.51,Clear
NHB250820031305.RAWK4JA,2025-08-20 03:13:05,Short Range,8,25.21,Clear
NHB250820032008.RAWK4JD,2025-08-20 03:20:08,Long Range,4,30.84,Light rain
NHB250820032303.RAWK4JH,2025-08-20 03:23:03,Short Range,8,24.97,Clear
NHB250820033008.RAWK4JL,2025-08-20 03:30:08,Long Range,4,27.63,Clear
NHB250820033303.RAWK4JR,2025-08-20 03:33:03,Short Range,8,26.0,Clear
NHB250820034008.RAWK4JU,2025-08-20 03:40:08,Long Range,4,29.86,Clear
NHB250820034303.RAWK4JY,2025-08-20 03:43:03,Short Range,8,25.86,Clear
NHB250820035007.RAWK4K1,2025-08-20 03:50:07,Long Range,4,25.7,Clear
NHB250820035303.RAWK4K5,2025-08-20 03:53:03,Short Range,8,25.17,Clear
NHB250820040007.RAWK4K8,2025-08-20 04:00:07,Long Range,4,26.88,Clear
NHB250820040303.RAWK4KC,2025-08-20 04:03:03,Short Range,8,26.66,Clear
NHB250820041007.RAWK4KF,2025-08-20 04:10:07,Long Range,4,28.16,Clear
NHB250820041304.RAWK4KK,2025-08-20 04:13:04,Short Range,8,27.81,Clear
NHB250820042008.RAWK4KN,2025-08-20 04:20:08,Long Range,4,27.94,Clear
NHB250820042304.RAWK4KT,2025-08-20 04:23:04,Short Range,8,26.86,Clear
NHB250820043007.RAWK4KW,2025-08-20 04:30:07,Long Range,4,26.87,Clear
NHB250820043303.RAWK4L0,2025-08-20 04:33:03,Short Range,8,26.44,Clear
NHB250820044008.RAWK4L3,2025-08-20 04:40:08,Long Range,4,27.03,Clear
NHB250820044303.RAWK4L7,2025-08-20 04:43:03,Short Range,8,26.93,Clear
NHB250820045008.RAWK4LA,2025-08-20 04:50:08,Long Range,4,26.67,Clear
NHB250820045304.RAWK4LE,2025-08-20 04:53:04,Short Range,8,27.69,Clear
NHB250820050007.RAWK4LH,2025-08-20 05:00:07,Long Range,4,28.79,Clear
NHB250820050304.RAWK4LM,2025-08-20 05:03:04,Short Range,8,30.22,Light rain
NHB250820051008.RAWK4LR,2025-08-20 05:10:08,Long Range,4,33.3,Light rain
NHB250820051303.RAWK4LV,2025-08-20 05:13:03,Short Range,8,31.12,Light rain
NHB250820052008.RAWK4LY,2025-08-20 05:20:08,Long Range,4,34.28,Light rain
NHB250820052303.RAWK4M2,2025-08-20 05:23:03,Short Range,8,32.11,Light rain
NHB250820053007.RAWK4M5,2025-08-20 05:30:07,Long Range,4,37.09,Light rain
NHB250820053304.RAWK4M9,2025-08-20 05:33:04,Short Range,8,33.12,Light rain
NHB250820054008.RAWK4MC,2025-08-20 05:40:08,Long Range,4,34.56,Light rain
NHB250820054303.RAWK4MG,2025-08-20 05:43:03,Short Range,8,36.51,Light rain
NHB250820055008.RAWK4MK,2025-08-20 05:50:08,Long Range,4,37.63,Light rain
NHB250820055304.RAWK4MP,2025-08-20 05:53:04,Short Range,8,37.3,Light rain
NHB250820060009.RAWK4MT,2025-08-20 06:00:09,Long Range,4,37.2,Light rain
NHB250820060303.RAWK4MX,2025-08-20 06:03:03,Short Range,8,37.53,Light rain
NHB250820061007.RAWK4N0,2025-08-20 06:10:07,Long Range,4,37.86,Light rain
NHB250820061303.RAWK4N4,2025-08-20 06:13:03,Short Range,8,37.2,Light rain
NHB250820062008.RAWK4N7,2025-08-20 06:20:08,Long Range,4,38.86,Light rain
NHB250820062303.RAWK4NB,2025-08-20 06:23:03,Short Range,8,37.72,Light rain
NHB250820063007.RAWK4NE,2025-08-20 06:30:07,Long Range,4,39.87,Light rain
NHB250820063304.RAWK4NJ,2025-08-20 06:33:04,Short Range,8,37.92,Light rain
NHB250820064007.RAWK4NM,2025-08-20 06:40:07,Long Range,4,41.21,Moderate rain
NHB250820064303.RAWK4NS,2025-08-20 06:43:03,Short Range,8,38.97,Light rain
NHB250820065008.RAWK4NV,2025-08-20 06:50:08,Long Range,4,41.95,Moderate rain
NHB250820065304.RAWK4NZ,2025-08-20 06:53:04,Short Range,8,38.8,Light rain
NHB250820070007.RAWK4P2,2025-08-20 07:00:07,Long Range,4,42.37,Moderate rain
NHB250820070303.RAWK4P6,2025-08-20 07:03:03,Short Range,8,40.57,Moderate rain
NHB250820071008.RAWK4P9,2025-08-20 07:10:08,Long Range,4,42.64,Moderate rain
NHB250820071304.RAWK4PD,2025-08-20 07:13:04,Short Range,8,40.74,Moderate rain
NHB250820072008.RAWK4PG,2025-08-20 07:20:08,Long Range,4,42.43,Moderate rain
NHB250820072304.RAWK4PL,2025-08-20 07:23:04,Short Range,8,42.49,Moderate rain
NHB250820073007.RAWK4PP,2025-08-20 07:30:07,Long Range,4,44.54,Moderate rain
NHB250820073303.RAWK4PU,2025-08-20 07:33:03,Short Range,8,44.99,Moderate rain
NHB250820074008.RAWK4PX,2025-08-20 07:40:08,Long Range,4,46.51,Moderate rain
NHB250820074303.RAWK4R1,2025-08-20 07:43:03,Short Range,8,47.29,Moderate rain
NHB250820075007.RAWK4R4,2025-08-20 07:50:07,Long Range,4,45.72,Moderate rain
NHB250820075304.RAWK4R8,2025-08-20 07:53:04,Short Range,8,47.31,Moderate rain
NHB250820080008.RAWK4RB,2025-08-20 08:00:08,Long Range,4,46.65,Moderate rain
NHB250820080303.RAWK4RF,2025-08-20 08:03:03,Short Range,8,47.52,Heavy rain
NHB250820081008.RAWK4RJ,2025-08-20 08:10:08,Long Range,4,47.02,Moderate rain
NHB250820081303.RAWK4RN,2025-08-20 08:13:03,Short Range,8,48.56,Heavy rain
NHB250820082008.RAWK4RS,2025-08-20 08:20:08,Long Range,4,46.84,Moderate rain
NHB250820082304.RAWK4RW,2025-08-20 08:23:04,Short Range,8,48.43,Heavy rain
NHB250820083008.RAWK4RZ,2025-08-20 08:30:08,Long Range,4,46.05,Moderate rain
NHB250820083303.RAWK4S3,2025-08-20 08:33:03,Short Range,8,47.29,Moderate rain
NHB250820084008.RAWK4S6,2025-08-20 08:40:08,Long Range,4,45.75,Moderate rain
NHB250820084304.RAWK4SA,2025-08-20 08:43:04,Short Range,8,48.03,Heavy rain
NHB250820085007.RAWK4SD,2025-08-20 08:50:07,Long Range,4,47.05,Moderate rain
NHB250820085304.RAWK4SH,2025-08-20 08:53:04,Short Range,8,47.93,Heavy rain
NHB250820090007.RAWK4SL,2025-08-20 09:00:07,Long Range,4,45.96,Moderate rain
NHB250820090303.RAWK4SR,2025-08-20 09:03:03,Short Range,8,45.97,Moderate rain
NHB250820091008.RAWK4SU,2025-08-20 09:10:08,Long Range,4,45.96,Moderate rain
NHB250820091305.RAWK4SY,2025-08-20 09:13:05,Short Range,8,44.76,Moderate rain
NHB250820092008.RAWK4T1,2025-08-20 09:20:08,Long Range,4,45.79,Moderate rain
NHB250820092303.RAWK4T5,2025-08-20 09:23:03,Short Range,8,45.72,Moderate rain
NHB250820093007.RAWK4T8,2025-08-20 09:30:07,Long Range,4,46.32,Moderate rain
NHB250820093303.RAWNCCD,2025-08-20 09:33:03,Short Range,8,45.64,Moderate rain
NHB250820094007.RAWNCCG,2025-08-20 09:40:07,Long Range,4,46.55,Moderate rain
NHB250820094304.RAWNCCL,2025-08-20 09:43:04,Short Range,8,46.83,Moderate rain
NHB250820095009.RAWNCCP,2025-08-20 09:50:09,Long Range,4,46.28,Moderate rain
NHB250820095304.RAWNCCU,2025-08-20 09:53:04,Short Range,8,46.55,Moderate rain
NHB250820100008.RAWNCCX,2025-08-20 10:00:08,Long Range,4,46.18,Moderate rain
NHB250820100304.RAWNCD1,2025-08-20 10:03:04,Short Range,8,48.06,Heavy rain
NHB250820101008.RAWNCD4,2025-08-20 10:10:08,Long Range,4,46.66,Moderate rain
NHB250820101303.RAWNCD8,2025-08-20 10:13:03,Short Range,8,49.07,Heavy rain
NHB250820102007.RAWNCDB,2025-08-20 10:20:07,Long Range,4,46.71,Moderate rain
NHB250820102304.RAWNCDF,2025-08-20 10:23:04,Short Range,8,50.14,Heavy rain
NHB250820103007.RAWNCDJ,2025-08-20 10:30:07,Long Range,4,47.95,Heavy rain
NHB250820103303.RAWNCDN,2025-08-20 10:33:03,Short Range,8,50.28,Heavy rain
NHB250820104008.RAWNCDS,2025-08-20 10:40:08,Long Range,4,47.46,Moderate rain
NHB250820104304.RAWNCDW,2025-08-20 10:43:04,Short Range,8,50.87,Heavy rain
NHB250820105008.RAWNCDZ,2025-08-20 10:50:08,Long Range,4,47.29,Moderate rain
NHB250820105303.RAWNCE3,2025-08-20 10:53:03,Short Range,8,50.62,Heavy rain
NHB250820110008.RAWNCE6,2025-08-20 11:00:08,Long Range,4,46.9,Moderate rain
NHB250820110303.RAWNCEA,2025-08-20 11:03:03,Short Range,8,50.25,Heavy rain
NHB250820111007.RAWNCED,2025-08-20 11:10:07,Long Range,4,47.26,Moderate rain
NHB250820111304.RAWNCEH,2025-08-20 11:13:04,Short Range,8,50.02,Heavy rain
NHB250820112008.RAWNCEL,2025-08-20 11:20:08,Long Range,4,46.8,Moderate rain
NHB250820112303.RAWNCER,2025-08-20 11:23:03,Short Range,8,49.57,Heavy rain
NHB250820113008.RAWNCEU,2025-08-20 11:30:08,Long Range,4,47.12,Moderate rain
NHB250820113304.RAWNCEY,2025-08-20 11:33:04,Short Range,8,48.54,Heavy rain
NHB250820114008.RAWNCF1,2025-08-20 11:40:08,Long Range,4,45.33,Moderate rain
NHB250820114304.RAWNCF5,2025-08-20 11:43:04,Short Range,8,46.86,Moderate rain
NHB250820115007.RAWNCF8,2025-08-20 11:50:07,Long Range,4,44.71,Moderate rain
NHB250820115303.RAWNCFC,2025-08-20 11:53:03,Short Range,8,45.77,Moderate rain
NHB250820120008.RAWNCFF,2025-08-20 12:00:08,Long Range,4,43.98,Moderate rain
NHB250820120304.RAWNCFK,2025-08-20 12:03:04,Short Range,8,45.88,Moderate rain
NHB250820121007.RAWNCFN,2025-08-20 12:10:07,Long Range,4,43.92,Moderate rain
NHB250820121304.RAWNCFT,2025-08-20 12:13:04,Short Range,8,46.12,Moderate rain
NHB250820122008.RAWNCFW,2025-08-20 12:20:08,Long Range,4,45.39,Moderate rain
NHB250820122303.RAWNCG0,2025-08-20 12:23:03,Short Range,8,48.86,Heavy rain
NHB250820123007.RAWNCG3,2025-08-20 12:30:07,Long Range,4,46.69,Moderate rain
NHB250820123304.RAWNCG7,2025-08-20 12:33:04,Short Range,8,50.58,Heavy rain
NHB250820124008.RAWNCGA,2025-08-20 12:40:08,Long Range,4,48.55,Heavy rain
NHB250820124303.RAWNCGE,2025-08-20 12:43:03,Short Range,8,50.99,Heavy rain
NHB250820125008.RAWNCGH,2025-08-20 12:50:08,Long Range,4,47.56,Heavy rain
NHB250820125303.RAWNCGM,2025-08-20 12:53:03,Short Range,8,51.63,Heavy rain
NHB250820130007.RAWNCGR,2025-08-20 13:00:07,Long Range,4,48.14,Heavy rain
NHB250820130303.RAWNCGV,2025-08-20 13:03:03,Short Range,8,54.0,Heavy rain
NHB250820131007.RAWNCGY,2025-08-20 13:10:07,Long Range,4,49.5,Heavy rain
NHB250820131303.RAWNCH2,2025-08-20 13:13:03,Short Range,8,54.05,Heavy rain
NHB250820132008.RAWNCH5,2025-08-20 13:20:08,Long Range,4,49.79,Heavy rain
NHB250820132303.RAWNCH9,2025-08-20 13:23:03,Short Range,8,49.52,Heavy rain
NHB250820133008.RAWNCHC,2025-08-20 13:30:08,Long Range,4,48.0,Heavy rain
NHB250820133303.RAWNCHG,2025-08-20 13:33:03,Short Range,8,50.76,Heavy rain
NHB250820134008.RAWNCHK,2025-08-20 13:40:08,Long Range,4,48.52,Heavy rain
NHB250820134303.RAWNCHP,2025-08-20 13:43:03,Short Range,8,50.14,Heavy rain
NHB250820135007.RAWNCHT,2025-08-20 13:50:07,Long Range,4,46.25,Moderate rain
NHB250820135303.RAWNCHX,2025-08-20 13:53:03,Short Range,8,49.44,Heavy rain
NHB250820140008.RAWNCJ0,2025-08-20 14:00:08,Long Range,4,47.2,Moderate rain
NHB250820140303.RAWNCJ4,2025-08-20 14:03:03,Short Range,8,49.57,Heavy rain
NHB250820141007.RAWNCJ7,2025-08-20 14:10:07,Long Range,4,48.52,Heavy rain
NHB250820141304.RAWNCJB,2025-08-20 14:13:04,Short Range,8,50.36,Heavy rain
NHB250820142007.RAWNCJE,2025-08-20 14:20:07,Long Range,4,47.53,Heavy rain
NHB250820142304.RAWNCJJ,2025-08-20 14:23:04,Short Range,8,49.61,Heavy rain
NHB250820143008.RAWNCJM,2025-08-20 14:30:08,Long Range,4,48.52,Heavy rain
NHB250820143303.RAWNCJS,2025-08-20 14:33:03,Short Range,8,49.76,Heavy rain
NHB250820144007.RAWNCJV,2025-08-20 14:40:07,Long Range,4,48.12,Heavy rain
NHB250820144303.RAWNCJZ,2025-08-20 14:43:03,Short Range,8,49.81,Heavy rain
NHB250820145008.RAWNCK2,2025-08-20 14:50:08,Long Range,4,47.82,Heavy rain
NHB250820145303.RAWNCK6,2025-08-20 14:53:03,Short Range,8,48.93,Heavy rain
NHB250820150008.RAWNCK9,2025-08-20 15:00:08,Long Range,4,47.07,Moderate rain
NHB250820150303.RAWNCKD,2025-08-20 15:03:03,Short Range,8,48.4,Heavy rain
NHB250820151008.RAWNCKG,2025-08-20 15:10:08,Long Range,4,46.55,Moderate rain
NHB250820151304.RAWNCKL,2025-08-20 15:13:04,Short Range,8,48.98,Heavy rain
NHB250820152008.RAWNCKP,2025-08-20 15:20:08,Long Range,4,48.46,Heavy rain
NHB250820152304.RAWNCKU,2025-08-20 15:23:04,Short Range,8,49.86,Heavy rain
NHB250820153007.RAWNCKX,2025-08-20 15:30:07,Long Range,4,48.33,Heavy rain
NHB250820153303.RAWNCL1,2025-08-20 15:33:03,Short Range,8,50.35,Heavy rain
NHB250820154008.RAWNCL4,2025-08-20 15:40:08,Long Range,4,48.23,Heavy rain
NHB250820154303.RAWNCL8,2025-08-20 15:43:03,Short Range,8,50.54,Heavy rain
NHB250820155008.RAWNCLB,2025-08-20 15:50:08,Long Range,4,48.69,Heavy rain
NHB250820155303.RAWNCLF,2025-08-20 15:53:03,Short Range,8,50.51,Heavy rain
NHB250820160008.RAWNCLJ,2025-08-20 16:00:08,Long Range,4,47.89,Heavy rain
NHB250820160304.RAWNCLN,2025-08-20 16:03:04,Short Range,8,49.73,Heavy rain
NHB250820161007.RAWNCLS,2025-08-20 16:10:07,Long Range,4,48.04,Heavy rain
NHB250820161304.RAWNCLW,2025-08-20 16:13:04,Short Range,8,49.77,Heavy rain
NHB250820162008.RAWNCLZ,2025-08-20 16:20:08,Long Range,4,48.69,Heavy rain
NHB250820162304.RAWNCM3,2025-08-20 16:23:04,Short Range,8,50.6,Heavy rain
NHB250820163008.RAWNCM6,2025-08-20 16:30:08,Long Range,4,48.76,Heavy rain
NHB250820163304.RAWNCMA,2025-08-20 16:33:04,Short Range,8,50.31,Heavy rain
NHB250820164008.RAWNCMD,2025-08-20 16:40:08,Long Range,4,48.19,Heavy rain
NHB250820164305.RAWNCMH,2025-08-20 16:43:05,Short Range,8,49.72,Heavy rain
NHB250820165008.RAWNCML,2025-08-20 16:50:08,Long Range,4,48.11,Heavy rain
NHB250820165303.RAWNCMR,2025-08-20 16:53:03,Short Range,8,49.38,Heavy rain
NHB250820170007.RAWNCMU,2025-08-20 17:00:07,Long Range,4,48.45,Heavy rain
NHB250820170304.RAWNCMY,2025-08-20 17:03:04,Short Range,8,50.12,Heavy rain
NHB250820171007.RAWNCN1,2025-08-20 17:10:07,Long Range,4,48.87,Heavy rain
NHB250820171303.RAWNCN5,2025-08-20 17:13:03,Short Range,8,50.52,Heavy rain
NHB250820172008.RAWNCN8,2025-08-20 17:20:08,Long Range,4,49.4,Heavy rain
NHB250820172304.RAWNCNC,2025-08-20 17:23:04,Short Range,8,50.54,Heavy rain
NHB250820173007.RAWNCNF,2025-08-20 17:30:07,Long Range,4,50.1,Heavy rain
NHB250820173304.RAWNCNK,2025-08-20 17:33:04,Short Range,8,51.48,Heavy rain
NHB250820174007.RAWNCNN,2025-08-20 17:40:07,Long Range,4,50.58,Heavy rain
NHB250820174303.RAWNCNT,2025-08-20 17:43:03,Short Range,8,51.74,Heavy rain
NHB250820175008.RAWNCNW,2025-08-20 17:50:08,Long Range,4,50.69,Heavy rain
NHB250820175303.RAWNCP0,2025-08-20 17:53:03,Short Range,8,51.84,Heavy rain
NHB250820180007.RAWNCP3,2025-08-20 18:00:07,Long Range,4,50.77,Heavy rain
NHB250820180303.RAWNCP7,2025-08-20 18:03:03,Short Range,8,51.99,Heavy rain
NHB250820181008.RAWNCPA,2025-08-20 18:10:08,Long Range,4,50.57,Heavy rain
NHB250820181303.RAWNCPE,2025-08-20 18:13:03,Short Range,8,52.04,Heavy rain
NHB250820182008.RAWNCPH,2025-08-20 18:20:08,Long Range,4,51.14,Heavy rain
NHB250820182303.RAWNCPM,2025-08-20 18:23:03,Short Range,8,52.12,Heavy rain
NHB250820183008.RAWNCPR,2025-08-20 18:30:08,Long Range,4,50.58,Heavy rain
NHB250820183303.RAWNCPV,2025-08-20 18:33:03,Short Range,8,43.17,Moderate rain
NHB250820184008.RAWNCPY,2025-08-20 18:40:08,Long Range,4,49.96,Heavy rain
NHB250820184304.RAWNCR2,2025-08-20 18:43:04,Short Range,8,32.71,Light rain
NHB250820185007.RAWNCR5,2025-08-20 18:50:07,Long Range,4,48.66,Heavy rain
NHB250820185304.RAWNCR9,2025-08-20 18:53:04,Short Range,8,28.79,Clear
NHB250820190008.RAWNCRC,2025-08-20 19:00:08,Long Range,4,48.82,Heavy rain
NHB250820190303.RAWNCRG,2025-08-20 19:03:03,Short Range,8,31.8,Light rain
NHB250820191007.RAWNCRK,2025-08-20 19:10:07,Long Range,4,47.69,Heavy rain
NHB250820191303.RAWNCRP,2025-08-20 19:13:03,Short Range,8,29.33,Clear
NHB250820192008.RAWNCRT,2025-08-20 19:20:08,Long Range,4,44.22,Moderate rain
NHB250820192303.RAWNCRX,2025-08-20 19:23:03,Short Range,8,26.07,Clear
NHB250820193007.RAWNCS0,2025-08-20 19:30:07,Long Range,4,39.89,Light rain
NHB250820193304.RAWNCS4,2025-08-20 19:33:04,Short Range,8,19.65,Clear
NHB250820194008.RAWNCS7,2025-08-20 19:40:08,Long Range,4,37.06,Light rain
NHB250820194305.RAWNCSB,2025-08-20 19:43:05,Short Range,8,16.29,Clear
NHB250820195007.RAWNCSE,2025-08-20 19:50:07,Long Range,4,36.32,Light rain
NHB250820195303.RAWNCSJ,2025-08-20 19:53:03,Short Range,8,16.78,Clear
NHB250820200007.RAWNCSM,2025-08-20 20:00:07,Long Range,4,33.97,Light rain
NHB250820200304.RAWNCSS,2025-08-20 20:03:04,Short Range,8,21.8,Clear
NHB250820201008.RAWNCSV,2025-08-20 20:10:08,Long Range,4,31.91,Light rain
NHB250820201304.RAWNCSZ,2025-08-20 20:13:04,Short Range,8,20.64,Clear
NHB250820202007.RAWNCT2,2025-08-20 20:20:07,Long Range,4,36.47,Light rain
NHB250820202304.RAWNCT6,2025-08-20 20:23:04,Short Range,8,21.04,Clear
NHB250820203008.RAWNCT9,2025-08-20 20:30:08,Long Range,4,34.02,Light rain
NHB250820203303.RAWNCTD,2025-08-20 20:33:03,Short Range,8,21.31,Clear
NHB250820204007.RAWNCTG,2025-08-20 20:40:07,Long Range,4,36.3,Light rain
NHB250820204303.RAWNCTL,2025-08-20 20:43:03,Short Range,8,18.17,Clear
NHB250820205007.RAWNCTP,2025-08-20 20:50:07,Long Range,4,30.81,Light rain
NHB250820205304.RAWNCTU,2025-08-20 20:53:04,Short Range,8,21.88,Clear
NHB250820210008.RAWNCTX,2025-08-20 21:00:08,Long Range,4,33.04,Light rain
NHB250820210303.RAWNCU1,2025-08-20 21:03:03,Short Range,8,19.67,Clear
NHB250820211008.RAWNCU4,2025-08-20 21:10:08,Long Range,4,33.58,Light rain
NHB250820211304.RAWNCU8,2025-08-20 21:13:04,Short Range,8,18.23,Clear
NHB250820212008.RAWNCUB,2025-08-20 21:20:08,Long Range,4,34.45,Light rain
NHB250820212303.RAWNCUF,2025-08-20 21:23:03,Short Range,8,22.47,Clear
NHB250820213008.RAWNCUJ,2025-08-20 21:30:08,Long Range,4,35.13,Light rain
NHB250820213304.RAWNCUN,2025-08-20 21:33:04,Short Range,8,22.19,Clear
NHB250820214008.RAWNCUS,2025-08-20 21:40:08,Long Range,4,35.35,Light rain
NHB250820214304.RAWNCUW,2025-08-20 21:43:04,Short Range,8,22.48,Clear
NHB250820215008.RAWNCUZ,2025-08-20 21:50:08,Long Range,4,38.45,Light rain
NHB250820215304.RAWNCV3,2025-08-20 21:53:04,Short Range,8,26.42,Clear
NHB250820220007.RAWNCV6,2025-08-20 22:00:07,Long Range,4,40.12,Moderate rain
NHB250820220303.RAWNCVA,2025-08-20 22:03:03,Short Range,8,24.67,Clear
NHB250820221008.RAWNCVD,2025-08-20 22:10:08,Long Range,4,41.21,Moderate rain
NHB250820221303.RAWNCVH,2025-08-20 22:13:03,Short Range,8,28.17,Clear
NHB250820222009.RAWNCVL,2025-08-20 22:20:09,Long Range,4,42.45,Moderate rain
NHB250820222303.RAWNCVR,2025-08-20 22:23:03,Short Range,8,28.49,Clear
NHB250820223008.RAWNCVU,2025-08-20 22:30:08,Long Range,4,42.56,Moderate rain
NHB250820223303.RAWNCVY,2025-08-20 22:33:03,Short Range,8,26.27,Clear
NHB250820224008.RAWNCW1,2025-08-20 22:40:08,Long Range,4,42.31,Moderate rain
NHB250820224303.RAWNCW5,2025-08-20 22:43:03,Short Range,8,27.43,Clear
NHB250820225008.RAWNCW8,2025-08-20 22:50:08,Long Range,4,42.0,Moderate rain
NHB250820225303.RAWNCWC,2025-08-20 22:53:03,Short Range,8,29.23,Clear
NHB250820230007.RAWNCWF,2025-08-20 23:00:07,Long Range,4,42.75,Moderate rain
NHB250820230303.RAWNCWK,2025-08-20 23:03:03,Short Range,8,32.55,Light rain
NHB250820231008.RAWNCWN,2025-08-20 23:10:08,Long Range,4,42.63,Moderate rain
NHB250820231303.RAWNCWT,2025-08-20 23:13:03,Short Range,8,34.7,Light rain
NHB250820232008.RAWNCWW,2025-08-20 23:20:08,Long Range,4,41.78,Moderate rain
NHB250820232303.RAWNCX0,2025-08-20 23:23:03,Short Range,8,35.24,Light rain
NHB250820233007.RAWNCX3,2025-08-20 23:30:07,Long Range,4,41.37,Moderate rain
NHB250820233304.RAWNCX7,2025-08-20 23:33:04,Short Range,8,39.09,Light rain
NHB250820234007.RAWNCXA,2025-08-20 23:40:07,Long Range,4,42.33,Moderate rain
NHB250820234304.RAWNCXE,2025-08-20 23:43:04,Short Range,8,41.57,Moderate rain
NHB250820235008.RAWNCXH,2025-08-20 23:50:08,Long Range,4,42.37,Moderate rain
NHB250820235304.RAWNCXM,2025-08-20 23:53:04,Short Range,8,42.11,Moderate rain
NHB250821000008.RAWNCXR,2025-08-21 00:00:08,Long Range,4,42.51,Moderate rain
NHB250821000303.RAWNCXV,2025-08-21 00:03:03,Short Range,8,41.83,Moderate rain
NHB250821001008.RAWNCXY,2025-08-21 00:10:08,Long Range,4,42.32,Moderate rain
NHB250821001303.RAWNCY2,2025-08-21 00:13:03,Short Range,8,41.77,Moderate rain
NHB250821002008.RAWNCY5,2025-08-21 00:20:08,Long Range,4,41.54,Moderate rain
NHB250821002304.RAWNCY9,2025-08-21 00:23:04,Short Range,8,41.76,Moderate rain
NHB250821003008.RAWNCYC,2025-08-21 00:30:08,Long Range,4,42.2,Moderate rain
NHB250821003304.RAWNCYG,2025-08-21 00:33:04,Short Range,8,41.9,Moderate rain
NHB250821004008.RAWNCYK,2025-08-21 00:40:08,Long Range,4,41.63,Moderate rain
NHB250821004303.RAWNCYP,2025-08-21 00:43:03,Short Range,8,41.24,Moderate rain
NHB250821005008.RAWNCYT,2025-08-21 00:50:08,Long Range,4,41.5,Moderate rain
NHB250821005303.RAWNCYX,2025-08-21 00:53:03,Short Range,8,40.8,Moderate rain
NHB250821010008.RAWNCZ0,2025-08-21 01:00:08,Long Range,4,41.62,Moderate rain
NHB250821010303.RAWNCZ4,2025-08-21 01:03:03,Short Range,8,41.84,Moderate rain
NHB250821011008.RAWNCZ7,2025-08-21 01:10:08,Long Range,4,42.05,Moderate rain
NHB250821011304.RAWNCZB,2025-08-21 01:13:04,Short Range,8,41.88,Moderate rain
NHB250821012007.RAWNCZE,2025-08-21 01:20:07,Long Range,4,42.24,Moderate rain
NHB250821012303.RAWNCZJ,2025-08-21 01:23:03,Short Range,8,42.1,Moderate rain
NHB250821013008.RAWNCZM,2025-08-21 01:30:08,Long Range,4,43.13,Moderate rain
NHB250821013305.RAWNCZS,2025-08-21 01:33:05,Short Range,8,43.08,Moderate rain
NHB250821014007.RAWNCZV,2025-08-21 01:40:07,Long Range,4,43.08,Moderate rain
NHB250821014303.RAWNCZZ,2025-08-21 01:43:03,Short Range,8,43.48,Moderate rain
NHB250821015008.RAWND02,2025-08-21 01:50:08,Long Range,4,43.73,Moderate rain
NHB250821015304.RAWND06,2025-08-21 01:53:04,Short Range,8,44.05,Moderate rain
NHB250821020007.RAWND09,2025-08-21 02:00:07,Long Range,4,43.62,Moderate rain
NHB250821020304.RAWND0D,2025-08-21 02:03:04,Short Range,8,44.16,Moderate rain
NHB250821021007.RAWND0G,2025-08-21 02:10:07,Long Range,4,43.24,Moderate rain
NHB250821021303.RAWND0L,2025-08-21 02:13:03,Short Range,8,44.0,Moderate rain
NHB250821022007.RAWND0P,2025-08-21 02:20:07,Long Range,4,42.85,Moderate rain
NHB250821022304.RAWND0U,2025-08-21 02:23:04,Short Range,8,44.03,Moderate rain
NHB250821023008.RAWND0X,2025-08-21 02:30:08,Long Range,4,42.88,Moderate rain
NHB250821023303.RAWND11,2025-08-21 02:33:03,Short Range,8,43.99,Moderate rain
NHB250821024008.RAWND14,2025-08-21 02:40:08,Long Range,4,42.9,Moderate rain
NHB250821024303.RAWND18,2025-08-21 02:43:03,Short Range,8,44.06,Moderate rain
NHB250821025007.RAWND1B,2025-08-21 02:50:07,Long Range,4,42.71,Moderate rain
NHB250821025304.RAWND1F,2025-08-21 02:53:04,Short Range,8,44.26,Moderate rain
NHB250821030008.RAWND1J,2025-08-21 03:00:08,Long Range,4,42.46,Moderate rain
NHB250821030303.RAWND1N,2025-08-21 03:03:03,Short Range,8,42.88,Moderate rain
NHB250821031009.RAWND1S,2025-08-21 03:10:09,Long Range,4,40.51,Moderate rain
NHB250821031303.RAWND1W,2025-08-21 03:13:03,Short Range,8,41.2,Moderate rain
NHB250821032008.RAWND1Z,2025-08-21 03:20:08,Long Range,4,40.18,Moderate rain
NHB250821032304.RAWND23,2025-08-21 03:23:04,Short Range,8,41.14,Moderate rain
NHB250821033008.RAWND26,2025-08-21 03:30:08,Long Range,4,40.11,Moderate rain
NHB250821033303.RAWND2A,2025-08-21 03:33:03,Short Range,8,40.61,Moderate rain
NHB250821034008.RAWND2D,2025-08-21 03:40:08,Long Range,4,40.05,Moderate rain
NHB250821034304.RAWND2H,2025-08-21 03:43:04,Short Range,8,40.35,Moderate rain
NHB250821035009.RAWND2L,2025-08-21 03:50:09,Long Range,4,40.41,Moderate rain
NHB250821035303.RAWND2R,2025-08-21 03:53:03,Short Range,8,41.5,Moderate rain
NHB250821040008.RAWND2U,2025-08-21 04:00:08,Long Range,4,39.5,Light rain
NHB250821040303.RAWND2Y,2025-08-21 04:03:03,Short Range,8,40.74,Moderate rain
NHB250821041008.RAWND31,2025-08-21 04:10:08,Long Range,4,39.97,Light rain
NHB250821041304.RAWND35,2025-08-21 04:13:04,Short Range,8,41.5,Moderate rain
NHB250821042008.RAWND38,2025-08-21 04:20:08,Long Range,4,40.53,Moderate rain
NHB250821042304.RAWND3C,2025-08-21 04:23:04,Short Range,8,41.03,Moderate rain
NHB250821043007.RAWND3F,2025-08-21 04:30:07,Long Range,4,40.67,Moderate rain
NHB250821043303.RAWND3K,2025-08-21 04:33:03,Short Range,8,41.11,Moderate rain
NHB250821044007.RAWND3N,2025-08-21 04:40:07,Long Range,4,40.27,Moderate rain
NHB250821044303.RAWND3T,2025-08-21 04:43:03,Short Range,8,40.49,Moderate rain
NHB250821045008.RAWND3W,2025-08-21 04:50:08,Long Range,4,40.32,Moderate rain
NHB250821045304.RAWND40,2025-08-21 04:53:04,Short Range,8,38.27,Light rain
NHB250821050008.RAWND43,2025-08-21 05:00:08,Long Range,4,38.45,Light rain
NHB250821050303.RAWND47,2025-08-21 05:03:03,Short Range,8,37.46,Light rain
NHB250821051009.RAWND4A,2025-08-21 05:10:09,Long Range,4,39.38,Light rain
NHB250821051304.RAWND4E,2025-08-21 05:13:04,Short Range,8,38.24,Light rain
NHB250821052007.RAWND4H,2025-08-21 05:20:07,Long Range,4,39.21,Light rain
NHB250821052303.RAWND4M,2025-08-21 05:23:03,Short Range,8,38.29,Light rain
NHB250821053009.RAWND4R,2025-08-21 05:30:09,Long Range,4,39.75,Light rain
NHB250821053304.RAWND4V,2025-08-21 05:33:04,Short Range,8,37.61,Light rain
NHB250821054008.RAWND4Y,2025-08-21 05:40:08,Long Range,4,39.8,Light rain
NHB250821054303.RAWND52,2025-08-21 05:43:03,Short Range,8,38.13,Light rain
NHB250821055009.RAWND55,2025-08-21 05:50:09,Long Range,4,40.25,Moderate rain
NHB250821055303.RAWND59,2025-08-21 05:53:03,Short Range,8,37.48,Light rain
NHB250821060008.RAWND5C,2025-08-21 06:00:08,Long Range,4,40.94,Moderate rain
NHB250821060304.RAWND5G,2025-08-21 06:03:04,Short Range,8,39.29,Light rain
NHB250821061008.RAWND5K,2025-08-21 06:10:08,Long Range,4,42.1,Moderate rain
NHB250821061303.RAWND5P,2025-08-21 06:13:03,Short Range,8,39.5,Light rain
NHB250821062009.RAWND5T,2025-08-21 06:20:09,Long Range,4,41.79,Moderate rain
NHB250821062304.RAWND5X,2025-08-21 06:23:04,Short Range,8,38.84,Light rain
NHB250821063008.RAWND60,2025-08-21 06:30:08,Long Range,4,42.45,Moderate rain
NHB250821063303.RAWND64,2025-08-21 06:33:03,Short Range,8,39.36,Light rain
NHB250821064008.RAWND67,2025-08-21 06:40:08,Long Range,4,42.76,Moderate rain
NHB250821064303.RAWND6B,2025-08-21 06:43:03,Short Range,8,39.45,Light rain
NHB250821065008.RAWND6E,2025-08-21 06:50:08,Long Range,4,41.95,Moderate rain
NHB250821065305.RAWND6J,2025-08-21 06:53:05,Short Range,8,39.69,Light rain
NHB250821070008.RAWND6M,2025-08-21 07:00:08,Long Range,4,40.94,Moderate rain
NHB250821070303.RAWND6S,2025-08-21 07:03:03,Short Range,8,39.53,Light rain
NHB250821071008.RAWND6V,2025-08-21 07:10:08,Long Range,4,41.34,Moderate rain
NHB250821071303.RAWND6Z,2025-08-21 07:13:03,Short Range,8,39.07,Light rain
NHB250821072007.RAWND72,2025-08-21 07:20:07,Long Range,4,41.61,Moderate rain
NHB250821072304.RAWND76,2025-08-21 07:23:04,Short Range,8,40.21,Moderate rain
NHB250821073008.RAWND79,2025-08-21 07:30:08,Long Range,4,41.35,Moderate rain
NHB250821073303.RAWND7D,2025-08-21 07:33:03,Short Range,8,39.51,Light rain
NHB250821074008.RAWND7G,2025-08-21 07:40:08,Long Range,4,41.75,Moderate rain
NHB250821074303.RAWND7L,2025-08-21 07:43:03,Short Range,8,39.98,Light rain
NHB250821075008.RAWND7P,2025-08-21 07:50:08,Long Range,4,42.02,Moderate rain
NHB250821075303.RAWND7U,2025-08-21 07:53:03,Short Range,8,40.33,Moderate rain
NHB250821080009.RAWND7X,2025-08-21 08:00:09,Long Range,4,43.44,Moderate rain
NHB250821080304.RAWND81,2025-08-21 08:03:04,Short Range,8,39.83,Light rain
NHB250821081007.RAWND84,2025-08-21 08:10:07,Long Range,4,43.71,Moderate rain
NHB250821081304.RAWND88,2025-08-21 08:13:04,Short Range,8,39.73,Light rain
NHB250821082008.RAWND8B,2025-08-21 08:20:08,Long Range,4,43.99,Moderate rain
NHB250821082303.RAWND8F,2025-08-21 08:23:03,Short Range,8,39.67,Light rain
NHB250821083008.RAWND8J,2025-08-21 08:30:08,Long Range,4,43.57,Moderate rain
NHB250821083304.RAWND8N,2025-08-21 08:33:04,Short Range,8,38.44,Light rain
NHB250821084008.RAWND8S,2025-08-21 08:40:08,Long Range,4,43.91,Moderate rain
NHB250821084303.RAWND8W,2025-08-21 08:43:03,Short Range,8,37.79,Light rain
NHB250821085007.RAWND8Z,2025-08-21 08:50:07,Long Range,4,43.64,Moderate rain
NHB250821085304.RAWND93,2025-08-21 08:53:04,Short Range,8,39.83,Light rain
NHB250821090008.RAWND96,2025-08-21 09:00:08,Long Range,4,44.85,Moderate rain
NHB250821090304.RAWND9A,2025-08-21 09:03:04,Short Range,8,39.46,Light rain
NHB250821091008.RAWND9D,2025-08-21 09:10:08,Long Range,4,44.67,Moderate rain
NHB250821091304.RAWND9H,2025-08-21 09:13:04,Short Range,8,39.94,Light rain
NHB250821092008.RAWND9L,2025-08-21 09:20:08,Long Range,4,44.78,Moderate rain
NHB250821092303.RAWND9R,2025-08-21 09:23:03,Short Range,8,41.18,Moderate rain
NHB250821093008.RAWND9U,2025-08-21 09:30:08,Long Range,4,44.74,Moderate rain
NHB250821093303.RAWND9Y,2025-08-21 09:33:03,Short Range,8,40.27,Moderate rain
NHB250821094008.RAWNDA1,2025-08-21 09:40:08,Long Range,4,43.88,Moderate rain
NHB250821094303.RAWNDA5,2025-08-21 09:43:03,Short Range,8,42.01,Moderate rain
NHB250821095008.RAWNDA8,2025-08-21 09:50:08,Long Range,4,45.55,Moderate rain
NHB250821095304.RAWNDAC,2025-08-21 09:53:04,Short Range,8,44.38,Moderate rain
NHB250821100007.RAWNDAF,2025-08-21 10:00:07,Long Range,4,46.33,Moderate rain
NHB250821100303.RAWNDAK,2025-08-21 10:03:03,Short Range,8,45.48,Moderate rain
NHB250821101007.RAWNDAN,2025-08-21 10:10:07,Long Range,4,45.16,Moderate rain
NHB250821101303.RAWNDAT,2025-08-21 10:13:03,Short Range,8,44.74,Moderate rain
NHB250821102008.RAWNDAW,2025-08-21 10:20:08,Long Range,4,45.13,Moderate rain
NHB250821102304.RAWNDB0,2025-08-21 10:23:04,Short Range,8,46.11,Moderate rain
NHB250821103008.RAWNDB3,2025-08-21 10:30:08,Long Range,4,46.64,Moderate rain
NHB250821103304.RAWNDB7,2025-08-21 10:33:04,Short Range,8,47.68,Heavy rain
NHB250821104007.RAWNDBA,2025-08-21 10:40:07,Long Range,4,46.52,Moderate rain
NHB250821104303.RAWNDBE,2025-08-21 10:43:03,Short Range,8,48.51,Heavy rain
NHB250821105008.RAWNDBH,2025-08-21 10:50:08,Long Range,4,46.99,Moderate rain
NHB250821105305.RAWNDBM,2025-08-21 10:53:05,Short Range,8,49.99,Heavy rain
NHB250821110008.RAWNDBR,2025-08-21 11:00:08,Long Range,4,47.28,Moderate rain
NHB250821110303.RAWNDBV,2025-08-21 11:03:03,Short Range,8,51.27,Heavy rain
NHB250821111008.RAWNDBY,2025-08-21 11:10:08,Long Range,4,48.89,Heavy rain
NHB250821111304.RAWNDC2,2025-08-21 11:13:04,Short Range,8,52.24,Heavy rain
NHB250821112008.RAWNDC5,2025-08-21 11:20:08,Long Range,4,49.04,Heavy rain
NHB250821112303.RAWNDC9,2025-08-21 11:23:03,Short Range,8,51.73,Heavy rain
NHB250821113007.RAWNDCC,2025-08-21 11:30:07,Long Range,4,48.73,Heavy rain
NHB250821113303.RAWNDCG,2025-08-21 11:33:03,Short Range,8,50.87,Heavy rain
NHB250821114008.RAWNDCK,2025-08-21 11:40:08,Long Range,4,49.16,Heavy rain
NHB250821114304.RAWNDCP,2025-08-21 11:43:04,Short Range,8,51.6,Heavy rain
NHB250821115008.RAWNDCT,2025-08-21 11:50:08,Long Range,4,50.06,Heavy rain
NHB250821115303.RAWNDCX,2025-08-21 11:53:03,Short Range,8,52.5,Heavy rain
NHB250821120008.RAWNDD0,2025-08-21 12:00:08,Long Range,4,49.52,Heavy rain
NHB250821120303.RAWNDD4,2025-08-21 12:03:03,Short Range,8,52.02,Heavy rain
NHB250821121008.RAWNDD7,2025-08-21 12:10:08,Long Range,4,49.04,Heavy rain
NHB250821121304.RAWNDDB,2025-08-21 12:13:04,Short Range,8,52.05,Heavy rain
NHB250821122008.RAWNDDE,2025-08-21 12:20:08,Long Range,4,50.03,Heavy rain
NHB250821122304.RAWNDDJ,2025-08-21 12:23:04,Short Range,8,51.85,Heavy rain
NHB250821123007.RAWNDDM,2025-08-21 12:30:07,Long Range,4,49.02,Heavy rain
NHB250821123303.RAWNDDS,2025-08-21 12:33:03,Short Range,8,50.68,Heavy rain
NHB250821124008.RAWNDDV,2025-08-21 12:40:08,Long Range,4,47.23,Moderate rain
NHB250821124303.RAWNDDZ,2025-08-21 12:43:03,Short Range,8,50.46,Heavy rain
NHB250821125008.RAWNDE2,2025-08-21 12:50:08,Long Range,4,48.1,Heavy rain
NHB250821125303.RAWNDE6,2025-08-21 12:53:03,Short Range,8,49.2,Heavy rain
NHB250821130008.RAWNDE9,2025-08-21 13:00:08,Long Range,4,47.81,Heavy rain
NHB250821130304.RAWNDED,2025-08-21 13:03:04,Short Range,8,48.95,Heavy rain
NHB250821131007.RAWNDEG,2025-08-21 13:10:07,Long Range,4,46.79,Moderate rain
NHB250821131304.RAWNDEL,2025-08-21 13:13:04,Short Range,8,47.46,Moderate rain
NHB250821132007.RAWNDEP,2025-08-21 13:20:07,Long Range,4,46.04,Moderate rain
NHB250821132303.RAWNDEU,2025-08-21 13:23:03,Short Range,8,47.71,Heavy rain
NHB250821133007.RAWNDEX,2025-08-21 13:30:07,Long Range,4,47.23,Moderate rain
NHB250821133304.RAWNDF1,2025-08-21 13:33:04,Short Range,8,48.01,Heavy rain
NHB250821134008.RAWNDF4,2025-08-21 13:40:08,Long Range,4,45.26,Moderate rain
NHB250821134304.RAWNDF8,2025-08-21 13:43:04,Short Range,8,45.92,Moderate rain
NHB250821135008.RAWNDFB,2025-08-21 13:50:08,Long Range,4,45.62,Moderate rain
NHB250821135303.RAWNDFF,2025-08-21 13:53:03,Short Range,8,45.89,Moderate rain
NHB250821140009.RAWNDFJ,2025-08-21 14:00:09,Long Range,4,45.4,Moderate rain
NHB250821140303.RAWNDFN,2025-08-21 14:03:03,Short Range,8,46.01,Moderate rain
NHB250821141007.RAWNDFS,2025-08-21 14:10:07,Long Range,4,45.86,Moderate rain
NHB250821141304.RAWNDFW,2025-08-21 14:13:04,Short Range,8,45.71,Moderate rain
NHB250821142007.RAWNDFZ,2025-08-21 14:20:07,Long Range,4,44.73,Moderate rain
NHB250821142303.RAWNDG3,2025-08-21 14:23:03,Short Range,8,44.75,Moderate rain
NHB250821143008.RAWNDG6,2025-08-21 14:30:08,Long Range,4,43.77,Moderate rain
NHB250821143304.RAWNDGA,2025-08-21 14:33:04,Short Range,8,43.9,Moderate rain
NHB250821144007.RAWNDGD,2025-08-21 14:40:07,Long Range,4,44.04,Moderate rain
NHB250821144303.RAWNDGH,2025-08-21 14:43:03,Short Range,8,43.95,Moderate rain
NHB250821145008.RAWNDGL,2025-08-21 14:50:08,Long Range,4,44.04,Moderate rain
NHB250821145303.RAWNDGR,2025-08-21 14:53:03,Short Range,8,44.3,Moderate rain
NHB250821150007.RAWNDGU,2025-08-21 15:00:07,Long Range,4,43.96,Moderate rain
NHB250821150303.RAWNDGY,2025-08-21 15:03:03,Short Range,8,44.6,Moderate rain
NHB250821151009.RAWNDH1,2025-08-21 15:10:09,Long Range,4,43.95,Moderate rain
NHB250821151304.RAWNDH5,2025-08-21 15:13:04,Short Range,8,44.73,Moderate rain
NHB250821152008.RAWNDH8,2025-08-21 15:20:08,Long Range,4,43.69,Moderate rain
NHB250821152304.RAWNDHC,2025-08-21 15:23:04,Short Range,8,44.38,Moderate rain
NHB250821153007.RAWNDHF,2025-08-21 15:30:07,Long Range,4,42.79,Moderate rain
NHB250821153303.RAWNDHK,2025-08-21 15:33:03,Short Range,8,43.39,Moderate rain
NHB250821154008.RAWNDHN,2025-08-21 15:40:08,Long Range,4,41.51,Moderate rain
NHB250821154303.RAWNDHT,2025-08-21 15:43:03,Short Range,8,41.67,Moderate rain
NHB250821155007.RAWNDHW,2025-08-21 15:50:07,Long Range,4,39.71,Light rain
NHB250821155303.RAWNDJ0,2025-08-21 15:53:03,Short Range,8,39.97,Light rain
NHB250821160007.RAWNDJ3,2025-08-21 16:00:07,Long Range,4,38.86,Light rain
NHB250821160304.RAWNDJ7,2025-08-21 16:03:04,Short Range,8,39.57,Light rain
NHB250821161007.RAWNDJA,2025-08-21 16:10:07,Long Range,4,37.78,Light rain
NHB250821161304.RAWNDJE,2025-08-21 16:13:04,Short Range,8,39.15,Light rain
NHB250821162007.RAWNDJH,2025-08-21 16:20:07,Long Range,4,37.58,Light rain
NHB250821162304.RAWNDJM,2025-08-21 16:23:04,Short Range,8,39.26,Light rain
NHB250821163008.RAWNDJR,2025-08-21 16:30:08,Long Range,4,38.33,Light rain
NHB250821163304.RAWNDJV,2025-08-21 16:33:04,Short Range,8,37.19,Light rain
NHB250821164008.RAWNDJY,2025-08-21 16:40:08,Long Range,4,36.67,Light rain
NHB250821164304.RAWNDK2,2025-08-21 16:43:04,Short Range,8,35.21,Light rain
NHB250821165008.RAWNDK5,2025-08-21 16:50:08,Long Range,4,35.72,Light rain
NHB250821165303.RAWNDK9,2025-08-21 16:53:03,Short Range,8,33.69,Light rain
NHB250821170008.RAWNDKC,2025-08-21 17:00:08,Long Range,4,35.27,Light rain
NHB250821170305.RAWNDKG,2025-08-21 17:03:05,Short Range,8,34.13,Light rain
NHB250821171008.RAWNDKK,2025-08-21 17:10:08,Long Range,4,35.8,Light rain
NHB250821171304.RAWNDKP,2025-08-21 17:13:04,Short Range,8,34.24,Light rain
NHB250821172007.RAWNDKT,2025-08-21 17:20:07,Long Range,4,34.9,Light rain
NHB250821172303.RAWNDKX,2025-08-21 17:23:03,Short Range,8,34.08,Light rain
NHB250821173007.RAWNDL0,2025-08-21 17:30:07,Long Range,4,34.88,Light rain
NHB250821173303.RAWNDL4,2025-08-21 17:33:03,Short Range,8,33.59,Light rain
NHB250821174008.RAWNDL7,2025-08-21 17:40:08,Long Range,4,35.11,Light rain
NHB250821174303.RAWNDLB,2025-08-21 17:43:03,Short Range,8,33.89,Light rain
NHB250821175007.RAWNDLE,2025-08-21 17:50:07,Long Range,4,35.33,Light rain
NHB250821175304.RAWNDLJ,2025-08-21 17:53:04,Short Range,8,34.12,Light rain
NHB250821180007.RAWNDLM,2025-08-21 18:00:07,Long Range,4,34.45,Light rain
NHB250821180304.RAWNDLS,2025-08-21 18:03:04,Short Range,8,33.51,Light rain
NHB250821181008.RAWNDLV,2025-08-21 18:10:08,Long Range,4,34.27,Light rain
NHB250821181304.RAWNDLZ,2025-08-21 18:13:04,Short Range,8,32.76,Light rain
NHB250821182008.RAWNDM2,2025-08-21 18:20:08,Long Range,4,33.61,Light rain
NHB250821182303.RAWNDM6,2025-08-21 18:23:03,Short Range,8,32.98,Light rain
NHB250821183009.RAWNDM9,2025-08-21 18:30:09,Long Range,4,34.1,Light rain
NHB250821183304.RAWNDMD,2025-08-21 18:33:04,Short Range,8,32.9,Light rain
NHB250821184007.RAWNDMG,2025-08-21 18:40:07,Long Range,4,34.51,Light rain
NHB250821184303.RAWNDML,2025-08-21 18:43:03,Short Range,8,33.13,Light rain
NHB250821185007.RAWNDMP,2025-08-21 18:50:07,Long Range,4,34.45,Light rain
NHB250821185303.RAWNDMU,2025-08-21 18:53:03,Short Range,8,32.53,Light rain
NHB250821190008.RAWNDMX,2025-08-21 19:00:08,Long Range,4,33.2,Light rain
NHB250821190304.RAWNDN1,2025-08-21 19:03:04,Short Range,8,32.52,Light rain
NHB250821191008.RAWNDN4,2025-08-21 19:10:08,Long Range,4,34.34,Light rain
NHB250821191304.RAWNDN8,2025-08-21 19:13:04,Short Range,8,31.73,Light rain
NHB250821192008.RAWNDNB,2025-08-21 19:20:08,Long Range,4,33.52,Light rain
NHB250821192303.RAWNDNF,2025-08-21 19:23:03,Short Range,8,31.41,Light rain
NHB250821193008.RAWNDNJ,2025-08-21 19:30:08,Long Range,4,32.76,Light rain
NHB250821193303.RAWNDNN,2025-08-21 19:33:03,Short Range,8,29.41,Clear
NHB250821194008.RAWNDNS,2025-08-21 19:40:08,Long Range,4,32.15,Light rain
NHB250821194304.RAWNDNW,2025-08-21 19:43:04,Short Range,8,29.13,Clear
NHB250821195008.RAWNDNZ,2025-08-21 19:50:08,Long Range,4,33.48,Light rain
NHB250821195303.RAWNDP3,2025-08-21 19:53:03,Short Range,8,29.37,Clear
NHB250821200007.RAWNDP6,2025-08-21 20:00:07,Long Range,4,34.17,Light rain
NHB250821200303.RAWNDPA,2025-08-21 20:03:03,Short Range,8,29.49,Clear
NHB250821201008.RAWNDPD,2025-08-21 20:10:08,Long Range,4,32.03,Light rain
NHB250821201303.RAWNDPH,2025-08-21 20:13:03,Short Range,8,28.88,Clear
NHB250821202007.RAWNDPL,2025-08-21 20:20:07,Long Range,4,32.0,Light rain
NHB250821202304.RAWNDPR,2025-08-21 20:23:04,Short Range,8,28.42,Clear
NHB250821203008.RAWNDPU,2025-08-21 20:30:08,Long Range,4,30.98,Light rain
NHB250821203303.RAWNDPY,2025-08-21 20:33:03,Short Range,8,27.56,Clear
NHB250821204008.RAWNDR1,2025-08-21 20:40:08,Long Range,4,30.23,Light rain
NHB250821204304.RAWNDR5,2025-08-21 20:43:04,Short Range,8,27.94,Clear
NHB250821205007.RAWNDR8,2025-08-21 20:50:07,Long Range,4,30.17,Light rain
NHB250821205303.RAWNDRC,2025-08-21 20:53:03,Short Range,8,27.88,Clear
NHB250821210008.RAWNDRF,2025-08-21 21:00:08,Long Range,4,34.14,Light rain
NHB250821210303.RAWNDRK,2025-08-21 21:03:03,Short Range,8,28.43,Clear
NHB250821211008.RAWNDRN,2025-08-21 21:10:08,Long Range,4,34.0,Light rain
NHB250821211304.RAWNDRT,2025-08-21 21:13:04,Short Range,8,29.06,Clear
NHB250821212008.RAWNDRW,2025-08-21 21:20:08,Long Range,4,29.17,Clear
NHB250821212303.RAWNDS0,2025-08-21 21:23:03,Short Range,8,28.06,Clear
NHB250821213008.RAWNDS3,2025-08-21 21:30:08,Long Range,4,33.64,Light rain
NHB250821213304.RAWNDS7,2025-08-21 21:33:04,Short Range,8,28.2,Clear
NHB250821214008.RAWNDSA,2025-08-21 21:40:08,Long Range,4,29.03,Clear
NHB250821214304.RAWNDSE,2025-08-21 21:43:04,Short Range,8,26.52,Clear
NHB250821215007.RAWNDSH,2025-08-21 21:50:07,Long Range,4,30.82,Light rain
NHB250821215303.RAWNDSM,2025-08-21 21:53:03,Short Range,8,26.38,Clear
NHB250821220008.RAWNDSR,2025-08-21 22:00:08,Long Range,4,30.17,Light rain
NHB250821220303.RAWNDSV,2025-08-21 22:03:03,Short Range,8,26.98,Clear
NHB250821221007.RAWNDSY,2025-08-21 22:10:07,Long Range,4,31.96,Light rain
NHB250821221304.RAWNDT2,2025-08-21 22:13:04,Short Range,8,28.09,Clear
NHB250821222008.RAWNDT5,2025-08-21 22:20:08,Long Range,4,31.78,Light rain
NHB250821222303.RAWNDT9,2025-08-21 22:23:03,Short Range,8,29.05,Clear
NHB250821223008.RAWNDTC,2025-08-21 22:30:08,Long Range,4,30.04,Light rain
NHB250821223304.RAWNDTG,2025-08-21 22:33:04,Short Range,8,26.24,Clear
NHB250821224008.RAWNDTK,2025-08-21 22:40:08,Long Range,4,29.77,Clear
NHB250821224303.RAWNDTP,2025-08-21 22:43:03,Short Range,8,26.62,Clear
NHB250821225008.RAWNDTT,2025-08-21 22:50:08,Long Range,4,29.6,Clear
NHB250821225304.RAWNDTX,2025-08-21 22:53:04,Short Range,8,26.48,Clear
NHB250821230008.RAWNDU0,2025-08-21 23:00:08,Long Range,4,32.6,Light rain
NHB250821230304.RAWNDU4,2025-08-21 23:03:04,Short Range,8,25.54,Clear
NHB250821231008.RAWNDU7,2025-08-21 23:10:08,Long Range,4,31.51,Light rain
NHB250821231303.RAWNDUB,2025-08-21 23:13:03,Short Range,8,27.08,Clear
NHB250821232008.RAWNDUE,2025-08-21 23:20:08,Long Range,4,32.25,Light rain
NHB250821232303.RAWNDUJ,2025-08-21 23:23:03,Short Range,8,28.53,Clear
NHB250821233008.RAWNDUM,2025-08-21 23:30:08,Long Range,4,34.84,Light rain
NHB250821233304.RAWNDUS,2025-08-21 23:33:04,Short Range,8,29.12,Clear
NHB250821234007.RAWNDUV,2025-08-21 23:40:07,Long Range,4,34.37,Light rain
NHB250821234303.RAWNDUZ,2025-08-21 23:43:03,Short Range,8,30.51,Light rain
NHB250821235007.RAWNDV2,2025-08-21 23:50:07,Long Range,4,36.82,Light rain
NHB250821235303.RAWNDV6,2025-08-21 23:53:03,Short Range,8,31.53,Light rain
NHB250822000008.RAWNDV9,2025-08-22 00:00:08,Long Range,4,35.35,Light rain
NHB250822000303.RAWNDVD,2025-08-22 00:03:03,Short Range,8,30.82,Light rain
NHB250822001008.RAWNDVG,2025-08-22 00:10:08,Long Range,4,34.19,Light rain
NHB250822001303.RAWNDVL,2025-08-22 00:13:03,Short Range,8,32.88,Light rain
NHB250822002008.RAWNDVP,2025-08-22 00:20:08,Long Range,4,31.47,Light rain
NHB250822002304.RAWNDVU,2025-08-22 00:23:04,Short Range,8,30.61,Light rain
NHB250822003007.RAWNDVX,2025-08-22 00:30:07,Long Range,4,36.67,Light rain
NHB250822003304.RAWNDW1,2025-08-22 00:33:04,Short Range,8,30.27,Light rain
NHB250822004007.RAWNDW4,2025-08-22 00:40:07,Long Range,4,34.64,Light rain
NHB250822004304.RAWNDW8,2025-08-22 00:43:04,Short Range,8,29.56,Clear
NHB250822005007.RAWNDWB,2025-08-22 00:50:07,Long Range,4,39.61,Light rain
NHB250822005303.RAWNDWF,2025-08-22 00:53:03,Short Range,8,30.12,Light rain
NHB250822010007.RAWNDWJ,2025-08-22 01:00:07,Long Range,4,28.68,Clear
NHB250822010304.RAWNDWN,2025-08-22 01:03:04,Short Range,8,28.95,Clear
NHB250822011008.RAWNDWS,2025-08-22 01:10:08,Long Range,4,28.91,Clear
NHB250822011303.RAWNDWW,2025-08-22 01:13:03,Short Range,8,27.98,Clear
NHB250822012007.RAWNDWZ,2025-08-22 01:20:07,Long Range,4,30.7,Light rain
NHB250822012303.RAWNDX3,2025-08-22 01:23:03,Short Range,8,27.9,Clear
NHB250822013008.RAWNDX6,2025-08-22 01:30:08,Long Range,4,28.95,Clear
NHB250822013304.RAWNDXA,2025-08-22 01:33:04,Short Range,8,28.1,Clear
NHB250822014008.RAWNDXD,2025-08-22 01:40:08,Long Range,4,32.99,Light rain
NHB250822014305.RAWNDXH,2025-08-22 01:43:05,Short Range,8,28.0,Clear
NHB250822015008.RAWNDXL,2025-08-22 01:50:08,Long Range,4,29.06,Clear
NHB250822015304.RAWNDXR,2025-08-22 01:53:04,Short Range,8,27.12,Clear
NHB250822020007.RAWNDXU,2025-08-22 02:00:07,Long Range,4,28.96,Clear
NHB250822020303.RAWNDXY,2025-08-22 02:03:03,Short Range,8,27.66,Clear
NHB250822021007.RAWNDY1,2025-08-22 02:10:07,Long Range,4,28.19,Clear
NHB250822021304.RAWNDY5,2025-08-22 02:13:04,Short Range,8,26.43,Clear
NHB250822022008.RAWNDY8,2025-08-22 02:20:08,Long Range,4,27.31,Clear
NHB250822022303.RAWNDYC,2025-08-22 02:23:03,Short Range,8,26.86,Clear
NHB250822023007.RAWNDYF,2025-08-22 02:30:07,Long Range,4,27.61,Clear
NHB250822023304.RAWNDYK,2025-08-22 02:33:04,Short Range,8,26.96,Clear
NHB250822024008.RAWNDYN,2025-08-22 02:40:08,Long Range,4,31.9,Light rain
NHB250822024304.RAWNDYT,2025-08-22 02:43:04,Short Range,8,25.81,Clear
NHB250822025008.RAWNDYW,2025-08-22 02:50:08,Long Range,4,26.12,Clear
NHB250822025303.RAWNDZ0,2025-08-22 02:53:03,Short Range,8,25.96,Clear
NHB250822030008.RAWNDZ3,2025-08-22 03:00:08,Long Range,4,27.97,Clear
NHB250822030304.RAWNDZ7,2025-08-22 03:03:04,Short Range,8,26.45,Clear
NHB250822031008.RAWNDZA,2025-08-22 03:10:08,Long Range,4,29.93,Clear
NHB250822031303.RAWNDZE,2025-08-22 03:13:03,Short Range,8,26.57,Clear
NHB250822032007.RAWNDZH,2025-08-22 03:20:07,Long Range,4,34.16,Light rain
NHB250822032303.RAWNDZM,2025-08-22 03:23:03,Short Range,8,25.84,Clear
NHB250822033008.RAWNDZR,2025-08-22 03:30:08,Long Range,4,29.26,Clear
NHB250822033304.RAWNDZV,2025-08-22 03:33:04,Short Range,8,27.75,Clear
NHB250822034008.RAWNDZY,2025-08-22 03:40:08,Long Range,4,29.07,Clear
NHB250822034303.RAWNE02,2025-08-22 03:43:03,Short Range,8,28.71,Clear
NHB250822035007.RAWNE05,2025-08-22 03:50:07,Long Range,4,28.24,Clear
NHB250822035304.RAWNE09,2025-08-22 03:53:04,Short Range,8,27.17,Clear
NHB250822040007.RAWNE0C,2025-08-22 04:00:07,Long Range,4,26.97,Clear
NHB250822040303.RAWNE0G,2025-08-22 04:03:03,Short Range,8,27.5,Clear
NHB250822041007.RAWNE0K,2025-08-22 04:10:07,Long Range,4,28.46,Clear
NHB250822041305.RAWNE0P,2025-08-22 04:13:05,Short Range,8,27.24,Clear
NHB250822042007.RAWNE0T,2025-08-22 04:20:07,Long Range,4,28.99,Clear
NHB250822042304.RAWNE0X,2025-08-22 04:23:04,Short Range,8,26.25,Clear
NHB250822043008.RAWNE10,2025-08-22 04:30:08,Long Range,4,27.56,Clear
NHB250822043303.RAWNE14,2025-08-22 04:33:03,Short Range,8,26.88,Clear
NHB250822044007.RAWNE17,2025-08-22 04:40:07,Long Range,4,32.62,Light rain
NHB250822044304.RAWNE1B,2025-08-22 04:43:04,Short Range,8,26.6,Clear
NHB250822045008.RAWNE1E,2025-08-22 04:50:08,Long Range,4,29.33,Clear
NHB250822045304.RAWNE1J,2025-08-22 04:53:04,Short Range,8,27.37,Clear
NHB250822050008.RAWNE1M,2025-08-22 05:00:08,Long Range,4,31.06,Light rain
NHB250822050303.RAWNE1S,2025-08-22 05:03:03,Short Range,8,27.38,Clear
NHB250822051008.RAWNE1V,2025-08-22 05:10:08,Long Range,4,32.39,Light rain
NHB250822051303.RAWNE1Z,2025-08-22 05:13:03,Short Range,8,28.15,Clear
NHB250822052007.RAWNE22,2025-08-22 05:20:07,Long Range,4,34.01,Light rain
NHB250822052304.RAWNE26,2025-08-22 05:23:04,Short Range,8,28.21,Clear
NHB250822053008.RAWNE29,2025-08-22 05:30:08,Long Range,4,32.89,Light rain
NHB250822053304.RAWNE2D,2025-08-22 05:33:04,Short Range,8,27.59,Clear
NHB250822054007.RAWNE2G,2025-08-22 05:40:07,Long Range,4,33.28,Light rain
NHB250822054303.RAWNE2L,2025-08-22 05:43:03,Short Range,8,30.15,Light rain
NHB250822055007.RAWNE2P,2025-08-22 05:50:07,Long Range,4,33.56,Light rain
NHB250822055304.RAWNE2U,2025-08-22 05:53:04,Short Range,8,29.93,Clear
NHB250822060008.RAWNE2X,2025-08-22 06:00:08,Long Range,4,36.57,Light rain
NHB250822060305.RAWNE31,2025-08-22 06:03:05,Short Range,8,33.46,Light rain
NHB250822061008.RAWNE34,2025-08-22 06:10:08,Long Range,4,36.78,Light rain
NHB250822061304.RAWNE38,2025-08-22 06:13:04,Short Range,8,35.34,Light rain
NHB250822062008.RAWNE3B,2025-08-22 06:20:08,Long Range,4,38.18,Light rain
NHB250822062303.RAWNE3F,2025-08-22 06:23:03,Short Range,8,37.6,Light rain
NHB250822063008.RAWNE3J,2025-08-22 06:30:08,Long Range,4,40.05,Moderate rain
NHB250822063304.RAWNE3N,2025-08-22 06:33:04,Short Range,8,40.11,Moderate rain
NHB250822064008.RAWNE3S,2025-08-22 06:40:08,Long Range,4,40.94,Moderate rain
NHB250822064304.RAWNE3W,2025-08-22 06:43:04,Short Range,8,41.34,Moderate rain
NHB250822065007.RAWNE3Z,2025-08-22 06:50:07,Long Range,4,41.74,Moderate rain
NHB250822065304.RAWNE43,2025-08-22 06:53:04,Short Range,8,43.03,Moderate rain
NHB250822070008.RAWNE46,2025-08-22 07:00:08,Long Range,4,43.01,Moderate rain
NHB250822070304.RAWNE4A,2025-08-22 07:03:04,Short Range,8,44.73,Moderate rain
NHB250822071008.RAWNE4D,2025-08-22 07:10:08,Long Range,4,43.83,Moderate rain
NHB250822071303.RAWNE4H,2025-08-22 07:13:03,Short Range,8,46.49,Moderate rain
NHB250822072008.RAWNE4L,2025-08-22 07:20:08,Long Range,4,46.18,Moderate rain
NHB250822072304.RAWNE4R,2025-08-22 07:23:04,Short Range,8,47.44,Moderate rain
NHB250822073008.RAWNE4U,2025-08-22 07:30:08,Long Range,4,46.72,Moderate rain
NHB250822073304.RAWNE4Y,2025-08-22 07:33:04,Short Range,8,48.57,Heavy rain
NHB250822074007.RAWNE51,2025-08-22 07:40:07,Long Range,4,47.51,Heavy rain
NHB250822074303.RAWNE55,2025-08-22 07:43:03,Short Range,8,49.83,Heavy rain
NHB250822075007.RAWNE58,2025-08-22 07:50:07,Long Range,4,49.14,Heavy rain
NHB250822075304.RAWNE5C,2025-08-22 07:53:04,Short Range,8,51.12,Heavy rain
NHB250822080008.RAWNE5F,2025-08-22 08:00:08,Long Range,4,50.36,Heavy rain
NHB250822080303.RAWNE5K,2025-08-22 08:03:03,Short Range,8,53.38,Heavy rain
NHB250822081008.RAWNE5N,2025-08-22 08:10:08,Long Range,4,49.91,Heavy rain
NHB250822081303.RAWNE5T,2025-08-22 08:13:03,Short Range,8,52.83,Heavy rain
NHB250822082008.RAWNE5W,2025-08-22 08:20:08,Long Range,4,50.06,Heavy rain
NHB250822082303.RAWNE60,2025-08-22 08:23:03,Short Range,8,52.21,Heavy rain
NHB250822083007.RAWNE63,2025-08-22 08:30:07,Long Range,4,49.74,Heavy rain
NHB250822083303.RAWNE67,2025-08-22 08:33:03,Short Range,8,52.34,Heavy rain
NHB250822084008.RAWNE6A,2025-08-22 08:40:08,Long Range,4,49.71,Heavy rain
NHB250822084303.RAWNE6E,2025-08-22 08:43:03,Short Range,8,52.79,Heavy rain
NHB250822085008.RAWNE6H,2025-08-22 08:50:08,Long Range,4,49.97,Heavy rain
NHB250822085304.RAWNE6M,2025-08-22 08:53:04,Short Range,8,53.03,Heavy rain
NHB250822090008.RAWNE6R,2025-08-22 09:00:08,Long Range,4,49.91,Heavy rain
NHB250822090303.RAWNE6V,2025-08-22 09:03:03,Short Range,8,50.93,Heavy rain
NHB250822091008.RAWNE6Y,2025-08-22 09:10:08,Long Range,4,49.18,Heavy rain
NHB250822091304.RAWNE72,2025-08-22 09:13:04,Short Range,8,49.96,Heavy rain
NHB250822092008.RAWNE75,2025-08-22 09:20:08,Long Range,4,49.02,Heavy rain
NHB250822092304.RAWNE79,2025-08-22 09:23:04,Short Range,8,50.38,Heavy rain
NHB250822093008.RAWNE7C,2025-08-22 09:30:08,Long Range,4,49.36,Heavy rain
NHB250822093304.RAWNE7G,2025-08-22 09:33:04,Short Range,8,51.02,Heavy rain
NHB250822094008.RAWNE7K,2025-08-22 09:40:08,Long Range,4,49.96,Heavy rain
NHB250822094303.RAWNE7P,2025-08-22 09:43:03,Short Range,8,51.18,Heavy rain
NHB250822095008.RAWNE7T,2025-08-22 09:50:08,Long Range,4,48.18,Heavy rain
NHB250822095304.RAWNE7X,2025-08-22 09:53:04,Short Range,8,48.69,Heavy rain
NHB250822100007.RAWNE80,2025-08-22 10:00:07,Long Range,4,47.25,Moderate rain
NHB250822100305.RAWNE84,2025-08-22 10:03:05,Short Range,8,47.58,Heavy rain
NHB250822101008.RAWNE87,2025-08-22 10:10:08,Long Range,4,46.19,Moderate rain
NHB250822101303.RAWNE8B,2025-08-22 10:13:03,Short Range,8,46.24,Moderate rain
NHB250822102008.RAWNE8E,2025-08-22 10:20:08,Long Range,4,45.1,Moderate rain
NHB250822102303.RAWNE8J,2025-08-22 10:23:03,Short Range,8,45.94,Moderate rain
NHB250822103009.RAWNE8M,2025-08-22 10:30:09,Long Range,4,44.73,Moderate rain
NHB250822103303.RAWNE8S,2025-08-22 10:33:03,Short Range,8,45.49,Moderate rain
NHB250822104007.RAWNE8V,2025-08-22 10:40:07,Long Range,4,45.5,Moderate rain
NHB250822104303.RAWNE8Z,2025-08-22 10:43:03,Short Range,8,45.47,Moderate rain
NHB250822105009.RAWNE92,2025-08-22 10:50:09,Long Range,4,45.04,Moderate rain
NHB250822105303.RAWNE96,2025-08-22 10:53:03,Short Range,8,43.96,Moderate rain
NHB250822110007.RAWNE99,2025-08-22 11:00:07,Long Range,4,43.74,Moderate rain
NHB250822110304.RAWNE9D,2025-08-22 11:03:04,Short Range,8,42.29,Moderate rain
NHB250822111008.RAWNE9G,2025-08-22 11:10:08,Long Range,4,43.44,Moderate rain
NHB250822111304.RAWNE9L,2025-08-22 11:13:04,Short Range,8,41.14,Moderate rain
NHB250822112008.RAWNE9P,2025-08-22 11:20:08,Long Range,4,41.41,Moderate rain
NHB250822112304.RAWNE9U,2025-08-22 11:23:04,Short Range,8,40.12,Moderate rain
NHB250822113007.RAWNE9X,2025-08-22 11:30:07,Long Range,4,42.79,Moderate rain
NHB250822113304.RAWNEA1,2025-08-22 11:33:04,Short Range,8,40.54,Moderate rain
NHB250822114008.RAWNEA4,2025-08-22 11:40:08,Long Range,4,42.22,Moderate rain
NHB250822114305.RAWNEA8,2025-08-22 11:43:05,Short Range,8,40.77,Moderate rain
NHB250822115007.RAWNEAB,2025-08-22 11:50:07,Long Range,4,41.84,Moderate rain
NHB250822115303.RAWNEAF,2025-08-22 11:53:03,Short Range,8,40.48,Moderate rain
NHB250822120007.RAWNEAJ,2025-08-22 12:00:07,Long Range,4,42.23,Moderate rain
NHB250822120303.RAWNEAN,2025-08-22 12:03:03,Short Range,8,40.83,Moderate rain
NHB250822121008.RAWNEAS,2025-08-22 12:10:08,Long Range,4,41.25,Moderate rain
NHB250822121303.RAWNEAW,2025-08-22 12:13:03,Short Range,8,40.36,Moderate rain
NHB250822122008.RAWNEAZ,2025-08-22 12:20:08,Long Range,4,39.81,Light rain
NHB250822122303.RAWNEB3,2025-08-22 12:23:03,Short Range,8,39.89,Light rain
NHB250822123007.RAWNEB6,2025-08-22 12:30:07,Long Range,4,40.57,Moderate rain
NHB250822123303.RAWNEBA,2025-08-22 12:33:03,Short Range,8,39.32,Light rain
NHB250822124008.RAWNEBD,2025-08-22 12:40:08,Long Range,4,39.56,Light rain
NHB250822124303.RAWNEBH,2025-08-22 12:43:03,Short Range,8,39.52,Light rain
NHB250822125007.RAWNEBL,2025-08-22 12:50:07,Long Range,4,40.17,Moderate rain
NHB250822125303.RAWNEBR,2025-08-22 12:53:03,Short Range,8,39.31,Light rain
NHB250822130007.RAWNEBU,2025-08-22 13:00:07,Long Range,4,40.17,Moderate rain
NHB250822130304.RAWNEBY,2025-08-22 13:03:04,Short Range,8,39.7,Light rain
NHB250822131007.RAWNEC1,2025-08-22 13:10:07,Long Range,4,39.94,Light rain
NHB250822131303.RAWNEC5,2025-08-22 13:13:03,Short Range,8,39.51,Light rain
NHB250822132007.RAWNEC8,2025-08-22 13:20:07,Long Range,4,39.53,Light rain
NHB250822132304.RAWNECC,2025-08-22 13:23:04,Short Range,8,38.62,Light rain
NHB250822133007.RAWNECF,2025-08-22 13:30:07,Long Range,4,38.28,Light rain
NHB250822133304.RAWNECK,2025-08-22 13:33:04,Short Range,8,37.68,Light rain
NHB250822134008.RAWNECN,2025-08-22 13:40:08,Long Range,4,37.2,Light rain
NHB250822134303.RAWNECT,2025-08-22 13:43:03,Short Range,8,36.53,Light rain
NHB250822135007.RAWNECW,2025-08-22 13:50:07,Long Range,4,36.26,Light rain
NHB250822135305.RAWNED0,2025-08-22 13:53:05,Short Range,8,34.25,Light rain
NHB250822140008.RAWNED3,2025-08-22 14:00:08,Long Range,4,35.41,Light rain
NHB250822140304.RAWNED7,2025-08-22 14:03:04,Short Range,8,32.34,Light rain
NHB250822141008.RAWNEDA,2025-08-22 14:10:08,Long Range,4,36.7,Light rain
NHB250822141304.RAWNEDE,2025-08-22 14:13:04,Short Range,8,32.35,Light rain
NHB250822142007.RAWNEDH,2025-08-22 14:20:07,Long Range,4,34.84,Light rain
NHB250822142303.RAWNEDM,2025-08-22 14:23:03,Short Range,8,32.68,Light rain
NHB250822143007.RAWNEDR,2025-08-22 14:30:07,Long Range,4,35.35,Light rain
NHB250822143303.RAWNEDV,2025-08-22 14:33:03,Short Range,8,32.47,Light rain
NHB250822144008.RAWNEDY,2025-08-22 14:40:08,Long Range,4,35.39,Light rain
NHB250822144303.RAWNEE2,2025-08-22 14:43:03,Short Range,8,32.84,Light rain
NHB250822145008.RAWNEE5,2025-08-22 14:50:08,Long Range,4,34.93,Light rain
NHB250822145303.RAWNEE9,2025-08-22 14:53:03,Short Range,8,32.48,Light rain
NHB250822150007.RAWNEEC,2025-08-22 15:00:07,Long Range,4,35.28,Light rain
NHB250822150303.RAWNEEG,2025-08-22 15:03:03,Short Range,8,31.69,Light rain
NHB250822151007.RAWNEEK,2025-08-22 15:10:07,Long Range,4,34.15,Light rain
NHB250822151303.RAWNEEP,2025-08-22 15:13:03,Short Range,8,29.73,Clear
NHB250822152008.RAWNEET,2025-08-22 15:20:08,Long Range,4,34.56,Light rain
NHB250822152303.RAWNEEX,2025-08-22 15:23:03,Short Range,8,28.08,Clear
NHB250822153007.RAWNEF0,2025-08-22 15:30:07,Long Range,4,33.59,Light rain
NHB250822153304.RAWNEF4,2025-08-22 15:33:04,Short Range,8,28.3,Clear
NHB250822154008.RAWNEF7,2025-08-22 15:40:08,Long Range,4,34.37,Light rain
NHB250822154304.RAWNEFB,2025-08-22 15:43:04,Short Range,8,28.31,Clear
NHB250822155007.RAWNEFE,2025-08-22 15:50:07,Long Range,4,34.32,Light rain
NHB250822155304.RAWNEFJ,2025-08-22 15:53:04,Short Range,8,29.24,Clear
NHB250822160008.RAWNEFM,2025-08-22 16:00:08,Long Range,4,32.61,Light rain
NHB250822160303.RAWNEFS,2025-08-22 16:03:03,Short Range,8,28.89,Clear
NHB250822161008.RAWNEFV,2025-08-22 16:10:08,Long Range,4,32.74,Light rain
NHB250822161304.RAWNEFZ,2025-08-22 16:13:04,Short Range,8,28.5,Clear
NHB250822162008.RAWNEG2,2025-08-22 16:20:08,Long Range,4,32.13,Light rain
NHB250822162303.RAWNEG6,2025-08-22 16:23:03,Short Range,8,28.28,Clear
NHB250822163007.RAWNEG9,2025-08-22 16:30:07,Long Range,4,30.46,Light rain
NHB250822163305.RAWNEGD,2025-08-22 16:33:05,Short Range,8,28.85,Clear
NHB250822164008.RAWNEGG,2025-08-22 16:40:08,Long Range,4,30.21,Light rain
NHB250822164303.RAWNEGL,2025-08-22 16:43:03,Short Range,8,27.77,Clear
NHB250822165008.RAWNEGP,2025-08-22 16:50:08,Long Range,4,31.5,Light rain
NHB250822165303.RAWNEGU,2025-08-22 16:53:03,Short Range,8,28.39,Clear
NHB250822170008.RAWNEGX,2025-08-22 17:00:08,Long Range,4,28.79,Clear
NHB250822170303.RAWNEH1,2025-08-22 17:03:03,Short Range,8,27.38,Clear
NHB250822171008.RAWNEH4,2025-08-22 17:10:08,Long Range,4,29.76,Clear
NHB250822171303.RAWNEH8,2025-08-22 17:13:03,Short Range,8,27.47,Clear
NHB250822172007.RAWNEHB,2025-08-22 17:20:07,Long Range,4,31.75,Light rain
NHB250822172303.RAWNEHF,2025-08-22 17:23:03,Short Range,8,27.24,Clear
NHB250822173008.RAWNEHJ,2025-08-22 17:30:08,Long Range,4,29.38,Clear
NHB250822173304.RAWNEHN,2025-08-22 17:33:04,Short Range,8,27.8,Clear
NHB250822174007.RAWNEHS,2025-08-22 17:40:07,Long Range,4,27.75,Clear
NHB250822174304.RAWNEHW,2025-08-22 17:43:04,Short Range,8,26.46,Clear
NHB250822175007.RAWNEHZ,2025-08-22 17:50:07,Long Range,4,26.1,Clear
NHB250822175303.RAWNEJ3,2025-08-22 17:53:03,Short Range,8,26.13,Clear
NHB250822180008.RAWNEJ6,2025-08-22 18:00:08,Long Range,4,26.3,Clear
NHB250822180303.RAWNEJA,2025-08-22 18:03:03,Short Range,8,25.3,Clear
NHB250822181007.RAWNEJD,2025-08-22 18:10:07,Long Range,4,25.94,Clear
NHB250822181303.RAWNEJH,2025-08-22 18:13:03,Short Range,8,26.24,Clear
NHB250822182007.RAWNEJL,2025-08-22 18:20:07,Long Range,4,27.11,Clear
NHB250822182303.RAWNEJR,2025-08-22 18:23:03,Short Range,8,26.4,Clear
NHB250822183009.RAWNEJU,2025-08-22 18:30:09,Long Range,4,26.17,Clear
NHB250822183303.RAWNEJY,2025-08-22 18:33:03,Short Range,8,24.59,Clear
NHB250822184008.RAWNEK1,2025-08-22 18:40:08,Long Range,4,25.26,Clear
NHB250822184303.RAWNEK5,2025-08-22 18:43:03,Short Range,8,25.21,Clear
NHB250822185007.RAWNEK8,2025-08-22 18:50:07,Long Range,4,27.68,Clear
NHB250822185303.RAWNEKC,2025-08-22 18:53:03,Short Range,8,25.84,Clear
NHB250822190007.RAWNEKF,2025-08-22 19:00:07,Long Range,4,27.87,Clear
NHB250822190304.RAWNEKK,2025-08-22 19:03:04,Short Range,8,25.59,Clear
NHB250822191007.RAWNEKN,2025-08-22 19:10:07,Long Range,4,26.91,Clear
NHB250822191303.RAWNEKT,2025-08-22 19:13:03,Short Range,8,25.35,Clear
NHB250822192007.RAWNEKW,2025-08-22 19:20:07,Long Range,4,25.25,Clear
NHB250822192303.RAWNEL0,2025-08-22 19:23:03,Short Range,8,25.54,Clear
NHB250822193007.RAWNEL3,2025-08-22 19:30:07,Long Range,4,24.55,Clear
NHB250822193304.RAWNEL7,2025-08-22 19:33:04,Short Range,8,25.45,Clear
NHB250822194007.RAWNELA,2025-08-22 19:40:07,Long Range,4,24.54,Clear
NHB250822194304.RAWNELE,2025-08-22 19:43:04,Short Range,8,24.63,Clear
NHB250822195007.RAWNELH,2025-08-22 19:50:07,Long Range,4,24.41,Clear
NHB250822195303.RAWNELM,2025-08-22 19:53:03,Short Range,8,24.54,Clear
NHB250822200008.RAWNELR,2025-08-22 20:00:08,Long Range,4,25.88,Clear
NHB250822200304.RAWNELV,2025-08-22 20:03:04,Short Range,8,25.89,Clear
NHB250822201007.RAWNELY,2025-08-22 20:10:07,Long Range,4,25.8,Clear
NHB250822201303.RAWNEM2,2025-08-22 20:13:03,Short Range,8,26.46,Clear
NHB250822202007.RAWNEM5,2025-08-22 20:20:07,Long Range,4,27.12,Clear
NHB250822202304.RAWNEM9,2025-08-22 20:23:04,Short Range,8,27.8,Clear
NHB250822203007.RAWNEMC,2025-08-22 20:30:07,Long Range,4,28.55,Clear
NHB250822203303.RAWNEMG,2025-08-22 20:33:03,Short Range,8,28.5,Clear
NHB250822204007.RAWNEMK,2025-08-22 20:40:07,Long Range,4,25.92,Clear
NHB250822204303.RAWNEMP,2025-08-22 20:43:03,Short Range,8,28.17,Clear
NHB250822205007.RAWNEMT,2025-08-22 20:50:07,Long Range,4,26.01,Clear
NHB250822205303.RAWNEMX,2025-08-22 20:53:03,Short Range,8,26.45,Clear
NHB250822210008.RAWNEN0,2025-08-22 21:00:08,Long Range,4,25.0,Clear
NHB250822210304.RAWNEN4,2025-08-22 21:03:04,Short Range,8,24.94,Clear
NHB250822211007.RAWNEN7,2025-08-22 21:10:07,Long Range,4,25.84,Clear
NHB250822211303.RAWNENB,2025-08-22 21:13:03,Short Range,8,26.32,Clear
NHB250822212008.RAWNENE,2025-08-22 21:20:08,Long Range,4,24.87,Clear
NHB250822212304.RAWNENJ,2025-08-22 21:23:04,Short Range,8,25.37,Clear
NHB250822213008.RAWNENM,2025-08-22 21:30:08,Long Range,4,24.2,Clear
NHB250822213303.RAWNENS,2025-08-22 21:33:03,Short Range,8,23.99,Clear
NHB250822214008.RAWNENV,2025-08-22 21:40:08,Long Range,4,25.76,Clear
NHB250822214303.RAWNENZ,2025-08-22 21:43:03,Short Range,8,24.83,Clear
NHB250822215007.RAWNEP2,2025-08-22 21:50:07,Long Range,4,27.29,Clear
NHB250822215304.RAWNEP6,2025-08-22 21:53:04,Short Range,8,24.97,Clear
NHB250822220008.RAWNEP9,2025-08-22 22:00:08,Long Range,4,27.45,Clear
NHB250822220304.RAWNEPD,2025-08-22 22:03:04,Short Range,8,24.76,Clear
NHB250822221008.RAWNEPG,2025-08-22 22:10:08,Long Range,4,27.63,Clear
NHB250822221304.RAWNEPL,2025-08-22 22:13:04,Short Range,8,25.47,Clear
NHB250822222008.RAWNEPP,2025-08-22 22:20:08,Long Range,4,30.37,Light rain
NHB250822222303.RAWNEPU,2025-08-22 22:23:03,Short Range,8,25.72,Clear
NHB250822223007.RAWNEPX,2025-08-22 22:30:07,Long Range,4,30.1,Light rain
NHB250822223303.RAWNER1,2025-08-22 22:33:03,Short Range,8,25.43,Clear
NHB250822224009.RAWNER4,2025-08-22 22:40:09,Long Range,4,30.28,Light rain
NHB250822224303.RAWNER8,2025-08-22 22:43:03,Short Range,8,27.21,Clear
NHB250822225007.RAWNERB,2025-08-22 22:50:07,Long Range,4,29.84,Clear
NHB250822225304.RAWNERF,2025-08-22 22:53:04,Short Range,8,28.67,Clear
NHB250822230007.RAWNERJ,2025-08-22 23:00:07,Long Range,4,30.49,Light rain
NHB250822230305.RAWNERN,2025-08-22 23:03:05,Short Range,8,28.27,Clear
NHB250822231008.RAWNERS,2025-08-22 23:10:08,Long Range,4,28.76,Clear
NHB250822231304.RAWNERW,2025-08-22 23:13:04,Short Range,8,24.25,Clear
NHB250822232009.RAWNERZ,2025-08-22 23:20:09,Long Range,4,28.11,Clear
NHB250822232304.RAWNES3,2025-08-22 23:23:04,Short Range,8,24.61,Clear
NHB250822233008.RAWNES6,2025-08-22 23:30:08,Long Range,4,27.37,Clear
NHB250822233304.RAWNESA,2025-08-22 23:33:04,Short Range,8,23.83,Clear
NHB250822234008.RAWNESD,2025-08-22 23:40:08,Long Range,4,34.64,Light rain
NHB250822234303.RAWNESH,2025-08-22 23:43:03,Short Range,8,24.31,Clear
NHB250822235007.RAWNESL,2025-08-22 23:50:07,Long Range,4,26.72,Clear
NHB250822235304.RAWNESR,2025-08-22 23:53:04,Short Range,8,23.78,Clear
NHB250823000008.RAWNESU,2025-08-23 00:00:08,Long Range,4,31.37,Light rain
NHB250823000303.RAWNESY,2025-08-23 00:03:03,Short Range,8,25.76,Clear
NHB250823001007.RAWNET1,2025-08-23 00:10:07,Long Range,4,34.4,Light rain
NHB250823001303.RAWNET5,2025-08-23 00:13:03,Short Range,8,26.72,Clear
NHB250823002007.RAWNET8,2025-08-23 00:20:07,Long Range,4,29.96,Clear
NHB250823002304.RAWNETC,2025-08-23 00:23:04,Short Range,8,28.14,Clear
NHB250823003008.RAWNETF,2025-08-23 00:30:08,Long Range,4,29.8,Clear
NHB250823003304.RAWNETK,2025-08-23 00:33:04,Short Range,8,27.48,Clear
NHB250823004008.RAWNETN,2025-08-23 00:40:08,Long Range,4,29.97,Clear
NHB250823004303.RAWNETT,2025-08-23 00:43:03,Short Range,8,28.0,Clear
NHB250823005008.RAWNETW,2025-08-23 00:50:08,Long Range,4,31.03,Light rain
NHB250823005304.RAWNEU0,2025-08-23 00:53:04,Short Range,8,29.28,Clear
NHB250823010008.RAWNEU3,2025-08-23 01:00:08,Long Range,4,30.57,Light rain
NHB250823010304.RAWNEU7,2025-08-23 01:03:04,Short Range,8,29.77,Clear
NHB250823011007.RAWNEUA,2025-08-23 01:10:07,Long Range,4,32.0,Light rain
NHB250823011304.RAWNEUE,2025-08-23 01:13:04,Short Range,8,29.69,Clear
NHB250823012007.RAWNEUH,2025-08-23 01:20:07,Long Range,4,31.78,Light rain
NHB250823012303.RAWNEUM,2025-08-23 01:23:03,Short Range,8,29.3,Clear
NHB250823013008.RAWNEUR,2025-08-23 01:30:08,Long Range,4,31.9,Light rain
NHB250823013303.RAWNEUV,2025-08-23 01:33:03,Short Range,8,28.7,Clear
NHB250823014008.RAWNEUY,2025-08-23 01:40:08,Long Range,4,32.68,Light rain
NHB250823014304.RAWNEV2,2025-08-23 01:43:04,Short Range,8,29.76,Clear
NHB250823015008.RAWNEV5,2025-08-23 01:50:08,Long Range,4,37.61,Light rain
NHB250823015303.RAWNEV9,2025-08-23 01:53:03,Short Range,8,29.69,Clear
NHB250823020007.RAWNEVC,2025-08-23 02:00:07,Long Range,4,34.73,Light rain
NHB250823020305.RAWNEVG,2025-08-23 02:03:05,Short Range,8,30.46,Light rain
NHB250823021008.RAWNEVK,2025-08-23 02:10:08,Long Range,4,33.84,Light rain
NHB250823021303.RAWNEVP,2025-08-23 02:13:03,Short Range,8,32.02,Light rain
NHB250823022008.RAWNEVT,2025-08-23 02:20:08,Long Range,4,34.25,Light rain
NHB250823022304.RAWNEVX,2025-08-23 02:23:04,Short Range,8,31.58,Light rain
NHB250823023008.RAWNEW0,2025-08-23 02:30:08,Long Range,4,32.32,Light rain
NHB250823023303.RAWNEW4,2025-08-23 02:33:03,Short Range,8,29.97,Clear
NHB250823024007.RAWNEW7,2025-08-23 02:40:07,Long Range,4,32.43,Light rain
NHB250823024303.RAWNEWB,2025-08-23 02:43:03,Short Range,8,30.69,Light rain
NHB250823025007.RAWNEWE,2025-08-23 02:50:07,Long Range,4,32.82,Light rain
NHB250823025304.RAWNEWJ,2025-08-23 02:53:04,Short Range,8,30.81,Light rain
NHB250823030008.RAWNEWM,2025-08-23 03:00:08,Long Range,4,33.21,Light rain
NHB250823030304.RAWNEWS,2025-08-23 03:03:04,Short Range,8,32.67,Light rain
NHB250823031007.RAWNEWV,2025-08-23 03:10:07,Long Range,4,33.45,Light rain
NHB250823031304.RAWNEWZ,2025-08-23 03:13:04,Short Range,8,33.94,Light rain
NHB250823032007.RAWNEX2,2025-08-23 03:20:07,Long Range,4,36.98,Light rain
NHB250823032305.RAWNEX6,2025-08-23 03:23:05,Short Range,8,36.3,Light rain
NHB250823033007.RAWNEX9,2025-08-23 03:30:07,Long Range,4,36.01,Light rain
NHB250823033303.RAWNEXD,2025-08-23 03:33:03,Short Range,8,38.5,Light rain
NHB250823034008.RAWNEXG,2025-08-23 03:40:08,Long Range,4,40.65,Moderate rain
NHB250823034304.RAWNEXL,2025-08-23 03:43:04,Short Range,8,42.18,Moderate rain
NHB250823035008.RAWNEXP,2025-08-23 03:50:08,Long Range,4,43.61,Moderate rain
NHB250823035303.RAWNEXU,2025-08-23 03:53:03,Short Range,8,44.69,Moderate rain
NHB250823040008.RAWNEXX,2025-08-23 04:00:08,Long Range,4,45.06,Moderate rain
NHB250823040304.RAWNEY1,2025-08-23 04:03:04,Short Range,8,47.62,Heavy rain
NHB250823041007.RAWNEY4,2025-08-23 04:10:07,Long Range,4,47.67,Heavy rain
NHB250823041303.RAWNEY8,2025-08-23 04:13:03,Short Range,8,48.68,Heavy rain
NHB250823042008.RAWNEYB,2025-08-23 04:20:08,Long Range,4,46.53,Moderate rain
NHB250823042304.RAWNEYF,2025-08-23 04:23:04,Short Range,8,49.33,Heavy rain
NHB250823043008.RAWNEYJ,2025-08-23 04:30:08,Long Range,4,48.5,Heavy rain
NHB250823043304.RAWNEYN,2025-08-23 04:33:04,Short Range,8,50.92,Heavy rain
NHB250823044008.RAWNEYS,2025-08-23 04:40:08,Long Range,4,48.71,Heavy rain
NHB250823044303.RAWNEYW,2025-08-23 04:43:03,Short Range,8,51.56,Heavy rain
NHB250823045007.RAWNEYZ,2025-08-23 04:50:07,Long Range,4,48.18,Heavy rain
NHB250823045304.RAWNEZ3,2025-08-23 04:53:04,Short Range,8,49.42,Heavy rain
NHB250823050008.RAWNEZ6,2025-08-23 05:00:08,Long Range,4,48.01,Heavy rain
NHB250823050303.RAWNEZA,2025-08-23 05:03:03,Short Range,8,50.28,Heavy rain
NHB250823051008.RAWNEZD,2025-08-23 05:10:08,Long Range,4,50.19,Heavy rain
NHB250823051304.RAWNEZH,2025-08-23 05:13:04,Short Range,8,52.93,Heavy rain
NHB250823052008.RAWNEZL,2025-08-23 05:20:08,Long Range,4,49.87,Heavy rain
NHB250823052303.RAWNEZR,2025-08-23 05:23:03,Short Range,8,52.72,Heavy rain
NHB250823053009.RAWNEZU,2025-08-23 05:30:09,Long Range,4,51.06,Heavy rain
NHB250823053304.RAWNEZY,2025-08-23 05:33:04,Short Range,8,53.57,Heavy rain
NHB250823054008.RAWNF01,2025-08-23 05:40:08,Long Range,4,51.58,Heavy rain
NHB250823054303.RAWNF05,2025-08-23 05:43:03,Short Range,8,53.76,Heavy rain
NHB250823055007.RAWNF08,2025-08-23 05:50:07,Long Range,4,51.37,Heavy rain
NHB250823055303.RAWNF0C,2025-08-23 05:53:03,Short Range,8,55.01,Very heavy rain
NHB250823060008.RAWNF0F,2025-08-23 06:00:08,Long Range,4,51.4,Heavy rain
NHB250823060304.RAWNF0K,2025-08-23 06:03:04,Short Range,8,54.64,Heavy rain
NHB250823061008.RAWNF0N,2025-08-23 06:10:08,Long Range,4,51.51,Heavy rain
NHB250823061304.RAWNF0T,2025-08-23 06:13:04,Short Range,8,56.39,Very heavy rain
NHB250823062008.RAWNF0W,2025-08-23 06:20:08,Long Range,4,52.67,Heavy rain
NHB250823062304.RAWNF10,2025-08-23 06:23:04,Short Range,8,56.73,Very heavy rain
NHB250823063009.RAWNF13,2025-08-23 06:30:09,Long Range,4,52.43,Heavy rain
NHB250823063303.RAWNF17,2025-08-23 06:33:03,Short Range,8,56.7,Very heavy rain
NHB250823064008.RAWNF1A,2025-08-23 06:40:08,Long Range,4,54.0,Heavy rain
NHB250823064304.RAWNF1E,2025-08-23 06:43:04,Short Range,8,55.95,Very heavy rain
NHB250823065008.RAWNF1H,2025-08-23 06:50:08,Long Range,4,52.55,Heavy rain
NHB250823065303.RAWNF1M,2025-08-23 06:53:03,Short Range,8,52.61,Heavy rain
NHB250823070007.RAWNF1R,2025-08-23 07:00:07,Long Range,4,50.78,Heavy rain
NHB250823070304.RAWNF1V,2025-08-23 07:03:04,Short Range,8,53.61,Heavy rain
NHB250823071007.RAWNF1Y,2025-08-23 07:10:07,Long Range,4,51.44,Heavy rain
NHB250823071303.RAWNF22,2025-08-23 07:13:03,Short Range,8,52.5,Heavy rain
NHB250823072007.RAWNF25,2025-08-23 07:20:07,Long Range,4,49.64,Heavy rain
NHB250823072304.RAWNF29,2025-08-23 07:23:04,Short Range,8,51.69,Heavy rain
NHB250823073008.RAWNF2C,2025-08-23 07:30:08,Long Range,4,49.21,Heavy rain
NHB250823073303.RAWNF2G,2025-08-23 07:33:03,Short Range,8,51.05,Heavy rain
NHB250823074007.RAWNF2K,2025-08-23 07:40:07,Long Range,4,48.68,Heavy rain
NHB250823074303.RAWNF2P,2025-08-23 07:43:03,Short Range,8,49.91,Heavy rain
NHB250823075008.RAWNF2T,2025-08-23 07:50:08,Long Range,4,49.15,Heavy rain
NHB250823075303.RAWNF2X,2025-08-23 07:53:03,Short Range,8,50.76,Heavy rain
NHB250823080008.RAWNF30,2025-08-23 08:00:08,Long Range,4,49.16,Heavy rain
NHB250823080303.RAWNF34,2025-08-23 08:03:03,Short Range,8,50.11,Heavy rain
NHB250823081008.RAWNF37,2025-08-23 08:10:08,Long Range,4,50.26,Heavy rain
NHB250823081304.RAWNF3B,2025-08-23 08:13:04,Short Range,8,51.78,Heavy rain
NHB250823082008.RAWNF3E,2025-08-23 08:20:08,Long Range,4,50.0,Heavy rain
NHB250823082304.RAWNF3J,2025-08-23 08:23:04,Short Range,8,52.44,Heavy rain
NHB250823083008.RAWNF3M,2025-08-23 08:30:08,Long Range,4,49.32,Heavy rain
NHB250823083304.RAWNF3S,2025-08-23 08:33:04,Short Range,8,51.37,Heavy rain
NHB250823084008.RAWNF3V,2025-08-23 08:40:08,Long Range,4,49.16,Heavy rain
NHB250823084303.RAWNF3Z,2025-08-23 08:43:03,Short Range,8,51.33,Heavy rain
NHB250823085007.RAWNF42,2025-08-23 08:50:07,Long Range,4,48.9,Heavy rain
NHB250823085305.RAWNF46,2025-08-23 08:53:05,Short Range,8,51.32,Heavy rain
NHB250823090008.RAWNF49,2025-08-23 09:00:08,Long Range,4,47.74,Heavy rain
NHB250823090303.RAWNF4D,2025-08-23 09:03:03,Short Range,8,51.01,Heavy rain
NHB250823091008.RAWNF4G,2025-08-23 09:10:08,Long Range,4,48.37,Heavy rain
NHB250823091304.RAWNF4L,2025-08-23 09:13:04,Short Range,8,49.46,Heavy rain
NHB250823092008.RAWNF4P,2025-08-23 09:20:08,Long Range,4,48.23,Heavy rain
NHB250823092304.RAWNF4U,2025-08-23 09:23:04,Short Range,8,49.14,Heavy rain
NHB250823093007.RAWNF4X,2025-08-23 09:30:07,Long Range,4,48.07,Heavy rain
NHB250823093303.RAWNF51,2025-08-23 09:33:03,Short Range,8,50.92,Heavy rain
NHB250823094008.RAWNF54,2025-08-23 09:40:08,Long Range,4,49.22,Heavy rain
NHB250823094304.RAWNF58,2025-08-23 09:43:04,Short Range,8,50.84,Heavy rain
NHB250823095007.RAWNF5B,2025-08-23 09:50:07,Long Range,4,49.11,Heavy rain
NHB250823095303.RAWNF5F,2025-08-23 09:53:03,Short Range,8,50.77,Heavy rain
NHB250823100008.RAWNF5J,2025-08-23 10:00:08,Long Range,4,50.31,Heavy rain
NHB250823100304.RAWNF5N,2025-08-23 10:03:04,Short Range,8,51.63,Heavy rain
NHB250823101008.RAWNF5S,2025-08-23 10:10:08,Long Range,4,50.25,Heavy rain
NHB250823101304.RAWNF5W,2025-08-23 10:13:04,Short Range,8,51.9,Heavy rain
NHB250823102008.RAWNF5Z,2025-08-23 10:20:08,Long Range,4,49.81,Heavy rain
NHB250823102304.RAWNF63,2025-08-23 10:23:04,Short Range,8,49.72,Heavy rain
NHB250823103007.RAWNF66,2025-08-23 10:30:07,Long Range,4,48.17,Heavy rain
NHB250823103304.RAWNF6A,2025-08-23 10:33:04,Short Range,8,46.81,Moderate rain
NHB250823104008.RAWNF6D,2025-08-23 10:40:08,Long Range,4,49.19,Heavy rain
NHB250823104304.RAWNF6H,2025-08-23 10:43:04,Short Range,8,48.22,Heavy rain
NHB250823105008.RAWNF6L,2025-08-23 10:50:08,Long Range,4,47.56,Heavy rain
NHB250823105304.RAWNF6R,2025-08-23 10:53:04,Short Range,8,46.26,Moderate rain
NHB250823110007.RAWNF6U,2025-08-23 11:00:07,Long Range,4,47.36,Moderate rain
NHB250823110303.RAWNF6Y,2025-08-23 11:03:03,Short Range,8,43.3,Moderate rain
NHB250823111008.RAWNF71,2025-08-23 11:10:08,Long Range,4,47.82,Heavy rain
NHB250823111304.RAWNF75,2025-08-23 11:13:04,Short Range,8,42.87,Moderate rain
NHB250823112008.RAWNF78,2025-08-23 11:20:08,Long Range,4,46.12,Moderate rain
NHB250823112304.RAWNF7C,2025-08-23 11:23:04,Short Range,8,42.33,Moderate rain
NHB250823113008.RAWNF7F,2025-08-23 11:30:08,Long Range,4,44.62,Moderate rain
NHB250823113303.RAWNF7K,2025-08-23 11:33:03,Short Range,8,40.18,Moderate rain
NHB250823114008.RAWNF7N,2025-08-23 11:40:08,Long Range,4,42.36,Moderate rain
NHB250823114304.RAWNF7T,2025-08-23 11:43:04,Short Range,8,38.71,Light rain
NHB250823115008.RAWNF7W,2025-08-23 11:50:08,Long Range,4,41.98,Moderate rain
NHB250823115304.RAWNF80,2025-08-23 11:53:04,Short Range,8,39.2,Light rain
NHB250823120008.RAWNF83,2025-08-23 12:00:08,Long Range,4,41.94,Moderate rain
NHB250823120304.RAWNF87,2025-08-23 12:03:04,Short Range,8,38.03,Light rain
NHB250823121007.RAWNF8A,2025-08-23 12:10:07,Long Range,4,41.75,Moderate rain
NHB250823121303.RAWNF8E,2025-08-23 12:13:03,Short Range,8,37.75,Light rain
NHB250823122008.RAWNF8H,2025-08-23 12:20:08,Long Range,4,41.85,Moderate rain
NHB250823122303.RAWNF8M,2025-08-23 12:23:03,Short Range,8,36.22,Light rain
NHB250823123008.RAWNF8R,2025-08-23 12:30:08,Long Range,4,41.22,Moderate rain
NHB250823123305.RAWNF8V,2025-08-23 12:33:05,Short Range,8,35.44,Light rain
NHB250823124008.RAWNF8Y,2025-08-23 12:40:08,Long Range,4,39.8,Light rain
NHB250823124304.RAWNF92,2025-08-23 12:43:04,Short Range,8,34.41,Light rain
NHB250823125007.RAWNF95,2025-08-23 12:50:07,Long Range,4,39.34,Light rain
NHB250823125305.RAWNF99,2025-08-23 12:53:05,Short Range,8,33.06,Light rain
NHB250823130008.RAWNF9C,2025-08-23 13:00:08,Long Range,4,38.7,Light rain
NHB250823130304.RAWNF9G,2025-08-23 13:03:04,Short Range,8,32.5,Light rain
NHB250823131007.RAWNF9K,2025-08-23 13:10:07,Long Range,4,39.06,Light rain
NHB250823131304.RAWNF9P,2025-08-23 13:13:04,Short Range,8,33.46,Light rain
NHB250823132008.RAWNF9T,2025-08-23 13:20:08,Long Range,4,38.13,Light rain
NHB250823132303.RAWNF9X,2025-08-23 13:23:03,Short Range,8,32.88,Light rain
NHB250823133007.RAWNFA0,2025-08-23 13:30:07,Long Range,4,38.73,Light rain
NHB250823133303.RAWNFA4,2025-08-23 13:33:03,Short Range,8,30.56,Light rain
NHB250823134007.RAWNFA7,2025-08-23 13:40:07,Long Range,4,37.99,Light rain
NHB250823134303.RAWNFAB,2025-08-23 13:43:03,Short Range,8,29.72,Clear
NHB250823135008.RAWNFAE,2025-08-23 13:50:08,Long Range,4,37.85,Light rain
NHB250823135304.RAWNFAJ,2025-08-23 13:53:04,Short Range,8,29.54,Clear
NHB250823140008.RAWNFAM,2025-08-23 14:00:08,Long Range,4,37.31,Light rain
NHB250823140304.RAWNFAS,2025-08-23 14:03:04,Short Range,8,29.35,Clear
NHB250823141009.RAWNFAV,2025-08-23 14:10:09,Long Range,4,38.21,Light rain
NHB250823141304.RAWNFAZ,2025-08-23 14:13:04,Short Range,8,29.29,Clear
NHB250823142009.RAWNFB2,2025-08-23 14:20:09,Long Range,4,37.73,Light rain
NHB250823142303.RAWNFB6,2025-08-23 14:23:03,Short Range,8,29.52,Clear
NHB250823143008.RAWNFB9,2025-08-23 14:30:08,Long Range,4,35.81,Light rain
NHB250823143304.RAWNFBD,2025-08-23 14:33:04,Short Range,8,28.73,Clear
NHB250823144007.RAWNFBG,2025-08-23 14:40:07,Long Range,4,34.76,Light rain
NHB250823144304.RAWNFBL,2025-08-23 14:43:04,Short Range,8,27.94,Clear
NHB250823145008.RAWNFBP,2025-08-23 14:50:08,Long Range,4,34.03,Light rain
NHB250823145304.RAWNFBU,2025-08-23 14:53:04,Short Range,8,28.26,Clear
NHB250823150008.RAWNFBX,2025-08-23 15:00:08,Long Range,4,33.26,Light rain
NHB250823150304.RAWNFC1,2025-08-23 15:03:04,Short Range,8,26.89,Clear
NHB250823151007.RAWNFC4,2025-08-23 15:10:07,Long Range,4,33.59,Light rain
NHB250823151303.RAWNFC8,2025-08-23 15:13:03,Short Range,8,25.1,Clear
NHB250823152008.RAWNFCB,2025-08-23 15:20:08,Long Range,4,29.55,Clear
NHB250823152303.RAWNFCF,2025-08-23 15:23:03,Short Range,8,25.55,Clear
NHB250823153007.RAWNFCJ,2025-08-23 15:30:07,Long Range,4,27.4,Clear
NHB250823153303.RAWNFCN,2025-08-23 15:33:03,Short Range,8,25.16,Clear
NHB250823154007.RAWNFCS,2025-08-23 15:40:07,Long Range,4,29.04,Clear
NHB250823154304.RAWNFCW,2025-08-23 15:43:04,Short Range,8,24.8,Clear
NHB250823155007.RAWNFCZ,2025-08-23 15:50:07,Long Range,4,26.62,Clear
NHB250823155304.RAWNFD3,2025-08-23 15:53:04,Short Range,8,24.4,Clear
NHB250823160008.RAWNFD6,2025-08-23 16:00:08,Long Range,4,25.54,Clear
NHB250823160305.RAWNFDA,2025-08-23 16:03:05,Short Range,8,24.62,Clear
NHB250823161007.RAWNFDD,2025-08-23 16:10:07,Long Range,4,28.07,Clear
NHB250823161304.RAWNFDH,2025-08-23 16:13:04,Short Range,8,25.26,Clear
NHB250823162007.RAWNFDL,2025-08-23 16:20:07,Long Range,4,29.53,Clear
NHB250823162304.RAWNFDR,2025-08-23 16:23:04,Short Range,8,27.65,Clear
NHB250823163007.RAWNFDU,2025-08-23 16:30:07,Long Range,4,26.54,Clear
NHB250823163303.RAWNFDY,2025-08-23 16:33:03,Short Range,8,28.3,Clear
NHB250823164008.RAWNFE1,2025-08-23 16:40:08,Long Range,4,25.11,Clear
NHB250823164303.RAWNFE5,2025-08-23 16:43:03,Short Range,8,25.54,Clear
NHB250823165009.RAWNFE8,2025-08-23 16:50:09,Long Range,4,24.01,Clear
NHB250823165303.RAWNFEC,2025-08-23 16:53:03,Short Range,8,25.53,Clear
NHB250823170008.RAWNFEF,2025-08-23 17:00:08,Long Range,4,25.31,Clear
NHB250823170303.RAWNFEK,2025-08-23 17:03:03,Short Range,8,23.97,Clear
NHB250823171007.RAWNFEN,2025-08-23 17:10:07,Long Range,4,24.17,Clear
NHB250823171304.RAWNFET,2025-08-23 17:13:04,Short Range,8,24.04,Clear
NHB250823172007.RAWNFEW,2025-08-23 17:20:07,Long Range,4,25.14,Clear
NHB250823172303.RAWNFF0,2025-08-23 17:23:03,Short Range,8,24.59,Clear
NHB250823173008.RAWNFF3,2025-08-23 17:30:08,Long Range,4,25.19,Clear
NHB250823173303.RAWNFF7,2025-08-23 17:33:03,Short Range,8,24.49,Clear
NHB250823174008.RAWNFFA,2025-08-23 17:40:08,Long Range,4,25.12,Clear
NHB250823174303.RAWNFFE,2025-08-23 17:43:03,Short Range,8,24.12,Clear
NHB250823175008.RAWNFFH,2025-08-23 17:50:08,Long Range,4,24.8,Clear
NHB250823175304.RAWNFFM,2025-08-23 17:53:04,Short Range,8,25.45,Clear
NHB250823180008.RAWNFFR,2025-08-23 18:00:08,Long Range,4,26.01,Clear
NHB250823180303.RAWNFFV,2025-08-23 18:03:03,Short Range,8,26.29,Clear
NHB250823181007.RAWNFFY,2025-08-23 18:10:07,Long Range,4,24.46,Clear
NHB250823181303.RAWNFG2,2025-08-23 18:13:03,Short Range,8,26.7,Clear
NHB250823182007.RAWNFG5,2025-08-23 18:20:07,Long Range,4,24.41,Clear
NHB250823182303.RAWNFG9,2025-08-23 18:23:03,Short Range,8,25.19,Clear
NHB250823183008.RAWNFGC,2025-08-23 18:30:08,Long Range,4,24.42,Clear
NHB250823183304.RAWNFGG,2025-08-23 18:33:04,Short Range,8,25.38,Clear
NHB250823184008.RAWNFGK,2025-08-23 18:40:08,Long Range,4,24.02,Clear
NHB250823184304.RAWNFGP,2025-08-23 18:43:04,Short Range,8,25.54,Clear
NHB250823185007.RAWNFGT,2025-08-23 18:50:07,Long Range,4,25.9,Clear
NHB250823185303.RAWNFGX,2025-08-23 18:53:03,Short Range,8,25.23,Clear
NHB250823190008.RAWNFH0,2025-08-23 19:00:08,Long Range,4,26.59,Clear
NHB250823190303.RAWNFH4,2025-08-23 19:03:03,Short Range,8,25.52,Clear
NHB250823191008.RAWNFH7,2025-08-23 19:10:08,Long Range,4,25.81,Clear
NHB250823191304.RAWNFHB,2025-08-23 19:13:04,Short Range,8,25.28,Clear
NHB250823192009.RAWNFHE,2025-08-23 19:20:09,Long Range,4,29.31,Clear
NHB250823192303.RAWNFHJ,2025-08-23 19:23:03,Short Range,8,25.33,Clear
NHB250823193008.RAWNFHM,2025-08-23 19:30:08,Long Range,4,29.57,Clear
NHB250823193304.RAWNFHS,2025-08-23 19:33:04,Short Range,8,25.89,Clear
NHB250823194008.RAWNFHV,2025-08-23 19:40:08,Long Range,4,29.7,Clear
NHB250823194303.RAWNFHZ,2025-08-23 19:43:03,Short Range,8,26.2,Clear
NHB250823195007.RAWNFJ2,2025-08-23 19:50:07,Long Range,4,28.71,Clear
NHB250823195303.RAWNFJ6,2025-08-23 19:53:03,Short Range,8,25.83,Clear
NHB250823200008.RAWNFJ9,2025-08-23 20:00:08,Long Range,4,29.33,Clear
NHB250823200303.RAWNFJD,2025-08-23 20:03:03,Short Range,8,24.62,Clear
NHB250823201008.RAWNFJG,2025-08-23 20:10:08,Long Range,4,29.9,Clear
NHB250823201303.RAWNFJL,2025-08-23 20:13:03,Short Range,8,25.31,Clear
NHB250823202007.RAWNFJP,2025-08-23 20:20:07,Long Range,4,29.88,Clear
NHB250823202304.RAWNFJU,2025-08-23 20:23:04,Short Range,8,25.98,Clear
NHB250823203008.RAWNFJX,2025-08-23 20:30:08,Long Range,4,30.13,Light rain
NHB250823203304.RAWNFK1,2025-08-23 20:33:04,Short Range,8,27.01,Clear
NHB250823204007.RAWNFK4,2025-08-23 20:40:07,Long Range,4,30.11,Light rain
NHB250823204303.RAWNFK8,2025-08-23 20:43:03,Short Range,8,24.88,Clear
NHB250823205008.RAWNFKB,2025-08-23 20:50:08,Long Range,4,29.99,Clear
NHB250823205303.RAWNFKF,2025-08-23 20:53:03,Short Range,8,24.2,Clear
NHB250823210008.RAWNFKJ,2025-08-23 21:00:08,Long Range,4,30.85,Light rain
NHB250823210304.RAWNFKN,2025-08-23 21:03:04,Short Range,8,26.02,Clear
NHB250823211008.RAWNFKS,2025-08-23 21:10:08,Long Range,4,32.27,Light rain
NHB250823211303.RAWNFKW,2025-08-23 21:13:03,Short Range,8,26.37,Clear
NHB250823212008.RAWNFKZ,2025-08-23 21:20:08,Long Range,4,31.02,Light rain
NHB250823212303.RAWNFL3,2025-08-23 21:23:03,Short Range,8,26.63,Clear
NHB250823213007.RAWNFL6,2025-08-23 21:30:07,Long Range,4,31.32,Light rain
NHB250823213304.RAWNFLA,2025-08-23 21:33:04,Short Range,8,26.43,Clear
NHB250823214008.RAWNFLD,2025-08-23 21:40:08,Long Range,4,31.98,Light rain
NHB250823214303.RAWNFLH,2025-08-23 21:43:03,Short Range,8,25.59,Clear
NHB250823215008.RAWNFLL,2025-08-23 21:50:08,Long Range,4,31.38,Light rain
NHB250823215303.RAWNFLR,2025-08-23 21:53:03,Short Range,8,25.75,Clear
NHB250823220008.RAWNFLU,2025-08-23 22:00:08,Long Range,4,32.34,Light rain
NHB250823220303.RAWNFLY,2025-08-23 22:03:03,Short Range,8,25.12,Clear
NHB250823221008.RAWNFM1,2025-08-23 22:10:08,Long Range,4,32.46,Light rain
NHB250823221303.RAWNFM5,2025-08-23 22:13:03,Short Range,8,24.89,Clear
NHB250823222007.RAWNFM8,2025-08-23 22:20:07,Long Range,4,32.83,Light rain
NHB250823222303.RAWNFMC,2025-08-23 22:23:03,Short Range,8,25.86,Clear
NHB250823223008.RAWNFMF,2025-08-23 22:30:08,Long Range,4,31.29,Light rain
NHB250823223304.RAWNFMK,2025-08-23 22:33:04,Short Range,8,25.11,Clear
NHB250823224008.RAWNFMN,2025-08-23 22:40:08,Long Range,4,32.76,Light rain
NHB250823224303.RAWNFMT,2025-08-23 22:43:03,Short Range,8,29.74,Clear
NHB250823225007.RAWNFMW,2025-08-23 22:50:07,Long Range,4,32.18,Light rain
NHB250823225304.RAWNFN0,2025-08-23 22:53:04,Short Range,8,29.81,Clear
NHB250823230007.RAWNFN3,2025-08-23 23:00:07,Long Range,4,30.91,Light rain
NHB250823230303.RAWNFN7,2025-08-23 23:03:03,Short Range,8,28.71,Clear
NHB250823231008.RAWNFNA,2025-08-23 23:10:08,Long Range,4,37.25,Light rain
NHB250823231304.RAWNFNE,2025-08-23 23:13:04,Short Range,8,29.46,Clear
NHB250823232007.RAWNFNH,2025-08-23 23:20:07,Long Range,4,36.95,Light rain
NHB250823232304.RAWNFNM,2025-08-23 23:23:04,Short Range,8,27.01,Clear
NHB250823233008.RAWNFNR,2025-08-23 23:30:08,Long Range,4,32.03,Light rain
NHB250823233304.RAWNFNV,2025-08-23 23:33:04,Short Range,8,27.07,Clear
NHB250823234008.RAWNFNY,2025-08-23 23:40:08,Long Range,4,31.77,Light rain
NHB250823234303.RAWNFP2,2025-08-23 23:43:03,Short Range,8,28.27,Clear
NHB250823235007.RAWNFP5,2025-08-23 23:50:07,Long Range,4,32.04,Light rain
NHB250823235304.RAWNFP9,2025-08-23 23:53:04,Short Range,8,28.88,Clear
NHB250824000007.RAWNFPC,2025-08-24 00:00:07,Long Range,4,35.34,Light rain
NHB250824000303.RAWNFPG,2025-08-24 00:03:03,Short Range,8,30.98,Light rain
NHB250824001008.RAWNFPK,2025-08-24 00:10:08,Long Range,4,36.19,Light rain
NHB250824001305.RAWNFPP,2025-08-24 00:13:05,Short Range,8,31.47,Light rain
NHB250824002008.RAWNFPT,2025-08-24 00:20:08,Long Range,4,35.39,Light rain
NHB250824002303.RAWNFPX,2025-08-24 00:23:03,Short Range,8,31.12,Light rain
NHB250824003009.RAWNFR0,2025-08-24 00:30:09,Long Range,4,34.94,Light rain
NHB250824003303.RAWNFR4,2025-08-24 00:33:03,Short Range,8,31.72,Light rain
NHB250824004008.RAWNFR7,2025-08-24 00:40:08,Long Range,4,35.01,Light rain
NHB250824004304.RAWNFRB,2025-08-24 00:43:04,Short Range,8,31.75,Light rain
NHB250824005008.RAWNFRE,2025-08-24 00:50:08,Long Range,4,36.68,Light rain
NHB250824005303.RAWNFRJ,2025-08-24 00:53:03,Short Range,8,32.0,Light rain
NHB250824010009.RAWNFRM,2025-08-24 01:00:09,Long Range,4,34.47,Light rain
NHB250824010303.RAWNFRS,2025-08-24 01:03:03,Short Range,8,30.74,Light rain
NHB250824021009.RAW6TS8,2025-08-24 02:10:09,Long Range,4,35.38,Light rain
NHB250824021304.RAW6TSC,2025-08-24 02:13:04,Short Range,8,31.55,Light rain
NHB250824022007.RAW6TSF,2025-08-24 02:20:07,Long Range,4,34.28,Light rain
NHB250824022304.RAW6TSK,2025-08-24 02:23:04,Short Range,8,30.91,Light rain
NHB250824023008.RAW6TSN,2025-08-24 02:30:08,Long Range,4,34.05,Light rain
NHB250824023303.RAW6TST,2025-08-24 02:33:03,Short Range,8,30.32,Light rain
NHB250824024009.RAW6TSW,2025-08-24 02:40:09,Long Range,4,34.04,Light rain
NHB250824024303.RAW6TT0,2025-08-24 02:43:03,Short Range,8,32.34,Light rain
NHB250824025007.RAW6TT3,2025-08-24 02:50:07,Long Range,4,36.96,Light rain
NHB250824025303.RAW6TT7,2025-08-24 02:53:03,Short Range,8,35.5,Light rain
NHB250824030008.RAW6TTA,2025-08-24 03:00:08,Long Range,4,36.82,Light rain
NHB250824030304.RAW6TTE,2025-08-24 03:03:04,Short Range,8,34.76,Light rain
NHB250824031008.RAW6TTH,2025-08-24 03:10:08,Long Range,4,35.5,Light rain
NHB250824031303.RAW6TTM,2025-08-24 03:13:03,Short Range,8,33.95,Light rain
NHB250824032009.RAW6TTR,2025-08-24 03:20:09,Long Range,4,35.6,Light rain
NHB250824032304.RAW6TTV,2025-08-24 03:23:04,Short Range,8,35.51,Light rain
NHB250824033007.RAW6TTY,2025-08-24 03:30:07,Long Range,4,35.91,Light rain
NHB250824033303.RAW6TU2,2025-08-24 03:33:03,Short Range,8,34.89,Light rain
NHB250824034008.RAW6TU5,2025-08-24 03:40:08,Long Range,4,36.23,Light rain
NHB250824034304.RAW6TU9,2025-08-24 03:43:04,Short Range,8,34.02,Light rain
NHB250824035009.RAW6TUC,2025-08-24 03:50:09,Long Range,4,36.14,Light rain
NHB250824035304.RAW6TUG,2025-08-24 03:53:04,Short Range,8,35.51,Light rain
NHB250824040007.RAW6TUK,2025-08-24 04:00:07,Long Range,4,36.48,Light rain
NHB250824040304.RAW6TUP,2025-08-24 04:03:04,Short Range,8,35.12,Light rain
NHB250824041008.RAW6TUT,2025-08-24 04:10:08,Long Range,4,36.71,Light rain
NHB250824041304.RAW6TUX,2025-08-24 04:13:04,Short Range,8,34.78,Light rain
NHB250824042008.RAW6TV0,2025-08-24 04:20:08,Long Range,4,37.62,Light rain
NHB250824042304.RAW6TV4,2025-08-24 04:23:04,Short Range,8,35.13,Light rain
NHB250824043007.RAW6TV7,2025-08-24 04:30:07,Long Range,4,38.7,Light rain
NHB250824043304.RAW6TVB,2025-08-24 04:33:04,Short Range,8,35.29,Light rain
NHB250824044007.RAW6TVE,2025-08-24 04:40:07,Long Range,4,39.22,Light rain
NHB250824044304.RAW6TVJ,2025-08-24 04:43:04,Short Range,8,35.41,Light rain
NHB250824045008.RAW6TVM,2025-08-24 04:50:08,Long Range,4,38.21,Light rain
NHB250824045303.RAW6TVS,2025-08-24 04:53:03,Short Range,8,35.3,Light rain
NHB250824050007.RAW6TVV,2025-08-24 05:00:07,Long Range,4,39.94,Light rain
NHB250824050304.RAW6TVZ,2025-08-24 05:03:04,Short Range,8,37.12,Light rain
NHB250824051007.RAW6TW2,2025-08-24 05:10:07,Long Range,4,39.92,Light rain
NHB250824051303.RAW6TW6,2025-08-24 05:13:03,Short Range,8,36.7,Light rain
NHB250824052007.RAW6TW9,2025-08-24 05:20:07,Long Range,4,41.74,Moderate rain
NHB250824052305.RAW6TWD,2025-08-24 05:23:05,Short Range,8,37.41,Light rain
NHB250824053008.RAW6TWG,2025-08-24 05:30:08,Long Range,4,38.47,Light rain
NHB250824053303.RAW6TWL,2025-08-24 05:33:03,Short Range,8,36.27,Light rain
NHB250824054008.RAW6TWP,2025-08-24 05:40:08,Long Range,4,40.01,Moderate rain
NHB250824054303.RAW6TWU,2025-08-24 05:43:03,Short Range,8,34.64,Light rain
NHB250824055007.RAW6TWX,2025-08-24 05:50:07,Long Range,4,41.02,Moderate rain
NHB250824055304.RAW6TX1,2025-08-24 05:53:04,Short Range,8,41.44,Moderate rain
NHB250824060008.RAW6TX4,2025-08-24 06:00:08,Long Range,4,43.93,Moderate rain
NHB250824060303.RAW6TX8,2025-08-24 06:03:03,Short Range,8,45.96,Moderate rain
NHB250824061008.RAW6TXB,2025-08-24 06:10:08,Long Range,4,43.59,Moderate rain
NHB250824061303.RAW6TXF,2025-08-24 06:13:03,Short Range,8,44.15,Moderate rain
NHB250824062007.RAW6TXJ,2025-08-24 06:20:07,Long Range,4,45.36,Moderate rain
NHB250824062303.RAW6TXN,2025-08-24 06:23:03,Short Range,8,45.87,Moderate rain
NHB250824063008.RAW6TXS,2025-08-24 06:30:08,Long Range,4,45.13,Moderate rain
NHB250824063303.RAW6TXW,2025-08-24 06:33:03,Short Range,8,46.02,Moderate rain
NHB250824064007.RAW6TXZ,2025-08-24 06:40:07,Long Range,4,46.09,Moderate rain
NHB250824064303.RAW6TY3,2025-08-24 06:43:03,Short Range,8,46.46,Moderate rain
NHB250824065008.RAW6TY6,2025-08-24 06:50:08,Long Range,4,46.35,Moderate rain
NHB250824065304.RAW6TYA,2025-08-24 06:53:04,Short Range,8,49.49,Heavy rain
NHB250824070008.RAW6TYD,2025-08-24 07:00:08,Long Range,4,47.77,Heavy rain
NHB250824070303.RAW6TYH,2025-08-24 07:03:03,Short Range,8,50.43,Heavy rain
NHB250824071008.RAW6TYL,2025-08-24 07:10:08,Long Range,4,48.02,Heavy rain
NHB250824071304.RAW6TYR,2025-08-24 07:13:04,Short Range,8,51.25,Heavy rain
NHB250824072007.RAW6TYU,2025-08-24 07:20:07,Long Range,4,49.41,Heavy rain
NHB250824072304.RAW6TYY,2025-08-24 07:23:04,Short Range,8,53.13,Heavy rain
NHB250824073007.RAW6TZ1,2025-08-24 07:30:07,Long Range,4,51.24,Heavy rain
NHB250824073303.RAW6TZ5,2025-08-24 07:33:03,Short Range,8,53.92,Heavy rain
NHB250824074007.RAW6TZ8,2025-08-24 07:40:07,Long Range,4,52.02,Heavy rain
NHB250824074304.RAW6TZC,2025-08-24 07:43:04,Short Range,8,53.88,Heavy rain
NHB250824075008.RAW6TZF,2025-08-24 07:50:08,Long Range,4,51.69,Heavy rain
NHB250824075303.RAW6TZK,2025-08-24 07:53:03,Short Range,8,54.0,Heavy rain
NHB250824080008.RAW6TZN,2025-08-24 08:00:08,Long Range,4,51.43,Heavy rain
NHB250824080304.RAW6TZT,2025-08-24 08:03:04,Short Range,8,54.48,Heavy rain
NHB250824081008.RAW6TZW,2025-08-24 08:10:08,Long Range,4,51.87,Heavy rain
NHB250824081304.RAW6U00,2025-08-24 08:13:04,Short Range,8,54.98,Heavy rain
NHB250824082008.RAW6U03,2025-08-24 08:20:08,Long Range,4,48.94,Heavy rain
NHB250824082303.RAW6U07,2025-08-24 08:23:03,Short Range,8,53.41,Heavy rain
NHB250824083008.RAW6U0A,2025-08-24 08:30:08,Long Range,4,46.39,Moderate rain
NHB250824083303.RAW6U0E,2025-08-24 08:33:03,Short Range,8,51.12,Heavy rain
NHB250824084008.RAW6U0H,2025-08-24 08:40:08,Long Range,4,49.77,Heavy rain
NHB250824084304.RAW6U0M,2025-08-24 08:43:04,Short Range,8,52.85,Heavy rain
NHB250824085007.RAW6U0R,2025-08-24 08:50:07,Long Range,4,51.94,Heavy rain
NHB250824085305.RAW6U0V,2025-08-24 08:53:05,Short Range,8,53.43,Heavy rain
NHB250824090008.RAW6U0Y,2025-08-24 09:00:08,Long Range,4,52.65,Heavy rain
NHB250824090303.RAW6U12,2025-08-24 09:03:03,Short Range,8,53.87,Heavy rain
NHB250824091008.RAW6U15,2025-08-24 09:10:08,Long Range,4,52.84,Heavy rain
NHB250824091303.RAW6U19,2025-08-24 09:13:03,Short Range,8,53.96,Heavy rain
NHB250824092008.RAW6U1C,2025-08-24 09:20:08,Long Range,4,52.33,Heavy rain
NHB250824092303.RAW6U1G,2025-08-24 09:23:03,Short Range,8,53.83,Heavy rain
NHB250824093007.RAW6U1K,2025-08-24 09:30:07,Long Range,4,51.8,Heavy rain
NHB250824093303.RAW6U1P,2025-08-24 09:33:03,Short Range,8,53.16,Heavy rain
NHB250824094008.RAW6U1T,2025-08-24 09:40:08,Long Range,4,50.46,Heavy rain
NHB250824094304.RAW6U1X,2025-08-24 09:43:04,Short Range,8,52.01,Heavy rain
NHB250824095008.RAW6U20,2025-08-24 09:50:08,Long Range,4,49.97,Heavy rain
NHB250824095304.RAW6U24,2025-08-24 09:53:04,Short Range,8,50.12,Heavy rain
NHB250824100008.RAW6U27,2025-08-24 10:00:08,Long Range,4,48.5,Heavy rain
NHB250824100304.RAW6U2B,2025-08-24 10:03:04,Short Range,8,48.87,Heavy rain
NHB250824101008.RAW6U2E,2025-08-24 10:10:08,Long Range,4,47.58,Heavy rain
NHB250824101303.RAW6U2J,2025-08-24 10:13:03,Short Range,8,47.2,Moderate rain
NHB250824102008.RAW6U2M,2025-08-24 10:20:08,Long Range,4,46.52,Moderate rain
NHB250824102304.RAW6U2S,2025-08-24 10:23:04,Short Range,8,46.39,Moderate rain
NHB250824103008.RAW6U2V,2025-08-24 10:30:08,Long Range,4,45.91,Moderate rain
NHB250824103304.RAW6U2Z,2025-08-24 10:33:04,Short Range,8,46.05,Moderate rain
NHB250824104008.RAW6U32,2025-08-24 10:40:08,Long Range,4,46.43,Moderate rain
NHB250824104304.RAW6U36,2025-08-24 10:43:04,Short Range,8,45.71,Moderate rain
NHB250824105008.RAW6U39,2025-08-24 10:50:08,Long Range,4,44.97,Moderate rain
NHB250824105304.RAW6U3D,2025-08-24 10:53:04,Short Range,8,43.93,Moderate rain
NHB250824110008.RAW6U3G,2025-08-24 11:00:08,Long Range,4,44.33,Moderate rain
NHB250824110304.RAW6U3L,2025-08-24 11:03:04,Short Range,8,43.29,Moderate rain
NHB250824111008.RAW6U3P,2025-08-24 11:10:08,Long Range,4,44.34,Moderate rain
NHB250824111304.RAW6U3U,2025-08-24 11:13:04,Short Range,8,42.34,Moderate rain
NHB250824112009.RAW6U3X,2025-08-24 11:20:09,Long Range,4,42.62,Moderate rain
NHB250824112303.RAW6U41,2025-08-24 11:23:03,Short Range,8,40.59,Moderate rain
NHB250824113007.RAW6U44,2025-08-24 11:30:07,Long Range,4,42.14,Moderate rain
NHB250824113304.RAW6U48,2025-08-24 11:33:04,Short Range,8,37.96,Light rain
NHB250824114008.RAW6U4B,2025-08-24 11:40:08,Long Range,4,41.89,Moderate rain
NHB250824114304.RAW6U4F,2025-08-24 11:43:04,Short Range,8,36.45,Light rain
NHB250824115008.RAW6U4J,2025-08-24 11:50:08,Long Range,4,41.41,Moderate rain
NHB250824115304.RAW6U4N,2025-08-24 11:53:04,Short Range,8,35.7,Light rain
NHB250824120007.RAW6U4S,2025-08-24 12:00:07,Long Range,4,41.12,Moderate rain
NHB250824120304.RAW6U4W,2025-08-24 12:03:04,Short Range,8,36.05,Light rain
NHB250824121008.RAW6U4Z,2025-08-24 12:10:08,Long Range,4,40.7,Moderate rain
NHB250824121305.RAW6U53,2025-08-24 12:13:05,Short Range,8,37.45,Light rain
NHB250824122007.RAW6U56,2025-08-24 12:20:07,Long Range,4,40.65,Moderate rain
NHB250824122304.RAW6U5A,2025-08-24 12:23:04,Short Range,8,37.62,Light rain
NHB250824123008.RAW6U5D,2025-08-24 12:30:08,Long Range,4,40.29,Moderate rain
NHB250824123305.RAW6U5H,2025-08-24 12:33:05,Short Range,8,37.34,Light rain
NHB250824124008.RAW6U5L,2025-08-24 12:40:08,Long Range,4,39.7,Light rain
NHB250824124303.RAW6U5R,2025-08-24 12:43:03,Short Range,8,36.77,Light rain
NHB250824125008.RAW6U5U,2025-08-24 12:50:08,Long Range,4,39.09,Light rain
NHB250824125304.RAW6U5Y,2025-08-24 12:53:04,Short Range,8,36.86,Light rain
NHB250824130007.RAW6U61,2025-08-24 13:00:07,Long Range,4,39.56,Light rain
NHB250824130305.RAW6U65,2025-08-24 13:03:05,Short Range,8,37.97,Light rain
NHB250824131008.RAW6U68,2025-08-24 13:10:08,Long Range,4,38.26,Light rain
NHB250824131303.RAW6U6C,2025-08-24 13:13:03,Short Range,8,38.17,Light rain
NHB250824132008.RAW6U6F,2025-08-24 13:20:08,Long Range,4,38.11,Light rain
NHB250824132303.RAW6U6K,2025-08-24 13:23:03,Short Range,8,37.87,Light rain
NHB250824133008.RAW6U6N,2025-08-24 13:30:08,Long Range,4,38.69,Light rain
NHB250824133303.RAW6U6T,2025-08-24 13:33:03,Short Range,8,38.71,Light rain
NHB250824134008.RAW6U6W,2025-08-24 13:40:08,Long Range,4,38.45,Light rain
NHB250824134303.RAW6U70,2025-08-24 13:43:03,Short Range,8,37.36,Light rain
NHB250824135008.RAW6U73,2025-08-24 13:50:08,Long Range,4,38.14,Light rain
NHB250824135304.RAW6U77,2025-08-24 13:53:04,Short Range,8,36.57,Light rain
NHB250824140008.RAW6U7A,2025-08-24 14:00:08,Long Range,4,38.08,Light rain
NHB250824140304.RAW6U7E,2025-08-24 14:03:04,Short Range,8,36.55,Light rain
NHB250824141008.RAW6U7H,2025-08-24 14:10:08,Long Range,4,38.28,Light rain
NHB250824141303.RAW6U7M,2025-08-24 14:13:03,Short Range,8,35.67,Light rain
NHB250824142008.RAW6U7R,2025-08-24 14:20:08,Long Range,4,38.43,Light rain
NHB250824142304.RAW6U7V,2025-08-24 14:23:04,Short Range,8,35.46,Light rain
NHB250824143008.RAW6U7Y,2025-08-24 14:30:08,Long Range,4,37.91,Light rain
NHB250824143304.RAW6U82,2025-08-24 14:33:04,Short Range,8,35.48,Light rain
NHB250824144008.RAW6U85,2025-08-24 14:40:08,Long Range,4,35.78,Light rain
NHB250824144304.RAW6U89,2025-08-24 14:43:04,Short Range,8,33.46,Light rain
NHB250824145008.RAW6U8C,2025-08-24 14:50:08,Long Range,4,35.48,Light rain
NHB250824145304.RAW6U8G,2025-08-24 14:53:04,Short Range,8,32.59,Light rain
NHB250824150008.RAW6U8K,2025-08-24 15:00:08,Long Range,4,33.8,Light rain
NHB250824150304.RAW6U8P,2025-08-24 15:03:04,Short Range,8,32.03,Light rain
NHB250824151007.RAW6U8T,2025-08-24 15:10:07,Long Range,4,35.85,Light rain
NHB250824151303.RAW6U8X,2025-08-24 15:13:03,Short Range,8,30.56,Light rain
NHB250824152007.RAW6U90,2025-08-24 15:20:07,Long Range,4,31.5,Light rain
NHB250824152304.RAW6U94,2025-08-24 15:23:04,Short Range,8,30.83,Light rain
NHB250824153008.RAW6U97,2025-08-24 15:30:08,Long Range,4,31.2,Light rain
NHB250824153304.RAW6U9B,2025-08-24 15:33:04,Short Range,8,29.43,Clear
NHB250824154008.RAW6U9E,2025-08-24 15:40:08,Long Range,4,30.99,Light rain
NHB250824154303.RAW6U9J,2025-08-24 15:43:03,Short Range,8,31.45,Light rain
NHB250824155008.RAW6U9M,2025-08-24 15:50:08,Long Range,4,30.88,Light rain
NHB250824155304.RAW6U9S,2025-08-24 15:53:04,Short Range,8,33.41,Light rain
NHB250824160008.RAW6U9V,2025-08-24 16:00:08,Long Range,4,31.76,Light rain
NHB250824160304.RAW6U9Z,2025-08-24 16:03:04,Short Range,8,32.64,Light rain
NHB250824161008.RAW6UA2,2025-08-24 16:10:08,Long Range,4,31.09,Light rain
NHB250824161304.RAW6UA6,2025-08-24 16:13:04,Short Range,8,30.98,Light rain
NHB250824162008.RAW6UA9,2025-08-24 16:20:08,Long Range,4,34.7,Light rain
NHB250824162303.RAW6UAD,2025-08-24 16:23:03,Short Range,8,29.88,Clear
NHB250824163007.RAW6UAG,2025-08-24 16:30:07,Long Range,4,35.72,Light rain
NHB250824163303.RAW6UAL,2025-08-24 16:33:03,Short Range,8,29.24,Clear
NHB250824164008.RAW6UAP,2025-08-24 16:40:08,Long Range,4,33.28,Light rain
NHB250824164304.RAW6UAU,2025-08-24 16:43:04,Short Range,8,29.78,Clear
NHB250824165007.RAW6UAX,2025-08-24 16:50:07,Long Range,4,32.1,Light rain
NHB250824165304.RAW6UB1,2025-08-24 16:53:04,Short Range,8,30.04,Light rain
NHB250824170008.RAW6UB4,2025-08-24 17:00:08,Long Range,4,31.89,Light rain
NHB250824170303.RAW6UB8,2025-08-24 17:03:03,Short Range,8,31.33,Light rain
NHB250824171008.RAW6UBB,2025-08-24 17:10:08,Long Range,4,31.15,Light rain
NHB250824171303.RAW6UBF,2025-08-24 17:13:03,Short Range,8,29.88,Clear
NHB250824172008.RAW6UBJ,2025-08-24 17:20:08,Long Range,4,33.99,Light rain
NHB250824172303.RAW6UBN,2025-08-24 17:23:03,Short Range,8,29.02,Clear
NHB250824173008.RAW6UBS,2025-08-24 17:30:08,Long Range,4,30.57,Light rain
NHB250824173303.RAW6UBW,2025-08-24 17:33:03,Short Range,8,28.47,Clear
NHB250824174007.RAW6UBZ,2025-08-24 17:40:07,Long Range,4,31.44,Light rain
NHB250824174303.RAW6UC3,2025-08-24 17:43:03,Short Range,8,28.02,Clear
NHB250824175007.RAW6UC6,2025-08-24 17:50:07,Long Range,4,32.12,Light rain
NHB250824175303.RAW6UCA,2025-08-24 17:53:03,Short Range,8,28.46,Clear
NHB250824180007.RAW6UCD,2025-08-24 18:00:07,Long Range,4,29.46,Clear
NHB250824180304.RAW6UCH,2025-08-24 18:03:04,Short Range,8,28.14,Clear
NHB250824181008.RAW6UCL,2025-08-24 18:10:08,Long Range,4,29.21,Clear
NHB250824181303.RAW6UCR,2025-08-24 18:13:03,Short Range,8,28.17,Clear
NHB250824182007.RAW6UCU,2025-08-24 18:20:07,Long Range,4,27.49,Clear
NHB250824182303.RAW6UCY,2025-08-24 18:23:03,Short Range,8,28.35,Clear
NHB250824183007.RAW6UD1,2025-08-24 18:30:07,Long Range,4,28.86,Clear
NHB250824183303.RAW6UD5,2025-08-24 18:33:03,Short Range,8,27.98,Clear
NHB250824184008.RAW6UD8,2025-08-24 18:40:08,Long Range,4,29.46,Clear
NHB250824184303.RAW6UDC,2025-08-24 18:43:03,Short Range,8,27.19,Clear
NHB250824185007.RAW6UDF,2025-08-24 18:50:07,Long Range,4,29.0,Clear
NHB250824185304.RAW6UDK,2025-08-24 18:53:04,Short Range,8,26.32,Clear
NHB250824190008.RAW6UDN,2025-08-24 19:00:08,Long Range,4,29.86,Clear
NHB250824190304.RAW6UDT,2025-08-24 19:03:04,Short Range,8,25.65,Clear
NHB250824191009.RAW6UDW,2025-08-24 19:10:09,Long Range,4,29.99,Clear
NHB250824191304.RAW6UE0,2025-08-24 19:13:04,Short Range,8,25.75,Clear
NHB250824192007.RAW6UE3,2025-08-24 19:20:07,Long Range,4,28.89,Clear
NHB250824192303.RAW6UE7,2025-08-24 19:23:03,Short Range,8,25.47,Clear
NHB250824193008.RAW6UEA,2025-08-24 19:30:08,Long Range,4,30.24,Light rain
NHB250824193303.RAW6UEE,2025-08-24 19:33:03,Short Range,8,28.38,Clear
NHB250824194008.RAW6UEH,2025-08-24 19:40:08,Long Range,4,30.51,Light rain
NHB250824194303.RAW6UEM,2025-08-24 19:43:03,Short Range,8,27.19,Clear
NHB250824195008.RAW6UER,2025-08-24 19:50:08,Long Range,4,30.48,Light rain
NHB250824195304.RAW6UEV,2025-08-24 19:53:04,Short Range,8,27.55,Clear
NHB250824200008.RAW6UEY,2025-08-24 20:00:08,Long Range,4,29.98,Clear
NHB250824200304.RAW6UF2,2025-08-24 20:03:04,Short Range,8,26.82,Clear
NHB250824201007.RAW6UF5,2025-08-24 20:10:07,Long Range,4,30.82,Light rain
NHB250824201304.RAW6UF9,2025-08-24 20:13:04,Short Range,8,26.73,Clear
NHB250824202008.RAW6UFC,2025-08-24 20:20:08,Long Range,4,31.17,Light rain
NHB250824202304.RAW6UFG,2025-08-24 20:23:04,Short Range,8,26.8,Clear
NHB250824203008.RAW6UFK,2025-08-24 20:30:08,Long Range,4,31.72,Light rain
NHB250824203304.RAW6UFP,2025-08-24 20:33:04,Short Range,8,27.36,Clear
NHB250824204008.RAW6UFT,2025-08-24 20:40:08,Long Range,4,31.85,Light rain
NHB250824204303.RAW6UFX,2025-08-24 20:43:03,Short Range,8,26.19,Clear
NHB250824205008.RAW6UG0,2025-08-24 20:50:08,Long Range,4,31.69,Light rain
NHB250824205304.RAW6UG4,2025-08-24 20:53:04,Short Range,8,26.36,Clear
NHB250824210008.RAW6UG7,2025-08-24 21:00:08,Long Range,4,32.96,Light rain
NHB250824210304.RAW6UGB,2025-08-24 21:03:04,Short Range,8,26.56,Clear
NHB250824211007.RAW6UGE,2025-08-24 21:10:07,Long Range,4,32.49,Light rain
NHB250824211303.RAW6UGJ,2025-08-24 21:13:03,Short Range,8,26.33,Clear
NHB250824212008.RAW6UGM,2025-08-24 21:20:08,Long Range,4,33.47,Light rain
NHB250824212303.RAW6UGS,2025-08-24 21:23:03,Short Range,8,26.77,Clear
NHB250824213008.RAW6UGV,2025-08-24 21:30:08,Long Range,4,35.3,Light rain
NHB250824213304.RAW6UGZ,2025-08-24 21:33:04,Short Range,8,26.19,Clear
NHB250824214008.RAW6UH2,2025-08-24 21:40:08,Long Range,4,37.57,Light rain
NHB250824214304.RAW6UH6,2025-08-24 21:43:04,Short Range,8,26.84,Clear
NHB250824215007.RAW6UH9,2025-08-24 21:50:07,Long Range,4,36.16,Light rain
NHB250824215304.RAW6UHD,2025-08-24 21:53:04,Short Range,8,26.42,Clear
NHB250824220008.RAW6UHG,2025-08-24 22:00:08,Long Range,4,36.83,Light rain
NHB250824220304.RAW6UHL,2025-08-24 22:03:04,Short Range,8,26.14,Clear
NHB250824221007.RAW6UHP,2025-08-24 22:10:07,Long Range,4,36.84,Light rain
NHB250824221303.RAW6UHU,2025-08-24 22:13:03,Short Range,8,26.62,Clear
NHB250824222008.RAW6UHX,2025-08-24 22:20:08,Long Range,4,36.98,Light rain
NHB250824222304.RAW6UJ1,2025-08-24 22:23:04,Short Range,8,26.18,Clear
NHB250824223008.RAW6UJ4,2025-08-24 22:30:08,Long Range,4,37.57,Light rain
NHB250824223304.RAW6UJ8,2025-08-24 22:33:04,Short Range,8,25.6,Clear
NHB250824224008.RAW6UJB,2025-08-24 22:40:08,Long Range,4,37.41,Light rain
NHB250824224303.RAW6UJF,2025-08-24 22:43:03,Short Range,8,26.57,Clear
NHB250824225007.RAW6UJJ,2025-08-24 22:50:07,Long Range,4,37.11,Light rain
NHB250824225303.RAW6UJN,2025-08-24 22:53:03,Short Range,8,28.43,Clear
NHB250824230007.RAW6UJS,2025-08-24 23:00:07,Long Range,4,37.92,Light rain
NHB250824230304.RAW6UJW,2025-08-24 23:03:04,Short Range,8,30.33,Light rain
NHB250824231007.RAW6UJZ,2025-08-24 23:10:07,Long Range,4,39.33,Light rain
NHB250824231303.RAW6UK3,2025-08-24 23:13:03,Short Range,8,31.32,Light rain
NHB250824232007.RAW6UK6,2025-08-24 23:20:07,Long Range,4,40.47,Moderate rain
NHB250824232304.RAW6UKA,2025-08-24 23:23:04,Short Range,8,34.73,Light rain
NHB250824233008.RAW6UKD,2025-08-24 23:30:08,Long Range,4,41.81,Moderate rain
NHB250824233304.RAW6UKH,2025-08-24 23:33:04,Short Range,8,38.64,Light rain
NHB250824234007.RAW6UKL,2025-08-24 23:40:07,Long Range,4,41.84,Moderate rain
NHB250824234303.RAW6UKR,2025-08-24 23:43:03,Short Range,8,40.48,Moderate rain
NHB250824235007.RAW6UKU,2025-08-24 23:50:07,Long Range,4,42.44,Moderate rain
NHB250824235303.RAW6UKY,2025-08-24 23:53:03,Short Range,8,41.33,Moderate rain
NHB250825000007.RAW6UL1,2025-08-25 00:00:07,Long Range,4,42.51,Moderate rain
NHB250825000304.RAW6UL5,2025-08-25 00:03:04,Short Range,8,43.4,Moderate rain
NHB250825001007.RAW6UL8,2025-08-25 00:10:07,Long Range,4,44.2,Moderate rain
NHB250825001303.RAW6ULC,2025-08-25 00:13:03,Short Range,8,44.58,Moderate rain
NHB250825002007.RAW6ULF,2025-08-25 00:20:07,Long Range,4,45.06,Moderate rain
NHB250825002304.RAW6ULK,2025-08-25 00:23:04,Short Range,8,47.71,Heavy rain
NHB250825003008.RAW6ULN,2025-08-25 00:30:08,Long Range,4,46.48,Moderate rain
NHB250825003303.RAW6ULT,2025-08-25 00:33:03,Short Range,8,49.52,Heavy rain
NHB250825004007.RAW6ULW,2025-08-25 00:40:07,Long Range,4,47.71,Heavy rain
NHB250825004304.RAW6UM0,2025-08-25 00:43:04,Short Range,8,50.94,Heavy rain
NHB250825005008.RAW6UM3,2025-08-25 00:50:08,Long Range,4,48.97,Heavy rain
NHB250825005303.RAW6UM7,2025-08-25 00:53:03,Short Range,8,52.07,Heavy rain
NHB250825010007.RAW6UMA,2025-08-25 01:00:07,Long Range,4,51.35,Heavy rain
NHB250825010303.RAW6UME,2025-08-25 01:03:03,Short Range,8,54.25,Heavy rain
NHB250825011007.RAW6UMH,2025-08-25 01:10:07,Long Range,4,53.06,Heavy rain
NHB250825011304.RAW6UMM,2025-08-25 01:13:04,Short Range,8,56.03,Very heavy rain
NHB250825012007.RAW6UMR,2025-08-25 01:20:07,Long Range,4,53.06,Heavy rain
NHB250825012303.RAW6UMV,2025-08-25 01:23:03,Short Range,8,56.2,Very heavy rain
NHB250825013008.RAW6UMY,2025-08-25 01:30:08,Long Range,4,52.05,Heavy rain
NHB250825013303.RAW6UN2,2025-08-25 01:33:03,Short Range,8,52.06,Heavy rain
NHB250825014008.RAW6UN5,2025-08-25 01:40:08,Long Range,4,48.36,Heavy rain
NHB250825014303.RAW6UN9,2025-08-25 01:43:03,Short Range,8,51.88,Heavy rain
NHB250825015007.RAW6UNC,2025-08-25 01:50:07,Long Range,4,50.12,Heavy rain
NHB250825015304.RAW6UNG,2025-08-25 01:53:04,Short Range,8,50.98,Heavy rain
NHB250825020008.RAW6UNK,2025-08-25 02:00:08,Long Range,4,48.44,Heavy rain
NHB250825020303.RAW6UNP,2025-08-25 02:03:03,Short Range,8,50.01,Heavy rain
NHB250825021007.RAW6UNT,2025-08-25 02:10:07,Long Range,4,49.03,Heavy rain
NHB250825021304.RAW6UNX,2025-08-25 02:13:04,Short Range,8,50.33,Heavy rain
NHB250825022007.RAW6UP0,2025-08-25 02:20:07,Long Range,4,48.9,Heavy rain
NHB250825022304.RAW6UP4,2025-08-25 02:23:04,Short Range,8,49.78,Heavy rain
NHB250825023007.RAW6UP7,2025-08-25 02:30:07,Long Range,4,49.71,Heavy rain
NHB250825023304.RAW6UPB,2025-08-25 02:33:04,Short Range,8,49.66,Heavy rain
NHB250825024008.RAW6UPE,2025-08-25 02:40:08,Long Range,4,50.11,Heavy rain
NHB250825024304.RAW6UPJ,2025-08-25 02:43:04,Short Range,8,49.48,Heavy rain
NHB250825025008.RAW6UPM,2025-08-25 02:50:08,Long Range,4,50.67,Heavy rain
NHB250825025303.RAW6UPS,2025-08-25 02:53:03,Short Range,8,49.55,Heavy rain
NHB250825030008.RAW6UPV,2025-08-25 03:00:08,Long Range,4,49.61,Heavy rain
NHB250825030304.RAW6UPZ,2025-08-25 03:03:04,Short Range,8,48.78,Heavy rain
NHB250825031007.RAW6UR2,2025-08-25 03:10:07,Long Range,4,50.13,Heavy rain
NHB250825031303.RAW6UR6,2025-08-25 03:13:03,Short Range,8,49.72,Heavy rain
NHB250825032007.RAW6UR9,2025-08-25 03:20:07,Long Range,4,49.98,Heavy rain
NHB250825032304.RAW6URD,2025-08-25 03:23:04,Short Range,8,50.14,Heavy rain
NHB250825033007.RAW6URG,2025-08-25 03:30:07,Long Range,4,49.54,Heavy rain
NHB250825033304.RAW6URL,2025-08-25 03:33:04,Short Range,8,49.29,Heavy rain
NHB250825034008.RAW6URP,2025-08-25 03:40:08,Long Range,4,49.0,Heavy rain
NHB250825034303.RAW6URU,2025-08-25 03:43:03,Short Range,8,49.45,Heavy rain
NHB250825035008.RAW6URX,2025-08-25 03:50:08,Long Range,4,48.86,Heavy rain
NHB250825035304.RAW6US1,2025-08-25 03:53:04,Short Range,8,49.24,Heavy rain
NHB250825040008.RAW6US4,2025-08-25 04:00:08,Long Range,4,48.53,Heavy rain
NHB250825040303.RAW6US8,2025-08-25 04:03:03,Short Range,8,48.73,Heavy rain
NHB250825041008.RAW6USB,2025-08-25 04:10:08,Long Range,4,47.17,Moderate rain
NHB250825041303.RAW6USF,2025-08-25 04:13:03,Short Range,8,47.61,Heavy rain
NHB250825042007.RAW6USJ,2025-08-25 04:20:07,Long Range,4,46.39,Moderate rain
NHB250825042303.RAW6USN,2025-08-25 04:23:03,Short Range,8,46.72,Moderate rain
NHB250825043008.RAW6USS,2025-08-25 04:30:08,Long Range,4,46.33,Moderate rain
NHB250825043303.RAW6USW,2025-08-25 04:33:03,Short Range,8,47.07,Moderate rain
NHB250825044008.RAW6USZ,2025-08-25 04:40:08,Long Range,4,45.9,Moderate rain
NHB250825044304.RAW6UT3,2025-08-25 04:43:04,Short Range,8,46.55,Moderate rain
NHB250825045008.RAW6UT6,2025-08-25 04:50:08,Long Range,4,46.28,Moderate rain
NHB250825045304.RAW6UTA,2025-08-25 04:53:04,Short Range,8,47.81,Heavy rain
NHB250825050008.RAW6UTD,2025-08-25 05:00:08,Long Range,4,46.76,Moderate rain
NHB250825050303.RAW6UTH,2025-08-25 05:03:03,Short Range,8,50.1,Heavy rain
NHB250825051009.RAW6UTL,2025-08-25 05:10:09,Long Range,4,48.09,Heavy rain
NHB250825051304.RAW6UTR,2025-08-25 05:13:04,Short Range,8,50.72,Heavy rain
NHB250825052008.RAW6UTU,2025-08-25 05:20:08,Long Range,4,48.74,Heavy rain
NHB250825052304.RAW6UTY,2025-08-25 05:23:04,Short Range,8,51.72,Heavy rain
NHB250825053008.RAW6UU1,2025-08-25 05:30:08,Long Range,4,47.44,Moderate rain
NHB250825053303.RAW6UU5,2025-08-25 05:33:03,Short Range,8,50.08,Heavy rain
NHB250825054008.RAW6UU8,2025-08-25 05:40:08,Long Range,4,47.35,Moderate rain
NHB250825054304.RAW6UUC,2025-08-25 05:43:04,Short Range,8,50.33,Heavy rain
NHB250825055007.RAW6UUF,2025-08-25 05:50:07,Long Range,4,46.74,Moderate rain
NHB250825055304.RAW6UUK,2025-08-25 05:53:04,Short Range,8,50.71,Heavy rain
NHB250825060008.RAW6UUN,2025-08-25 06:00:08,Long Range,4,48.03,Heavy rain
NHB250825060303.RAW6UUT,2025-08-25 06:03:03,Short Range,8,50.96,Heavy rain
NHB250825061008.RAW6UUW,2025-08-25 06:10:08,Long Range,4,48.6,Heavy rain
NHB250825061303.RAW6UV0,2025-08-25 06:13:03,Short Range,8,51.25,Heavy rain
NHB250825062007.RAW6UV3,2025-08-25 06:20:07,Long Range,4,48.01,Heavy rain
NHB250825062304.RAW6UV7,2025-08-25 06:23:04,Short Range,8,50.24,Heavy rain
NHB250825063008.RAW6UVA,2025-08-25 06:30:08,Long Range,4,47.68,Heavy rain
NHB250825063304.RAW6UVE,2025-08-25 06:33:04,Short Range,8,51.11,Heavy rain
NHB250825064009.RAW6UVH,2025-08-25 06:40:09,Long Range,4,48.27,Heavy rain
NHB250825064304.RAW6UVM,2025-08-25 06:43:04,Short Range,8,50.17,Heavy rain
NHB250825065008.RAW6UVR,2025-08-25 06:50:08,Long Range,4,46.53,Moderate rain
NHB250825065304.RAW6UVV,2025-08-25 06:53:04,Short Range,8,48.76,Heavy rain
NHB250825070007.RAW6UVY,2025-08-25 07:00:07,Long Range,4,46.87,Moderate rain
NHB250825070303.RAW6UW2,2025-08-25 07:03:03,Short Range,8,48.35,Heavy rain
NHB250825071008.RAW6UW5,2025-08-25 07:10:08,Long Range,4,46.75,Moderate rain
NHB250825071303.RAW6UW9,2025-08-25 07:13:03,Short Range,8,47.62,Heavy rain
NHB250825072008.RAW6UWC,2025-08-25 07:20:08,Long Range,4,45.88,Moderate rain
NHB250825072303.RAW6UWG,2025-08-25 07:23:03,Short Range,8,46.81,Moderate rain
NHB250825073008.RAW6UWK,2025-08-25 07:30:08,Long Range,4,44.8,Moderate rain
NHB250825073304.RAW6UWP,2025-08-25 07:33:04,Short Range,8,45.86,Moderate rain
NHB250825074009.RAW6UWT,2025-08-25 07:40:09,Long Range,4,45.21,Moderate rain
NHB250825074304.RAW6UWX,2025-08-25 07:43:04,Short Range,8,47.56,Heavy rain
NHB250825075008.RAW6UX0,2025-08-25 07:50:08,Long Range,4,45.17,Moderate rain
NHB250825075304.RAW6UX4,2025-08-25 07:53:04,Short Range,8,46.56,Moderate rain
NHB250825080008.RAW6UX7,2025-08-25 08:00:08,Long Range,4,44.51,Moderate rain
NHB250825080304.RAW6UXB,2025-08-25 08:03:04,Short Range,8,45.36,Moderate rain
NHB250825081008.RAW6UXE,2025-08-25 08:10:08,Long Range,4,43.7,Moderate rain
NHB250825081304.RAW6UXJ,2025-08-25 08:13:04,Short Range,8,44.02,Moderate rain
NHB250825082008.RAW6UXM,2025-08-25 08:20:08,Long Range,4,44.07,Moderate rain
NHB250825082303.RAW6UXS,2025-08-25 08:23:03,Short Range,8,43.91,Moderate rain
NHB250825083008.RAW6UXV,2025-08-25 08:30:08,Long Range,4,43.6,Moderate rain
NHB250825083303.RAW6UXZ,2025-08-25 08:33:03,Short Range,8,44.22,Moderate rain
NHB250825084008.RAW6UY2,2025-08-25 08:40:08,Long Range,4,43.5,Moderate rain
NHB250825084304.RAW6UY6,2025-08-25 08:43:04,Short Range,8,42.99,Moderate rain
NHB250825085008.RAW6UY9,2025-08-25 08:50:08,Long Range,4,42.4,Moderate rain
NHB250825085303.RAW6UYD,2025-08-25 08:53:03,Short Range,8,42.02,Moderate rain
NHB250825090007.RAW6UYG,2025-08-25 09:00:07,Long Range,4,42.83,Moderate rain
NHB250825090304.RAW6UYL,2025-08-25 09:03:04,Short Range,8,41.61,Moderate rain
NHB250825091008.RAW6UYP,2025-08-25 09:10:08,Long Range,4,42.88,Moderate rain
NHB250825091303.RAW6UYU,2025-08-25 09:13:03,Short Range,8,41.65,Moderate rain
NHB250825092007.RAW6UYX,2025-08-25 09:20:07,Long Range,4,42.94,Moderate rain
NHB250825092304.RAW6UZ1,2025-08-25 09:23:04,Short Range,8,41.81,Moderate rain
NHB250825093008.RAW6UZ4,2025-08-25 09:30:08,Long Range,4,42.73,Moderate rain
NHB250825093304.RAW6UZ8,2025-08-25 09:33:04,Short Range,8,43.29,Moderate rain
NHB250825094008.RAW6UZB,2025-08-25 09:40:08,Long Range,4,43.83,Moderate rain
NHB250825094303.RAW6UZF,2025-08-25 09:43:03,Short Range,8,44.4,Moderate rain
NHB250825095008.RAW6UZJ,2025-08-25 09:50:08,Long Range,4,44.09,Moderate rain
NHB250825095304.RAW6UZN,2025-08-25 09:53:04,Short Range,8,44.95,Moderate rain
NHB250825100007.RAW6UZS,2025-08-25 10:00:07,Long Range,4,44.83,Moderate rain
NHB250825100304.RAW6UZW,2025-08-25 10:03:04,Short Range,8,45.57,Moderate rain
NHB250825101007.RAW6UZZ,2025-08-25 10:10:07,Long Range,4,44.5,Moderate rain
NHB250825101304.RAW6V03,2025-08-25 10:13:04,Short Range,8,46.78,Moderate rain
NHB250825102008.RAW6V06,2025-08-25 10:20:08,Long Range,4,45.71,Moderate rain
NHB250825102304.RAW6V0A,2025-08-25 10:23:04,Short Range,8,48.35,Heavy rain
NHB250825103008.RAW6V0D,2025-08-25 10:30:08,Long Range,4,45.6,Moderate rain
NHB250825103303.RAW6V0H,2025-08-25 10:33:03,Short Range,8,49.06,Heavy rain
NHB250825104008.RAW6V0L,2025-08-25 10:40:08,Long Range,4,45.7,Moderate rain
NHB250825104305.RAW6V0R,2025-08-25 10:43:05,Short Range,8,49.21,Heavy rain
NHB250825105007.RAW6V0U,2025-08-25 10:50:07,Long Range,4,46.23,Moderate rain
NHB250825105303.RAW6V0Y,2025-08-25 10:53:03,Short Range,8,48.14,Heavy rain
NHB250825110008.RAW6V11,2025-08-25 11:00:08,Long Range,4,45.4,Moderate rain
NHB250825110303.RAW6V15,2025-08-25 11:03:03,Short Range,8,46.91,Moderate rain
NHB250825111008.RAW6V18,2025-08-25 11:10:08,Long Range,4,44.91,Moderate rain
NHB250825111303.RAW6V1C,2025-08-25 11:13:03,Short Range,8,46.51,Moderate rain
NHB250825112008.RAW6V1F,2025-08-25 11:20:08,Long Range,4,45.46,Moderate rain
NHB250825112304.RAW6V1K,2025-08-25 11:23:04,Short Range,8,47.16,Moderate rain
NHB250825113008.RAW6V1N,2025-08-25 11:30:08,Long Range,4,46.3,Moderate rain
NHB250825113303.RAW6V1T,2025-08-25 11:33:03,Short Range,8,48.02,Heavy rain
NHB250825114007.RAW6V1W,2025-08-25 11:40:07,Long Range,4,46.34,Moderate rain
NHB250825114303.RAW6V20,2025-08-25 11:43:03,Short Range,8,48.82,Heavy rain
NHB250825115008.RAW6V23,2025-08-25 11:50:08,Long Range,4,47.35,Moderate rain
NHB250825115303.RAW6V27,2025-08-25 11:53:03,Short Range,8,50.12,Heavy rain
NHB250825120008.RAW6V2A,2025-08-25 12:00:08,Long Range,4,47.95,Heavy rain
NHB250825120304.RAW6V2E,2025-08-25 12:03:04,Short Range,8,51.42,Heavy rain
NHB250825121008.RAW6V2H,2025-08-25 12:10:08,Long Range,4,48.94,Heavy rain
NHB250825121303.RAW6V2M,2025-08-25 12:13:03,Short Range,8,51.93,Heavy rain
NHB250825122008.RAW6V2R,2025-08-25 12:20:08,Long Range,4,48.59,Heavy rain
NHB250825122303.RAW6V2V,2025-08-25 12:23:03,Short Range,8,50.36,Heavy rain
NHB250825123008.RAW6V2Y,2025-08-25 12:30:08,Long Range,4,46.97,Moderate rain
NHB250825123304.RAW6V32,2025-08-25 12:33:04,Short Range,8,48.57,Heavy rain
NHB250825124008.RAW6V35,2025-08-25 12:40:08,Long Range,4,46.13,Moderate rain
NHB250825124304.RAW6V39,2025-08-25 12:43:04,Short Range,8,47.9,Heavy rain
NHB250825125008.RAW6V3C,2025-08-25 12:50:08,Long Range,4,44.95,Moderate rain
NHB250825125303.RAW6V3G,2025-08-25 12:53:03,Short Range,8,46.83,Moderate rain
NHB250825130008.RAW6V3K,2025-08-25 13:00:08,Long Range,4,44.6,Moderate rain
NHB250825130303.RAW6V3P,2025-08-25 13:03:03,Short Range,8,46.05,Moderate rain
NHB250825131008.RAW6V3T,2025-08-25 13:10:08,Long Range,4,44.37,Moderate rain
NHB250825131303.RAW6V3X,2025-08-25 13:13:03,Short Range,8,45.69,Moderate rain
NHB250825132008.RAW6V40,2025-08-25 13:20:08,Long Range,4,43.37,Moderate rain
NHB250825132304.RAW6V44,2025-08-25 13:23:04,Short Range,8,43.91,Moderate rain
NHB250825133007.RAW6V47,2025-08-25 13:30:07,Long Range,4,42.67,Moderate rain
NHB250825133304.RAW6V4B,2025-08-25 13:33:04,Short Range,8,43.52,Moderate rain
NHB250825134007.RAW6V4E,2025-08-25 13:40:07,Long Range,4,43.04,Moderate rain
NHB250825134303.RAW6V4J,2025-08-25 13:43:03,Short Range,8,43.25,Moderate rain
NHB250825135008.RAW6V4M,2025-08-25 13:50:08,Long Range,4,42.36,Moderate rain
NHB250825135303.RAW6V4S,2025-08-25 13:53:03,Short Range,8,43.2,Moderate rain
NHB250825140008.RAW6V4V,2025-08-25 14:00:08,Long Range,4,43.22,Moderate rain
NHB250825140304.RAW6V4Z,2025-08-25 14:03:04,Short Range,8,42.75,Moderate rain
NHB250825141007.RAW6V52,2025-08-25 14:10:07,Long Range,4,43.15,Moderate rain
NHB250825141303.RAW6V56,2025-08-25 14:13:03,Short Range,8,42.1,Moderate rain
NHB250825142007.RAW6V59,2025-08-25 14:20:07,Long Range,4,43.07,Moderate rain
NHB250825142304.RAW6V5D,2025-08-25 14:23:04,Short Range,8,41.97,Moderate rain
NHB250825143008.RAW6V5G,2025-08-25 14:30:08,Long Range,4,42.69,Moderate rain
NHB250825143304.RAW6V5L,2025-08-25 14:33:04,Short Range,8,41.61,Moderate rain
NHB250825144008.RAW6V5P,2025-08-25 14:40:08,Long Range,4,42.27,Moderate rain
NHB250825144303.RAW6V5U,2025-08-25 14:43:03,Short Range,8,41.65,Moderate rain
NHB250825145007.RAW6V5X,2025-08-25 14:50:07,Long Range,4,41.66,Moderate rain
NHB250825145304.RAW6V61,2025-08-25 14:53:04,Short Range,8,41.22,Moderate rain
NHB250825150008.RAW6V64,2025-08-25 15:00:08,Long Range,4,41.5,Moderate rain
NHB250825150303.RAW6V68,2025-08-25 15:03:03,Short Range,8,41.18,Moderate rain
NHB250825151008.RAW6V6B,2025-08-25 15:10:08,Long Range,4,41.27,Moderate rain
NHB250825151304.RAW6V6F,2025-08-25 15:13:04,Short Range,8,40.56,Moderate rain
NHB250825152008.RAW6V6J,2025-08-25 15:20:08,Long Range,4,40.92,Moderate rain
NHB250825152304.RAW6V6N,2025-08-25 15:23:04,Short Range,8,40.13,Moderate rain
NHB250825153007.RAW6V6S,2025-08-25 15:30:07,Long Range,4,41.46,Moderate rain
NHB250825153303.RAW6V6W,2025-08-25 15:33:03,Short Range,8,39.55,Light rain
NHB250825154007.RAW6V6Z,2025-08-25 15:40:07,Long Range,4,41.49,Moderate rain
NHB250825154303.RAW6V73,2025-08-25 15:43:03,Short Range,8,40.49,Moderate rain
NHB250825155008.RAW6V76,2025-08-25 15:50:08,Long Range,4,41.45,Moderate rain
NHB250825155304.RAW6V7A,2025-08-25 15:53:04,Short Range,8,40.78,Moderate rain
NHB250825160008.RAW6V7D,2025-08-25 16:00:08,Long Range,4,41.17,Moderate rain
NHB250825160303.RAW6V7H,2025-08-25 16:03:03,Short Range,8,40.3,Moderate rain
NHB250825161008.RAW6V7L,2025-08-25 16:10:08,Long Range,4,41.11,Moderate rain
NHB250825161303.RAW6V7R,2025-08-25 16:13:03,Short Range,8,39.09,Light rain
NHB250825162007.RAW6V7U,2025-08-25 16:20:07,Long Range,4,41.27,Moderate rain
NHB250825162303.RAW6V7Y,2025-08-25 16:23:03,Short Range,8,38.64,Light rain
NHB250825163009.RAW6V81,2025-08-25 16:30:09,Long Range,4,41.64,Moderate rain
NHB250825163303.RAW6V85,2025-08-25 16:33:03,Short Range,8,38.64,Light rain
NHB250825164009.RAW6V88,2025-08-25 16:40:09,Long Range,4,41.65,Moderate rain
NHB250825164304.RAW6V8C,2025-08-25 16:43:04,Short Range,8,38.22,Light rain
NHB250825165008.RAW6V8F,2025-08-25 16:50:08,Long Range,4,41.38,Moderate rain
NHB250825165304.RAW6V8K,2025-08-25 16:53:04,Short Range,8,37.98,Light rain
NHB250825170007.RAW6V8N,2025-08-25 17:00:07,Long Range,4,40.59,Moderate rain
NHB250825170304.RAW6V8T,2025-08-25 17:03:04,Short Range,8,38.34,Light rain
NHB250825171008.RAW6V8W,2025-08-25 17:10:08,Long Range,4,40.74,Moderate rain
NHB250825171304.RAW6V90,2025-08-25 17:13:04,Short Range,8,39.66,Light rain
NHB250825172007.RAW6V93,2025-08-25 17:20:07,Long Range,4,41.26,Moderate rain
NHB250825172304.RAW6V97,2025-08-25 17:23:04,Short Range,8,40.38,Moderate rain
NHB250825173008.RAW6V9A,2025-08-25 17:30:08,Long Range,4,41.2,Moderate rain
NHB250825173303.RAW6V9E,2025-08-25 17:33:03,Short Range,8,41.23,Moderate rain
NHB250825174007.RAW6V9H,2025-08-25 17:40:07,Long Range,4,41.46,Moderate rain
NHB250825174303.RAW6V9M,2025-08-25 17:43:03,Short Range,8,41.71,Moderate rain
NHB250825175008.RAW6V9R,2025-08-25 17:50:08,Long Range,4,42.44,Moderate rain
NHB250825175303.RAW6V9V,2025-08-25 17:53:03,Short Range,8,42.95,Moderate rain
NHB250825180007.RAW6V9Y,2025-08-25 18:00:07,Long Range,4,43.27,Moderate rain
NHB250825180304.RAW6VA2,2025-08-25 18:03:04,Short Range,8,44.04,Moderate rain
NHB250825181008.RAW6VA5,2025-08-25 18:10:08,Long Range,4,43.92,Moderate rain
NHB250825181303.RAW6VA9,2025-08-25 18:13:03,Short Range,8,45.06,Moderate rain
NHB250825182007.RAW6VAC,2025-08-25 18:20:07,Long Range,4,45.0,Moderate rain
NHB250825182304.RAW6VAG,2025-08-25 18:23:04,Short Range,8,46.92,Moderate rain
NHB250825183007.RAW6VAK,2025-08-25 18:30:07,Long Range,4,45.82,Moderate rain
NHB250825183303.RAW6VAP,2025-08-25 18:33:03,Short Range,8,49.14,Heavy rain
NHB250825184008.RAW6VAT,2025-08-25 18:40:08,Long Range,4,46.59,Moderate rain
NHB250825184305.RAW6VAX,2025-08-25 18:43:05,Short Range,8,50.68,Heavy rain
NHB250825185008.RAW6VB0,2025-08-25 18:50:08,Long Range,4,48.05,Heavy rain
NHB250825185303.RAW6VB4,2025-08-25 18:53:03,Short Range,8,49.24,Heavy rain
NHB250825190008.RAW6VB7,2025-08-25 19:00:08,Long Range,4,47.95,Heavy rain
NHB250825190304.RAW6VBB,2025-08-25 19:03:04,Short Range,8,51.18,Heavy rain
NHB250825191008.RAW6VBE,2025-08-25 19:10:08,Long Range,4,47.62,Heavy rain
NHB250825191303.RAW6VBJ,2025-08-25 19:13:03,Short Range,8,50.41,Heavy rain
NHB250825192008.RAW6VBM,2025-08-25 19:20:08,Long Range,4,46.92,Moderate rain
NHB250825192303.RAW6VBS,2025-08-25 19:23:03,Short Range,8,48.71,Heavy rain
NHB250825193008.RAW6VBV,2025-08-25 19:30:08,Long Range,4,46.35,Moderate rain
NHB250825193304.RAW6VBZ,2025-08-25 19:33:04,Short Range,8,46.92,Moderate rain
NHB250825194008.RAW6VC2,2025-08-25 19:40:08,Long Range,4,45.68,Moderate rain
NHB250825194304.RAW6VC6,2025-08-25 19:43:04,Short Range,8,46.78,Moderate rain
NHB250825195007.RAW6VC9,2025-08-25 19:50:07,Long Range,4,45.68,Moderate rain
NHB250825195304.RAW6VCD,2025-08-25 19:53:04,Short Range,8,45.79,Moderate rain
NHB250825200007.RAW6VCG,2025-08-25 20:00:07,Long Range,4,46.01,Moderate rain
NHB250825200303.RAW6VCL,2025-08-25 20:03:03,Short Range,8,46.04,Moderate rain
NHB250825201007.RAW6VCP,2025-08-25 20:10:07,Long Range,4,45.2,Moderate rain
NHB250825201303.RAW6VCU,2025-08-25 20:13:03,Short Range,8,45.18,Moderate rain
NHB250825202008.RAW6VCX,2025-08-25 20:20:08,Long Range,4,45.5,Moderate rain
NHB250825202304.RAW6VD1,2025-08-25 20:23:04,Short Range,8,45.46,Moderate rain
NHB250825203007.RAW6VD4,2025-08-25 20:30:07,Long Range,4,45.72,Moderate rain
NHB250825203304.RAW6VD8,2025-08-25 20:33:04,Short Range,8,45.38,Moderate rain
NHB250825204007.RAW6VDB,2025-08-25 20:40:07,Long Range,4,45.46,Moderate rain
NHB250825204304.RAW6VDF,2025-08-25 20:43:04,Short Range,8,45.33,Moderate rain
NHB250825205007.RAW6VDJ,2025-08-25 20:50:07,Long Range,4,45.31,Moderate rain
NHB250825205305.RAW6VDN,2025-08-25 20:53:05,Short Range,8,45.12,Moderate rain
NHB250825210007.RAW6VDS,2025-08-25 21:00:07,Long Range,4,45.23,Moderate rain
NHB250825210305.RAW6VDW,2025-08-25 21:03:05,Short Range,8,45.31,Moderate rain
NHB250825211007.RAW6VDZ,2025-08-25 21:10:07,Long Range,4,45.52,Moderate rain
NHB250825211304.RAW6VE3,2025-08-25 21:13:04,Short Range,8,45.48,Moderate rain
NHB250825212008.RAW6VE6,2025-08-25 21:20:08,Long Range,4,45.88,Moderate rain
NHB250825212304.RAW6VEA,2025-08-25 21:23:04,Short Range,8,45.46,Moderate rain
NHB250825213008.RAW6VED,2025-08-25 21:30:08,Long Range,4,44.88,Moderate rain
NHB250825213304.RAW6VEH,2025-08-25 21:33:04,Short Range,8,44.91,Moderate rain
NHB250825214007.RAW6VEL,2025-08-25 21:40:07,Long Range,4,44.44,Moderate rain
NHB250825214303.RAW6VER,2025-08-25 21:43:03,Short Range,8,44.24,Moderate rain
NHB250825215008.RAW6VEU,2025-08-25 21:50:08,Long Range,4,44.14,Moderate rain
NHB250825215304.RAW6VEY,2025-08-25 21:53:04,Short Range,8,44.08,Moderate rain
NHB250825220008.RAW6VF1,2025-08-25 22:00:08,Long Range,4,44.1,Moderate rain
NHB250825220304.RAW6VF5,2025-08-25 22:03:04,Short Range,8,44.3,Moderate rain
NHB250825221009.RAW6VF8,2025-08-25 22:10:09,Long Range,4,43.69,Moderate rain
NHB250825221303.RAW6VFC,2025-08-25 22:13:03,Short Range,8,44.18,Moderate rain
NHB250825222007.RAW6VFF,2025-08-25 22:20:07,Long Range,4,44.91,Moderate rain
NHB250825222304.RAW6VFK,2025-08-25 22:23:04,Short Range,8,44.9,Moderate rain
NHB250825223008.RAW6VFN,2025-08-25 22:30:08,Long Range,4,44.92,Moderate rain
NHB250825223304.RAW6VFT,2025-08-25 22:33:04,Short Range,8,45.55,Moderate rain
NHB250825224008.RAW6VFW,2025-08-25 22:40:08,Long Range,4,45.86,Moderate rain
NHB250825224304.RAW6VG0,2025-08-25 22:43:04,Short Range,8,46.3,Moderate rain
NHB250825225007.RAW6VG3,2025-08-25 22:50:07,Long Range,4,45.91,Moderate rain
NHB250825225303.RAW6VG7,2025-08-25 22:53:03,Short Range,8,46.81,Moderate rain
NHB250825230007.RAW6VGA,2025-08-25 23:00:07,Long Range,4,45.23,Moderate rain
NHB250825230304.RAW6VGE,2025-08-25 23:03:04,Short Range,8,47.09,Moderate rain
NHB250825231008.RAW6VGH,2025-08-25 23:10:08,Long Range,4,45.87,Moderate rain
NHB250825231304.RAW6VGM,2025-08-25 23:13:04,Short Range,8,46.88,Moderate rain
NHB250825232008.RAW6VGR,2025-08-25 23:20:08,Long Range,4,45.87,Moderate rain
NHB250825232304.RAW6VGV,2025-08-25 23:23:04,Short Range,8,47.17,Moderate rain
NHB250825233008.RAW6VGY,2025-08-25 23:30:08,Long Range,4,46.65,Moderate rain
NHB250825233304.RAW6VH2,2025-08-25 23:33:04,Short Range,8,47.64,Heavy rain
NHB250825234008.RAW6VH5,2025-08-25 23:40:08,Long Range,4,46.48,Moderate rain
NHB250825234303.RAW6VH9,2025-08-25 23:43:03,Short Range,8,48.63,Heavy rain
NHB250825235008.RAW6VHC,2025-08-25 23:50:08,Long Range,4,46.85,Moderate rain
NHB250825235303.RAW6VHG,2025-08-25 23:53:03,Short Range,8,49.36,Heavy rain
NHB250826000008.RAW6VHK,2025-08-26 00:00:08,Long Range,4,47.88,Heavy rain
NHB250826000304.RAW6VHP,2025-08-26 00:03:04,Short Range,8,49.52,Heavy rain
NHB250826001008.RAW6VHT,2025-08-26 00:10:08,Long Range,4,48.67,Heavy rain
NHB250826001303.RAW6VHX,2025-08-26 00:13:03,Short Range,8,51.18,Heavy rain
NHB250826002008.RAW6VJ0,2025-08-26 00:20:08,Long Range,4,49.73,Heavy rain
NHB250826002303.RAW6VJ4,2025-08-26 00:23:03,Short Range,8,52.31,Heavy rain
NHB250826003007.RAW6VJ7,2025-08-26 00:30:07,Long Range,4,50.46,Heavy rain
NHB250826003304.RAW6VJB,2025-08-26 00:33:04,Short Range,8,53.57,Heavy rain
NHB250826004007.RAW6VJE,2025-08-26 00:40:07,Long Range,4,51.08,Heavy rain
NHB250826004303.RAW6VJJ,2025-08-26 00:43:03,Short Range,8,54.03,Heavy rain
NHB250826005008.RAW6VJM,2025-08-26 00:50:08,Long Range,4,49.26,Heavy rain
NHB250826005304.RAW6VJS,2025-08-26 00:53:04,Short Range,8,47.31,Moderate rain
NHB250826010008.RAW6VJV,2025-08-26 01:00:08,Long Range,4,47.92,Heavy rain
NHB250826010304.RAW6VJZ,2025-08-26 01:03:04,Short Range,8,50.67,Heavy rain
NHB250826011008.RAW6VK2,2025-08-26 01:10:08,Long Range,4,47.89,Heavy rain
NHB250826011303.RAW6VK6,2025-08-26 01:13:03,Short Range,8,49.98,Heavy rain
NHB250826012008.RAW6VK9,2025-08-26 01:20:08,Long Range,4,48.56,Heavy rain
NHB250826012303.RAW6VKD,2025-08-26 01:23:03,Short Range,8,49.51,Heavy rain
NHB250826013009.RAW6VKG,2025-08-26 01:30:09,Long Range,4,48.56,Heavy rain
NHB250826013305.RAW6VKL,2025-08-26 01:33:05,Short Range,8,48.47,Heavy rain
NHB250826014007.RAW6VKP,2025-08-26 01:40:07,Long Range,4,46.44,Moderate rain
NHB250826014304.RAW6VKU,2025-08-26 01:43:04,Short Range,8,46.26,Moderate rain
NHB250826015007.RAW6VKX,2025-08-26 01:50:07,Long Range,4,45.62,Moderate rain
NHB250826015303.RAW6VL1,2025-08-26 01:53:03,Short Range,8,45.85,Moderate rain
NHB250826020008.RAW6VL4,2025-08-26 02:00:08,Long Range,4,45.55,Moderate rain
NHB250826020303.RAW6VL8,2025-08-26 02:03:03,Short Range,8,45.35,Moderate rain
NHB250826021007.RAW6VLB,2025-08-26 02:10:07,Long Range,4,45.12,Moderate rain
NHB250826021304.RAW6VLF,2025-08-26 02:13:04,Short Range,8,44.06,Moderate rain
NHB250826022008.RAW6VLJ,2025-08-26 02:20:08,Long Range,4,44.6,Moderate rain
NHB250826022303.RAW6VLN,2025-08-26 02:23:03,Short Range,8,41.45,Moderate rain
NHB250826023008.RAW6VLS,2025-08-26 02:30:08,Long Range,4,42.71,Moderate rain
NHB250826023304.RAW6VLW,2025-08-26 02:33:04,Short Range,8,38.9,Light rain
NHB250826024008.RAW6VLZ,2025-08-26 02:40:08,Long Range,4,41.55,Moderate rain
NHB250826024304.RAW6VM3,2025-08-26 02:43:04,Short Range,8,39.22,Light rain
NHB250826025008.RAW6VM6,2025-08-26 02:50:08,Long Range,4,42.2,Moderate rain
NHB250826025303.RAW6VMA,2025-08-26 02:53:03,Short Range,8,38.8,Light rain
NHB250826030008.RAW6VMD,2025-08-26 03:00:08,Long Range,4,41.5,Moderate rain
NHB250826030304.RAW6VMH,2025-08-26 03:03:04,Short Range,8,38.72,Light rain
NHB250826031007.RAW6VML,2025-08-26 03:10:07,Long Range,4,41.63,Moderate rain
NHB250826031304.RAW6VMR,2025-08-26 03:13:04,Short Range,8,38.26,Light rain
NHB250826032008.RAW6VMU,2025-08-26 03:20:08,Long Range,4,41.64,Moderate rain
NHB250826032303.RAW6VMY,2025-08-26 03:23:03,Short Range,8,37.78,Light rain
NHB250826033008.RAW6VN1,2025-08-26 03:30:08,Long Range,4,41.51,Moderate rain
NHB250826033303.RAW6VN5,2025-08-26 03:33:03,Short Range,8,39.57,Light rain
NHB250826034008.RAW6VN8,2025-08-26 03:40:08,Long Range,4,42.3,Moderate rain
NHB250826034304.RAW6VNC,2025-08-26 03:43:04,Short Range,8,40.07,Moderate rain
NHB250826035007.RAW6VNF,2025-08-26 03:50:07,Long Range,4,41.4,Moderate rain
NHB250826035303.RAW6VNK,2025-08-26 03:53:03,Short Range,8,37.94,Light rain
NHB250826040008.RAW6VNN,2025-08-26 04:00:08,Long Range,4,41.17,Moderate rain
NHB250826040303.RAW6VNT,2025-08-26 04:03:03,Short Range,8,35.95,Light rain
NHB250826041008.RAW6VNW,2025-08-26 04:10:08,Long Range,4,40.81,Moderate rain
NHB250826041303.RAW6VP0,2025-08-26 04:13:03,Short Range,8,34.62,Light rain
NHB250826042007.RAW6VP3,2025-08-26 04:20:07,Long Range,4,41.06,Moderate rain
NHB250826042303.RAW6VP7,2025-08-26 04:23:03,Short Range,8,33.42,Light rain
NHB250826043008.RAW6VPA,2025-08-26 04:30:08,Long Range,4,42.79,Moderate rain
NHB250826043303.RAW6VPE,2025-08-26 04:33:03,Short Range,8,34.72,Light rain
NHB250826044007.RAW6VPH,2025-08-26 04:40:07,Long Range,4,43.23,Moderate rain
NHB250826044304.RAW6VPM,2025-08-26 04:43:04,Short Range,8,36.27,Light rain
NHB250826045007.RAW6VPR,2025-08-26 04:50:07,Long Range,4,42.88,Moderate rain
NHB250826045303.RAW6VPV,2025-08-26 04:53:03,Short Range,8,37.31,Light rain
NHB250826050009.RAW6VPY,2025-08-26 05:00:09,Long Range,4,44.7,Moderate rain
NHB250826050303.RAW6VR2,2025-08-26 05:03:03,Short Range,8,39.82,Light rain
NHB250826051008.RAW6VR5,2025-08-26 05:10:08,Long Range,4,43.9,Moderate rain
NHB250826051305.RAW6VR9,2025-08-26 05:13:05,Short Range,8,40.15,Moderate rain
NHB250826052008.RAW6VRC,2025-08-26 05:20:08,Long Range,4,45.0,Moderate rain
NHB250826052304.RAW6VRG,2025-08-26 05:23:04,Short Range,8,40.88,Moderate rain
NHB250826053008.RAW6VRK,2025-08-26 05:30:08,Long Range,4,45.25,Moderate rain
NHB250826053304.RAW6VRP,2025-08-26 05:33:04,Short Range,8,42.16,Moderate rain
NHB250826054008.RAW6VRT,2025-08-26 05:40:08,Long Range,4,45.3,Moderate rain
NHB250826054304.RAW6VRX,2025-08-26 05:43:04,Short Range,8,41.32,Moderate rain
NHB250826055007.RAW6VS0,2025-08-26 05:50:07,Long Range,4,44.68,Moderate rain
NHB250826055303.RAW6VS4,2025-08-26 05:53:03,Short Range,8,41.6,Moderate rain
NHB250826060007.RAW6VS7,2025-08-26 06:00:07,Long Range,4,46.17,Moderate rain
NHB250826060304.RAW6VSB,2025-08-26 06:03:04,Short Range,8,39.55,Light rain
NHB250826061009.RAW6VSE,2025-08-26 06:10:09,Long Range,4,43.01,Moderate rain
NHB250826061304.RAW6VSJ,2025-08-26 06:13:04,Short Range,8,34.82,Light rain
NHB250826062007.RAW6VSM,2025-08-26 06:20:07,Long Range,4,42.0,Moderate rain
NHB250826062303.RAW6VSS,2025-08-26 06:23:03,Short Range,8,32.94,Light rain
NHB250826063008.RAW6VSV,2025-08-26 06:30:08,Long Range,4,41.51,Moderate rain
NHB250826063304.RAW6VSZ,2025-08-26 06:33:04,Short Range,8,32.99,Light rain
NHB250826064008.RAW6VT2,2025-08-26 06:40:08,Long Range,4,42.75,Moderate rain
NHB250826064304.RAW6VT6,2025-08-26 06:43:04,Short Range,8,33.79,Light rain
NHB250826065007.RAW6VT9,2025-08-26 06:50:07,Long Range,4,41.38,Moderate rain
NHB250826065304.RAW6VTD,2025-08-26 06:53:04,Short Range,8,33.84,Light rain
NHB250826070008.RAW6VTG,2025-08-26 07:00:08,Long Range,4,41.32,Moderate rain
NHB250826070304.RAW6VTL,2025-08-26 07:03:04,Short Range,8,33.54,Light rain
NHB250826071009.RAW6VTP,2025-08-26 07:10:09,Long Range,4,41.94,Moderate rain
NHB250826071303.RAW6VTU,2025-08-26 07:13:03,Short Range,8,34.75,Light rain
NHB250826072008.RAW6VTX,2025-08-26 07:20:08,Long Range,4,42.04,Moderate rain
NHB250826072303.RAW6VU1,2025-08-26 07:23:03,Short Range,8,36.38,Light rain
NHB250826073008.RAW6VU4,2025-08-26 07:30:08,Long Range,4,42.89,Moderate rain
NHB250826073303.RAW6VU8,2025-08-26 07:33:03,Short Range,8,39.38,Light rain
NHB250826074008.RAW6VUB,2025-08-26 07:40:08,Long Range,4,43.7,Moderate rain
NHB250826074303.RAW6VUF,2025-08-26 07:43:03,Short Range,8,40.44,Moderate rain
NHB250826075007.RAW6VUJ,2025-08-26 07:50:07,Long Range,4,42.8,Moderate rain
NHB250826075303.RAW6VUN,2025-08-26 07:53:03,Short Range,8,39.76,Light rain
NHB250826080008.RAW6VUS,2025-08-26 08:00:08,Long Range,4,43.09,Moderate rain
NHB250826080303.RAW6VUW,2025-08-26 08:03:03,Short Range,8,40.8,Moderate rain
NHB250826081008.RAW6VUZ,2025-08-26 08:10:08,Long Range,4,43.26,Moderate rain
NHB250826081304.RAW6VV3,2025-08-26 08:13:04,Short Range,8,39.12,Light rain
NHB250826082007.RAW6VV6,2025-08-26 08:20:07,Long Range,4,44.22,Moderate rain
NHB250826082304.RAW6VVA,2025-08-26 08:23:04,Short Range,8,41.01,Moderate rain
NHB250826083008.RAW6VVD,2025-08-26 08:30:08,Long Range,4,43.9,Moderate rain
NHB250826083303.RAW6VVH,2025-08-26 08:33:03,Short Range,8,44.41,Moderate rain
NHB250826084008.RAW6VVL,2025-08-26 08:40:08,Long Range,4,44.61,Moderate rain
NHB250826084304.RAW6VVR,2025-08-26 08:43:04,Short Range,8,47.15,Moderate rain
NHB250826085008.RAW6VVU,2025-08-26 08:50:08,Long Range,4,45.09,Moderate rain
NHB250826085303.RAW6VVY,2025-08-26 08:53:03,Short Range,8,52.38,Heavy rain
NHB250826090008.RAW6VW1,2025-08-26 09:00:08,Long Range,4,46.58,Moderate rain
NHB250826090303.RAW6VW5,2025-08-26 09:03:03,Short Range,8,51.56,Heavy rain
NHB250826091008.RAW6VW8,2025-08-26 09:10:08,Long Range,4,47.62,Heavy rain
NHB250826091303.RAW6VWC,2025-08-26 09:13:03,Short Range,8,52.21,Heavy rain
NHB250826092008.RAW6VWF,2025-08-26 09:20:08,Long Range,4,46.97,Moderate rain
NHB250826092304.RAW6VWK,2025-08-26 09:23:04,Short Range,8,51.78,Heavy rain
NHB250826093007.RAW6VWN,2025-08-26 09:30:07,Long Range,4,48.15,Heavy rain
NHB250826093303.RAW6VWT,2025-08-26 09:33:03,Short Range,8,51.77,Heavy rain
NHB250826094007.RAW6VWW,2025-08-26 09:40:07,Long Range,4,47.94,Heavy rain
NHB250826094303.RAW6VX0,2025-08-26 09:43:03,Short Range,8,51.93,Heavy rain
NHB250826095007.RAW6VX3,2025-08-26 09:50:07,Long Range,4,48.35,Heavy rain
NHB250826095304.RAW6VX7,2025-08-26 09:53:04,Short Range,8,51.79,Heavy rain
NHB250826100007.RAW6VXA,2025-08-26 10:00:07,Long Range,4,47.29,Moderate rain
NHB250826100303.RAW6VXE,2025-08-26 10:03:03,Short Range,8,50.24,Heavy rain
NHB250826101008.RAW6VXH,2025-08-26 10:10:08,Long Range,4,47.48,Moderate rain
NHB250826101303.RAW6VXM,2025-08-26 10:13:03,Short Range,8,50.21,Heavy rain
NHB250826102008.RAW6VXR,2025-08-26 10:20:08,Long Range,4,47.06,Moderate rain
NHB250826102303.RAW6VXV,2025-08-26 10:23:03,Short Range,8,49.58,Heavy rain
NHB250826103008.RAW6VXY,2025-08-26 10:30:08,Long Range,4,47.07,Moderate rain
NHB250826103304.RAW6VY2,2025-08-26 10:33:04,Short Range,8,49.66,Heavy rain
NHB250826104007.RAW6VY5,2025-08-26 10:40:07,Long Range,4,46.91,Moderate rain
NHB250826104303.RAW6VY9,2025-08-26 10:43:03,Short Range,8,49.67,Heavy rain
NHB250826105007.RAW6VYC,2025-08-26 10:50:07,Long Range,4,46.6,Moderate rain
NHB250826105304.RAW6VYG,2025-08-26 10:53:04,Short Range,8,50.62,Heavy rain
NHB250826110008.RAW6VYK,2025-08-26 11:00:08,Long Range,4,46.31,Moderate rain
NHB250826110303.RAW6VYP,2025-08-26 11:03:03,Short Range,8,49.15,Heavy rain
NHB250826111008.RAW6VYT,2025-08-26 11:10:08,Long Range,4,45.99,Moderate rain
NHB250826111303.RAW6VYX,2025-08-26 11:13:03,Short Range,8,46.97,Moderate rain
NHB250826112008.RAW6VZ0,2025-08-26 11:20:08,Long Range,4,45.3,Moderate rain
NHB250826112303.RAW6VZ4,2025-08-26 11:23:03,Short Range,8,46.8,Moderate rain
NHB250826113007.RAW6VZ7,2025-08-26 11:30:07,Long Range,4,45.21,Moderate rain
NHB250826113303.RAW6VZB,2025-08-26 11:33:03,Short Range,8,47.33,Moderate rain
NHB250826114008.RAW6VZE,2025-08-26 11:40:08,Long Range,4,45.39,Moderate rain
NHB250826114304.RAW6VZJ,2025-08-26 11:43:04,Short Range,8,47.46,Moderate rain
NHB250826115007.RAW6VZM,2025-08-26 11:50:07,Long Range,4,45.41,Moderate rain
NHB250826115304.RAW6VZS,2025-08-26 11:53:04,Short Range,8,47.72,Heavy rain
NHB250826120008.RAW6VZV,2025-08-26 12:00:08,Long Range,4,45.68,Moderate rain
NHB250826120304.RAW6VZZ,2025-08-26 12:03:04,Short Range,8,47.23,Moderate rain
NHB250826121008.RAW6W02,2025-08-26 12:10:08,Long Range,4,43.95,Moderate rain
NHB250826121304.RAW6W06,2025-08-26 12:13:04,Short Range,8,46.52,Moderate rain
NHB250826122008.RAW6W09,2025-08-26 12:20:08,Long Range,4,43.39,Moderate rain
NHB250826122303.RAW6W0D,2025-08-26 12:23:03,Short Range,8,45.63,Moderate rain
NHB250826123008.RAW6W0G,2025-08-26 12:30:08,Long Range,4,43.21,Moderate rain
NHB250826123303.RAW6W0L,2025-08-26 12:33:03,Short Range,8,44.4,Moderate rain
NHB250826124008.RAW6W0P,2025-08-26 12:40:08,Long Range,4,41.96,Moderate rain
NHB250826124304.RAW6W0U,2025-08-26 12:43:04,Short Range,8,42.93,Moderate rain
NHB250826125007.RAW6W0X,2025-08-26 12:50:07,Long Range,4,40.83,Moderate rain
NHB250826125304.RAW6W11,2025-08-26 12:53:04,Short Range,8,40.71,Moderate rain
NHB250826130008.RAW6W14,2025-08-26 13:00:08,Long Range,4,40.16,Moderate rain
NHB250826130304.RAW6W18,2025-08-26 13:03:04,Short Range,8,39.64,Light rain
NHB250826131007.RAW6W1B,2025-08-26 13:10:07,Long Range,4,39.99,Light rain
NHB250826131304.RAW6W1F,2025-08-26 13:13:04,Short Range,8,40.46,Moderate rain
NHB250826132008.RAW6W1J,2025-08-26 13:20:08,Long Range,4,39.66,Light rain
NHB250826132303.RAW6W1N,2025-08-26 13:23:03,Short Range,8,39.89,Light rain
NHB250826133008.RAW6W1S,2025-08-26 13:30:08,Long Range,4,38.24,Light rain
NHB250826133303.RAW6W1W,2025-08-26 13:33:03,Short Range,8,38.99,Light rain
NHB250826134007.RAW6W1Z,2025-08-26 13:40:07,Long Range,4,38.46,Light rain
NHB250826134303.RAW6W23,2025-08-26 13:43:03,Short Range,8,38.55,Light rain
NHB250826135007.RAW6W26,2025-08-26 13:50:07,Long Range,4,37.09,Light rain
NHB250826135304.RAW6W2A,2025-08-26 13:53:04,Short Range,8,37.45,Light rain
NHB250826140008.RAW6W2D,2025-08-26 14:00:08,Long Range,4,35.0,Light rain
NHB250826140304.RAW6W2H,2025-08-26 14:03:04,Short Range,8,35.43,Light rain
NHB250826141008.RAW6W2L,2025-08-26 14:10:08,Long Range,4,34.15,Light rain
NHB250826141303.RAW6W2R,2025-08-26 14:13:03,Short Range,8,34.7,Light rain
NHB250826142008.RAW6W2U,2025-08-26 14:20:08,Long Range,4,34.44,Light rain
NHB250826142303.RAW6W2Y,2025-08-26 14:23:03,Short Range,8,33.65,Light rain
NHB250826143008.RAW6W31,2025-08-26 14:30:08,Long Range,4,33.59,Light rain
NHB250826143303.RAW6W35,2025-08-26 14:33:03,Short Range,8,32.95,Light rain
NHB250826144007.RAW6W38,2025-08-26 14:40:07,Long Range,4,32.58,Light rain
NHB250826144304.RAW6W3C,2025-08-26 14:43:04,Short Range,8,31.75,Light rain
NHB250826145008.RAW6W3F,2025-08-26 14:50:08,Long Range,4,31.7,Light rain
NHB250826145303.RAW6W3K,2025-08-26 14:53:03,Short Range,8,30.24,Light rain
NHB250826150007.RAW6W3N,2025-08-26 15:00:07,Long Range,4,31.75,Light rain
NHB250826150304.RAW6W3T,2025-08-26 15:03:04,Short Range,8,30.12,Light rain
NHB250826151007.RAW6W3W,2025-08-26 15:10:07,Long Range,4,31.84,Light rain
NHB250826151303.RAW6W40,2025-08-26 15:13:03,Short Range,8,30.09,Light rain
NHB250826152008.RAW6W43,2025-08-26 15:20:08,Long Range,4,31.91,Light rain
NHB250826152303.RAW6W47,2025-08-26 15:23:03,Short Range,8,29.88,Clear
NHB250826153007.RAW6W4A,2025-08-26 15:30:07,Long Range,4,32.72,Light rain
NHB250826153303.RAW6W4E,2025-08-26 15:33:03,Short Range,8,30.58,Light rain
NHB250826154007.RAW6W4H,2025-08-26 15:40:07,Long Range,4,33.69,Light rain
NHB250826154304.RAW6W4M,2025-08-26 15:43:04,Short Range,8,31.6,Light rain
NHB250826155008.RAW6W4R,2025-08-26 15:50:08,Long Range,4,34.49,Light rain
NHB250826155304.RAW6W4V,2025-08-26 15:53:04,Short Range,8,31.88,Light rain
NHB250826160008.RAW6W4Y,2025-08-26 16:00:08,Long Range,4,35.18,Light rain
NHB250826160304.RAW6W52,2025-08-26 16:03:04,Short Range,8,32.58,Light rain
NHB250826161007.RAW6W55,2025-08-26 16:10:07,Long Range,4,35.79,Light rain
NHB250826161303.RAW6W59,2025-08-26 16:13:03,Short Range,8,31.13,Light rain
NHB250826162008.RAW6W5C,2025-08-26 16:20:08,Long Range,4,35.37,Light rain
NHB250826162305.RAW6W5G,2025-08-26 16:23:05,Short Range,8,29.91,Clear
NHB250826163007.RAW6W5K,2025-08-26 16:30:07,Long Range,4,34.99,Light rain
NHB250826163304.RAW6W5P,2025-08-26 16:33:04,Short Range,8,28.9,Clear
NHB250826164008.RAW6W5T,2025-08-26 16:40:08,Long Range,4,35.42,Light rain
NHB250826164303.RAW6W5X,2025-08-26 16:43:03,Short Range,8,30.01,Light rain
NHB250826165008.RAW6W60,2025-08-26 16:50:08,Long Range,4,35.83,Light rain
NHB250826165304.RAW6W64,2025-08-26 16:53:04,Short Range,8,30.32,Light rain
NHB250826170008.RAW6W67,2025-08-26 17:00:08,Long Range,4,37.03,Light rain
NHB250826170303.RAW6W6B,2025-08-26 17:03:03,Short Range,8,31.1,Light rain
NHB250826171008.RAW6W6E,2025-08-26 17:10:08,Long Range,4,37.75,Light rain
NHB250826171304.RAW6W6J,2025-08-26 17:13:04,Short Range,8,31.93,Light rain
NHB250826172008.RAW6W6M,2025-08-26 17:20:08,Long Range,4,37.94,Light rain
NHB250826172304.RAW6W6S,2025-08-26 17:23:04,Short Range,8,34.19,Light rain
NHB250826173007.RAW6W6V,2025-08-26 17:30:07,Long Range,4,38.25,Light rain
NHB250826173304.RAW6W6Z,2025-08-26 17:33:04,Short Range,8,33.77,Light rain
NHB250826174008.RAW6W72,2025-08-26 17:40:08,Long Range,4,38.28,Light rain
NHB250826174303.RAW6W76,2025-08-26 17:43:03,Short Range,8,34.48,Light rain
NHB250826175007.RAW6W79,2025-08-26 17:50:07,Long Range,4,37.45,Light rain
NHB250826175303.RAW6W7D,2025-08-26 17:53:03,Short Range,8,34.69,Light rain
NHB250826180008.RAW6W7G,2025-08-26 18:00:08,Long Range,4,36.71,Light rain
NHB250826180304.RAW6W7L,2025-08-26 18:03:04,Short Range,8,34.64,Light rain
NHB250826181008.RAW6W7P,2025-08-26 18:10:08,Long Range,4,35.88,Light rain
NHB250826181303.RAW6W7U,2025-08-26 18:13:03,Short Range,8,34.14,Light rain
NHB250826182008.RAW6W7X,2025-08-26 18:20:08,Long Range,4,36.24,Light rain
NHB250826182303.RAW6W81,2025-08-26 18:23:03,Short Range,8,33.83,Light rain
NHB250826183008.RAW6W84,2025-08-26 18:30:08,Long Range,4,36.78,Light rain
NHB250826183303.RAW6W88,2025-08-26 18:33:03,Short Range,8,33.48,Light rain
NHB250826184007.RAW6W8B,2025-08-26 18:40:07,Long Range,4,36.62,Light rain
NHB250826184303.RAW6W8F,2025-08-26 18:43:03,Short Range,8,33.49,Light rain
NHB250826185007.RAW6W8J,2025-08-26 18:50:07,Long Range,4,35.41,Light rain
NHB250826185304.RAW6W8N,2025-08-26 18:53:04,Short Range,8,33.34,Light rain
NHB250826190007.RAW6W8S,2025-08-26 19:00:07,Long Range,4,35.72,Light rain
NHB250826190303.RAW6W8W,2025-08-26 19:03:03,Short Range,8,33.12,Light rain
NHB250826191008.RAW6W8Z,2025-08-26 19:10:08,Long Range,4,34.56,Light rain
NHB250826191304.RAW6W93,2025-08-26 19:13:04,Short Range,8,33.03,Light rain
NHB250826192008.RAW6W96,2025-08-26 19:20:08,Long Range,4,35.25,Light rain
NHB250826192303.RAW6W9A,2025-08-26 19:23:03,Short Range,8,32.43,Light rain
NHB250826193008.RAW6W9D,2025-08-26 19:30:08,Long Range,4,34.45,Light rain
NHB250826193303.RAW6W9H,2025-08-26 19:33:03,Short Range,8,32.22,Light rain
NHB250826194008.RAW6W9L,2025-08-26 19:40:08,Long Range,4,35.2,Light rain
NHB250826194303.RAW6W9R,2025-08-26 19:43:03,Short Range,8,32.95,Light rain
NHB250826195008.RAW6W9U,2025-08-26 19:50:08,Long Range,4,35.61,Light rain
NHB250826195303.RAW6W9Y,2025-08-26 19:53:03,Short Range,8,33.98,Light rain
NHB250826200007.RAW6WA1,2025-08-26 20:00:07,Long Range,4,36.72,Light rain
NHB250826200304.RAW6WA5,2025-08-26 20:03:04,Short Range,8,34.17,Light rain
NHB250826201008.RAW6WA8,2025-08-26 20:10:08,Long Range,4,37.89,Light rain
NHB250826201304.RAW6WAC,2025-08-26 20:13:04,Short Range,8,34.89,Light rain
NHB250826202008.RAW6WAF,2025-08-26 20:20:08,Long Range,4,37.83,Light rain
NHB250826202303.RAW6WAK,2025-08-26 20:23:03,Short Range,8,35.1,Light rain
NHB250826203008.RAW6WAN,2025-08-26 20:30:08,Long Range,4,38.06,Light rain
NHB250826203304.RAW6WAT,2025-08-26 20:33:04,Short Range,8,35.44,Light rain
NHB250826204007.RAW6WAW,2025-08-26 20:40:07,Long Range,4,36.95,Light rain
NHB250826204304.RAW6WB0,2025-08-26 20:43:04,Short Range,8,35.08,Light rain
NHB250826205007.RAW6WB3,2025-08-26 20:50:07,Long Range,4,35.91,Light rain
NHB250826205303.RAW6WB7,2025-08-26 20:53:03,Short Range,8,35.15,Light rain
NHB250826210007.RAW6WBA,2025-08-26 21:00:07,Long Range,4,35.95,Light rain
NHB250826210303.RAW6WBE,2025-08-26 21:03:03,Short Range,8,33.67,Light rain
NHB250826211008.RAW6WBH,2025-08-26 21:10:08,Long Range,4,34.29,Light rain
NHB250826211303.RAW6WBM,2025-08-26 21:13:03,Short Range,8,31.16,Light rain
NHB250826212009.RAW6WBR,2025-08-26 21:20:09,Long Range,4,33.49,Light rain
NHB250826212303.RAW6WBV,2025-08-26 21:23:03,Short Range,8,30.43,Light rain
NHB250826213009.RAW6WBY,2025-08-26 21:30:09,Long Range,4,33.26,Light rain
NHB250826213305.RAW6WC2,2025-08-26 21:33:05,Short Range,8,27.94,Clear
NHB250826214008.RAW6WC5,2025-08-26 21:40:08,Long Range,4,33.73,Light rain
NHB250826214304.RAW6WC9,2025-08-26 21:43:04,Short Range,8,27.69,Clear
NHB250826215007.RAW6WCC,2025-08-26 21:50:07,Long Range,4,31.72,Light rain
NHB250826215304.RAW6WCG,2025-08-26 21:53:04,Short Range,8,26.74,Clear
NHB250826220007.RAW6WCK,2025-08-26 22:00:07,Long Range,4,29.92,Clear
NHB250826220303.RAW6WCP,2025-08-26 22:03:03,Short Range,8,25.53,Clear
NHB250826221009.RAW6WCT,2025-08-26 22:10:09,Long Range,4,30.24,Light rain
NHB250826221303.RAW6WCX,2025-08-26 22:13:03,Short Range,8,25.86,Clear
NHB250826222008.RAW6WD0,2025-08-26 22:20:08,Long Range,4,30.5,Light rain
NHB250826222304.RAW6WD4,2025-08-26 22:23:04,Short Range,8,26.66,Clear
NHB250826223008.RAW6WD7,2025-08-26 22:30:08,Long Range,4,30.56,Light rain
NHB250826223304.RAW6WDB,2025-08-26 22:33:04,Short Range,8,25.3,Clear
NHB250826224007.RAW6WDE,2025-08-26 22:40:07,Long Range,4,30.03,Light rain
NHB250826224303.RAW6WDJ,2025-08-26 22:43:03,Short Range,8,24.1,Clear
NHB250826225008.RAW6WDM,2025-08-26 22:50:08,Long Range,4,31.75,Light rain
NHB250826225303.RAW6WDS,2025-08-26 22:53:03,Short Range,8,27.59,Clear
NHB250826230008.RAW6WDV,2025-08-26 23:00:08,Long Range,4,31.65,Light rain
NHB250826230304.RAW6WDZ,2025-08-26 23:03:04,Short Range,8,27.18,Clear
NHB250826231008.RAW6WE2,2025-08-26 23:10:08,Long Range,4,30.53,Light rain
NHB250826231303.RAW6WE6,2025-08-26 23:13:03,Short Range,8,27.25,Clear
NHB250826232008.RAW6WE9,2025-08-26 23:20:08,Long Range,4,29.55,Clear
NHB250826232303.RAW6WED,2025-08-26 23:23:03,Short Range,8,27.69,Clear
NHB250826233008.RAW6WEG,2025-08-26 23:30:08,Long Range,4,30.57,Light rain
NHB250826233303.RAW6WEL,2025-08-26 23:33:03,Short Range,8,29.26,Clear
NHB250826234007.RAW6WEP,2025-08-26 23:40:07,Long Range,4,30.85,Light rain
NHB250826234303.RAW6WEU,2025-08-26 23:43:03,Short Range,8,29.94,Clear
NHB250826235008.RAW6WEX,2025-08-26 23:50:08,Long Range,4,32.41,Light rain
NHB250826235303.RAW6WF1,2025-08-26 23:53:03,Short Range,8,30.53,Light rain
NHB250827000007.RAW6WF4,2025-08-27 00:00:07,Long Range,4,32.06,Light rain
NHB250827000304.RAW6WF8,2025-08-27 00:03:04,Short Range,8,30.95,Light rain
NHB250827001009.RAW6WFB,2025-08-27 00:10:09,Long Range,4,31.78,Light rain
NHB250827001305.RAW6WFF,2025-08-27 00:13:05,Short Range,8,32.33,Light rain
NHB250827002008.RAW6WFJ,2025-08-27 00:20:08,Long Range,4,31.99,Light rain
NHB250827002304.RAW6WFN,2025-08-27 00:23:04,Short Range,8,31.3,Light rain
NHB250827003008.RAW6WFS,2025-08-27 00:30:08,Long Range,4,31.7,Light rain
NHB250827003303.RAW6WFW,2025-08-27 00:33:03,Short Range,8,31.38,Light rain
NHB250827004007.RAW6WFZ,2025-08-27 00:40:07,Long Range,4,32.54,Light rain
NHB250827004303.RAW6WG3,2025-08-27 00:43:03,Short Range,8,32.53,Light rain
NHB250827005008.RAW6WG6,2025-08-27 00:50:08,Long Range,4,31.1,Light rain
NHB250827005303.RAW6WGA,2025-08-27 00:53:03,Short Range,8,31.07,Light rain
NHB250827010007.RAW6WGD,2025-08-27 01:00:07,Long Range,4,31.66,Light rain
NHB250827010304.RAW6WGH,2025-08-27 01:03:04,Short Range,8,30.74,Light rain
NHB250827011008.RAW6WGL,2025-08-27 01:10:08,Long Range,4,31.4,Light rain
NHB250827011304.RAW6WGR,2025-08-27 01:13:04,Short Range,8,29.33,Clear
NHB250827012009.RAW6WGU,2025-08-27 01:20:09,Long Range,4,30.88,Light rain
NHB250827012303.RAW6WGY,2025-08-27 01:23:03,Short Range,8,29.18,Clear
NHB250827013008.RAW6WH1,2025-08-27 01:30:08,Long Range,4,30.85,Light rain
NHB250827013304.RAW6WH5,2025-08-27 01:33:04,Short Range,8,28.33,Clear
NHB250827014008.RAW6WH8,2025-08-27 01:40:08,Long Range,4,29.57,Clear
NHB250827014304.RAW6WHC,2025-08-27 01:43:04,Short Range,8,28.68,Clear
NHB250827015007.RAW6WHF,2025-08-27 01:50:07,Long Range,4,29.9,Clear
NHB250827015304.RAW6WHK,2025-08-27 01:53:04,Short Range,8,27.86,Clear
NHB250827020008.RAW6WHN,2025-08-27 02:00:08,Long Range,4,30.33,Light rain
NHB250827020303.RAW6WHT,2025-08-27 02:03:03,Short Range,8,27.81,Clear
NHB250827021008.RAW6WHW,2025-08-27 02:10:08,Long Range,4,29.43,Clear
NHB250827021304.RAW6WJ0,2025-08-27 02:13:04,Short Range,8,27.76,Clear
NHB250827022007.RAW6WJ3,2025-08-27 02:20:07,Long Range,4,30.21,Light rain
NHB250827022303.RAW6WJ7,2025-08-27 02:23:03,Short Range,8,28.74,Clear
NHB250827023008.RAW6WJA,2025-08-27 02:30:08,Long Range,4,30.48,Light rain
NHB250827023304.RAW6WJE,2025-08-27 02:33:04,Short Range,8,29.7,Clear
NHB250827024007.RAW6WJH,2025-08-27 02:40:07,Long Range,4,31.22,Light rain
NHB250827024303.RAW6WJM,2025-08-27 02:43:03,Short Range,8,33.61,Light rain
NHB250827025008.RAW6WJR,2025-08-27 02:50:08,Long Range,4,35.66,Light rain
NHB250827025303.RAW6WJV,2025-08-27 02:53:03,Short Range,8,36.31,Light rain
NHB250827030007.RAW6WJY,2025-08-27 03:00:07,Long Range,4,36.11,Light rain
NHB250827030304.RAW6WK2,2025-08-27 03:03:04,Short Range,8,38.99,Light rain
NHB250827031008.RAW6WK5,2025-08-27 03:10:08,Long Range,4,39.39,Light rain
NHB250827031303.RAW6WK9,2025-08-27 03:13:03,Short Range,8,42.45,Moderate rain
NHB250827032008.RAW6WKC,2025-08-27 03:20:08,Long Range,4,41.69,Moderate rain
NHB250827032303.RAW6WKG,2025-08-27 03:23:03,Short Range,8,43.69,Moderate rain
NHB250827033008.RAW6WKK,2025-08-27 03:30:08,Long Range,4,42.63,Moderate rain
NHB250827033303.RAW6WKP,2025-08-27 03:33:03,Short Range,8,45.48,Moderate rain
NHB250827034008.RAW6WKT,2025-08-27 03:40:08,Long Range,4,43.33,Moderate rain
NHB250827034303.RAW6WKX,2025-08-27 03:43:03,Short Range,8,47.26,Moderate rain
NHB250827035007.RAW6WL0,2025-08-27 03:50:07,Long Range,4,44.09,Moderate rain
NHB250827035304.RAW6WL4,2025-08-27 03:53:04,Short Range,8,47.83,Heavy rain
NHB250827040007.RAW6WL7,2025-08-27 04:00:07,Long Range,4,44.72,Moderate rain
NHB250827040303.RAW6WLB,2025-08-27 04:03:03,Short Range,8,47.21,Moderate rain
NHB250827041008.RAW6WLE,2025-08-27 04:10:08,Long Range,4,45.16,Moderate rain
NHB250827041303.RAW6WLJ,2025-08-27 04:13:03,Short Range,8,46.93,Moderate rain
NHB250827042008.RAW6WLM,2025-08-27 04:20:08,Long Range,4,43.24,Moderate rain
NHB250827042304.RAW6WLS,2025-08-27 04:23:04,Short Range,8,45.8,Moderate rain
NHB250827043007.RAW6WLV,2025-08-27 04:30:07,Long Range,4,45.24,Moderate rain
NHB250827043304.RAW6WLZ,2025-08-27 04:33:04,Short Range,8,46.99,Moderate rain
NHB250827044008.RAW6WM2,2025-08-27 04:40:08,Long Range,4,43.65,Moderate rain
NHB250827044304.RAW6WM6,2025-08-27 04:43:04,Short Range,8,44.59,Moderate rain
NHB250827045008.RAW6WM9,2025-08-27 04:50:08,Long Range,4,42.14,Moderate rain
NHB250827045304.RAW6WMD,2025-08-27 04:53:04,Short Range,8,43.78,Moderate rain
NHB250827050008.RAW6WMG,2025-08-27 05:00:08,Long Range,4,42.41,Moderate rain
NHB250827050303.RAW6WML,2025-08-27 05:03:03,Short Range,8,42.84,Moderate rain
NHB250827051008.RAW6WMP,2025-08-27 05:10:08,Long Range,4,41.75,Moderate rain
NHB250827051304.RAW6WMU,2025-08-27 05:13:04,Short Range,8,41.97,Moderate rain
NHB250827052009.RAW6WMX,2025-08-27 05:20:09,Long Range,4,40.98,Moderate rain
NHB250827052303.RAW6WN1,2025-08-27 05:23:03,Short Range,8,41.84,Moderate rain
NHB250827053007.RAW6WN4,2025-08-27 05:30:07,Long Range,4,42.62,Moderate rain
NHB250827053304.RAW6WN8,2025-08-27 05:33:04,Short Range,8,43.26,Moderate rain
NHB250827054008.RAW6WNB,2025-08-27 05:40:08,Long Range,4,43.7,Moderate rain
NHB250827054303.RAW6WNF,2025-08-27 05:43:03,Short Range,8,44.66,Moderate rain
NHB250827055008.RAW6WNJ,2025-08-27 05:50:08,Long Range,4,45.34,Moderate rain
NHB250827055303.RAW6WNN,2025-08-27 05:53:03,Short Range,8,46.79,Moderate rain
NHB250827060008.RAW6WNS,2025-08-27 06:00:08,Long Range,4,45.44,Moderate rain
NHB250827060303.RAW6WNW,2025-08-27 06:03:03,Short Range,8,49.56,Heavy rain
NHB250827061008.RAW6WNZ,2025-08-27 06:10:08,Long Range,4,47.37,Moderate rain
NHB250827061303.RAW6WP3,2025-08-27 06:13:03,Short Range,8,49.76,Heavy rain
NHB250827062007.RAW6WP6,2025-08-27 06:20:07,Long Range,4,47.06,Moderate rain
NHB250827062305.RAW6WPA,2025-08-27 06:23:05,Short Range,8,50.74,Heavy rain
NHB250827063007.RAW6WPD,2025-08-27 06:30:07,Long Range,4,48.71,Heavy rain
NHB250827063304.RAW6WPH,2025-08-27 06:33:04,Short Range,8,51.08,Heavy rain
NHB250827064008.RAW6WPL,2025-08-27 06:40:08,Long Range,4,48.31,Heavy rain
NHB250827064304.RAW6WPR,2025-08-27 06:43:04,Short Range,8,51.02,Heavy rain
NHB250827065008.RAW6WPU,2025-08-27 06:50:08,Long Range,4,49.56,Heavy rain
NHB250827065304.RAW6WPY,2025-08-27 06:53:04,Short Range,8,51.98,Heavy rain
NHB250827070009.RAW6WR1,2025-08-27 07:00:09,Long Range,4,49.58,Heavy rain
NHB250827070304.RAW6WR5,2025-08-27 07:03:04,Short Range,8,51.72,Heavy rain
NHB250827071007.RAW6WR8,2025-08-27 07:10:07,Long Range,4,49.24,Heavy rain
NHB250827071303.RAW6WRC,2025-08-27 07:13:03,Short Range,8,52.09,Heavy rain
NHB250827072008.RAW6WRF,2025-08-27 07:20:08,Long Range,4,50.04,Heavy rain
NHB250827072303.RAW6WRK,2025-08-27 07:23:03,Short Range,8,52.33,Heavy rain
NHB250827073008.RAW6WRN,2025-08-27 07:30:08,Long Range,4,50.7,Heavy rain
NHB250827073304.RAW6WRT,2025-08-27 07:33:04,Short Range,8,53.18,Heavy rain
NHB250827074008.RAW6WRW,2025-08-27 07:40:08,Long Range,4,51.22,Heavy rain
NHB250827074303.RAW6WS0,2025-08-27 07:43:03,Short Range,8,53.6,Heavy rain
NHB250827075008.RAW6WS3,2025-08-27 07:50:08,Long Range,4,50.92,Heavy rain
NHB250827075304.RAW6WS7,2025-08-27 07:53:04,Short Range,8,54.13,Heavy rain
NHB250827080008.RAW6WSA,2025-08-27 08:00:08,Long Range,4,50.31,Heavy rain
NHB250827080304.RAW6WSE,2025-08-27 08:03:04,Short Range,8,53.51,Heavy rain
NHB250827081007.RAW6WSH,2025-08-27 08:10:07,Long Range,4,50.11,Heavy rain
NHB250827081304.RAW6WSM,2025-08-27 08:13:04,Short Range,8,53.63,Heavy rain
NHB250827082008.RAW6WSR,2025-08-27 08:20:08,Long Range,4,49.57,Heavy rain
NHB250827082303.RAW6WSV,2025-08-27 08:23:03,Short Range,8,52.1,Heavy rain
NHB250827083008.RAW6WSY,2025-08-27 08:30:08,Long Range,4,49.75,Heavy rain
NHB250827083304.RAW6WT2,2025-08-27 08:33:04,Short Range,8,51.92,Heavy rain
NHB250827084007.RAW6WT5,2025-08-27 08:40:07,Long Range,4,49.93,Heavy rain
NHB250827084304.RAW6WT9,2025-08-27 08:43:04,Short Range,8,53.34,Heavy rain
NHB250827085008.RAW6WTC,2025-08-27 08:50:08,Long Range,4,50.35,Heavy rain
NHB250827085303.RAW6WTG,2025-08-27 08:53:03,Short Range,8,53.15,Heavy rain
NHB250827090008.RAW6WTK,2025-08-27 09:00:08,Long Range,4,50.3,Heavy rain
NHB250827090304.RAW6WTP,2025-08-27 09:03:04,Short Range,8,54.48,Heavy rain
NHB250827091008.RAW6WTT,2025-08-27 09:10:08,Long Range,4,50.83,Heavy rain
NHB250827091303.RAW6WTX,2025-08-27 09:13:03,Short Range,8,53.15,Heavy rain
NHB250827092008.RAW6WU0,2025-08-27 09:20:08,Long Range,4,47.67,Heavy rain
NHB250827092304.RAW6WU4,2025-08-27 09:23:04,Short Range,8,48.45,Heavy rain
NHB250827093008.RAW6WU7,2025-08-27 09:30:08,Long Range,4,48.18,Heavy rain
NHB250827093303.RAW6WUB,2025-08-27 09:33:03,Short Range,8,50.01,Heavy rain
NHB250827094009.RAW6WUE,2025-08-27 09:40:09,Long Range,4,48.95,Heavy rain
NHB250827094304.RAW6WUJ,2025-08-27 09:43:04,Short Range,8,49.98,Heavy rain
NHB250827095007.RAW6WUM,2025-08-27 09:50:07,Long Range,4,49.22,Heavy rain
NHB250827095304.RAW6WUS,2025-08-27 09:53:04,Short Range,8,49.77,Heavy rain
NHB250827100009.RAW6WUV,2025-08-27 10:00:09,Long Range,4,48.65,Heavy rain
NHB250827100304.RAW6WUZ,2025-08-27 10:03:04,Short Range,8,48.7,Heavy rain
NHB250827101007.RAW6WV2,2025-08-27 10:10:07,Long Range,4,47.22,Moderate rain
NHB250827101303.RAW6WV6,2025-08-27 10:13:03,Short Range,8,47.13,Moderate rain
NHB250827102008.RAW6WV9,2025-08-27 10:20:08,Long Range,4,46.43,Moderate rain
NHB250827102303.RAW6WVD,2025-08-27 10:23:03,Short Range,8,46.2,Moderate rain
NHB250827103009.RAW6WVG,2025-08-27 10:30:09,Long Range,4,45.77,Moderate rain
NHB250827103303.RAW6WVL,2025-08-27 10:33:03,Short Range,8,46.04,Moderate rain
NHB250827104008.RAW6WVP,2025-08-27 10:40:08,Long Range,4,45.5,Moderate rain
NHB250827104305.RAW6WVU,2025-08-27 10:43:05,Short Range,8,44.69,Moderate rain
NHB250827105008.RAW6WVX,2025-08-27 10:50:08,Long Range,4,44.1,Moderate rain
NHB250827105303.RAW6WW1,2025-08-27 10:53:03,Short Range,8,42.97,Moderate rain
NHB250827110007.RAW6WW4,2025-08-27 11:00:07,Long Range,4,43.31,Moderate rain
NHB250827110303.RAW6WW8,2025-08-27 11:03:03,Short Range,8,41.25,Moderate rain
NHB250827111008.RAW6WWB,2025-08-27 11:10:08,Long Range,4,42.54,Moderate rain
NHB250827111303.RAW6WWF,2025-08-27 11:13:03,Short Range,8,40.2,Moderate rain
NHB250827112008.RAW6WWJ,2025-08-27 11:20:08,Long Range,4,42.99,Moderate rain
NHB250827112304.RAW6WWN,2025-08-27 11:23:04,Short Range,8,39.94,Light rain
NHB250827113007.RAW6WWS,2025-08-27 11:30:07,Long Range,4,43.05,Moderate rain
NHB250827113303.RAW6WWW,2025-08-27 11:33:03,Short Range,8,40.5,Moderate rain
NHB250827114007.RAW6WWZ,2025-08-27 11:40:07,Long Range,4,42.73,Moderate rain
NHB250827114303.RAW6WX3,2025-08-27 11:43:03,Short Range,8,41.03,Moderate rain
NHB250827115007.RAW6WX6,2025-08-27 11:50:07,Long Range,4,42.69,Moderate rain
NHB250827115303.RAW6WXA,2025-08-27 11:53:03,Short Range,8,41.83,Moderate rain
NHB250827120008.RAW6WXD,2025-08-27 12:00:08,Long Range,4,41.72,Moderate rain
NHB250827120303.RAW6WXH,2025-08-27 12:03:03,Short Range,8,41.15,Moderate rain
NHB250827121009.RAW6WXL,2025-08-27 12:10:09,Long Range,4,42.21,Moderate rain
NHB250827121303.RAW6WXR,2025-08-27 12:13:03,Short Range,8,40.93,Moderate rain
NHB250827122007.RAW6WXU,2025-08-27 12:20:07,Long Range,4,43.35,Moderate rain
NHB250827122303.RAW6WXY,2025-08-27 12:23:03,Short Range,8,40.93,Moderate rain
NHB250827123008.RAW6WY1,2025-08-27 12:30:08,Long Range,4,43.29,Moderate rain
NHB250827123304.RAW6WY5,2025-08-27 12:33:04,Short Range,8,40.77,Moderate rain
NHB250827124008.RAW6WY8,2025-08-27 12:40:08,Long Range,4,43.71,Moderate rain
NHB250827124303.RAW6WYC,2025-08-27 12:43:03,Short Range,8,41.43,Moderate rain
NHB250827125008.RAW6WYF,2025-08-27 12:50:08,Long Range,4,44.53,Moderate rain
NHB250827125303.RAW6WYK,2025-08-27 12:53:03,Short Range,8,42.74,Moderate rain
NHB250827130007.RAW6WYN,2025-08-27 13:00:07,Long Range,4,44.79,Moderate rain
NHB250827130303.RAW6WYT,2025-08-27 13:03:03,Short Range,8,43.64,Moderate rain
NHB250827131007.RAW6WYW,2025-08-27 13:10:07,Long Range,4,46.63,Moderate rain
NHB250827131303.RAW6WZ0,2025-08-27 13:13:03,Short Range,8,45.96,Moderate rain
NHB250827132008.RAW6WZ3,2025-08-27 13:20:08,Long Range,4,46.68,Moderate rain
NHB250827132305.RAW6WZ7,2025-08-27 13:23:05,Short Range,8,46.98,Moderate rain
NHB250827133008.RAW6WZA,2025-08-27 13:30:08,Long Range,4,47.75,Heavy rain
NHB250827133303.RAW6WZE,2025-08-27 13:33:03,Short Range,8,48.86,Heavy rain
NHB250827134008.RAW6WZH,2025-08-27 13:40:08,Long Range,4,47.11,Moderate rain
NHB250827134303.RAW6WZM,2025-08-27 13:43:03,Short Range,8,48.23,Heavy rain
NHB250827135007.RAW6WZR,2025-08-27 13:50:07,Long Range,4,46.07,Moderate rain
NHB250827135304.RAW6WZV,2025-08-27 13:53:04,Short Range,8,48.2,Heavy rain
NHB250827140008.RAW6WZY,2025-08-27 14:00:08,Long Range,4,45.6,Moderate rain
NHB250827140304.RAW6X02,2025-08-27 14:03:04,Short Range,8,48.46,Heavy rain
NHB250827141008.RAW6X05,2025-08-27 14:10:08,Long Range,4,45.68,Moderate rain
NHB250827141305.RAW6X09,2025-08-27 14:13:05,Short Range,8,48.93,Heavy rain
NHB250827142008.RAW6X0C,2025-08-27 14:20:08,Long Range,4,46.38,Moderate rain
NHB250827142303.RAW6X0G,2025-08-27 14:23:03,Short Range,8,50.56,Heavy rain
NHB250827143008.RAW6X0K,2025-08-27 14:30:08,Long Range,4,46.71,Moderate rain
NHB250827143303.RAW6X0P,2025-08-27 14:33:03,Short Range,8,49.15,Heavy rain
NHB250827144007.RAW6X0T,2025-08-27 14:40:07,Long Range,4,45.42,Moderate rain
NHB250827144304.RAW6X0X,2025-08-27 14:43:04,Short Range,8,48.37,Heavy rain
NHB250827145007.RAW6X10,2025-08-27 14:50:07,Long Range,4,45.65,Moderate rain
NHB250827145303.RAW6X14,2025-08-27 14:53:03,Short Range,8,47.24,Moderate rain
NHB250827150007.RAW6X17,2025-08-27 15:00:07,Long Range,4,45.17,Moderate rain
NHB250827150303.RAW6X1B,2025-08-27 15:03:03,Short Range,8,46.74,Moderate rain
NHB250827151008.RAW6X1E,2025-08-27 15:10:08,Long Range,4,44.8,Moderate rain
NHB250827151304.RAW6X1J,2025-08-27 15:13:04,Short Range,8,44.88,Moderate rain
NHB250827152008.RAW6X1M,2025-08-27 15:20:08,Long Range,4,43.76,Moderate rain
NHB250827152303.RAW6X1S,2025-08-27 15:23:03,Short Range,8,43.03,Moderate rain
NHB250827153007.RAW6X1V,2025-08-27 15:30:07,Long Range,4,42.37,Moderate rain
NHB250827153304.RAW6X1Z,2025-08-27 15:33:04,Short Range,8,41.45,Moderate rain
NHB250827154007.RAW6X22,2025-08-27 15:40:07,Long Range,4,41.91,Moderate rain
NHB250827154304.RAW6X26,2025-08-27 15:43:04,Short Range,8,41.87,Moderate rain
NHB250827155007.RAW6X29,2025-08-27 15:50:07,Long Range,4,41.75,Moderate rain
NHB250827155303.RAW6X2D,2025-08-27 15:53:03,Short Range,8,41.34,Moderate rain
NHB250827160008.RAW6X2G,2025-08-27 16:00:08,Long Range,4,40.44,Moderate rain
NHB250827160303.RAW6X2L,2025-08-27 16:03:03,Short Range,8,40.35,Moderate rain
NHB250827161008.RAW6X2P,2025-08-27 16:10:08,Long Range,4,39.97,Light rain
NHB250827161304.RAW6X2U,2025-08-27 16:13:04,Short Range,8,39.84,Light rain
NHB250827162008.RAW6X2X,2025-08-27 16:20:08,Long Range,4,38.43,Light rain
NHB250827162303.RAW6X31,2025-08-27 16:23:03,Short Range,8,38.36,Light rain
NHB250827163008.RAW6X34,2025-08-27 16:30:08,Long Range,4,38.42,Light rain
NHB250827163303.RAW6X38,2025-08-27 16:33:03,Short Range,8,39.35,Light rain
NHB250827164007.RAW6X3B,2025-08-27 16:40:07,Long Range,4,38.16,Light rain
NHB250827164304.RAW6X3F,2025-08-27 16:43:04,Short Range,8,38.46,Light rain
NHB250827165008.RAW6X3J,2025-08-27 16:50:08,Long Range,4,37.47,Light rain
NHB250827165304.RAW6X3N,2025-08-27 16:53:04,Short Range,8,37.69,Light rain
NHB250827170008.RAW6X3S,2025-08-27 17:00:08,Long Range,4,37.87,Light rain
NHB250827170303.RAW6X3W,2025-08-27 17:03:03,Short Range,8,36.09,Light rain
NHB250827171008.RAW6X3Z,2025-08-27 17:10:08,Long Range,4,37.02,Light rain
NHB250827171304.RAW6X43,2025-08-27 17:13:04,Short Range,8,34.54,Light rain
NHB250827172008.RAW6X46,2025-08-27 17:20:08,Long Range,4,37.23,Light rain
NHB250827172304.RAW6X4A,2025-08-27 17:23:04,Short Range,8,33.4,Light rain
NHB250827173007.RAW6X4D,2025-08-27 17:30:07,Long Range,4,37.09,Light rain
NHB250827173304.RAW6X4H,2025-08-27 17:33:04,Short Range,8,32.28,Light rain
NHB250827174008.RAW6X4L,2025-08-27 17:40:08,Long Range,4,36.94,Light rain
NHB250827174303.RAW6X4R,2025-08-27 17:43:03,Short Range,8,31.45,Light rain
NHB250827175008.RAW6X4U,2025-08-27 17:50:08,Long Range,4,36.5,Light rain
NHB250827175304.RAW6X4Y,2025-08-27 17:53:04,Short Range,8,30.25,Light rain
NHB250827180009.RAW6X51,2025-08-27 18:00:09,Long Range,4,36.53,Light rain
NHB250827180304.RAW6X55,2025-08-27 18:03:04,Short Range,8,29.04,Clear
NHB250827181008.RAWCX47,2025-08-27 18:10:08,Long Range,4,36.34,Light rain
NHB250827181304.RAWCX43,2025-08-27 18:13:04,Short Range,8,29.08,Clear
NHB250827182007.RAWCX46,2025-08-27 18:20:07,Long Range,4,35.7,Light rain
NHB250827182303.RAWCX36,2025-08-27 18:23:03,Short Range,8,27.96,Clear
NHB250827183007.RAWCX37,2025-08-27 18:30:07,Long Range,4,35.85,Light rain
NHB250827183305.RAWCX38,2025-08-27 18:33:05,Short Range,8,28.49,Clear
NHB250827184008.RAWCX39,2025-08-27 18:40:08,Long Range,4,35.39,Light rain
NHB250827184303.RAWCX3A,2025-08-27 18:43:03,Short Range,8,29.28,Clear
NHB250827185007.RAWCX3B,2025-08-27 18:50:07,Long Range,4,36.22,Light rain
NHB250827185304.RAWCX3E,2025-08-27 18:53:04,Short Range,8,28.15,Clear
NHB250827190007.RAWCX3W,2025-08-27 19:00:07,Long Range,4,34.95,Light rain
NHB250827190303.RAWCX40,2025-08-27 19:03:03,Short Range,8,28.46,Clear
NHB250827191007.RAWCX44,2025-08-27 19:10:07,Long Range,4,33.97,Light rain
NHB250827191303.RAWCX4A,2025-08-27 19:13:03,Short Range,8,30.13,Light rain
NHB250827192008.RAWCX4D,2025-08-27 19:20:08,Long Range,4,32.69,Light rain
NHB250827192303.RAWCX4H,2025-08-27 19:23:03,Short Range,8,27.01,Clear
NHB250827193009.RAWCX4L,2025-08-27 19:30:09,Long Range,4,32.47,Light rain
NHB250827193303.RAWCX4R,2025-08-27 19:33:03,Short Range,8,25.8,Clear
NHB250827194008.RAWCX4U,2025-08-27 19:40:08,Long Range,4,33.54,Light rain
NHB250827194304.RAWCX4Y,2025-08-27 19:43:04,Short Range,8,25.76,Clear
NHB250827195008.RAWCX51,2025-08-27 19:50:08,Long Range,4,32.55,Light rain
NHB250827195303.RAWCX55,2025-08-27 19:53:03,Short Range,8,24.82,Clear
NHB250827200008.RAWCX58,2025-08-27 20:00:08,Long Range,4,33.02,Light rain
NHB250827200304.RAWCX5C,2025-08-27 20:03:04,Short Range,8,24.62,Clear
NHB250827201008.RAWCX5F,2025-08-27 20:10:08,Long Range,4,33.94,Light rain
NHB250827201305.RAWCX5K,2025-08-27 20:13:05,Short Range,8,24.43,Clear
NHB250827202008.RAWCX5N,2025-08-27 20:20:08,Long Range,4,33.72,Light rain
NHB250827202303.RAWCX5T,2025-08-27 20:23:03,Short Range,8,24.05,Clear
NHB250827203008.RAWCX5W,2025-08-27 20:30:08,Long Range,4,34.99,Light rain
NHB250827203304.RAWCX60,2025-08-27 20:33:04,Short Range,8,24.33,Clear
NHB250827204008.RAWCX63,2025-08-27 20:40:08,Long Range,4,34.96,Light rain
NHB250827204303.RAWCX67,2025-08-27 20:43:03,Short Range,8,24.85,Clear
NHB250827205008.RAWCX6A,2025-08-27 20:50:08,Long Range,4,33.25,Light rain
NHB250827205304.RAWCX6E,2025-08-27 20:53:04,Short Range,8,22.8,Clear
NHB250827210007.RAWCX6H,2025-08-27 21:00:07,Long Range,4,30.71,Light rain
NHB250827210304.RAWCX6M,2025-08-27 21:03:04,Short Range,8,22.27,Clear
NHB250827211008.RAWCX6R,2025-08-27 21:10:08,Long Range,4,29.65,Clear
NHB250827211304.RAWCX6V,2025-08-27 21:13:04,Short Range,8,21.63,Clear
NHB250827212008.RAWCX6Y,2025-08-27 21:20:08,Long Range,4,27.45,Clear
NHB250827212303.RAWCX72,2025-08-27 21:23:03,Short Range,8,21.37,Clear
NHB250827213008.RAWCX75,2025-08-27 21:30:08,Long Range,4,26.42,Clear
NHB250827213304.RAWCX79,2025-08-27 21:33:04,Short Range,8,21.99,Clear
NHB250827214008.RAWCX7C,2025-08-27 21:40:08,Long Range,4,25.27,Clear
NHB250827214303.RAWCX7G,2025-08-27 21:43:03,Short Range,8,21.5,Clear
NHB250827215008.RAWCX7K,2025-08-27 21:50:08,Long Range,4,24.77,Clear
NHB250827215303.RAWCX7P,2025-08-27 21:53:03,Short Range,8,21.49,Clear
NHB250827220009.RAWCX7T,2025-08-27 22:00:09,Long Range,4,24.7,Clear
NHB250827220304.RAWCX7X,2025-08-27 22:03:04,Short Range,8,21.58,Clear
NHB250827221007.RAWCX80,2025-08-27 22:10:07,Long Range,4,28.06,Clear
NHB250827221303.RAWCX84,2025-08-27 22:13:03,Short Range,8,22.96,Clear
NHB250827222007.RAWCX87,2025-08-27 22:20:07,Long Range,4,26.99,Clear
NHB250827222303.RAWCX8B,2025-08-27 22:23:03,Short Range,8,24.13,Clear
NHB250827223008.RAWCX8E,2025-08-27 22:30:08,Long Range,4,25.47,Clear
NHB250827223303.RAWCX8J,2025-08-27 22:33:03,Short Range,8,23.61,Clear
NHB250827224008.RAWCX8M,2025-08-27 22:40:08,Long Range,4,25.86,Clear
NHB250827224303.RAWCX8S,2025-08-27 22:43:03,Short Range,8,22.71,Clear
NHB250827225008.RAWCX8V,2025-08-27 22:50:08,Long Range,4,26.19,Clear
NHB250827225304.RAWCX8Z,2025-08-27 22:53:04,Short Range,8,23.0,Clear
NHB250827230008.RAWCX92,2025-08-27 23:00:08,Long Range,4,26.85,Clear
NHB250827230304.RAWCX96,2025-08-27 23:03:04,Short Range,8,22.83,Clear
NHB250827231008.RAWCX99,2025-08-27 23:10:08,Long Range,4,26.24,Clear
NHB250827231303.RAWCX9D,2025-08-27 23:13:03,Short Range,8,21.67,Clear
NHB250827232008.RAWCX9G,2025-08-27 23:20:08,Long Range,4,27.91,Clear
NHB250827232303.RAWCX9L,2025-08-27 23:23:03,Short Range,8,22.14,Clear
NHB250827233008.RAWCX9P,2025-08-27 23:30:08,Long Range,4,28.19,Clear
NHB250827233303.RAWCX9U,2025-08-27 23:33:03,Short Range,8,21.88,Clear
NHB250827234008.RAWCX9X,2025-08-27 23:40:08,Long Range,4,31.03,Light rain
NHB250827234304.RAWCXA1,2025-08-27 23:43:04,Short Range,8,25.17,Clear
NHB250827235007.RAWCXA4,2025-08-27 23:50:07,Long Range,4,31.75,Light rain
NHB250827235303.RAWCXA8,2025-08-27 23:53:03,Short Range,8,26.87,Clear
NHB250828000008.RAWCXAB,2025-08-28 00:00:08,Long Range,4,31.58,Light rain
NHB250828000304.RAWCXAF,2025-08-28 00:03:04,Short Range,8,27.17,Clear
NHB250828001007.RAWCXAJ,2025-08-28 00:10:07,Long Range,4,31.62,Light rain
NHB250828001304.RAWCXAN,2025-08-28 00:13:04,Short Range,8,26.7,Clear
NHB250828002008.RAWCXAS,2025-08-28 00:20:08,Long Range,4,30.38,Light rain
NHB250828002303.RAWCXAW,2025-08-28 00:23:03,Short Range,8,28.78,Clear
NHB250828003008.RAWCXAZ,2025-08-28 00:30:08,Long Range,4,30.5,Light rain
NHB250828003303.RAWCXB3,2025-08-28 00:33:03,Short Range,8,28.79,Clear
NHB250828004008.RAWCXB6,2025-08-28 00:40:08,Long Range,4,32.01,Light rain
NHB250828004303.RAWCXBA,2025-08-28 00:43:03,Short Range,8,29.64,Clear
NHB250828005007.RAWCXBD,2025-08-28 00:50:07,Long Range,4,33.82,Light rain
NHB250828005303.RAWCXBH,2025-08-28 00:53:03,Short Range,8,30.36,Light rain
NHB250828010007.RAWCXBL,2025-08-28 01:00:07,Long Range,4,33.34,Light rain
NHB250828010303.RAWCXBR,2025-08-28 01:03:03,Short Range,8,31.52,Light rain
NHB250828011007.RAWCXBU,2025-08-28 01:10:07,Long Range,4,32.79,Light rain
NHB250828011303.RAWCXBY,2025-08-28 01:13:03,Short Range,8,30.84,Light rain
NHB250828012007.RAWCXC1,2025-08-28 01:20:07,Long Range,4,33.46,Light rain
NHB250828012304.RAWCXC5,2025-08-28 01:23:04,Short Range,8,31.09,Light rain
NHB250828013008.RAWCXC8,2025-08-28 01:30:08,Long Range,4,35.72,Light rain
NHB250828013303.RAWCXCC,2025-08-28 01:33:03,Short Range,8,30.27,Light rain
NHB250828014007.RAWCXCF,2025-08-28 01:40:07,Long Range,4,34.44,Light rain
NHB250828014303.RAWCXCK,2025-08-28 01:43:03,Short Range,8,30.4,Light rain
NHB250828015008.RAWCXCN,2025-08-28 01:50:08,Long Range,4,35.22,Light rain
NHB250828015303.RAWCXCT,2025-08-28 01:53:03,Short Range,8,30.31,Light rain
NHB250828020008.RAWCXCW,2025-08-28 02:00:08,Long Range,4,34.59,Light rain
NHB250828020303.RAWCXD0,2025-08-28 02:03:03,Short Range,8,30.89,Light rain
NHB250828021007.RAWCXD3,2025-08-28 02:10:07,Long Range,4,31.49,Light rain
NHB250828021304.RAWCXD7,2025-08-28 02:13:04,Short Range,8,29.38,Clear
NHB250828022007.RAWCXDA,2025-08-28 02:20:07,Long Range,4,30.6,Light rain
NHB250828022303.RAWCXDE,2025-08-28 02:23:03,Short Range,8,27.33,Clear
NHB250828023008.RAWCXDH,2025-08-28 02:30:08,Long Range,4,29.19,Clear
NHB250828023304.RAWCXDM,2025-08-28 02:33:04,Short Range,8,28.22,Clear
NHB250828024007.RAWCXDR,2025-08-28 02:40:07,Long Range,4,29.85,Clear
NHB250828024303.RAWCXDV,2025-08-28 02:43:03,Short Range,8,28.19,Clear
NHB250828025007.RAWCXDY,2025-08-28 02:50:07,Long Range,4,29.49,Clear
NHB250828025303.RAWCXE2,2025-08-28 02:53:03,Short Range,8,27.15,Clear
NHB250828030008.RAWCXE5,2025-08-28 03:00:08,Long Range,4,30.01,Light rain
NHB250828030304.RAWCXE9,2025-08-28 03:03:04,Short Range,8,28.06,Clear
NHB250828031008.RAWCXEC,2025-08-28 03:10:08,Long Range,4,30.41,Light rain
NHB250828031304.RAWCXEG,2025-08-28 03:13:04,Short Range,8,28.99,Clear
NHB250828032008.RAWCXEK,2025-08-28 03:20:08,Long Range,4,30.57,Light rain
NHB250828032303.RAWCXEP,2025-08-28 03:23:03,Short Range,8,27.77,Clear
NHB250828033008.RAWCXET,2025-08-28 03:30:08,Long Range,4,29.91,Clear
NHB250828033303.RAWCXEX,2025-08-28 03:33:03,Short Range,8,28.65,Clear
NHB250828034008.RAWCXF0,2025-08-28 03:40:08,Long Range,4,31.07,Light rain
NHB250828034303.RAWCXF4,2025-08-28 03:43:03,Short Range,8,28.86,Clear
NHB250828035008.RAWCXF7,2025-08-28 03:50:08,Long Range,4,32.35,Light rain
NHB250828035304.RAWCXFB,2025-08-28 03:53:04,Short Range,8,30.54,Light rain
NHB250828040008.RAWCXFE,2025-08-28 04:00:08,Long Range,4,33.34,Light rain
NHB250828040303.RAWCXFJ,2025-08-28 04:03:03,Short Range,8,32.82,Light rain
NHB250828041008.RAWCXFM,2025-08-28 04:10:08,Long Range,4,33.56,Light rain
NHB250828041303.RAWCXFS,2025-08-28 04:13:03,Short Range,8,31.64,Light rain
NHB250828042007.RAWCXFV,2025-08-28 04:20:07,Long Range,4,31.31,Light rain
NHB250828042303.RAWCXFZ,2025-08-28 04:23:03,Short Range,8,31.84,Light rain
NHB250828043008.RAWCXG2,2025-08-28 04:30:08,Long Range,4,36.0,Light rain
NHB250828043303.RAWCXG6,2025-08-28 04:33:03,Short Range,8,33.01,Light rain
NHB250828044008.RAWCXG9,2025-08-28 04:40:08,Long Range,4,36.32,Light rain
NHB250828044304.RAWCXGD,2025-08-28 04:43:04,Short Range,8,34.18,Light rain
NHB250828045008.RAWCXGG,2025-08-28 04:50:08,Long Range,4,36.31,Light rain
NHB250828045304.RAWCXGL,2025-08-28 04:53:04,Short Range,8,33.31,Light rain
NHB250828050008.RAWCXGP,2025-08-28 05:00:08,Long Range,4,34.46,Light rain
NHB250828050304.RAWCXGU,2025-08-28 05:03:04,Short Range,8,32.67,Light rain
NHB250828051007.RAWCXGX,2025-08-28 05:10:07,Long Range,4,38.19,Light rain
NHB250828051303.RAWCXH1,2025-08-28 05:13:03,Short Range,8,34.34,Light rain
NHB250828052007.RAWCXH4,2025-08-28 05:20:07,Long Range,4,34.88,Light rain
NHB250828052304.RAWCXH8,2025-08-28 05:23:04,Short Range,8,31.83,Light rain
NHB250828053007.RAWCXHB,2025-08-28 05:30:07,Long Range,4,34.8,Light rain
NHB250828053304.RAWCXHF,2025-08-28 05:33:04,Short Range,8,30.58,Light rain
NHB250828054007.RAWCXHJ,2025-08-28 05:40:07,Long Range,4,34.66,Light rain
NHB250828054303.RAWCXHN,2025-08-28 05:43:03,Short Range,8,28.74,Clear
NHB250828055007.RAWCXHS,2025-08-28 05:50:07,Long Range,4,35.71,Light rain
NHB250828055304.RAWCXHW,2025-08-28 05:53:04,Short Range,8,30.1,Light rain
NHB250828060009.RAWCXHZ,2025-08-28 06:00:09,Long Range,4,37.44,Light rain
NHB250828060304.RAWCXJ3,2025-08-28 06:03:04,Short Range,8,29.95,Clear
NHB250828061008.RAWCXJ6,2025-08-28 06:10:08,Long Range,4,38.8,Light rain
NHB250828061304.RAWCXJA,2025-08-28 06:13:04,Short Range,8,29.55,Clear
NHB250828062008.RAWCXJD,2025-08-28 06:20:08,Long Range,4,38.97,Light rain
NHB250828062304.RAWCXJH,2025-08-28 06:23:04,Short Range,8,30.42,Light rain
NHB250828063007.RAWCXJL,2025-08-28 06:30:07,Long Range,4,39.68,Light rain
NHB250828063304.RAWCXJR,2025-08-28 06:33:04,Short Range,8,31.72,Light rain
NHB250828064008.RAWCXJU,2025-08-28 06:40:08,Long Range,4,38.94,Light rain
NHB250828064303.RAWCXJY,2025-08-28 06:43:03,Short Range,8,31.6,Light rain
NHB250828065009.RAWCXK1,2025-08-28 06:50:09,Long Range,4,39.93,Light rain
NHB250828065304.RAWCXK5,2025-08-28 06:53:04,Short Range,8,30.68,Light rain
NHB250828070007.RAWCXK8,2025-08-28 07:00:07,Long Range,4,40.94,Moderate rain
NHB250828070303.RAWCXKC,2025-08-28 07:03:03,Short Range,8,30.74,Light rain
NHB250828071008.RAWCXKF,2025-08-28 07:10:08,Long Range,4,41.2,Moderate rain
NHB250828071303.RAWCXKK,2025-08-28 07:13:03,Short Range,8,33.48,Light rain
NHB250828072008.RAWCXKN,2025-08-28 07:20:08,Long Range,4,42.22,Moderate rain
NHB250828072304.RAWCXKT,2025-08-28 07:23:04,Short Range,8,34.62,Light rain
NHB250828073008.RAWCXKW,2025-08-28 07:30:08,Long Range,4,43.64,Moderate rain
NHB250828073304.RAWCXL0,2025-08-28 07:33:04,Short Range,8,35.79,Light rain
NHB250828074007.RAWCXL3,2025-08-28 07:40:07,Long Range,4,43.04,Moderate rain
NHB250828074304.RAWCXL7,2025-08-28 07:43:04,Short Range,8,38.72,Light rain
NHB250828075008.RAWCXLA,2025-08-28 07:50:08,Long Range,4,44.84,Moderate rain
NHB250828075304.RAWCXLE,2025-08-28 07:53:04,Short Range,8,41.98,Moderate rain
NHB250828080007.RAWCXLH,2025-08-28 08:00:07,Long Range,4,45.24,Moderate rain
NHB250828080304.RAWCXLM,2025-08-28 08:03:04,Short Range,8,44.2,Moderate rain
NHB250828081008.RAWCXLR,2025-08-28 08:10:08,Long Range,4,46.2,Moderate rain
NHB250828081305.RAWCXLV,2025-08-28 08:13:05,Short Range,8,51.66,Heavy rain
NHB250828082008.RAWCXLY,2025-08-28 08:20:08,Long Range,4,49.1,Heavy rain
NHB250828082304.RAWCXM2,2025-08-28 08:23:04,Short Range,8,53.98,Heavy rain
NHB250828083008.RAWCXM5,2025-08-28 08:30:08,Long Range,4,50.04,Heavy rain
NHB250828083304.RAWCXM9,2025-08-28 08:33:04,Short Range,8,55.01,Very heavy rain
NHB250828084008.RAWCXMC,2025-08-28 08:40:08,Long Range,4,50.48,Heavy rain
NHB250828084304.RAWCXMG,2025-08-28 08:43:04,Short Range,8,54.0,Heavy rain
NHB250828085007.RAWCXMK,2025-08-28 08:50:07,Long Range,4,49.79,Heavy rain
NHB250828085304.RAWCXMP,2025-08-28 08:53:04,Short Range,8,53.93,Heavy rain
NHB250828090008.RAWCXMT,2025-08-28 09:00:08,Long Range,4,50.91,Heavy rain
NHB250828090304.RAWCXMX,2025-08-28 09:03:04,Short Range,8,53.79,Heavy rain
NHB250828091007.RAWCXN0,2025-08-28 09:10:07,Long Range,4,49.84,Heavy rain
NHB250828091304.RAWCXN4,2025-08-28 09:13:04,Short Range,8,52.81,Heavy rain
NHB250828092008.RAWCXN7,2025-08-28 09:20:08,Long Range,4,49.49,Heavy rain
NHB250828092303.RAWCXNB,2025-08-28 09:23:03,Short Range,8,52.44,Heavy rain
NHB250828093008.RAWCXNE,2025-08-28 09:30:08,Long Range,4,49.87,Heavy rain
NHB250828093304.RAWCXNJ,2025-08-28 09:33:04,Short Range,8,51.06,Heavy rain
NHB250828094007.RAWCXNM,2025-08-28 09:40:07,Long Range,4,48.51,Heavy rain
NHB250828094303.RAWCXNS,2025-08-28 09:43:03,Short Range,8,52.08,Heavy rain
NHB250828095007.RAWCXNV,2025-08-28 09:50:07,Long Range,4,50.2,Heavy rain
NHB250828095303.RAWCXNZ,2025-08-28 09:53:03,Short Range,8,54.05,Heavy rain
NHB250828100008.RAWCXP2,2025-08-28 10:00:08,Long Range,4,50.89,Heavy rain
NHB250828100303.RAWCXP6,2025-08-28 10:03:03,Short Range,8,54.51,Heavy rain
NHB250828101008.RAWCXP9,2025-08-28 10:10:08,Long Range,4,50.76,Heavy rain
NHB250828101305.RAWCXPD,2025-08-28 10:13:05,Short Range,8,56.41,Very heavy rain
NHB250828102008.RAWCXPG,2025-08-28 10:20:08,Long Range,4,51.96,Heavy rain
NHB250828102304.RAWCXPL,2025-08-28 10:23:04,Short Range,8,56.4,Very heavy rain
NHB250828103008.RAWCXPP,2025-08-28 10:30:08,Long Range,4,52.45,Heavy rain
NHB250828103304.RAWCXPU,2025-08-28 10:33:04,Short Range,8,56.37,Very heavy rain
NHB250828104007.RAWCXPX,2025-08-28 10:40:07,Long Range,4,53.17,Heavy rain
NHB250828104303.RAWCXR1,2025-08-28 10:43:03,Short Range,8,55.19,Very heavy rain
NHB250828105008.RAWCXR4,2025-08-28 10:50:08,Long Range,4,52.07,Heavy rain
NHB250828105303.RAWCXR8,2025-08-28 10:53:03,Short Range,8,54.49,Heavy rain
NHB250828110008.RAWCXRB,2025-08-28 11:00:08,Long Range,4,52.34,Heavy rain
NHB250828110304.RAWCXRF,2025-08-28 11:03:04,Short Range,8,54.64,Heavy rain
NHB250828111008.RAWCXRJ,2025-08-28 11:10:08,Long Range,4,52.74,Heavy rain
NHB250828111304.RAWCXRN,2025-08-28 11:13:04,Short Range,8,54.48,Heavy rain
NHB250828112009.RAWCXRS,2025-08-28 11:20:09,Long Range,4,52.15,Heavy rain
NHB250828112303.RAWCXRW,2025-08-28 11:23:03,Short Range,8,55.08,Very heavy rain
NHB250828113008.RAWCXRZ,2025-08-28 11:30:08,Long Range,4,52.93,Heavy rain
NHB250828113304.RAWCXS3,2025-08-28 11:33:04,Short Range,8,54.74,Heavy rain
NHB250828114007.RAWCXS6,2025-08-28 11:40:07,Long Range,4,52.21,Heavy rain
NHB250828114305.RAWCXSA,2025-08-28 11:43:05,Short Range,8,53.38,Heavy rain
NHB250828115008.RAWCXSD,2025-08-28 11:50:08,Long Range,4,51.52,Heavy rain
NHB250828115304.RAWCXSH,2025-08-28 11:53:04,Short Range,8,53.11,Heavy rain
NHB250828120007.RAWCXSL,2025-08-28 12:00:07,Long Range,4,50.83,Heavy rain
NHB250828120304.RAWCXSR,2025-08-28 12:03:04,Short Range,8,52.51,Heavy rain
NHB250828121008.RAWCXSU,2025-08-28 12:10:08,Long Range,4,51.43,Heavy rain
NHB250828121303.RAWCXSY,2025-08-28 12:13:03,Short Range,8,52.74,Heavy rain
NHB250828122007.RAWCXT1,2025-08-28 12:20:07,Long Range,4,50.83,Heavy rain
NHB250828122304.RAWCXT5,2025-08-28 12:23:04,Short Range,8,51.21,Heavy rain
NHB250828123007.RAWCXT8,2025-08-28 12:30:07,Long Range,4,50.12,Heavy rain
NHB250828123303.RAWCXTC,2025-08-28 12:33:03,Short Range,8,50.63,Heavy rain
NHB250828124007.RAWCXTF,2025-08-28 12:40:07,Long Range,4,49.74,Heavy rain
NHB250828124303.RAWCXTK,2025-08-28 12:43:03,Short Range,8,50.04,Heavy rain
NHB250828125007.RAWCXTN,2025-08-28 12:50:07,Long Range,4,48.3,Heavy rain
NHB250828125304.RAWCXTT,2025-08-28 12:53:04,Short Range,8,48.61,Heavy rain
NHB250828130007.RAWCXTW,2025-08-28 13:00:07,Long Range,4,47.64,Heavy rain
NHB250828130304.RAWCXU0,2025-08-28 13:03:04,Short Range,8,48.1,Heavy rain
NHB250828131007.RAWCXU3,2025-08-28 13:10:07,Long Range,4,46.76,Moderate rain
NHB250828131303.RAWCXU7,2025-08-28 13:13:03,Short Range,8,47.68,Heavy rain
NHB250828132009.RAWCXUA,2025-08-28 13:20:09,Long Range,4,46.51,Moderate rain
NHB250828132304.RAWCXUE,2025-08-28 13:23:04,Short Range,8,46.84,Moderate rain
NHB250828133008.RAWCXUH,2025-08-28 13:30:08,Long Range,4,45.28,Moderate rain
NHB250828133303.RAWCXUM,2025-08-28 13:33:03,Short Range,8,46.29,Moderate rain
NHB250828134007.RAWCXUR,2025-08-28 13:40:07,Long Range,4,44.68,Moderate rain
NHB250828134304.RAWCXUV,2025-08-28 13:43:04,Short Range,8,45.68,Moderate rain
NHB250828135007.RAWCXUY,2025-08-28 13:50:07,Long Range,4,43.79,Moderate rain
NHB250828135304.RAWCXV2,2025-08-28 13:53:04,Short Range,8,45.86,Moderate rain
NHB250828140008.RAWCXV5,2025-08-28 14:00:08,Long Range,4,43.5,Moderate rain
NHB250828140303.RAWCXV9,2025-08-28 14:03:03,Short Range,8,45.6,Moderate rain
NHB250828141008.RAWCXVC,2025-08-28 14:10:08,Long Range,4,43.3,Moderate rain
NHB250828141303.RAWCXVG,2025-08-28 14:13:03,Short Range,8,44.22,Moderate rain
NHB250828142008.RAWCXVK,2025-08-28 14:20:08,Long Range,4,43.26,Moderate rain
NHB250828142303.RAWCXVP,2025-08-28 14:23:03,Short Range,8,42.47,Moderate rain
NHB250828143008.RAWCXVT,2025-08-28 14:30:08,Long Range,4,43.48,Moderate rain
NHB250828143305.RAWCXVX,2025-08-28 14:33:05,Short Range,8,41.71,Moderate rain
NHB250828144007.RAWCXW0,2025-08-28 14:40:07,Long Range,4,42.45,Moderate rain
NHB250828144303.RAWCXW4,2025-08-28 14:43:03,Short Range,8,41.55,Moderate rain
NHB250828145008.RAWCXW7,2025-08-28 14:50:08,Long Range,4,40.94,Moderate rain
NHB250828145303.RAWCXWB,2025-08-28 14:53:03,Short Range,8,38.99,Light rain
NHB250828150007.RAWCXWE,2025-08-28 15:00:07,Long Range,4,39.99,Light rain
NHB250828150303.RAWCXWJ,2025-08-28 15:03:03,Short Range,8,37.17,Light rain
NHB250828151008.RAWCXWM,2025-08-28 15:10:08,Long Range,4,39.73,Light rain
NHB250828151304.RAWCXWS,2025-08-28 15:13:04,Short Range,8,36.73,Light rain
NHB250828152008.RAWCXWV,2025-08-28 15:20:08,Long Range,4,39.62,Light rain
NHB250828152304.RAWCXWZ,2025-08-28 15:23:04,Short Range,8,35.85,Light rain
NHB250828153009.RAWCXX2,2025-08-28 15:30:09,Long Range,4,39.29,Light rain
NHB250828153303.RAWCXX6,2025-08-28 15:33:03,Short Range,8,34.2,Light rain
NHB250828154007.RAWCXX9,2025-08-28 15:40:07,Long Range,4,38.94,Light rain
NHB250828154303.RAWCXXD,2025-08-28 15:43:03,Short Range,8,32.99,Light rain
NHB250828155007.RAWCXXG,2025-08-28 15:50:07,Long Range,4,38.65,Light rain
NHB250828155304.RAWCXXL,2025-08-28 15:53:04,Short Range,8,33.09,Light rain
NHB250828160008.RAWCXXP,2025-08-28 16:00:08,Long Range,4,39.49,Light rain
NHB250828160303.RAWCXXU,2025-08-28 16:03:03,Short Range,8,33.91,Light rain
NHB250828161008.RAWCXXX,2025-08-28 16:10:08,Long Range,4,39.32,Light rain
NHB250828161304.RAWCXY1,2025-08-28 16:13:04,Short Range,8,34.15,Light rain
NHB250828162008.RAWCXY4,2025-08-28 16:20:08,Long Range,4,39.87,Light rain
NHB250828162303.RAWCXY8,2025-08-28 16:23:03,Short Range,8,35.21,Light rain
NHB250828163008.RAWCXYB,2025-08-28 16:30:08,Long Range,4,39.41,Light rain
NHB250828163303.RAWCXYF,2025-08-28 16:33:03,Short Range,8,35.92,Light rain
NHB250828164007.RAWCXYJ,2025-08-28 16:40:07,Long Range,4,39.54,Light rain
NHB250828164303.RAWCXYN,2025-08-28 16:43:03,Short Range,8,37.46,Light rain
NHB250828165007.RAWCXYS,2025-08-28 16:50:07,Long Range,4,39.5,Light rain
NHB250828165303.RAWCXYW,2025-08-28 16:53:03,Short Range,8,37.67,Light rain
NHB250828170008.RAWCXYZ,2025-08-28 17:00:08,Long Range,4,39.28,Light rain
NHB250828170303.RAWCXZ3,2025-08-28 17:03:03,Short Range,8,37.68,Light rain
NHB250828171007.RAWCXZ6,2025-08-28 17:10:07,Long Range,4,38.24,Light rain
NHB250828171303.RAWCXZA,2025-08-28 17:13:03,Short Range,8,37.39,Light rain
NHB250828172007.RAWCXZD,2025-08-28 17:20:07,Long Range,4,37.31,Light rain
NHB250828172303.RAWCXZH,2025-08-28 17:23:03,Short Range,8,36.45,Light rain
NHB250828173008.RAWCXZL,2025-08-28 17:30:08,Long Range,4,36.97,Light rain
NHB250828173303.RAWCXZR,2025-08-28 17:33:03,Short Range,8,35.64,Light rain
NHB250828174007.RAWCXZU,2025-08-28 17:40:07,Long Range,4,36.64,Light rain
NHB250828174303.RAWCXZY,2025-08-28 17:43:03,Short Range,8,35.71,Light rain
NHB250828175009.RAWCY01,2025-08-28 17:50:09,Long Range,4,35.97,Light rain
NHB250828175304.RAWCY05,2025-08-28 17:53:04,Short Range,8,35.19,Light rain
NHB250828180007.RAWCY08,2025-08-28 18:00:07,Long Range,4,35.93,Light rain
NHB250828180304.RAWCY0C,2025-08-28 18:03:04,Short Range,8,34.33,Light rain
NHB250828181009.RAWCY0F,2025-08-28 18:10:09,Long Range,4,36.04,Light rain
NHB250828181304.RAWCY0K,2025-08-28 18:13:04,Short Range,8,34.26,Light rain
NHB250828182008.RAWCY0N,2025-08-28 18:20:08,Long Range,4,36.24,Light rain
NHB250828182304.RAWCY0T,2025-08-28 18:23:04,Short Range,8,34.24,Light rain
NHB250828183008.RAWCY0W,2025-08-28 18:30:08,Long Range,4,35.34,Light rain
NHB250828183303.RAWCY10,2025-08-28 18:33:03,Short Range,8,33.41,Light rain
NHB250828184008.RAWCY13,2025-08-28 18:40:08,Long Range,4,35.28,Light rain
NHB250828184303.RAWCY17,2025-08-28 18:43:03,Short Range,8,33.28,Light rain
NHB250828185008.RAWCY1A,2025-08-28 18:50:08,Long Range,4,35.33,Light rain
NHB250828185303.RAWCY1E,2025-08-28 18:53:03,Short Range,8,34.48,Light rain
NHB250828190007.RAWCY1H,2025-08-28 19:00:07,Long Range,4,36.14,Light rain
NHB250828190303.RAWCY1M,2025-08-28 19:03:03,Short Range,8,37.06,Light rain
NHB250828191008.RAWCY1R,2025-08-28 19:10:08,Long Range,4,38.99,Light rain
NHB250828191303.RAWCY1V,2025-08-28 19:13:03,Short Range,8,39.77,Light rain
NHB250828192007.RAWCY1Y,2025-08-28 19:20:07,Long Range,4,40.87,Moderate rain
NHB250828192303.RAWCY22,2025-08-28 19:23:03,Short Range,8,42.09,Moderate rain
NHB250828193008.RAWCY25,2025-08-28 19:30:08,Long Range,4,41.85,Moderate rain
NHB250828193304.RAWCY29,2025-08-28 19:33:04,Short Range,8,43.57,Moderate rain
NHB250828194007.RAWCY2C,2025-08-28 19:40:07,Long Range,4,42.63,Moderate rain
NHB250828194304.RAWCY2G,2025-08-28 19:43:04,Short Range,8,46.31,Moderate rain
NHB250828195008.RAWCY2K,2025-08-28 19:50:08,Long Range,4,44.36,Moderate rain
NHB250828195304.RAWCY2P,2025-08-28 19:53:04,Short Range,8,51.13,Heavy rain
NHB250828200007.RAWCY2T,2025-08-28 20:00:07,Long Range,4,46.59,Moderate rain
NHB250828200304.RAWCY2X,2025-08-28 20:03:04,Short Range,8,53.31,Heavy rain
NHB250828201008.RAWCY30,2025-08-28 20:10:08,Long Range,4,48.6,Heavy rain
NHB250828201304.RAWCY34,2025-08-28 20:13:04,Short Range,8,52.24,Heavy rain
NHB250828202008.RAWCY37,2025-08-28 20:20:08,Long Range,4,47.79,Heavy rain
NHB250828202303.RAWCY3B,2025-08-28 20:23:03,Short Range,8,49.38,Heavy rain
NHB250828203008.RAWCY3E,2025-08-28 20:30:08,Long Range,4,47.24,Moderate rain
NHB250828203304.RAWCY3J,2025-08-28 20:33:04,Short Range,8,47.45,Moderate rain
NHB250828204007.RAWCY3M,2025-08-28 20:40:07,Long Range,4,46.9,Moderate rain
NHB250828204303.RAWCY3S,2025-08-28 20:43:03,Short Range,8,50.99,Heavy rain
NHB250828205007.RAWCY3V,2025-08-28 20:50:07,Long Range,4,47.32,Moderate rain
NHB250828205303.RAWCY3Z,2025-08-28 20:53:03,Short Range,8,49.8,Heavy rain
NHB250828210008.RAWCY42,2025-08-28 21:00:08,Long Range,4,47.29,Moderate rain
NHB250828210303.RAWCY46,2025-08-28 21:03:03,Short Range,8,47.49,Moderate rain
NHB250828211007.RAWCY49,2025-08-28 21:10:07,Long Range,4,45.1,Moderate rain
NHB250828211303.RAWCY4D,2025-08-28 21:13:03,Short Range,8,46.62,Moderate rain
NHB250828212007.RAWCY4G,2025-08-28 21:20:07,Long Range,4,44.1,Moderate rain
NHB250828212304.RAWCY4L,2025-08-28 21:23:04,Short Range,8,44.57,Moderate rain
NHB250828213008.RAWCY4P,2025-08-28 21:30:08,Long Range,4,42.19,Moderate rain
NHB250828213304.RAWCY4U,2025-08-28 21:33:04,Short Range,8,42.2,Moderate rain
NHB250828214007.RAWCY4X,2025-08-28 21:40:07,Long Range,4,40.04,Moderate rain
NHB250828214303.RAWCY51,2025-08-28 21:43:03,Short Range,8,40.43,Moderate rain
NHB250828215007.RAWCY54,2025-08-28 21:50:07,Long Range,4,38.65,Light rain
NHB250828215305.RAWCY58,2025-08-28 21:53:05,Short Range,8,40.56,Moderate rain
NHB250828220007.RAWCY5B,2025-08-28 22:00:07,Long Range,4,38.41,Light rain
NHB250828220305.RAWCY5F,2025-08-28 22:03:05,Short Range,8,38.51,Light rain
NHB250828221007.RAWCY5J,2025-08-28 22:10:07,Long Range,4,39.03,Light rain
NHB250828221304.RAWCY5N,2025-08-28 22:13:04,Short Range,8,37.22,Light rain
NHB250828222008.RAWCY5S,2025-08-28 22:20:08,Long Range,4,38.42,Light rain
NHB250828222303.RAWCY5W,2025-08-28 22:23:03,Short Range,8,36.9,Light rain
NHB250828223008.RAWCY5Z,2025-08-28 22:30:08,Long Range,4,37.21,Light rain
NHB250828223304.RAWCY63,2025-08-28 22:33:04,Short Range,8,33.61,Light rain
NHB250828224008.RAWCY66,2025-08-28 22:40:08,Long Range,4,36.95,Light rain
NHB250828224303.RAWCY6A,2025-08-28 22:43:03,Short Range,8,32.73,Light rain
NHB250828225007.RAWCY6D,2025-08-28 22:50:07,Long Range,4,36.61,Light rain
NHB250828225303.RAWCY6H,2025-08-28 22:53:03,Short Range,8,29.44,Clear
NHB250828230008.RAWCY6L,2025-08-28 23:00:08,Long Range,4,35.17,Light rain
NHB250828230303.RAWCY6R,2025-08-28 23:03:03,Short Range,8,27.36,Clear
NHB250828231007.RAWCY6U,2025-08-28 23:10:07,Long Range,4,34.54,Light rain
NHB250828231303.RAWCY6Y,2025-08-28 23:13:03,Short Range,8,27.37,Clear
NHB250828232008.RAWCY71,2025-08-28 23:20:08,Long Range,4,34.24,Light rain
NHB250828232304.RAWCY75,2025-08-28 23:23:04,Short Range,8,27.16,Clear
NHB250828233008.RAWCY78,2025-08-28 23:30:08,Long Range,4,35.03,Light rain
NHB250828233303.RAWCY7C,2025-08-28 23:33:03,Short Range,8,27.09,Clear
NHB250828234008.RAWCY7F,2025-08-28 23:40:08,Long Range,4,34.85,Light rain
NHB250828234303.RAWCY7K,2025-08-28 23:43:03,Short Range,8,29.64,Clear
NHB250828235007.RAWCY7N,2025-08-28 23:50:07,Long Range,4,36.09,Light rain
NHB250828235303.RAWCY7T,2025-08-28 23:53:03,Short Range,8,29.04,Clear
NHB250829000008.RAWCY7W,2025-08-29 00:00:08,Long Range,4,36.66,Light rain
NHB250829000303.RAWCY80,2025-08-29 00:03:03,Short Range,8,30.58,Light rain
NHB250829001008.RAWCY83,2025-08-29 00:10:08,Long Range,4,37.26,Light rain
NHB250829001303.RAWCY87,2025-08-29 00:13:03,Short Range,8,29.97,Clear
NHB250829002008.RAWCY8A,2025-08-29 00:20:08,Long Range,4,37.55,Light rain
NHB250829002303.RAWCY8E,2025-08-29 00:23:03,Short Range,8,30.52,Light rain
NHB250829003008.RAWCY8H,2025-08-29 00:30:08,Long Range,4,36.42,Light rain
NHB250829003303.RAWCY8M,2025-08-29 00:33:03,Short Range,8,30.95,Light rain
NHB250829004008.RAWCY8R,2025-08-29 00:40:08,Long Range,4,37.06,Light rain
NHB250829004304.RAWCY8V,2025-08-29 00:43:04,Short Range,8,30.76,Light rain
NHB250829005008.RAWCY8Y,2025-08-29 00:50:08,Long Range,4,36.0,Light rain
NHB250829005304.RAWCY92,2025-08-29 00:53:04,Short Range,8,31.01,Light rain
NHB250829010008.RAWCY95,2025-08-29 01:00:08,Long Range,4,35.82,Light rain
NHB250829010304.RAWCY99,2025-08-29 01:03:04,Short Range,8,32.26,Light rain
NHB250829011007.RAWCY9C,2025-08-29 01:10:07,Long Range,4,35.72,Light rain
NHB250829011304.RAWCY9G,2025-08-29 01:13:04,Short Range,8,31.84,Light rain
NHB250829012007.RAWCY9K,2025-08-29 01:20:07,Long Range,4,36.21,Light rain
NHB250829012303.RAWLFWF,2025-08-29 01:23:03,Short Range,8,31.87,Light rain
NHB250829013007.RAWLFWJ,2025-08-29 01:30:07,Long Range,4,35.43,Light rain
NHB250829013303.RAWLFWN,2025-08-29 01:33:03,Short Range,8,31.71,Light rain
NHB250829014008.RAWLFWS,2025-08-29 01:40:08,Long Range,4,34.98,Light rain
NHB250829014303.RAWLFWW,2025-08-29 01:43:03,Short Range,8,30.28,Light rain
NHB250829015007.RAWLFWZ,2025-08-29 01:50:07,Long Range,4,33.72,Light rain
NHB250829015304.RAWLFX3,2025-08-29 01:53:04,Short Range,8,30.52,Light rain
NHB250829020008.RAWLFX6,2025-08-29 02:00:08,Long Range,4,34.39,Light rain
NHB250829020304.RAWLFXA,2025-08-29 02:03:04,Short Range,8,30.34,Light rain
NHB250829021007.RAWLFXD,2025-08-29 02:10:07,Long Range,4,34.15,Light rain
NHB250829021304.RAWLFXH,2025-08-29 02:13:04,Short Range,8,30.25,Light rain
NHB250829022008.RAWLFXL,2025-08-29 02:20:08,Long Range,4,35.03,Light rain
NHB250829022304.RAWLFXR,2025-08-29 02:23:04,Short Range,8,35.17,Light rain
NHB250829023009.RAWLFXU,2025-08-29 02:30:09,Long Range,4,35.65,Light rain
NHB250829023303.RAWLFXY,2025-08-29 02:33:03,Short Range,8,33.74,Light rain
NHB250829024008.RAWLFY1,2025-08-29 02:40:08,Long Range,4,33.95,Light rain
NHB250829024304.RAWLFY5,2025-08-29 02:43:04,Short Range,8,34.42,Light rain
NHB250829025007.RAWLFY8,2025-08-29 02:50:07,Long Range,4,36.86,Light rain
NHB250829025303.RAWLFYC,2025-08-29 02:53:03,Short Range,8,37.67,Light rain
NHB250829030008.RAWLFYF,2025-08-29 03:00:08,Long Range,4,36.01,Light rain
NHB250829030304.RAWLFYK,2025-08-29 03:03:04,Short Range,8,35.52,Light rain
NHB250829031008.RAWLFYN,2025-08-29 03:10:08,Long Range,4,37.14,Light rain
NHB250829031304.RAWLFYT,2025-08-29 03:13:04,Short Range,8,38.89,Light rain
NHB250829032008.RAWLFYW,2025-08-29 03:20:08,Long Range,4,36.42,Light rain
NHB250829032304.RAWLFZ0,2025-08-29 03:23:04,Short Range,8,39.54,Light rain
NHB250829033008.RAWLFZ3,2025-08-29 03:30:08,Long Range,4,37.17,Light rain
NHB250829033304.RAWLFZ7,2025-08-29 03:33:04,Short Range,8,38.07,Light rain
NHB250829034008.RAWLFZA,2025-08-29 03:40:08,Long Range,4,36.46,Light rain
NHB250829034303.RAWLFZE,2025-08-29 03:43:03,Short Range,8,36.43,Light rain
NHB250829035009.RAWLFZH,2025-08-29 03:50:09,Long Range,4,38.92,Light rain
NHB250829035304.RAWLFZM,2025-08-29 03:53:04,Short Range,8,40.44,Moderate rain
NHB250829040008.RAWLFZR,2025-08-29 04:00:08,Long Range,4,39.22,Light rain
NHB250829040303.RAWLFZV,2025-08-29 04:03:03,Short Range,8,41.27,Moderate rain
NHB250829041009.RAWLFZY,2025-08-29 04:10:09,Long Range,4,41.94,Moderate rain
NHB250829041304.RAWLG02,2025-08-29 04:13:04,Short Range,8,46.08,Moderate rain
NHB250829042007.RAWLG05,2025-08-29 04:20:07,Long Range,4,44.62,Moderate rain
NHB250829042303.RAWLG09,2025-08-29 04:23:03,Short Range,8,47.72,Heavy rain
NHB250829043008.RAWLG0C,2025-08-29 04:30:08,Long Range,4,43.58,Moderate rain
NHB250829043304.RAWLG0G,2025-08-29 04:33:04,Short Range,8,46.84,Moderate rain
NHB250829044008.RAWLG0K,2025-08-29 04:40:08,Long Range,4,45.21,Moderate rain
NHB250829044303.RAWLG0P,2025-08-29 04:43:03,Short Range,8,48.21,Heavy rain
NHB250829045009.RAWLG0T,2025-08-29 04:50:09,Long Range,4,46.76,Moderate rain
NHB250829045303.RAWLG0X,2025-08-29 04:53:03,Short Range,8,48.93,Heavy rain
NHB250829050008.RAWLG10,2025-08-29 05:00:08,Long Range,4,46.29,Moderate rain
NHB250829050303.RAWLG14,2025-08-29 05:03:03,Short Range,8,50.53,Heavy rain
NHB250829051007.RAWLG17,2025-08-29 05:10:07,Long Range,4,48.03,Heavy rain
NHB250829051303.RAWLG1B,2025-08-29 05:13:03,Short Range,8,50.51,Heavy rain
NHB250829052007.RAWLG1E,2025-08-29 05:20:07,Long Range,4,48.03,Heavy rain
NHB250829052304.RAWLG1J,2025-08-29 05:23:04,Short Range,8,50.49,Heavy rain
NHB250829053008.RAWLG1M,2025-08-29 05:30:08,Long Range,4,48.52,Heavy rain
NHB250829053305.RAWLG1S,2025-08-29 05:33:05,Short Range,8,50.56,Heavy rain
NHB250829054007.RAWLG1V,2025-08-29 05:40:07,Long Range,4,47.98,Heavy rain
NHB250829054303.RAWLG1Z,2025-08-29 05:43:03,Short Range,8,50.53,Heavy rain
NHB250829055008.RAWLG22,2025-08-29 05:50:08,Long Range,4,47.95,Heavy rain
NHB250829055304.RAWLG26,2025-08-29 05:53:04,Short Range,8,50.6,Heavy rain
NHB250829060008.RAWLG29,2025-08-29 06:00:08,Long Range,4,48.31,Heavy rain
NHB250829060303.RAWLG2D,2025-08-29 06:03:03,Short Range,8,51.32,Heavy rain
NHB250829061008.RAWLG2G,2025-08-29 06:10:08,Long Range,4,47.71,Heavy rain
NHB250829061305.RAWLG2L,2025-08-29 06:13:05,Short Range,8,49.45,Heavy rain
NHB250829062008.RAWLG2P,2025-08-29 06:20:08,Long Range,4,47.66,Heavy rain
NHB250829062304.RAWLG2U,2025-08-29 06:23:04,Short Range,8,49.62,Heavy rain
NHB250829063009.RAWLG2X,2025-08-29 06:30:09,Long Range,4,48.53,Heavy rain
NHB250829063304.RAWLG31,2025-08-29 06:33:04,Short Range,8,50.45,Heavy rain
NHB250829064009.RAWLG34,2025-08-29 06:40:09,Long Range,4,50.45,Heavy rain
NHB250829064303.RAWLG38,2025-08-29 06:43:03,Short Range,8,52.26,Heavy rain
NHB250829065008.RAWLG3B,2025-08-29 06:50:08,Long Range,4,49.49,Heavy rain
NHB250829065305.RAWLG3F,2025-08-29 06:53:05,Short Range,8,50.5,Heavy rain
NHB250829070008.RAWLG3J,2025-08-29 07:00:08,Long Range,4,49.6,Heavy rain
NHB250829070303.RAWLG3N,2025-08-29 07:03:03,Short Range,8,50.66,Heavy rain
NHB250829071007.RAWLG3S,2025-08-29 07:10:07,Long Range,4,49.97,Heavy rain
NHB250829071304.RAWLG3W,2025-08-29 07:13:04,Short Range,8,50.71,Heavy rain
NHB250829072008.RAWLG3Z,2025-08-29 07:20:08,Long Range,4,49.41,Heavy rain
NHB250829072304.RAWLG43,2025-08-29 07:23:04,Short Range,8,50.26,Heavy rain
NHB250829073008.RAWLG46,2025-08-29 07:30:08,Long Range,4,49.1,Heavy rain
NHB250829073304.RAWLG4A,2025-08-29 07:33:04,Short Range,8,51.41,Heavy rain
NHB250829074008.RAWLG4D,2025-08-29 07:40:08,Long Range,4,50.28,Heavy rain
NHB250829074303.RAWLG4H,2025-08-29 07:43:03,Short Range,8,51.28,Heavy rain
NHB250829075008.RAWLG4L,2025-08-29 07:50:08,Long Range,4,49.67,Heavy rain
NHB250829075304.RAWLG4R,2025-08-29 07:53:04,Short Range,8,52.02,Heavy rain
NHB250829080009.RAWLG4U,2025-08-29 08:00:09,Long Range,4,50.65,Heavy rain
NHB250829080305.RAWLG4Y,2025-08-29 08:03:05,Short Range,8,52.68,Heavy rain
NHB250829081008.RAWLG51,2025-08-29 08:10:08,Long Range,4,50.66,Heavy rain
NHB250829081303.RAWLG55,2025-08-29 08:13:03,Short Range,8,53.23,Heavy rain
NHB250829082008.RAWLG58,2025-08-29 08:20:08,Long Range,4,50.38,Heavy rain
NHB250829082304.RAWLG5C,2025-08-29 08:23:04,Short Range,8,54.05,Heavy rain
NHB250829083008.RAWLG5F,2025-08-29 08:30:08,Long Range,4,51.77,Heavy rain
NHB250829083303.RAWLG5K,2025-08-29 08:33:03,Short Range,8,54.67,Heavy rain
NHB250829084008.RAWLG5N,2025-08-29 08:40:08,Long Range,4,51.55,Heavy rain
NHB250829084304.RAWLG5T,2025-08-29 08:43:04,Short Range,8,54.43,Heavy rain
NHB250829085008.RAWLG5W,2025-08-29 08:50:08,Long Range,4,51.56,Heavy rain
NHB250829085303.RAWLG60,2025-08-29 08:53:03,Short Range,8,54.12,Heavy rain
NHB250829090008.RAWLG63,2025-08-29 09:00:08,Long Range,4,51.57,Heavy rain
NHB250829090304.RAWLG67,2025-08-29 09:03:04,Short Range,8,53.97,Heavy rain
NHB250829091008.RAWLG6A,2025-08-29 09:10:08,Long Range,4,52.05,Heavy rain
NHB250829091303.RAWLG6E,2025-08-29 09:13:03,Short Range,8,54.44,Heavy rain
NHB250829092007.RAWLG6H,2025-08-29 09:20:07,Long Range,4,52.07,Heavy rain
NHB250829092304.RAWLG6M,2025-08-29 09:23:04,Short Range,8,54.08,Heavy rain
NHB250829093008.RAWLG6R,2025-08-29 09:30:08,Long Range,4,51.65,Heavy rain
NHB250829093303.RAWLG6V,2025-08-29 09:33:03,Short Range,8,53.56,Heavy rain
NHB250829094008.RAWLG6Y,2025-08-29 09:40:08,Long Range,4,52.24,Heavy rain
NHB250829094304.RAWLG72,2025-08-29 09:43:04,Short Range,8,53.94,Heavy rain
NHB250829095008.RAWLG75,2025-08-29 09:50:08,Long Range,4,50.93,Heavy rain
NHB250829095304.RAWLG79,2025-08-29 09:53:04,Short Range,8,53.04,Heavy rain
NHB250829100008.RAWLG7C,2025-08-29 10:00:08,Long Range,4,50.86,Heavy rain
NHB250829100303.RAWLG7G,2025-08-29 10:03:03,Short Range,8,53.3,Heavy rain
NHB250829101007.RAWLG7K,2025-08-29 10:10:07,Long Range,4,51.27,Heavy rain
NHB250829101304.RAWLG7P,2025-08-29 10:13:04,Short Range,8,53.55,Heavy rain
NHB250829102007.RAWLG7T,2025-08-29 10:20:07,Long Range,4,51.82,Heavy rain
NHB250829102304.RAWLG7X,2025-08-29 10:23:04,Short Range,8,55.68,Very heavy rain
NHB250829103008.RAWLG80,2025-08-29 10:30:08,Long Range,4,52.15,Heavy rain
NHB250829103303.RAWLG84,2025-08-29 10:33:03,Short Range,8,56.16,Very heavy rain
NHB250829104008.RAWLG87,2025-08-29 10:40:08,Long Range,4,52.96,Heavy rain
NHB250829104303.RAWLG8B,2025-08-29 10:43:03,Short Range,8,56.54,Very heavy rain
NHB250829105009.RAWLG8E,2025-08-29 10:50:09,Long Range,4,52.25,Heavy rain
NHB250829105303.RAWLG8J,2025-08-29 10:53:03,Short Range,8,53.14,Heavy rain
NHB250829110008.RAWLG8M,2025-08-29 11:00:08,Long Range,4,47.4,Moderate rain
NHB250829110303.RAWLG8S,2025-08-29 11:03:03,Short Range,8,50.02,Heavy rain
NHB250829111007.RAWLG8V,2025-08-29 11:10:07,Long Range,4,47.86,Heavy rain
NHB250829111303.RAWLG8Z,2025-08-29 11:13:03,Short Range,8,49.99,Heavy rain
NHB250829112008.RAWLG92,2025-08-29 11:20:08,Long Range,4,47.19,Moderate rain
NHB250829112304.RAWLG96,2025-08-29 11:23:04,Short Range,8,44.85,Moderate rain
NHB250829113008.RAWLG99,2025-08-29 11:30:08,Long Range,4,45.36,Moderate rain
NHB250829113303.RAWLG9D,2025-08-29 11:33:03,Short Range,8,41.67,Moderate rain
NHB250829114008.RAWLG9G,2025-08-29 11:40:08,Long Range,4,45.85,Moderate rain
NHB250829114303.RAWLG9L,2025-08-29 11:43:03,Short Range,8,40.51,Moderate rain
NHB250829115008.RAWLG9P,2025-08-29 11:50:08,Long Range,4,45.36,Moderate rain
NHB250829115304.RAWLG9U,2025-08-29 11:53:04,Short Range,8,41.1,Moderate rain
NHB250829120008.RAWLG9X,2025-08-29 12:00:08,Long Range,4,44.11,Moderate rain
NHB250829120303.RAWLGA1,2025-08-29 12:03:03,Short Range,8,40.3,Moderate rain
NHB250829121008.RAWLGA4,2025-08-29 12:10:08,Long Range,4,41.72,Moderate rain
NHB250829121304.RAWLGA8,2025-08-29 12:13:04,Short Range,8,35.73,Light rain
NHB250829122007.RAWLGAB,2025-08-29 12:20:07,Long Range,4,41.55,Moderate rain
NHB250829122303.RAWLGAF,2025-08-29 12:23:03,Short Range,8,35.93,Light rain
NHB250829123008.RAWLGAJ,2025-08-29 12:30:08,Long Range,4,40.41,Moderate rain
NHB250829123304.RAWLGAN,2025-08-29 12:33:04,Short Range,8,33.85,Light rain
NHB250829124008.RAWLGAS,2025-08-29 12:40:08,Long Range,4,37.44,Light rain
NHB250829124303.RAWLGAW,2025-08-29 12:43:03,Short Range,8,30.46,Light rain
NHB250829125008.RAWLGAZ,2025-08-29 12:50:08,Long Range,4,32.76,Light rain
NHB250829125303.RAWLGB3,2025-08-29 12:53:03,Short Range,8,28.77,Clear
NHB250829130008.RAWLGB6,2025-08-29 13:00:08,Long Range,4,30.62,Light rain
NHB250829130303.RAWLGBA,2025-08-29 13:03:03,Short Range,8,26.44,Clear
NHB250829131008.RAWLGBD,2025-08-29 13:10:08,Long Range,4,28.74,Clear
NHB250829131304.RAWLGBH,2025-08-29 13:13:04,Short Range,8,26.68,Clear
NHB250829132008.RAWLGBL,2025-08-29 13:20:08,Long Range,4,28.86,Clear
NHB250829132303.RAWLGBR,2025-08-29 13:23:03,Short Range,8,24.49,Clear
NHB250829133008.RAWLGBU,2025-08-29 13:30:08,Long Range,4,28.79,Clear
NHB250829133303.RAWLGBY,2025-08-29 13:33:03,Short Range,8,24.11,Clear
NHB250829134008.RAWLGC1,2025-08-29 13:40:08,Long Range,4,29.71,Clear
NHB250829134303.RAWLGC5,2025-08-29 13:43:03,Short Range,8,24.49,Clear
NHB250829135008.RAWLGC8,2025-08-29 13:50:08,Long Range,4,29.5,Clear
NHB250829135303.RAWLGCC,2025-08-29 13:53:03,Short Range,8,24.72,Clear
NHB250829140008.RAWLGCF,2025-08-29 14:00:08,Long Range,4,28.71,Clear
NHB250829140303.RAWLGCK,2025-08-29 14:03:03,Short Range,8,26.3,Clear
NHB250829141007.RAWLGCN,2025-08-29 14:10:07,Long Range,4,32.18,Light rain
NHB250829141303.RAWLGCT,2025-08-29 14:13:03,Short Range,8,31.44,Light rain
NHB250829142008.RAWLGCW,2025-08-29 14:20:08,Long Range,4,39.69,Light rain
NHB250829142303.RAWLGD0,2025-08-29 14:23:03,Short Range,8,38.78,Light rain
NHB250829143007.RAWLGD3,2025-08-29 14:30:07,Long Range,4,42.34,Moderate rain
NHB250829143303.RAWLGD7,2025-08-29 14:33:03,Short Range,8,40.89,Moderate rain
NHB250829144007.RAWLGDA,2025-08-29 14:40:07,Long Range,4,42.75,Moderate rain
NHB250829144305.RAWLGDE,2025-08-29 14:43:05,Short Range,8,41.08,Moderate rain
NHB250829145007.RAWLGDH,2025-08-29 14:50:07,Long Range,4,42.87,Moderate rain
NHB250829145303.RAWLGDM,2025-08-29 14:53:03,Short Range,8,40.77,Moderate rain
NHB250829150008.RAWLGDR,2025-08-29 15:00:08,Long Range,4,42.34,Moderate rain
NHB250829150303.RAWLGDV,2025-08-29 15:03:03,Short Range,8,40.05,Moderate rain
NHB250829151009.RAWLGDY,2025-08-29 15:10:09,Long Range,4,43.44,Moderate rain
NHB250829151303.RAWLGE2,2025-08-29 15:13:03,Short Range,8,38.84,Light rain
NHB250829152007.RAWLGE5,2025-08-29 15:20:07,Long Range,4,42.3,Moderate rain
NHB250829152303.RAWLGE9,2025-08-29 15:23:03,Short Range,8,37.87,Light rain
NHB250829153007.RAWLGEC,2025-08-29 15:30:07,Long Range,4,41.71,Moderate rain
NHB250829153303.RAWLGEG,2025-08-29 15:33:03,Short Range,8,36.76,Light rain
NHB250829154007.RAWLGEK,2025-08-29 15:40:07,Long Range,4,41.27,Moderate rain
NHB250829154303.RAWLGEP,2025-08-29 15:43:03,Short Range,8,37.24,Light rain
NHB250829155007.RAWLGET,2025-08-29 15:50:07,Long Range,4,41.13,Moderate rain
NHB250829155303.RAWLGEX,2025-08-29 15:53:03,Short Range,8,37.88,Light rain
NHB250829160008.RAWLGF0,2025-08-29 16:00:08,Long Range,4,40.79,Moderate rain
NHB250829160303.RAWLGF4,2025-08-29 16:03:03,Short Range,8,38.13,Light rain
NHB250829161007.RAWLGF7,2025-08-29 16:10:07,Long Range,4,40.09,Moderate rain
NHB250829161304.RAWLGFB,2025-08-29 16:13:04,Short Range,8,38.08,Light rain
NHB250829162008.RAWLGFE,2025-08-29 16:20:08,Long Range,4,39.5,Light rain
NHB250829162303.RAWLGFJ,2025-08-29 16:23:03,Short Range,8,37.4,Light rain
NHB250829163008.RAWLGFM,2025-08-29 16:30:08,Long Range,4,39.29,Light rain
NHB250829163304.RAWLGFS,2025-08-29 16:33:04,Short Range,8,36.24,Light rain
NHB250829164008.RAWLGFV,2025-08-29 16:40:08,Long Range,4,38.56,Light rain
NHB250829164303.RAWLGFZ,2025-08-29 16:43:03,Short Range,8,35.38,Light rain
NHB250829165008.RAWLGG2,2025-08-29 16:50:08,Long Range,4,37.78,Light rain
NHB250829165303.RAWLGG6,2025-08-29 16:53:03,Short Range,8,35.07,Light rain
NHB250829170008.RAWLGG9,2025-08-29 17:00:08,Long Range,4,37.98,Light rain
NHB250829170303.RAWLGGD,2025-08-29 17:03:03,Short Range,8,35.26,Light rain
NHB250829171008.RAWLGGG,2025-08-29 17:10:08,Long Range,4,37.77,Light rain
NHB250829171303.RAWLGGL,2025-08-29 17:13:03,Short Range,8,35.47,Light rain
NHB250829172008.RAWLGGP,2025-08-29 17:20:08,Long Range,4,37.91,Light rain
NHB250829172303.RAWLGGU,2025-08-29 17:23:03,Short Range,8,35.68,Light rain
NHB250829173008.RAWLGGX,2025-08-29 17:30:08,Long Range,4,38.29,Light rain
NHB250829173304.RAWLGH1,2025-08-29 17:33:04,Short Range,8,36.36,Light rain
NHB250829174008.RAWLGH4,2025-08-29 17:40:08,Long Range,4,38.51,Light rain
NHB250829174305.RAWLGH8,2025-08-29 17:43:05,Short Range,8,37.2,Light rain
NHB250829175007.RAWLGHB,2025-08-29 17:50:07,Long Range,4,39.19,Light rain
NHB250829175303.RAWLGHF,2025-08-29 17:53:03,Short Range,8,37.82,Light rain
NHB250829180008.RAWLGHJ,2025-08-29 18:00:08,Long Range,4,39.81,Light rain
NHB250829180304.RAWLGHN,2025-08-29 18:03:04,Short Range,8,37.89,Light rain
NHB250829181008.RAWLGHS,2025-08-29 18:10:08,Long Range,4,40.51,Moderate rain
NHB250829181303.RAWLGHW,2025-08-29 18:13:03,Short Range,8,38.87,Light rain
NHB250829182007.RAWLGHZ,2025-08-29 18:20:07,Long Range,4,41.06,Moderate rain
NHB250829182304.RAWLGJ3,2025-08-29 18:23:04,Short Range,8,42.09,Moderate rain
NHB250829183008.RAWLGJ6,2025-08-29 18:30:08,Long Range,4,42.92,Moderate rain
NHB250829183304.RAWLGJA,2025-08-29 18:33:04,Short Range,8,45.16,Moderate rain
NHB250829184008.RAWLGJD,2025-08-29 18:40:08,Long Range,4,44.87,Moderate rain
NHB250829184303.RAWLGJH,2025-08-29 18:43:03,Short Range,8,46.36,Moderate rain
NHB250829185007.RAWLGJL,2025-08-29 18:50:07,Long Range,4,45.46,Moderate rain
NHB250829185303.RAWLGJR,2025-08-29 18:53:03,Short Range,8,47.03,Moderate rain
NHB250829190008.RAWLGJU,2025-08-29 19:00:08,Long Range,4,45.52,Moderate rain
NHB250829190304.RAWLGJY,2025-08-29 19:03:04,Short Range,8,46.84,Moderate rain
NHB250829191007.RAWLGK1,2025-08-29 19:10:07,Long Range,4,45.73,Moderate rain
NHB250829191303.RAWLGK5,2025-08-29 19:13:03,Short Range,8,46.6,Moderate rain
NHB250829192008.RAWLGK8,2025-08-29 19:20:08,Long Range,4,45.1,Moderate rain
NHB250829192303.RAWLGKC,2025-08-29 19:23:03,Short Range,8,46.55,Moderate rain
NHB250829193009.RAWLGKF,2025-08-29 19:30:09,Long Range,4,45.29,Moderate rain
NHB250829193303.RAWLGKK,2025-08-29 19:33:03,Short Range,8,47.02,Moderate rain
NHB250829194008.RAWLGKN,2025-08-29 19:40:08,Long Range,4,46.32,Moderate rain
NHB250829194304.RAWLGKT,2025-08-29 19:43:04,Short Range,8,48.33,Heavy rain
NHB250829195008.RAWLGKW,2025-08-29 19:50:08,Long Range,4,46.71,Moderate rain
NHB250829195303.RAWLGL0,2025-08-29 19:53:03,Short Range,8,48.83,Heavy rain
NHB250829200007.RAWLGL3,2025-08-29 20:00:07,Long Range,4,46.18,Moderate rain
NHB250829200304.RAWLGL7,2025-08-29 20:03:04,Short Range,8,48.22,Heavy rain
NHB250829201008.RAWLGLA,2025-08-29 20:10:08,Long Range,4,47.28,Moderate rain
NHB250829201304.RAWLGLE,2025-08-29 20:13:04,Short Range,8,49.35,Heavy rain
NHB250829202008.RAWLGLH,2025-08-29 20:20:08,Long Range,4,47.38,Moderate rain
NHB250829202303.RAWLGLM,2025-08-29 20:23:03,Short Range,8,49.21,Heavy rain
NHB250829203008.RAWLGLR,2025-08-29 20:30:08,Long Range,4,44.9,Moderate rain
NHB250829203304.RAWLGLV,2025-08-29 20:33:04,Short Range,8,46.01,Moderate rain
NHB250829204008.RAWLGLY,2025-08-29 20:40:08,Long Range,4,43.57,Moderate rain
NHB250829204304.RAWLGM2,2025-08-29 20:43:04,Short Range,8,45.59,Moderate rain
NHB250829205008.RAWLGM5,2025-08-29 20:50:08,Long Range,4,45.4,Moderate rain
NHB250829205303.RAWLGM9,2025-08-29 20:53:03,Short Range,8,47.29,Moderate rain
NHB250829210007.RAWLGMC,2025-08-29 21:00:07,Long Range,4,49.26,Heavy rain
NHB250829210303.RAWLGMG,2025-08-29 21:03:03,Short Range,8,50.88,Heavy rain
NHB250829211007.RAWLGMK,2025-08-29 21:10:07,Long Range,4,51.06,Heavy rain
NHB250829211303.RAWLGMP,2025-08-29 21:13:03,Short Range,8,51.77,Heavy rain
NHB250829212008.RAWLGMT,2025-08-29 21:20:08,Long Range,4,50.96,Heavy rain
NHB250829212304.RAWLGMX,2025-08-29 21:23:04,Short Range,8,51.56,Heavy rain
NHB250829213008.RAWLGN0,2025-08-29 21:30:08,Long Range,4,50.53,Heavy rain
NHB250829213304.RAWLGN4,2025-08-29 21:33:04,Short Range,8,51.23,Heavy rain
NHB250829214007.RAWLGN7,2025-08-29 21:40:07,Long Range,4,50.92,Heavy rain
NHB250829214304.RAWLGNB,2025-08-29 21:43:04,Short Range,8,51.94,Heavy rain
NHB250829215008.RAWLGNE,2025-08-29 21:50:08,Long Range,4,50.9,Heavy rain
NHB250829215303.RAWLGNJ,2025-08-29 21:53:03,Short Range,8,51.72,Heavy rain
NHB250829220008.RAWLGNM,2025-08-29 22:00:08,Long Range,4,51.12,Heavy rain
NHB250829220304.RAWLGNS,2025-08-29 22:03:04,Short Range,8,51.29,Heavy rain
NHB250829221008.RAWLGNV,2025-08-29 22:10:08,Long Range,4,51.16,Heavy rain
NHB250829221304.RAWLGNZ,2025-08-29 22:13:04,Short Range,8,51.46,Heavy rain
NHB250829222007.RAWLGP2,2025-08-29 22:20:07,Long Range,4,50.86,Heavy rain
NHB250829222304.RAWLGP6,2025-08-29 22:23:04,Short Range,8,50.74,Heavy rain
NHB250829223008.RAWLGP9,2025-08-29 22:30:08,Long Range,4,49.51,Heavy rain
NHB250829223304.RAWLGPD,2025-08-29 22:33:04,Short Range,8,50.16,Heavy rain
NHB250829224008.RAWLGPG,2025-08-29 22:40:08,Long Range,4,48.91,Heavy rain
NHB250829224303.RAWLGPL,2025-08-29 22:43:03,Short Range,8,49.03,Heavy rain
NHB250829225008.RAWLGPP,2025-08-29 22:50:08,Long Range,4,49.26,Heavy rain
NHB250829225303.RAWLGPU,2025-08-29 22:53:03,Short Range,8,48.15,Heavy rain
NHB250829230008.RAWLGPX,2025-08-29 23:00:08,Long Range,4,47.69,Heavy rain
NHB250829230303.RAWLGR1,2025-08-29 23:03:03,Short Range,8,47.81,Heavy rain
NHB250829231008.RAWLGR4,2025-08-29 23:10:08,Long Range,4,46.74,Moderate rain
NHB250829231303.RAWLGR8,2025-08-29 23:13:03,Short Range,8,46.33,Moderate rain
NHB250829232008.RAWLGRB,2025-08-29 23:20:08,Long Range,4,47.42,Moderate rain
NHB250829232304.RAWLGRF,2025-08-29 23:23:04,Short Range,8,46.89,Moderate rain
NHB250829233007.RAWLGRJ,2025-08-29 23:30:07,Long Range,4,46.22,Moderate rain
NHB250829233304.RAWLGRN,2025-08-29 23:33:04,Short Range,8,45.75,Moderate rain
NHB250829234007.RAWLGRS,2025-08-29 23:40:07,Long Range,4,45.77,Moderate rain
NHB250829234303.RAWLGRW,2025-08-29 23:43:03,Short Range,8,45.83,Moderate rain
NHB250829235008.RAWLGRZ,2025-08-29 23:50:08,Long Range,4,46.65,Moderate rain
NHB250829235304.RAWLGS3,2025-08-29 23:53:04,Short Range,8,46.5,Moderate rain
NHB250830000007.RAWLGS6,2025-08-30 00:00:07,Long Range,4,47.03,Moderate rain
NHB250830000303.RAWLGSA,2025-08-30 00:03:03,Short Range,8,46.91,Moderate rain
NHB250830001007.RAWLGSD,2025-08-30 00:10:07,Long Range,4,46.95,Moderate rain
NHB250830001303.RAWLGSH,2025-08-30 00:13:03,Short Range,8,47.01,Moderate rain
NHB250830002007.RAWLGSL,2025-08-30 00:20:07,Long Range,4,46.94,Moderate rain
NHB250830002303.RAWLGSR,2025-08-30 00:23:03,Short Range,8,46.4,Moderate rain
NHB250830003007.RAWLGSU,2025-08-30 00:30:07,Long Range,4,46.66,Moderate rain
NHB250830003303.RAWLGSY,2025-08-30 00:33:03,Short Range,8,46.91,Moderate rain
NHB250830004008.RAWLGT1,2025-08-30 00:40:08,Long Range,4,47.18,Moderate rain
NHB250830004304.RAWLGT5,2025-08-30 00:43:04,Short Range,8,47.73,Heavy rain
NHB250830005008.RAWLGT8,2025-08-30 00:50:08,Long Range,4,47.48,Moderate rain
NHB250830005304.RAWLGTC,2025-08-30 00:53:04,Short Range,8,48.4,Heavy rain
NHB250830010008.RAWLGTF,2025-08-30 01:00:08,Long Range,4,47.83,Heavy rain
NHB250830010305.RAWLGTK,2025-08-30 01:03:05,Short Range,8,48.9,Heavy rain
NHB250830011008.RAWLGTN,2025-08-30 01:10:08,Long Range,4,47.27,Moderate rain
NHB250830011303.RAWLGTT,2025-08-30 01:13:03,Short Range,8,48.11,Heavy rain
NHB250830012008.RAWLGTW,2025-08-30 01:20:08,Long Range,4,46.82,Moderate rain
NHB250830012303.RAWLGU0,2025-08-30 01:23:03,Short Range,8,46.86,Moderate rain
NHB250830013007.RAWLGU3,2025-08-30 01:30:07,Long Range,4,45.77,Moderate rain
NHB250830013303.RAWLGU7,2025-08-30 01:33:03,Short Range,8,45.76,Moderate rain
NHB250830014008.RAWLGUA,2025-08-30 01:40:08,Long Range,4,44.84,Moderate rain
NHB250830014303.RAWLGUE,2025-08-30 01:43:03,Short Range,8,44.68,Moderate rain
NHB250830015008.RAWLGUH,2025-08-30 01:50:08,Long Range,4,44.0,Moderate rain
NHB250830015303.RAWLGUM,2025-08-30 01:53:03,Short Range,8,43.48,Moderate rain
NHB250830020008.RAWLGUR,2025-08-30 02:00:08,Long Range,4,43.34,Moderate rain
NHB250830020303.RAWLGUV,2025-08-30 02:03:03,Short Range,8,43.02,Moderate rain
NHB250830021008.RAWLGUY,2025-08-30 02:10:08,Long Range,4,43.1,Moderate rain
NHB250830021304.RAWLGV2,2025-08-30 02:13:04,Short Range,8,42.12,Moderate rain
NHB250830022008.RAWLGV5,2025-08-30 02:20:08,Long Range,4,42.85,Moderate rain
NHB250830022303.RAWLGV9,2025-08-30 02:23:03,Short Range,8,41.09,Moderate rain
NHB250830023007.RAWLGVC,2025-08-30 02:30:07,Long Range,4,41.92,Moderate rain
NHB250830023304.RAWLGVG,2025-08-30 02:33:04,Short Range,8,39.82,Light rain
NHB250830024008.RAWLGVK,2025-08-30 02:40:08,Long Range,4,40.94,Moderate rain
NHB250830024304.RAWLGVP,2025-08-30 02:43:04,Short Range,8,39.02,Light rain
NHB250830025008.RAWLGVT,2025-08-30 02:50:08,Long Range,4,41.43,Moderate rain
NHB250830025304.RAWLGVX,2025-08-30 02:53:04,Short Range,8,38.95,Light rain
NHB250830030008.RAWLGW0,2025-08-30 03:00:08,Long Range,4,40.61,Moderate rain
NHB250830030304.RAWLGW4,2025-08-30 03:03:04,Short Range,8,38.31,Light rain
NHB250830031007.RAWLGW7,2025-08-30 03:10:07,Long Range,4,39.99,Light rain
NHB250830031304.RAWLGWB,2025-08-30 03:13:04,Short Range,8,36.97,Light rain
NHB250830032008.RAWLGWE,2025-08-30 03:20:08,Long Range,4,39.21,Light rain
NHB250830032304.RAWLGWJ,2025-08-30 03:23:04,Short Range,8,35.11,Light rain
NHB250830033008.RAWLGWM,2025-08-30 03:30:08,Long Range,4,38.53,Light rain
NHB250830033303.RAWLGWS,2025-08-30 03:33:03,Short Range,8,35.32,Light rain
NHB250830034007.RAWLGWV,2025-08-30 03:40:07,Long Range,4,38.8,Light rain
NHB250830034303.RAWLGWZ,2025-08-30 03:43:03,Short Range,8,36.69,Light rain
NHB250830035008.RAWLGX2,2025-08-30 03:50:08,Long Range,4,40.53,Moderate rain
NHB250830035304.RAWLGX6,2025-08-30 03:53:04,Short Range,8,38.73,Light rain
NHB250830040008.RAWLGX9,2025-08-30 04:00:08,Long Range,4,39.09,Light rain
NHB250830040304.RAWLGXD,2025-08-30 04:03:04,Short Range,8,37.32,Light rain
NHB250830041007.RAWLGXG,2025-08-30 04:10:07,Long Range,4,38.92,Light rain
NHB250830041305.RAWLGXL,2025-08-30 04:13:05,Short Range,8,37.49,Light rain
NHB250830042008.RAWLGXP,2025-08-30 04:20:08,Long Range,4,39.25,Light rain
NHB250830042303.RAWLGXU,2025-08-30 04:23:03,Short Range,8,37.75,Light rain
NHB250830043007.RAWLGXX,2025-08-30 04:30:07,Long Range,4,39.73,Light rain
NHB250830043304.RAWLGY1,2025-08-30 04:33:04,Short Range,8,38.75,Light rain
NHB250830044007.RAWLGY4,2025-08-30 04:40:07,Long Range,4,40.83,Moderate rain
NHB250830044303.RAWLGY8,2025-08-30 04:43:03,Short Range,8,40.52,Moderate rain
NHB250830045008.RAWLGYB,2025-08-30 04:50:08,Long Range,4,41.8,Moderate rain
NHB250830045304.RAWLGYF,2025-08-30 04:53:04,Short Range,8,42.65,Moderate rain
NHB250830050008.RAWLGYJ,2025-08-30 05:00:08,Long Range,4,42.57,Moderate rain
NHB250830050304.RAWLGYN,2025-08-30 05:03:04,Short Range,8,43.79,Moderate rain
NHB250830051008.RAWLGYS,2025-08-30 05:10:08,Long Range,4,43.72,Moderate rain
NHB250830051303.RAWLGYW,2025-08-30 05:13:03,Short Range,8,44.15,Moderate rain
NHB250830052008.RAWLGYZ,2025-08-30 05:20:08,Long Range,4,43.45,Moderate rain
NHB250830052303.RAWLGZ3,2025-08-30 05:23:03,Short Range,8,43.55,Moderate rain
NHB250830053007.RAWLGZ6,2025-08-30 05:30:07,Long Range,4,43.17,Moderate rain
NHB250830053303.RAWLGZA,2025-08-30 05:33:03,Short Range,8,43.16,Moderate rain
NHB250830054008.RAWLGZD,2025-08-30 05:40:08,Long Range,4,43.62,Moderate rain
NHB250830054303.RAWLGZH,2025-08-30 05:43:03,Short Range,8,43.39,Moderate rain
NHB250830055008.RAWLGZL,2025-08-30 05:50:08,Long Range,4,44.08,Moderate rain
NHB250830055304.RAWLGZR,2025-08-30 05:53:04,Short Range,8,42.67,Moderate rain
NHB250830060009.RAWLGZU,2025-08-30 06:00:09,Long Range,4,44.27,Moderate rain
NHB250830060304.RAWLGZY,2025-08-30 06:03:04,Short Range,8,42.88,Moderate rain
NHB250830061008.RAWLH01,2025-08-30 06:10:08,Long Range,4,44.97,Moderate rain
NHB250830061304.RAWLH05,2025-08-30 06:13:04,Short Range,8,43.49,Moderate rain
NHB250830062008.RAWLH08,2025-08-30 06:20:08,Long Range,4,44.3,Moderate rain
NHB250830062304.RAWLH0C,2025-08-30 06:23:04,Short Range,8,42.43,Moderate rain
NHB250830063008.RAWLH0F,2025-08-30 06:30:08,Long Range,4,44.67,Moderate rain
NHB250830063304.RAWLH0K,2025-08-30 06:33:04,Short Range,8,42.75,Moderate rain
NHB250830064007.RAWLH0N,2025-08-30 06:40:07,Long Range,4,45.27,Moderate rain
NHB250830064304.RAWLH0T,2025-08-30 06:43:04,Short Range,8,42.71,Moderate rain
NHB250830065007.RAWLH0W,2025-08-30 06:50:07,Long Range,4,45.3,Moderate rain
NHB250830065304.RAWLH10,2025-08-30 06:53:04,Short Range,8,44.12,Moderate rain
NHB250830070007.RAWLH13,2025-08-30 07:00:07,Long Range,4,46.44,Moderate rain
NHB250830070303.RAWLH17,2025-08-30 07:03:03,Short Range,8,46.22,Moderate rain
NHB250830071007.RAWLH1A,2025-08-30 07:10:07,Long Range,4,46.64,Moderate rain
NHB250830071304.RAWLH1E,2025-08-30 07:13:04,Short Range,8,47.44,Moderate rain
NHB250830072008.RAWLH1H,2025-08-30 07:20:08,Long Range,4,47.72,Heavy rain
NHB250830072304.RAWLH1M,2025-08-30 07:23:04,Short Range,8,49.23,Heavy rain
NHB250830073008.RAWLH1R,2025-08-30 07:30:08,Long Range,4,47.89,Heavy rain
NHB250830073303.RAWLH1V,2025-08-30 07:33:03,Short Range,8,49.58,Heavy rain
NHB250830074008.RAWLH1Y,2025-08-30 07:40:08,Long Range,4,48.22,Heavy rain
NHB250830074304.RAWLH22,2025-08-30 07:43:04,Short Range,8,49.86,Heavy rain
NHB250830075008.RAWLH25,2025-08-30 07:50:08,Long Range,4,47.69,Heavy rain
NHB250830075303.RAWLH29,2025-08-30 07:53:03,Short Range,8,50.5,Heavy rain
NHB250830080007.RAWLH2C,2025-08-30 08:00:07,Long Range,4,47.62,Heavy rain
NHB250830080303.RAWLH2G,2025-08-30 08:03:03,Short Range,8,49.21,Heavy rain
NHB250830081007.RAWLH2K,2025-08-30 08:10:07,Long Range,4,47.19,Moderate rain
NHB250830081304.RAWLH2P,2025-08-30 08:13:04,Short Range,8,49.26,Heavy rain
NHB250830082008.RAWLH2T,2025-08-30 08:20:08,Long Range,4,46.8,Moderate rain
NHB250830082303.RAWLH2X,2025-08-30 08:23:03,Short Range,8,49.02,Heavy rain
NHB250830083008.RAWLH30,2025-08-30 08:30:08,Long Range,4,46.59,Moderate rain
NHB250830083303.RAWLH34,2025-08-30 08:33:03,Short Range,8,47.84,Heavy rain
NHB250830084007.RAWLH37,2025-08-30 08:40:07,Long Range,4,45.14,Moderate rain
NHB250830084303.RAWLH3B,2025-08-30 08:43:03,Short Range,8,46.69,Moderate rain
NHB250830085007.RAWLH3E,2025-08-30 08:50:07,Long Range,4,44.74,Moderate rain
NHB250830085303.RAWLH3J,2025-08-30 08:53:03,Short Range,8,46.31,Moderate rain
NHB250830090008.RAWLH3M,2025-08-30 09:00:08,Long Range,4,44.39,Moderate rain
NHB250830090303.RAWLH3S,2025-08-30 09:03:03,Short Range,8,45.35,Moderate rain
NHB250830091008.RAWLH3V,2025-08-30 09:10:08,Long Range,4,43.99,Moderate rain
NHB250830091303.RAWLH3Z,2025-08-30 09:13:03,Short Range,8,44.92,Moderate rain
NHB250830092008.RAWLH42,2025-08-30 09:20:08,Long Range,4,42.92,Moderate rain
NHB250830092303.RAWLH46,2025-08-30 09:23:03,Short Range,8,43.14,Moderate rain
NHB250830093008.RAWLH49,2025-08-30 09:30:08,Long Range,4,42.54,Moderate rain
NHB250830093303.RAWLH4D,2025-08-30 09:33:03,Short Range,8,40.89,Moderate rain
NHB250830094008.RAWLH4G,2025-08-30 09:40:08,Long Range,4,40.18,Moderate rain
NHB250830094303.RAWLH4L,2025-08-30 09:43:03,Short Range,8,38.52,Light rain
NHB250830095008.RAWLH4P,2025-08-30 09:50:08,Long Range,4,40.16,Moderate rain
NHB250830095303.RAWLH4U,2025-08-30 09:53:03,Short Range,8,39.18,Light rain
NHB250830100008.RAWLH4X,2025-08-30 10:00:08,Long Range,4,41.63,Moderate rain
NHB250830100303.RAWLH51,2025-08-30 10:03:03,Short Range,8,40.17,Moderate rain
NHB250830101007.RAWLH54,2025-08-30 10:10:07,Long Range,4,41.82,Moderate rain
NHB250830101305.RAWLH58,2025-08-30 10:13:05,Short Range,8,41.16,Moderate rain
NHB250830102007.RAWLH5B,2025-08-30 10:20:07,Long Range,4,41.55,Moderate rain
NHB250830102304.RAWLH5F,2025-08-30 10:23:04,Short Range,8,39.61,Light rain
NHB250830103007.RAWLH5J,2025-08-30 10:30:07,Long Range,4,41.29,Moderate rain
NHB250830103304.RAWLH5N,2025-08-30 10:33:04,Short Range,8,38.51,Light rain
NHB250830104008.RAWLH5S,2025-08-30 10:40:08,Long Range,4,41.06,Moderate rain
NHB250830104303.RAWLH5W,2025-08-30 10:43:03,Short Range,8,37.6,Light rain
NHB250830105008.RAWLH5Z,2025-08-30 10:50:08,Long Range,4,40.88,Moderate rain
NHB250830105304.RAWLH63,2025-08-30 10:53:04,Short Range,8,36.12,Light rain
NHB250830110007.RAWLH66,2025-08-30 11:00:07,Long Range,4,40.58,Moderate rain
NHB250830110303.RAWLH6A,2025-08-30 11:03:03,Short Range,8,35.28,Light rain
NHB250830111008.RAWLH6D,2025-08-30 11:10:08,Long Range,4,40.47,Moderate rain
NHB250830111303.RAWLH6H,2025-08-30 11:13:03,Short Range,8,33.89,Light rain
NHB250830112008.RAWLH6L,2025-08-30 11:20:08,Long Range,4,40.46,Moderate rain
NHB250830112303.RAWLH6R,2025-08-30 11:23:03,Short Range,8,33.88,Light rain
NHB250830113008.RAWLH6U,2025-08-30 11:30:08,Long Range,4,40.56,Moderate rain
NHB250830113304.RAWLH6Y,2025-08-30 11:33:04,Short Range,8,32.5,Light rain
NHB250830114008.RAWLH71,2025-08-30 11:40:08,Long Range,4,38.61,Light rain
NHB250830114304.RAWLH75,2025-08-30 11:43:04,Short Range,8,32.74,Light rain
NHB250830115008.RAWLH78,2025-08-30 11:50:08,Long Range,4,36.35,Light rain
NHB250830115303.RAWLH7C,2025-08-30 11:53:03,Short Range,8,32.72,Light rain
NHB250830120007.RAWLH7F,2025-08-30 12:00:07,Long Range,4,35.48,Light rain
NHB250830120303.RAWLH7K,2025-08-30 12:03:03,Short Range,8,33.03,Light rain
NHB250830121007.RAWLH7N,2025-08-30 12:10:07,Long Range,4,35.03,Light rain
NHB250830121304.RAWLH7T,2025-08-30 12:13:04,Short Range,8,33.23,Light rain
NHB250830122008.RAWLH7W,2025-08-30 12:20:08,Long Range,4,34.33,Light rain
NHB250830122303.RAWLH80,2025-08-30 12:23:03,Short Range,8,32.92,Light rain
NHB250830123008.RAWLH83,2025-08-30 12:30:08,Long Range,4,34.57,Light rain
NHB250830123304.RAWLH87,2025-08-30 12:33:04,Short Range,8,32.96,Light rain
NHB250830124008.RAWLH8A,2025-08-30 12:40:08,Long Range,4,33.15,Light rain
NHB250830124303.RAWLH8E,2025-08-30 12:43:03,Short Range,8,32.34,Light rain
NHB250830125007.RAWLH8H,2025-08-30 12:50:07,Long Range,4,33.62,Light rain
NHB250830125303.RAWLH8M,2025-08-30 12:53:03,Short Range,8,31.6,Light rain
NHB250830130008.RAWLH8R,2025-08-30 13:00:08,Long Range,4,33.22,Light rain
NHB250830130304.RAWLH8V,2025-08-30 13:03:04,Short Range,8,30.59,Light rain
NHB250830131008.RAWLH8Y,2025-08-30 13:10:08,Long Range,4,31.61,Light rain
NHB250830131303.RAWLH92,2025-08-30 13:13:03,Short Range,8,29.74,Clear
NHB250830132007.RAWLH95,2025-08-30 13:20:07,Long Range,4,32.65,Light rain
NHB250830132304.RAWLH99,2025-08-30 13:23:04,Short Range,8,28.06,Clear
NHB250830133008.RAWLH9C,2025-08-30 13:30:08,Long Range,4,30.72,Light rain
NHB250830133304.RAWLH9G,2025-08-30 13:33:04,Short Range,8,26.64,Clear
NHB250830134008.RAWLH9K,2025-08-30 13:40:08,Long Range,4,30.44,Light rain
NHB250830134303.RAWLH9P,2025-08-30 13:43:03,Short Range,8,26.22,Clear
NHB250830135007.RAWLH9T,2025-08-30 13:50:07,Long Range,4,30.45,Light rain
NHB250830135304.RAWLH9X,2025-08-30 13:53:04,Short Range,8,27.75,Clear
NHB250830140007.RAWLHA0,2025-08-30 14:00:07,Long Range,4,30.0,Light rain
NHB250830140303.RAWLHA4,2025-08-30 14:03:03,Short Range,8,26.54,Clear
NHB250830141008.RAWLHA7,2025-08-30 14:10:08,Long Range,4,29.0,Clear
NHB250830141303.RAWLHAB,2025-08-30 14:13:03,Short Range,8,26.69,Clear
NHB250830142007.RAWLHAE,2025-08-30 14:20:07,Long Range,4,32.09,Light rain
NHB250830142304.RAWLHAJ,2025-08-30 14:23:04,Short Range,8,27.42,Clear
NHB250830143007.RAWLHAM,2025-08-30 14:30:07,Long Range,4,29.08,Clear
NHB250830143304.RAWLHAS,2025-08-30 14:33:04,Short Range,8,27.4,Clear
NHB250830144008.RAWLHAV,2025-08-30 14:40:08,Long Range,4,26.71,Clear
NHB250830144304.RAWLHAZ,2025-08-30 14:43:04,Short Range,8,26.4,Clear
NHB250830145007.RAWLHB2,2025-08-30 14:50:07,Long Range,4,25.7,Clear
NHB250830145304.RAWLHB6,2025-08-30 14:53:04,Short Range,8,26.23,Clear
NHB250830150008.RAWLHB9,2025-08-30 15:00:08,Long Range,4,25.31,Clear
NHB250830150303.RAWLHBD,2025-08-30 15:03:03,Short Range,8,24.18,Clear
NHB250830151008.RAWLHBG,2025-08-30 15:10:08,Long Range,4,24.29,Clear
NHB250830151303.RAWLHBL,2025-08-30 15:13:03,Short Range,8,24.9,Clear
NHB250830152008.RAWLHBP,2025-08-30 15:20:08,Long Range,4,24.3,Clear
NHB250830152304.RAWLHBU,2025-08-30 15:23:04,Short Range,8,23.96,Clear
NHB250830153008.RAWLHBX,2025-08-30 15:30:08,Long Range,4,26.04,Clear
NHB250830153304.RAWLHC1,2025-08-30 15:33:04,Short Range,8,24.07,Clear
NHB250830154007.RAWLHC4,2025-08-30 15:40:07,Long Range,4,24.55,Clear
NHB250830154304.RAWLHC8,2025-08-30 15:43:04,Short Range,8,24.39,Clear
NHB250830155008.RAWLHCB,2025-08-30 15:50:08,Long Range,4,24.69,Clear
NHB250830155303.RAWLHCF,2025-08-30 15:53:03,Short Range,8,23.89,Clear
NHB250830160008.RAWLHCJ,2025-08-30 16:00:08,Long Range,4,30.05,Light rain
NHB250830160303.RAWLHCN,2025-08-30 16:03:03,Short Range,8,23.99,Clear
NHB250830161008.RAWLHCS,2025-08-30 16:10:08,Long Range,4,29.99,Clear
NHB250830161303.RAWLHCW,2025-08-30 16:13:03,Short Range,8,25.33,Clear
NHB250830162008.RAWLHCZ,2025-08-30 16:20:08,Long Range,4,33.02,Light rain
NHB250830162303.RAWLHD3,2025-08-30 16:23:03,Short Range,8,26.62,Clear
NHB250830163007.RAWLHD6,2025-08-30 16:30:07,Long Range,4,27.04,Clear
NHB250830163303.RAWLHDA,2025-08-30 16:33:03,Short Range,8,26.86,Clear
NHB250830164008.RAWLHDD,2025-08-30 16:40:08,Long Range,4,25.86,Clear
NHB250830164304.RAWLHDH,2025-08-30 16:43:04,Short Range,8,25.04,Clear
NHB250830165007.RAWLHDL,2025-08-30 16:50:07,Long Range,4,25.05,Clear
NHB250830165305.RAWLHDR,2025-08-30 16:53:05,Short Range,8,25.55,Clear
NHB250830170008.RAWLHDU,2025-08-30 17:00:08,Long Range,4,25.73,Clear
NHB250830170303.RAWLHDY,2025-08-30 17:03:03,Short Range,8,24.76,Clear
NHB250830171007.RAWLHE1,2025-08-30 17:10:07,Long Range,4,25.73,Clear
NHB250830171303.RAWLHE5,2025-08-30 17:13:03,Short Range,8,25.75,Clear
NHB250830172008.RAWLHE8,2025-08-30 17:20:08,Long Range,4,25.61,Clear
NHB250830172303.RAWLHEC,2025-08-30 17:23:03,Short Range,8,24.98,Clear
NHB250830173007.RAWLHEF,2025-08-30 17:30:07,Long Range,4,26.18,Clear
NHB250830173304.RAWLHEK,2025-08-30 17:33:04,Short Range,8,25.55,Clear
NHB250830174007.RAWLHEN,2025-08-30 17:40:07,Long Range,4,26.24,Clear
NHB250830174304.RAWLHET,2025-08-30 17:43:04,Short Range,8,24.67,Clear
NHB250830175008.RAWLHEW,2025-08-30 17:50:08,Long Range,4,29.91,Clear
NHB250830175303.RAWLHF0,2025-08-30 17:53:03,Short Range,8,25.26,Clear
NHB250830180008.RAWLHF3,2025-08-30 18:00:08,Long Range,4,30.09,Light rain
NHB250830180304.RAWLHF7,2025-08-30 18:03:04,Short Range,8,26.65,Clear
NHB250830181008.RAWLHFA,2025-08-30 18:10:08,Long Range,4,25.6,Clear
NHB250830181303.RAWLHFE,2025-08-30 18:13:03,Short Range,8,25.74,Clear
NHB250830182008.RAWLHFH,2025-08-30 18:20:08,Long Range,4,25.41,Clear
NHB250830182303.RAWLHFM,2025-08-30 18:23:03,Short Range,8,26.74,Clear
NHB250830183008.RAWLHFR,2025-08-30 18:30:08,Long Range,4,24.26,Clear
NHB250830183303.RAWLHFV,2025-08-30 18:33:03,Short Range,8,25.14,Clear
NHB250830184007.RAWLHFY,2025-08-30 18:40:07,Long Range,4,24.36,Clear
NHB250830184304.RAWLHG2,2025-08-30 18:43:04,Short Range,8,25.52,Clear
NHB250830185007.RAWLHG5,2025-08-30 18:50:07,Long Range,4,24.85,Clear
NHB250830185304.RAWLHG9,2025-08-30 18:53:04,Short Range,8,25.07,Clear
NHB250830190008.RAWLHGC,2025-08-30 19:00:08,Long Range,4,25.98,Clear
NHB250830190303.RAWLHGG,2025-08-30 19:03:03,Short Range,8,25.73,Clear
NHB250830191007.RAWLHGK,2025-08-30 19:10:07,Long Range,4,26.32,Clear
NHB250830191304.RAWLHGP,2025-08-30 19:13:04,Short Range,8,24.73,Clear
NHB250830192008.RAWLHGT,2025-08-30 19:20:08,Long Range,4,27.66,Clear
NHB250830192304.RAWLHGX,2025-08-30 19:23:04,Short Range,8,26.44,Clear
NHB250830193008.RAWLHH0,2025-08-30 19:30:08,Long Range,4,32.01,Light rain
NHB250830193304.RAWLHH4,2025-08-30 19:33:04,Short Range,8,27.12,Clear
NHB250830194007.RAWLHH7,2025-08-30 19:40:07,Long Range,4,30.21,Light rain
NHB250830194303.RAWLHHB,2025-08-30 19:43:03,Short Range,8,25.46,Clear
NHB250830195009.RAWLHHE,2025-08-30 19:50:09,Long Range,4,29.67,Clear
NHB250830195303.RAWLHHJ,2025-08-30 19:53:03,Short Range,8,25.96,Clear
NHB250830200008.RAWLHHM,2025-08-30 20:00:08,Long Range,4,29.23,Clear
NHB250830200304.RAWLHHS,2025-08-30 20:03:04,Short Range,8,26.44,Clear
NHB250830201008.RAWLHHV,2025-08-30 20:10:08,Long Range,4,29.68,Clear
NHB250830201303.RAWLHHZ,2025-08-30 20:13:03,Short Range,8,26.65,Clear
NHB250830202008.RAWLHJ2,2025-08-30 20:20:08,Long Range,4,30.96,Light rain
NHB250830202304.RAWLHJ6,2025-08-30 20:23:04,Short Range,8,26.54,Clear
NHB250830203007.RAWLHJ9,2025-08-30 20:30:07,Long Range,4,30.96,Light rain
NHB250830203303.RAWLHJD,2025-08-30 20:33:03,Short Range,8,27.83,Clear
NHB250830204008.RAWLHJG,2025-08-30 20:40:08,Long Range,4,31.89,Light rain
NHB250830204304.RAWLHJL,2025-08-30 20:43:04,Short Range,8,28.02,Clear
NHB250830205008.RAWLHJP,2025-08-30 20:50:08,Long Range,4,34.37,Light rain
NHB250830205303.RAWLHJU,2025-08-30 20:53:03,Short Range,8,28.22,Clear
NHB250830210009.RAWLHJX,2025-08-30 21:00:09,Long Range,4,37.41,Light rain
NHB250830210303.RAWLHK1,2025-08-30 21:03:03,Short Range,8,29.42,Clear
NHB250830211007.RAWLHK4,2025-08-30 21:10:07,Long Range,4,34.91,Light rain
NHB250830211304.RAWLHK8,2025-08-30 21:13:04,Short Range,8,28.01,Clear
NHB250830212007.RAWLHKB,2025-08-30 21:20:07,Long Range,4,33.32,Light rain
NHB250830212303.RAWLHKF,2025-08-30 21:23:03,Short Range,8,27.6,Clear
NHB250830213008.RAWLHKJ,2025-08-30 21:30:08,Long Range,4,32.3,Light rain
NHB250830213304.RAWLHKN,2025-08-30 21:33:04,Short Range,8,27.15,Clear
NHB250830214007.RAWLHKS,2025-08-30 21:40:07,Long Range,4,33.06,Light rain
NHB250830214304.RAWLHKW,2025-08-30 21:43:04,Short Range,8,28.29,Clear
NHB250830215008.RAWLHKZ,2025-08-30 21:50:08,Long Range,4,34.03,Light rain
NHB250830215304.RAWLHL3,2025-08-30 21:53:04,Short Range,8,27.61,Clear
NHB250830220007.RAWLHL6,2025-08-30 22:00:07,Long Range,4,34.14,Light rain
NHB250830220303.RAWLHLA,2025-08-30 22:03:03,Short Range,8,27.29,Clear
NHB250830221008.RAWLHLD,2025-08-30 22:10:08,Long Range,4,34.56,Light rain
NHB250830221303.RAWLHLH,2025-08-30 22:13:03,Short Range,8,28.19,Clear
NHB250830222008.RAWLHLL,2025-08-30 22:20:08,Long Range,4,36.76,Light rain
NHB250830222303.RAWLHLR,2025-08-30 22:23:03,Short Range,8,31.38,Light rain
NHB250830223008.RAWLHLU,2025-08-30 22:30:08,Long Range,4,35.89,Light rain
NHB250830223303.RAWLHLY,2025-08-30 22:33:03,Short Range,8,29.23,Clear
NHB250830224008.RAWLHM1,2025-08-30 22:40:08,Long Range,4,34.67,Light rain
NHB250830224303.RAWLHM5,2025-08-30 22:43:03,Short Range,8,27.76,Clear
NHB250830225008.RAWLHM8,2025-08-30 22:50:08,Long Range,4,32.98,Light rain
NHB250830225303.RAWLHMC,2025-08-30 22:53:03,Short Range,8,29.23,Clear
NHB250830230008.RAWLHMF,2025-08-30 23:00:08,Long Range,4,32.83,Light rain
NHB250830230303.RAWLHMK,2025-08-30 23:03:03,Short Range,8,30.81,Light rain
NHB250830231008.RAWLHMN,2025-08-30 23:10:08,Long Range,4,33.18,Light rain
NHB250830231303.RAWLHMT,2025-08-30 23:13:03,Short Range,8,32.64,Light rain
NHB250830232008.RAWLHMW,2025-08-30 23:20:08,Long Range,4,33.74,Light rain
NHB250830232303.RAWLHN0,2025-08-30 23:23:03,Short Range,8,32.6,Light rain
NHB250830233008.RAWLHN3,2025-08-30 23:30:08,Long Range,4,35.78,Light rain
NHB250830233303.RAWLHN7,2025-08-30 23:33:03,Short Range,8,32.37,Light rain
NHB250830234008.RAWLHNA,2025-08-30 23:40:08,Long Range,4,36.21,Light rain
NHB250830234304.RAWLHNE,2025-08-30 23:43:04,Short Range,8,31.13,Light rain
NHB250830235008.RAWLHNH,2025-08-30 23:50:08,Long Range,4,33.87,Light rain
NHB250830235304.RAWLHNM,2025-08-30 23:53:04,Short Range,8,33.51,Light rain
NHB250831000008.RAWLHNR,2025-08-31 00:00:08,Long Range,4,35.36,Light rain
NHB250831000304.RAWLHNV,2025-08-31 00:03:04,Short Range,8,33.69,Light rain
NHB250831001007.RAWLHNY,2025-08-31 00:10:07,Long Range,4,37.35,Light rain
NHB250831001304.RAWLHP2,2025-08-31 00:13:04,Short Range,8,32.85,Light rain
NHB250831002009.RAWLHP5,2025-08-31 00:20:09,Long Range,4,35.32,Light rain
NHB250831002304.RAWLHP9,2025-08-31 00:23:04,Short Range,8,34.0,Light rain
NHB250831003008.RAWLHPC,2025-08-31 00:30:08,Long Range,4,37.47,Light rain
NHB250831003303.RAWLHPG,2025-08-31 00:33:03,Short Range,8,31.28,Light rain
NHB250831004009.RAWLHPK,2025-08-31 00:40:09,Long Range,4,36.58,Light rain
NHB250831004303.RAWLHPP,2025-08-31 00:43:03,Short Range,8,32.1,Light rain
NHB250831005009.RAWLHPT,2025-08-31 00:50:09,Long Range,4,34.59,Light rain
NHB250831005303.RAWLHPX,2025-08-31 00:53:03,Short Range,8,32.55,Light rain
NHB250831010007.RAWLHR0,2025-08-31 01:00:07,Long Range,4,35.56,Light rain
NHB250831010304.RAWLHR4,2025-08-31 01:03:04,Short Range,8,32.16,Light rain
NHB250831011007.RAWLHR7,2025-08-31 01:10:07,Long Range,4,36.25,Light rain
NHB250831011303.RAWLHRB,2025-08-31 01:13:03,Short Range,8,30.98,Light rain
NHB250831012007.RAWLHRE,2025-08-31 01:20:07,Long Range,4,33.89,Light rain
NHB250831012304.RAWLHRJ,2025-08-31 01:23:04,Short Range,8,30.37,Light rain
NHB250831013007.RAWLHRM,2025-08-31 01:30:07,Long Range,4,33.53,Light rain
NHB250831013304.RAWLHRS,2025-08-31 01:33:04,Short Range,8,29.9,Clear
NHB250831014007.RAWLHRV,2025-08-31 01:40:07,Long Range,4,33.19,Light rain
NHB250831014303.RAWLHRZ,2025-08-31 01:43:03,Short Range,8,30.22,Light rain
NHB250831015008.RAWLHS2,2025-08-31 01:50:08,Long Range,4,32.38,Light rain
NHB250831015303.RAWLHS6,2025-08-31 01:53:03,Short Range,8,30.92,Light rain
NHB250831020008.RAWLHS9,2025-08-31 02:00:08,Long Range,4,32.06,Light rain
NHB250831020303.RAWLHSD,2025-08-31 02:03:03,Short Range,8,31.38,Light rain
NHB250831021008.RAWLHSG,2025-08-31 02:10:08,Long Range,4,32.33,Light rain
NHB250831021303.RAWLHSL,2025-08-31 02:13:03,Short Range,8,31.36,Light rain
NHB250831022008.RAWLHSP,2025-08-31 02:20:08,Long Range,4,31.9,Light rain
NHB250831022304.RAWLHSU,2025-08-31 02:23:04,Short Range,8,32.28,Light rain
NHB250831023007.RAWLHSX,2025-08-31 02:30:07,Long Range,4,34.67,Light rain
NHB250831023303.RAWLHT1,2025-08-31 02:33:03,Short Range,8,34.52,Light rain
NHB250831024008.RAWLHT4,2025-08-31 02:40:08,Long Range,4,37.83,Light rain
NHB250831024303.RAWLHT8,2025-08-31 02:43:03,Short Range,8,38.95,Light rain
NHB250831025007.RAWLHTB,2025-08-31 02:50:07,Long Range,4,41.37,Moderate rain
NHB250831025304.RAWLHTF,2025-08-31 02:53:04,Short Range,8,43.94,Moderate rain
NHB250831030008.RAWLHTJ,2025-08-31 03:00:08,Long Range,4,44.18,Moderate rain
NHB250831030303.RAWLHTN,2025-08-31 03:03:03,Short Range,8,45.56,Moderate rain
NHB250831031008.RAWLHTS,2025-08-31 03:10:08,Long Range,4,44.32,Moderate rain
NHB250831031303.RAWLHTW,2025-08-31 03:13:03,Short Range,8,46.68,Moderate rain
NHB250831032008.RAWLHTZ,2025-08-31 03:20:08,Long Range,4,45.44,Moderate rain
NHB250831032303.RAWLHU3,2025-08-31 03:23:03,Short Range,8,47.18,Moderate rain
NHB250831033008.RAWLHU6,2025-08-31 03:30:08,Long Range,4,46.84,Moderate rain
NHB250831033303.RAWLHUA,2025-08-31 03:33:03,Short Range,8,49.24,Heavy rain
NHB250831034007.RAWLHUD,2025-08-31 03:40:07,Long Range,4,45.87,Moderate rain
NHB250831034304.RAWLHUH,2025-08-31 03:43:04,Short Range,8,47.98,Heavy rain
NHB250831035008.RAWLHUL,2025-08-31 03:50:08,Long Range,4,46.15,Moderate rain
NHB250831035303.RAWLHUR,2025-08-31 03:53:03,Short Range,8,47.48,Moderate rain
NHB250831040009.RAWLHUU,2025-08-31 04:00:09,Long Range,4,45.69,Moderate rain
NHB250831040305.RAWLHUY,2025-08-31 04:03:05,Short Range,8,47.86,Heavy rain
NHB250831041007.RAWLHV1,2025-08-31 04:10:07,Long Range,4,46.0,Moderate rain
NHB250831041303.RAWLHV5,2025-08-31 04:13:03,Short Range,8,48.04,Heavy rain
NHB250831042008.RAWLHV8,2025-08-31 04:20:08,Long Range,4,45.82,Moderate rain
NHB250831042303.RAWLHVC,2025-08-31 04:23:03,Short Range,8,47.64,Heavy rain
NHB250831043008.RAWLHVF,2025-08-31 04:30:08,Long Range,4,45.26,Moderate rain
NHB250831043304.RAWLHVK,2025-08-31 04:33:04,Short Range,8,47.47,Moderate rain
NHB250831044008.RAWLHVN,2025-08-31 04:40:08,Long Range,4,45.85,Moderate rain
NHB250831044303.RAWLHVT,2025-08-31 04:43:03,Short Range,8,48.41,Heavy rain
NHB250831045008.RAWLHVW,2025-08-31 04:50:08,Long Range,4,48.31,Heavy rain
NHB250831045303.RAWLHW0,2025-08-31 04:53:03,Short Range,8,50.17,Heavy rain
NHB250831050008.RAWLHW3,2025-08-31 05:00:08,Long Range,4,49.12,Heavy rain
NHB250831050304.RAWLHW7,2025-08-31 05:03:04,Short Range,8,51.86,Heavy rain
NHB250831051009.RAWLHWA,2025-08-31 05:10:09,Long Range,4,48.81,Heavy rain
NHB250831051303.RAWLHWE,2025-08-31 05:13:03,Short Range,8,51.31,Heavy rain
NHB250831052008.RAWLHWH,2025-08-31 05:20:08,Long Range,4,48.74,Heavy rain
NHB250831052304.RAWLHWM,2025-08-31 05:23:04,Short Range,8,50.96,Heavy rain
NHB250831053008.RAWLHWR,2025-08-31 05:30:08,Long Range,4,49.4,Heavy rain
NHB250831053304.RAWLHWV,2025-08-31 05:33:04,Short Range,8,51.45,Heavy rain
NHB250831054008.RAWLHWY,2025-08-31 05:40:08,Long Range,4,49.6,Heavy rain
NHB250831054303.RAWLHX2,2025-08-31 05:43:03,Short Range,8,52.21,Heavy rain
NHB250831055007.RAWLHX5,2025-08-31 05:50:07,Long Range,4,49.9,Heavy rain
NHB250831055304.RAWLHX9,2025-08-31 05:53:04,Short Range,8,51.95,Heavy rain
NHB250831060007.RAWLHXC,2025-08-31 06:00:07,Long Range,4,49.89,Heavy rain
NHB250831060303.RAWLHXG,2025-08-31 06:03:03,Short Range,8,52.14,Heavy rain
NHB250831061008.RAWLHXK,2025-08-31 06:10:08,Long Range,4,50.76,Heavy rain
NHB250831061303.RAWLHXP,2025-08-31 06:13:03,Short Range,8,53.31,Heavy rain
NHB250831062007.RAWLHXT,2025-08-31 06:20:07,Long Range,4,51.14,Heavy rain
NHB250831062303.RAWLHXX,2025-08-31 06:23:03,Short Range,8,53.57,Heavy rain
NHB250831063007.RAWLHY0,2025-08-31 06:30:07,Long Range,4,51.73,Heavy rain
NHB250831063303.RAWLHY4,2025-08-31 06:33:03,Short Range,8,54.63,Heavy rain
NHB250831064009.RAWLHY7,2025-08-31 06:40:09,Long Range,4,51.54,Heavy rain
NHB250831064303.RAWLHYB,2025-08-31 06:43:03,Short Range,8,53.34,Heavy rain
NHB250831065007.RAWLHYE,2025-08-31 06:50:07,Long Range,4,50.57,Heavy rain
NHB250831065303.RAWLHYJ,2025-08-31 06:53:03,Short Range,8,53.85,Heavy rain
NHB250831070007.RAWLHYM,2025-08-31 07:00:07,Long Range,4,51.9,Heavy rain
NHB250831070304.RAWLHYS,2025-08-31 07:03:04,Short Range,8,54.98,Heavy rain
NHB250831071007.RAWLHYV,2025-08-31 07:10:07,Long Range,4,52.0,Heavy rain
NHB250831071303.RAWLHYZ,2025-08-31 07:13:03,Short Range,8,55.22,Very heavy rain
NHB250831072008.RAWLHZ2,2025-08-31 07:20:08,Long Range,4,52.88,Heavy rain
NHB250831072304.RAWLHZ6,2025-08-31 07:23:04,Short Range,8,56.37,Very heavy rain
NHB250831073007.RAWLHZ9,2025-08-31 07:30:07,Long Range,4,53.85,Heavy rain
NHB250831073303.RAWLHZD,2025-08-31 07:33:03,Short Range,8,57.02,Very heavy rain
NHB250831074009.RAWLHZG,2025-08-31 07:40:09,Long Range,4,53.57,Heavy rain
NHB250831074303.RAWLHZL,2025-08-31 07:43:03,Short Range,8,57.08,Very heavy rain
NHB250831075008.RAWLHZP,2025-08-31 07:50:08,Long Range,4,54.04,Heavy rain
NHB250831075303.RAWLHZU,2025-08-31 07:53:03,Short Range,8,56.26,Very heavy rain
NHB250831080008.RAWLHZX,2025-08-31 08:00:08,Long Range,4,52.99,Heavy rain
NHB250831080303.RAWLJ01,2025-08-31 08:03:03,Short Range,8,55.0,Very heavy rain
NHB250831081008.RAWLJ04,2025-08-31 08:10:08,Long Range,4,52.54,Heavy rain
NHB250831081303.RAWLJ08,2025-08-31 08:13:03,Short Range,8,54.19,Heavy rain
NHB250831082007.RAWLJ0B,2025-08-31 08:20:07,Long Range,4,51.72,Heavy rain
NHB250831082304.RAWLJ0F,2025-08-31 08:23:04,Short Range,8,53.68,Heavy rain
NHB250831083007.RAWLJ0J,2025-08-31 08:30:07,Long Range,4,51.81,Heavy rain
NHB250831083303.RAWLJ0N,2025-08-31 08:33:03,Short Range,8,52.86,Heavy rain
NHB250831084008.RAWLJ0S,2025-08-31 08:40:08,Long Range,4,49.64,Heavy rain
NHB250831084303.RAWLJ0W,2025-08-31 08:43:03,Short Range,8,50.31,Heavy rain
NHB250831085008.RAWLJ0Z,2025-08-31 08:50:08,Long Range,4,49.15,Heavy rain
NHB250831085304.RAWLJ13,2025-08-31 08:53:04,Short Range,8,50.37,Heavy rain
NHB250831090008.RAWLJ16,2025-08-31 09:00:08,Long Range,4,47.96,Heavy rain
NHB250831090303.RAWLJ1A,2025-08-31 09:03:03,Short Range,8,48.29,Heavy rain
NHB250831091008.RAWLJ1D,2025-08-31 09:10:08,Long Range,4,47.79,Heavy rain
NHB250831091303.RAWLJ1H,2025-08-31 09:13:03,Short Range,8,48.79,Heavy rain
NHB250831092007.RAWLJ1L,2025-08-31 09:20:07,Long Range,4,48.01,Heavy rain
NHB250831092303.RAWLJ1R,2025-08-31 09:23:03,Short Range,8,47.95,Heavy rain
NHB250831093008.RAWLJ1U,2025-08-31 09:30:08,Long Range,4,47.16,Moderate rain
NHB250831093304.RAWLJ1Y,2025-08-31 09:33:04,Short Range,8,47.36,Moderate rain
NHB250831094007.RAWLJ21,2025-08-31 09:40:07,Long Range,4,46.12,Moderate rain
NHB250831094304.RAWLJ25,2025-08-31 09:43:04,Short Range,8,46.11,Moderate rain
NHB250831095008.RAWLJ28,2025-08-31 09:50:08,Long Range,4,45.49,Moderate rain
NHB250831095304.RAWLJ2C,2025-08-31 09:53:04,Short Range,8,45.08,Moderate rain
NHB250831100007.RAWLJ2F,2025-08-31 10:00:07,Long Range,4,44.72,Moderate rain
NHB250831100303.RAWLJ2K,2025-08-31 10:03:03,Short Range,8,43.66,Moderate rain
NHB250831101007.RAWLJ2N,2025-08-31 10:10:07,Long Range,4,43.33,Moderate rain
NHB250831101303.RAWLJ2T,2025-08-31 10:13:03,Short Range,8,41.82,Moderate rain
NHB250831102008.RAWLJ2W,2025-08-31 10:20:08,Long Range,4,42.29,Moderate rain
NHB250831102304.RAWLJ30,2025-08-31 10:23:04,Short Range,8,40.16,Moderate rain
NHB250831103008.RAWLJ33,2025-08-31 10:30:08,Long Range,4,42.6,Moderate rain
NHB250831103304.RAWLJ37,2025-08-31 10:33:04,Short Range,8,39.79,Light rain
NHB250831104007.RAWLJ3A,2025-08-31 10:40:07,Long Range,4,41.4,Moderate rain
NHB250831104303.RAWLJ3E,2025-08-31 10:43:03,Short Range,8,39.78,Light rain
NHB250831105007.RAWLJ3H,2025-08-31 10:50:07,Long Range,4,40.69,Moderate rain
NHB250831105304.RAWLJ3M,2025-08-31 10:53:04,Short Range,8,39.87,Light rain
NHB250831110008.RAWLJ3R,2025-08-31 11:00:08,Long Range,4,41.11,Moderate rain
NHB250831110304.RAWLJ3V,2025-08-31 11:03:04,Short Range,8,39.43,Light rain
NHB250831111008.RAWLJ3Y,2025-08-31 11:10:08,Long Range,4,41.01,Moderate rain
NHB250831111303.RAWLJ42,2025-08-31 11:13:03,Short Range,8,38.69,Light rain
NHB250831112008.RAWLJ45,2025-08-31 11:20:08,Long Range,4,40.37,Moderate rain
NHB250831112304.RAWLJ49,2025-08-31 11:23:04,Short Range,8,38.07,Light rain
NHB250831113007.RAWLJ4C,2025-08-31 11:30:07,Long Range,4,39.94,Light rain
NHB250831113303.RAWLJ4G,2025-08-31 11:33:03,Short Range,8,37.65,Light rain
NHB250831114007.RAWLJ4K,2025-08-31 11:40:07,Long Range,4,40.11,Moderate rain
NHB250831114303.RAWLJ4P,2025-08-31 11:43:03,Short Range,8,37.95,Light rain
NHB250831115007.RAWLJ4T,2025-08-31 11:50:07,Long Range,4,40.03,Moderate rain
NHB250831115304.RAWLJ4X,2025-08-31 11:53:04,Short Range,8,38.26,Light rain
NHB250831120007.RAWLJ50,2025-08-31 12:00:07,Long Range,4,39.71,Light rain
NHB250831120303.RAWLJ54,2025-08-31 12:03:03,Short Range,8,37.57,Light rain
NHB250831121007.RAWLJ57,2025-08-31 12:10:07,Long Range,4,39.4,Light rain
NHB250831121303.RAWLJ5B,2025-08-31 12:13:03,Short Range,8,36.52,Light rain
NHB250831122008.RAWLJ5E,2025-08-31 12:20:08,Long Range,4,39.46,Light rain
NHB250831122304.RAWLJ5J,2025-08-31 12:23:04,Short Range,8,35.69,Light rain
NHB250831123008.RAWLJ5M,2025-08-31 12:30:08,Long Range,4,38.92,Light rain
NHB250831123303.RAWLJ5S,2025-08-31 12:33:03,Short Range,8,33.91,Light rain
NHB250831124008.RAWLJ5V,2025-08-31 12:40:08,Long Range,4,38.14,Light rain
NHB250831124303.RAWLJ5Z,2025-08-31 12:43:03,Short Range,8,33.19,Light rain
NHB250831125007.RAWLJ62,2025-08-31 12:50:07,Long Range,4,37.87,Light rain
NHB250831125304.RAWLJ66,2025-08-31 12:53:04,Short Range,8,33.19,Light rain
NHB250831130008.RAWLJ69,2025-08-31 13:00:08,Long Range,4,37.28,Light rain
NHB250831130305.RAWLJ6D,2025-08-31 13:03:05,Short Range,8,32.78,Light rain
NHB250831131008.RAWLJ6G,2025-08-31 13:10:08,Long Range,4,37.99,Light rain
NHB250831131304.RAWLJ6L,2025-08-31 13:13:04,Short Range,8,32.27,Light rain
NHB250831132008.RAWLJ6P,2025-08-31 13:20:08,Long Range,4,37.35,Light rain
NHB250831132304.RAWLJ6U,2025-08-31 13:23:04,Short Range,8,32.05,Light rain
NHB250831133009.RAWLJ6X,2025-08-31 13:30:09,Long Range,4,36.16,Light rain
NHB250831133303.RAWLJ71,2025-08-31 13:33:03,Short Range,8,31.61,Light rain
NHB250831134007.RAWLJ74,2025-08-31 13:40:07,Long Range,4,35.77,Light rain
NHB250831134303.RAWLJ78,2025-08-31 13:43:03,Short Range,8,31.84,Light rain
NHB250831135007.RAWLJ7B,2025-08-31 13:50:07,Long Range,4,35.59,Light rain
NHB250831135304.RAWLJ7F,2025-08-31 13:53:04,Short Range,8,30.89,Light rain
NHB250831140008.RAWLJ7J,2025-08-31 14:00:08,Long Range,4,34.87,Light rain
NHB250831140304.RAWLJ7N,2025-08-31 14:03:04,Short Range,8,30.29,Light rain
NHB250831141008.RAWLJ7S,2025-08-31 14:10:08,Long Range,4,34.51,Light rain
NHB250831141303.RAWLJ7W,2025-08-31 14:13:03,Short Range,8,29.47,Clear
NHB250831142007.RAWLJ7Z,2025-08-31 14:20:07,Long Range,4,34.74,Light rain
NHB250831142303.RAWLJ83,2025-08-31 14:23:03,Short Range,8,29.98,Clear
NHB250831143007.RAWLJ86,2025-08-31 14:30:07,Long Range,4,35.86,Light rain
NHB250831143303.RAWLJ8A,2025-08-31 14:33:03,Short Range,8,30.22,Light rain
NHB250831144007.RAWLJ8D,2025-08-31 14:40:07,Long Range,4,33.4,Light rain
NHB250831144303.RAWLJ8H,2025-08-31 14:43:03,Short Range,8,29.81,Clear
NHB250831145007.RAWLJ8L,2025-08-31 14:50:07,Long Range,4,31.95,Light rain
NHB250831145305.RAWLJ8R,2025-08-31 14:53:05,Short Range,8,29.48,Clear
NHB250831150008.RAWLJ8U,2025-08-31 15:00:08,Long Range,4,32.68,Light rain
NHB250831150303.RAWLJ8Y,2025-08-31 15:03:03,Short Range,8,29.9,Clear
NHB250831151008.RAWLJ91,2025-08-31 15:10:08,Long Range,4,33.67,Light rain
NHB250831151303.RAWLJ95,2025-08-31 15:13:03,Short Range,8,30.99,Light rain
NHB250831152008.RAWLJ98,2025-08-31 15:20:08,Long Range,4,33.39,Light rain
NHB250831152303.RAWLJ9C,2025-08-31 15:23:03,Short Range,8,32.37,Light rain
NHB250831153008.RAWLJ9F,2025-08-31 15:30:08,Long Range,4,33.24,Light rain
NHB250831153304.RAWLJ9K,2025-08-31 15:33:04,Short Range,8,32.17,Light rain
NHB250831154008.RAWLJ9N,2025-08-31 15:40:08,Long Range,4,35.01,Light rain
NHB250831154303.RAWLJ9T,2025-08-31 15:43:03,Short Range,8,32.78,Light rain
NHB250831155007.RAWLJ9W,2025-08-31 15:50:07,Long Range,4,35.22,Light rain
NHB250831155303.RAWLJA0,2025-08-31 15:53:03,Short Range,8,34.41,Light rain
NHB250831160008.RAWLJA3,2025-08-31 16:00:08,Long Range,4,37.22,Light rain
NHB250831160303.RAWLJA7,2025-08-31 16:03:03,Short Range,8,36.72,Light rain
NHB250831161007.RAWLJAA,2025-08-31 16:10:07,Long Range,4,38.3,Light rain
NHB250831161303.RAWLJAE,2025-08-31 16:13:03,Short Range,8,38.51,Light rain
NHB250831162008.RAWLJAH,2025-08-31 16:20:08,Long Range,4,38.68,Light rain
NHB250831162304.RAWLJAM,2025-08-31 16:23:04,Short Range,8,38.5,Light rain
NHB250831163008.RAWLJAR,2025-08-31 16:30:08,Long Range,4,38.66,Light rain
NHB250831163303.RAWLJAV,2025-08-31 16:33:03,Short Range,8,37.54,Light rain
NHB250831164007.RAWLJAY,2025-08-31 16:40:07,Long Range,4,38.75,Light rain
NHB250831164303.RAWLJB2,2025-08-31 16:43:03,Short Range,8,36.26,Light rain
NHB250831165008.RAWLJB5,2025-08-31 16:50:08,Long Range,4,37.97,Light rain
NHB250831165303.RAWLJB9,2025-08-31 16:53:03,Short Range,8,34.85,Light rain
NHB250831170007.RAWLJBC,2025-08-31 17:00:07,Long Range,4,37.24,Light rain
NHB250831170303.RAWLJBG,2025-08-31 17:03:03,Short Range,8,35.15,Light rain
NHB250831171008.RAWLJBK,2025-08-31 17:10:08,Long Range,4,37.25,Light rain
NHB250831171303.RAWLJBP,2025-08-31 17:13:03,Short Range,8,35.76,Light rain
NHB250831172007.RAWLJBT,2025-08-31 17:20:07,Long Range,4,36.97,Light rain
NHB250831172304.RAWLJBX,2025-08-31 17:23:04,Short Range,8,36.28,Light rain
NHB250831173007.RAWLJC0,2025-08-31 17:30:07,Long Range,4,36.62,Light rain
NHB250831173304.RAWLJC4,2025-08-31 17:33:04,Short Range,8,36.05,Light rain
NHB250831174008.RAWLJC7,2025-08-31 17:40:08,Long Range,4,36.21,Light rain
NHB250831174304.RAWLJCB,2025-08-31 17:43:04,Short Range,8,35.41,Light rain
NHB250831175007.RAWLJCE,2025-08-31 17:50:07,Long Range,4,37.06,Light rain
NHB250831175303.RAWLJCJ,2025-08-31 17:53:03,Short Range,8,34.86,Light rain
NHB250831180008.RAWLJCM,2025-08-31 18:00:08,Long Range,4,36.16,Light rain
NHB250831180304.RAWLJCS,2025-08-31 18:03:04,Short Range,8,34.08,Light rain
NHB250831181007.RAWLJCV,2025-08-31 18:10:07,Long Range,4,35.19,Light rain
NHB250831181303.RAWLJCZ,2025-08-31 18:13:03,Short Range,8,32.74,Light rain
NHB250831182008.RAWLJD2,2025-08-31 18:20:08,Long Range,4,34.77,Light rain
NHB250831182303.RAWLJD6,2025-08-31 18:23:03,Short Range,8,32.25,Light rain
NHB250831183008.RAWLJD9,2025-08-31 18:30:08,Long Range,4,34.4,Light rain
NHB250831183303.RAWLJDD,2025-08-31 18:33:03,Short Range,8,32.46,Light rain
NHB250831184008.RAWLJDG,2025-08-31 18:40:08,Long Range,4,34.8,Light rain
NHB250831184303.RAWLJDL,2025-08-31 18:43:03,Short Range,8,33.42,Light rain
NHB250831185008.RAWLJDP,2025-08-31 18:50:08,Long Range,4,35.76,Light rain
NHB250831185304.RAWLJDU,2025-08-31 18:53:04,Short Range,8,33.76,Light rain
NHB250831190008.RAWLJDX,2025-08-31 19:00:08,Long Range,4,35.84,Light rain
NHB250831190303.RAWLJE1,2025-08-31 19:03:03,Short Range,8,35.35,Light rain
NHB250831191008.RAWLJE4,2025-08-31 19:10:08,Long Range,4,36.2,Light rain
NHB250831191303.RAWLJE8,2025-08-31 19:13:03,Short Range,8,35.56,Light rain
NHB250831192007.RAWLJEB,2025-08-31 19:20:07,Long Range,4,35.87,Light rain
NHB250831192304.RAWLJEF,2025-08-31 19:23:04,Short Range,8,35.01,Light rain
NHB250831193007.RAWLJEJ,2025-08-31 19:30:07,Long Range,4,35.1,Light rain
NHB250831193303.RAWLJEN,2025-08-31 19:33:03,Short Range,8,34.88,Light rain
NHB250831194007.RAWLJES,2025-08-31 19:40:07,Long Range,4,35.59,Light rain
NHB250831194304.RAWLJEW,2025-08-31 19:43:04,Short Range,8,35.69,Light rain
NHB250831195008.RAWLJEZ,2025-08-31 19:50:08,Long Range,4,36.05,Light rain
NHB250831195303.RAWLJF3,2025-08-31 19:53:03,Short Range,8,34.63,Light rain
NHB250831200007.RAWLJF6,2025-08-31 20:00:07,Long Range,4,33.8,Light rain
NHB250831200303.RAWLJFA,2025-08-31 20:03:03,Short Range,8,32.97,Light rain
NHB250831201008.RAWLJFD,2025-08-31 20:10:08,Long Range,4,32.93,Light rain
NHB250831201304.RAWLJFH,2025-08-31 20:13:04,Short Range,8,31.91,Light rain
NHB250831202008.RAWLJFL,2025-08-31 20:20:08,Long Range,4,33.4,Light rain
NHB250831202305.RAWLJFR,2025-08-31 20:23:05,Short Range,8,30.9,Light rain
NHB250831203009.RAWLJFU,2025-08-31 20:30:09,Long Range,4,34.05,Light rain
NHB250831203303.RAWLJFY,2025-08-31 20:33:03,Short Range,8,29.4,Clear
NHB250831204007.RAWLJG1,2025-08-31 20:40:07,Long Range,4,34.27,Light rain
NHB250831204303.RAWLJG5,2025-08-31 20:43:03,Short Range,8,28.45,Clear
NHB250831205008.RAWLJG8,2025-08-31 20:50:08,Long Range,4,35.55,Light rain
NHB250831205304.RAWLJGC,2025-08-31 20:53:04,Short Range,8,28.85,Clear
NHB250831210007.RAWLJGF,2025-08-31 21:00:07,Long Range,4,33.93,Light rain
NHB250831210303.RAWLJGK,2025-08-31 21:03:03,Short Range,8,27.7,Clear
NHB250831211008.RAWLJGN,2025-08-31 21:10:08,Long Range,4,32.96,Light rain
NHB250831211303.RAWLJGT,2025-08-31 21:13:03,Short Range,8,26.69,Clear
NHB250831212008.RAWLJGW,2025-08-31 21:20:08,Long Range,4,31.84,Light rain
NHB250831212304.RAWLJH0,2025-08-31 21:23:04,Short Range,8,25.47,Clear
NHB250831213008.RAWLJH3,2025-08-31 21:30:08,Long Range,4,32.42,Light rain
NHB250831213303.RAWLJH7,2025-08-31 21:33:03,Short Range,8,25.37,Clear
NHB250831214008.RAWLJHA,2025-08-31 21:40:08,Long Range,4,33.4,Light rain
NHB250831214304.RAWLJHE,2025-08-31 21:43:04,Short Range,8,24.88,Clear
NHB250831215008.RAWLJHH,2025-08-31 21:50:08,Long Range,4,33.42,Light rain
NHB250831215304.RAWLJHM,2025-08-31 21:53:04,Short Range,8,24.98,Clear
NHB250831220007.RAWLJHR,2025-08-31 22:00:07,Long Range,4,33.27,Light rain
NHB250831220303.RAWLJHV,2025-08-31 22:03:03,Short Range,8,24.34,Clear
NHB250831221008.RAWLJHY,2025-08-31 22:10:08,Long Range,4,33.59,Light rain
NHB250831221304.RAWLJJ2,2025-08-31 22:13:04,Short Range,8,24.32,Clear
NHB250831222007.RAWLJJ5,2025-08-31 22:20:07,Long Range,4,34.35,Light rain
NHB250831222305.RAWLJJ9,2025-08-31 22:23:05,Short Range,8,25.85,Clear
NHB250831223008.RAWLJJC,2025-08-31 22:30:08,Long Range,4,34.08,Light rain
NHB250831223303.RAWLJJG,2025-08-31 22:33:03,Short Range,8,22.39,Clear
NHB250831224007.RAWLJJK,2025-08-31 22:40:07,Long Range,4,34.44,Light rain
NHB250831224303.RAWLJJP,2025-08-31 22:43:03,Short Range,8,24.2,Clear
NHB250831225007.RAWLJJT,2025-08-31 22:50:07,Long Range,4,35.34,Light rain
NHB250831225304.RAWLJJX,2025-08-31 22:53:04,Short Range,8,26.72,Clear
NHB250831230008.RAWLJK0,2025-08-31 23:00:08,Long Range,4,35.89,Light rain
NHB250831230303.RAWLJK4,2025-08-31 23:03:03,Short Range,8,25.68,Clear
NHB250831231008.RAWLJK7,2025-08-31 23:10:08,Long Range,4,35.6,Light rain
NHB250831231303.RAWLJKB,2025-08-31 23:13:03,Short Range,8,26.31,Clear
NHB250831232008.RAWLJKE,2025-08-31 23:20:08,Long Range,4,35.62,Light rain
NHB250831232304.RAWLJKJ,2025-08-31 23:23:04,Short Range,8,27.11,Clear
NHB250831233008.RAWLJKM,2025-08-31 23:30:08,Long Range,4,36.03,Light rain
NHB250831233303.RAWLJKS,2025-08-31 23:33:03,Short Range,8,27.25,Clear
NHB250831234008.RAWLJKV,2025-08-31 23:40:08,Long Range,4,36.5,Light rain
NHB250831234303.RAWLJKZ,2025-08-31 23:43:03,Short Range,8,28.05,Clear
NHB250831235008.RAWLJL2,2025-08-31 23:50:08,Long Range,4,36.33,Light rain
NHB250831235304.RAWLJL6,2025-08-31 23:53:04,Short Range,8,28.88,Clear
