group_id,input_time,input_file_t0,input_file_t3,input_file_t10,input_file_t13,target_0h_expected,target_0h_actual,target_0h_file,target_0h_mode,target_0h_diff_sec,target_1h_expected,target_1h_actual,target_1h_file,target_1h_mode,target_1h_diff_sec,target_2h_expected,target_2h_actual,target_2h_file,target_2h_mode,target_2h_diff_sec,target_3h_expected,target_3h_actual,target_3h_file,target_3h_mode,target_3h_diff_sec
0,2025-08-01 00:00:07,NHB250801000007.RAWLTHU,NHB250801000303.RAWLTHY,NHB250801001007.RAWLTJ1,NHB250801001304.RAWLTJ5,2025-08-01 00:00:07,2025-08-01 00:00:07,NHB250801000007.RAWLTHU,Long Range,0.0,2025-08-01 01:00:07,2025-08-01 01:00:09,NHB250801010009.RAWLTK3,Long Range,2.0,2025-08-01 02:00:07,2025-08-01 02:00:08,NHB250801020008.RAWLTLC,Long Range,1.0,2025-08-01 03:00:07,2025-08-01 03:00:07,NHB250801030007.RAWLTMM,Long Range,0.0
1,2025-08-01 00:20:08,NHB250801002008.RAWLTJ8,NHB250801002303.RAWLTJC,NHB250801003008.RAWLTJF,NHB250801003305.RAWLTJK,2025-08-01 00:20:08,2025-08-01 00:20:08,NHB250801002008.RAWLTJ8,Long Range,0.0,2025-08-01 01:20:08,2025-08-01 01:20:08,NHB250801012008.RAWLTKH,Long Range,0.0,2025-08-01 02:20:08,2025-08-01 02:20:07,NHB250801022007.RAWLTLT,Long Range,1.0,2025-08-01 03:20:08,2025-08-01 03:20:08,NHB250801032008.RAWLTN2,Long Range,0.0
2,2025-08-01 00:40:07,NHB250801004007.RAWLTJN,NHB250801004304.RAWLTJT,NHB250801005007.RAWLTJW,NHB250801005305.RAWLTK0,2025-08-01 00:40:07,2025-08-01 00:40:07,NHB250801004007.RAWLTJN,Long Range,0.0,2025-08-01 01:40:07,2025-08-01 01:40:08,NHB250801014008.RAWLTKY,Long Range,1.0,2025-08-01 02:40:07,2025-08-01 02:40:08,NHB250801024008.RAWLTM7,Long Range,1.0,2025-08-01 03:40:07,2025-08-01 03:40:07,NHB250801034007.RAWLTNG,Long Range,0.0
3,2025-08-01 01:00:09,NHB250801010009.RAWLTK3,NHB250801010304.RAWLTK7,NHB250801011008.RAWLTKA,NHB250801011304.RAWLTKE,2025-08-01 01:00:09,2025-08-01 01:00:09,NHB250801010009.RAWLTK3,Long Range,0.0,2025-08-01 02:00:09,2025-08-01 02:00:08,NHB250801020008.RAWLTLC,Long Range,1.0,2025-08-01 03:00:09,2025-08-01 03:00:07,NHB250801030007.RAWLTMM,Long Range,2.0,2025-08-01 04:00:09,2025-08-01 04:00:08,NHB250801040008.RAWLTNX,Long Range,1.0
4,2025-08-01 01:20:08,NHB250801012008.RAWLTKH,NHB250801012304.RAWLTKM,NHB250801013008.RAWLTKR,NHB250801013304.RAWLTKV,2025-08-01 01:20:08,2025-08-01 01:20:08,NHB250801012008.RAWLTKH,Long Range,0.0,2025-08-01 02:20:08,2025-08-01 02:20:07,NHB250801022007.RAWLTLT,Long Range,1.0,2025-08-01 03:20:08,2025-08-01 03:20:08,NHB250801032008.RAWLTN2,Long Range,0.0,2025-08-01 04:20:08,2025-08-01 04:20:08,NHB250801042008.RAWLTPB,Long Range,0.0
5,2025-08-01 01:40:08,NHB250801014008.RAWLTKY,NHB250801014305.RAWLTL2,NHB250801015008.RAWLTL5,NHB250801015303.RAWLTL9,2025-08-01 01:40:08,2025-08-01 01:40:08,NHB250801014008.RAWLTKY,Long Range,0.0,2025-08-01 02:40:08,2025-08-01 02:40:08,NHB250801024008.RAWLTM7,Long Range,0.0,2025-08-01 03:40:08,2025-08-01 03:40:07,NHB250801034007.RAWLTNG,Long Range,1.0,2025-08-01 04:40:08,2025-08-01 04:40:08,NHB250801044008.RAWLTPS,Long Range,0.0
6,2025-08-01 02:00:08,NHB250801020008.RAWLTLC,NHB250801020304.RAWLTLG,NHB250801021008.RAWLTLK,NHB250801021304.RAWLTLP,2025-08-01 02:00:08,2025-08-01 02:00:08,NHB250801020008.RAWLTLC,Long Range,0.0,2025-08-01 03:00:08,2025-08-01 03:00:07,NHB250801030007.RAWLTMM,Long Range,1.0,2025-08-01 04:00:08,2025-08-01 04:00:08,NHB250801040008.RAWLTNX,Long Range,0.0,2025-08-01 05:00:08,2025-08-01 05:00:08,NHB250801050008.RAWLTR6,Long Range,0.0
7,2025-08-01 02:20:07,NHB250801022007.RAWLTLT,NHB250801022304.RAWLTLX,NHB250801023009.RAWLTM0,NHB250801023303.RAWLTM4,2025-08-01 02:20:07,2025-08-01 02:20:07,NHB250801022007.RAWLTLT,Long Range,0.0,2025-08-01 03:20:07,2025-08-01 03:20:08,NHB250801032008.RAWLTN2,Long Range,1.0,2025-08-01 04:20:07,2025-08-01 04:20:08,NHB250801042008.RAWLTPB,Long Range,1.0,2025-08-01 05:20:07,2025-08-01 05:20:08,NHB250801052008.RAWLTRL,Long Range,1.0
8,2025-08-01 02:40:08,NHB250801024008.RAWLTM7,NHB250801024303.RAWLTMB,NHB250801025008.RAWLTME,NHB250801025304.RAWLTMJ,2025-08-01 02:40:08,2025-08-01 02:40:08,NHB250801024008.RAWLTM7,Long Range,0.0,2025-08-01 03:40:08,2025-08-01 03:40:07,NHB250801034007.RAWLTNG,Long Range,1.0,2025-08-01 04:40:08,2025-08-01 04:40:08,NHB250801044008.RAWLTPS,Long Range,0.0,2025-08-01 05:40:08,2025-08-01 05:40:08,NHB250801054008.RAWLTS1,Long Range,0.0
9,2025-08-01 03:00:07,NHB250801030007.RAWLTMM,NHB250801030304.RAWLTMS,NHB250801031008.RAWLTMV,NHB250801031303.RAWLTMZ,2025-08-01 03:00:07,2025-08-01 03:00:07,NHB250801030007.RAWLTMM,Long Range,0.0,2025-08-01 04:00:07,2025-08-01 04:00:08,NHB250801040008.RAWLTNX,Long Range,1.0,2025-08-01 05:00:07,2025-08-01 05:00:08,NHB250801050008.RAWLTR6,Long Range,1.0,2025-08-01 06:00:07,2025-08-01 06:00:08,NHB250801060008.RAWLTSF,Long Range,1.0
10,2025-08-01 03:20:08,NHB250801032008.RAWLTN2,NHB250801032303.RAWLTN6,NHB250801033008.RAWLTN9,NHB250801033304.RAWLTND,2025-08-01 03:20:08,2025-08-01 03:20:08,NHB250801032008.RAWLTN2,Long Range,0.0,2025-08-01 04:20:08,2025-08-01 04:20:08,NHB250801042008.RAWLTPB,Long Range,0.0,2025-08-01 05:20:08,2025-08-01 05:20:08,NHB250801052008.RAWLTRL,Long Range,0.0,2025-08-01 06:20:08,2025-08-01 06:20:08,NHB250801062008.RAWLTSW,Long Range,0.0
11,2025-08-01 03:40:07,NHB250801034007.RAWLTNG,NHB250801034303.RAWLTNL,NHB250801035007.RAWLTNP,NHB250801035305.RAWLTNU,2025-08-01 03:40:07,2025-08-01 03:40:07,NHB250801034007.RAWLTNG,Long Range,0.0,2025-08-01 04:40:07,2025-08-01 04:40:08,NHB250801044008.RAWLTPS,Long Range,1.0,2025-08-01 05:40:07,2025-08-01 05:40:08,NHB250801054008.RAWLTS1,Long Range,1.0,2025-08-01 06:40:07,2025-08-01 06:40:08,NHB250801064008.RAWLTTA,Long Range,1.0
12,2025-08-01 04:00:08,NHB250801040008.RAWLTNX,NHB250801040304.RAWLTP1,NHB250801041007.RAWLTP4,NHB250801041303.RAWLTP8,2025-08-01 04:00:08,2025-08-01 04:00:08,NHB250801040008.RAWLTNX,Long Range,0.0,2025-08-01 05:00:08,2025-08-01 05:00:08,NHB250801050008.RAWLTR6,Long Range,0.0,2025-08-01 06:00:08,2025-08-01 06:00:08,NHB250801060008.RAWLTSF,Long Range,0.0,2025-08-01 07:00:08,2025-08-01 07:00:08,NHB250801070008.RAWLTTR,Long Range,0.0
13,2025-08-01 04:20:08,NHB250801042008.RAWLTPB,NHB250801042304.RAWLTPF,NHB250801043008.RAWLTPJ,NHB250801043303.RAWLTPN,2025-08-01 04:20:08,2025-08-01 04:20:08,NHB250801042008.RAWLTPB,Long Range,0.0,2025-08-01 05:20:08,2025-08-01 05:20:08,NHB250801052008.RAWLTRL,Long Range,0.0,2025-08-01 06:20:08,2025-08-01 06:20:08,NHB250801062008.RAWLTSW,Long Range,0.0,2025-08-01 07:20:08,2025-08-01 07:20:08,NHB250801072008.RAWLTU5,Long Range,0.0
14,2025-08-01 04:40:08,NHB250801044008.RAWLTPS,NHB250801044304.RAWLTPW,NHB250801045008.RAWLTPZ,NHB250801045303.RAWLTR3,2025-08-01 04:40:08,2025-08-01 04:40:08,NHB250801044008.RAWLTPS,Long Range,0.0,2025-08-01 05:40:08,2025-08-01 05:40:08,NHB250801054008.RAWLTS1,Long Range,0.0,2025-08-01 06:40:08,2025-08-01 06:40:08,NHB250801064008.RAWLTTA,Long Range,0.0,2025-08-01 07:40:08,2025-08-01 07:40:08,NHB250801074008.RAWLTUK,Long Range,0.0
15,2025-08-01 05:00:08,NHB250801050008.RAWLTR6,NHB250801050303.RAWLTRA,NHB250801051007.RAWLTRD,NHB250801051303.RAWLTRH,2025-08-01 05:00:08,2025-08-01 05:00:08,NHB250801050008.RAWLTR6,Long Range,0.0,2025-08-01 06:00:08,2025-08-01 06:00:08,NHB250801060008.RAWLTSF,Long Range,0.0,2025-08-01 07:00:08,2025-08-01 07:00:08,NHB250801070008.RAWLTTR,Long Range,0.0,2025-08-01 08:00:08,2025-08-01 08:00:08,NHB250801080008.RAWLTV0,Long Range,0.0
16,2025-08-01 05:20:08,NHB250801052008.RAWLTRL,NHB250801052303.RAWLTRR,NHB250801053008.RAWLTRU,NHB250801053303.RAWLTRY,2025-08-01 05:20:08,2025-08-01 05:20:08,NHB250801052008.RAWLTRL,Long Range,0.0,2025-08-01 06:20:08,2025-08-01 06:20:08,NHB250801062008.RAWLTSW,Long Range,0.0,2025-08-01 07:20:08,2025-08-01 07:20:08,NHB250801072008.RAWLTU5,Long Range,0.0,2025-08-01 08:20:08,2025-08-01 08:20:07,NHB250801082007.RAWLTVE,Long Range,1.0
17,2025-08-01 05:40:08,NHB250801054008.RAWLTS1,NHB250801054303.RAWLTS5,NHB250801055008.RAWLTS8,NHB250801055303.RAWLTSC,2025-08-01 05:40:08,2025-08-01 05:40:08,NHB250801054008.RAWLTS1,Long Range,0.0,2025-08-01 06:40:08,2025-08-01 06:40:08,NHB250801064008.RAWLTTA,Long Range,0.0,2025-08-01 07:40:08,2025-08-01 07:40:08,NHB250801074008.RAWLTUK,Long Range,0.0,2025-08-01 08:40:08,2025-08-01 08:40:08,NHB250801084008.RAWLTVV,Long Range,0.0
18,2025-08-01 06:00:08,NHB250801060008.RAWLTSF,NHB250801060303.RAWLTSK,NHB250801061008.RAWLTSN,NHB250801061303.RAWLTST,2025-08-01 06:00:08,2025-08-01 06:00:08,NHB250801060008.RAWLTSF,Long Range,0.0,2025-08-01 07:00:08,2025-08-01 07:00:08,NHB250801070008.RAWLTTR,Long Range,0.0,2025-08-01 08:00:08,2025-08-01 08:00:08,NHB250801080008.RAWLTV0,Long Range,0.0,2025-08-01 09:00:08,2025-08-01 09:00:07,NHB250801090007.RAWLTW9,Long Range,1.0
19,2025-08-01 06:20:08,NHB250801062008.RAWLTSW,NHB250801062303.RAWLTT0,NHB250801063007.RAWLTT3,NHB250801063304.RAWLTT7,2025-08-01 06:20:08,2025-08-01 06:20:08,NHB250801062008.RAWLTSW,Long Range,0.0,2025-08-01 07:20:08,2025-08-01 07:20:08,NHB250801072008.RAWLTU5,Long Range,0.0,2025-08-01 08:20:08,2025-08-01 08:20:07,NHB250801082007.RAWLTVE,Long Range,1.0,2025-08-01 09:20:08,2025-08-01 09:20:08,NHB250801092008.RAWLTWP,Long Range,0.0
20,2025-08-01 06:40:08,NHB250801064008.RAWLTTA,NHB250801064303.RAWLTTE,NHB250801065008.RAWLTTH,NHB250801065303.RAWLTTM,2025-08-01 06:40:08,2025-08-01 06:40:08,NHB250801064008.RAWLTTA,Long Range,0.0,2025-08-01 07:40:08,2025-08-01 07:40:08,NHB250801074008.RAWLTUK,Long Range,0.0,2025-08-01 08:40:08,2025-08-01 08:40:08,NHB250801084008.RAWLTVV,Long Range,0.0,2025-08-01 09:40:08,2025-08-01 09:40:07,NHB250801094007.RAWLTX4,Long Range,1.0
21,2025-08-01 07:00:08,NHB250801070008.RAWLTTR,NHB250801070304.RAWLTTV,NHB250801071007.RAWLTTY,NHB250801071303.RAWLTU2,2025-08-01 07:00:08,2025-08-01 07:00:08,NHB250801070008.RAWLTTR,Long Range,0.0,2025-08-01 08:00:08,2025-08-01 08:00:08,NHB250801080008.RAWLTV0,Long Range,0.0,2025-08-01 09:00:08,2025-08-01 09:00:07,NHB250801090007.RAWLTW9,Long Range,1.0,2025-08-01 10:00:08,2025-08-01 10:00:08,NHB250801100008.RAWLTXJ,Long Range,0.0
22,2025-08-01 07:20:08,NHB250801072008.RAWLTU5,NHB250801072303.RAWLTU9,NHB250801073008.RAWLTUC,NHB250801073303.RAWLTUG,2025-08-01 07:20:08,2025-08-01 07:20:08,NHB250801072008.RAWLTU5,Long Range,0.0,2025-08-01 08:20:08,2025-08-01 08:20:07,NHB250801082007.RAWLTVE,Long Range,1.0,2025-08-01 09:20:08,2025-08-01 09:20:08,NHB250801092008.RAWLTWP,Long Range,0.0,2025-08-01 10:20:08,2025-08-01 10:20:08,NHB250801102008.RAWLTXZ,Long Range,0.0
23,2025-08-01 07:40:08,NHB250801074008.RAWLTUK,NHB250801074304.RAWLTUP,NHB250801075008.RAWLTUT,NHB250801075304.RAWLTUX,2025-08-01 07:40:08,2025-08-01 07:40:08,NHB250801074008.RAWLTUK,Long Range,0.0,2025-08-01 08:40:08,2025-08-01 08:40:08,NHB250801084008.RAWLTVV,Long Range,0.0,2025-08-01 09:40:08,2025-08-01 09:40:07,NHB250801094007.RAWLTX4,Long Range,1.0,2025-08-01 10:40:08,2025-08-01 10:40:08,NHB250801104008.RAWLTYD,Long Range,0.0
24,2025-08-01 08:00:08,NHB250801080008.RAWLTV0,NHB250801080303.RAWLTV4,NHB250801081008.RAWLTV7,NHB250801081304.RAWLTVB,2025-08-01 08:00:08,2025-08-01 08:00:08,NHB250801080008.RAWLTV0,Long Range,0.0,2025-08-01 09:00:08,2025-08-01 09:00:07,NHB250801090007.RAWLTW9,Long Range,1.0,2025-08-01 10:00:08,2025-08-01 10:00:08,NHB250801100008.RAWLTXJ,Long Range,0.0,2025-08-01 11:00:08,2025-08-01 11:00:08,NHB250801110008.RAWLTYU,Long Range,0.0
25,2025-08-01 08:20:07,NHB250801082007.RAWLTVE,NHB250801082304.RAWLTVJ,NHB250801083008.RAWLTVM,NHB250801083304.RAWLTVS,2025-08-01 08:20:07,2025-08-01 08:20:07,NHB250801082007.RAWLTVE,Long Range,0.0,2025-08-01 09:20:07,2025-08-01 09:20:08,NHB250801092008.RAWLTWP,Long Range,1.0,2025-08-01 10:20:07,2025-08-01 10:20:08,NHB250801102008.RAWLTXZ,Long Range,1.0,2025-08-01 11:20:07,2025-08-01 11:20:08,NHB250801112008.RAWLTZ8,Long Range,1.0
26,2025-08-01 08:40:08,NHB250801084008.RAWLTVV,NHB250801084303.RAWLTVZ,NHB250801085008.RAWLTW2,NHB250801085303.RAWLTW6,2025-08-01 08:40:08,2025-08-01 08:40:08,NHB250801084008.RAWLTVV,Long Range,0.0,2025-08-01 09:40:08,2025-08-01 09:40:07,NHB250801094007.RAWLTX4,Long Range,1.0,2025-08-01 10:40:08,2025-08-01 10:40:08,NHB250801104008.RAWLTYD,Long Range,0.0,2025-08-01 11:40:08,2025-08-01 11:40:09,NHB250801114009.RAWLTZN,Long Range,1.0
27,2025-08-01 09:00:07,NHB250801090007.RAWLTW9,NHB250801090303.RAWLTWD,NHB250801091008.RAWLTWG,NHB250801091304.RAWLTWL,2025-08-01 09:00:07,2025-08-01 09:00:07,NHB250801090007.RAWLTW9,Long Range,0.0,2025-08-01 10:00:07,2025-08-01 10:00:08,NHB250801100008.RAWLTXJ,Long Range,1.0,2025-08-01 11:00:07,2025-08-01 11:00:08,NHB250801110008.RAWLTYU,Long Range,1.0,2025-08-01 12:00:07,2025-08-01 12:00:07,NHB250801120007.RAWLU03,Long Range,0.0
28,2025-08-01 09:20:08,NHB250801092008.RAWLTWP,NHB250801092303.RAWLTWU,NHB250801093008.RAWLTWX,NHB250801093303.RAWLTX1,2025-08-01 09:20:08,2025-08-01 09:20:08,NHB250801092008.RAWLTWP,Long Range,0.0,2025-08-01 10:20:08,2025-08-01 10:20:08,NHB250801102008.RAWLTXZ,Long Range,0.0,2025-08-01 11:20:08,2025-08-01 11:20:08,NHB250801112008.RAWLTZ8,Long Range,0.0,2025-08-01 12:20:08,2025-08-01 12:20:07,NHB250801122007.RAWLU0H,Long Range,1.0
29,2025-08-01 09:40:07,NHB250801094007.RAWLTX4,NHB250801094304.RAWLTX8,NHB250801095008.RAWLTXB,NHB250801095303.RAWLTXF,2025-08-01 09:40:07,2025-08-01 09:40:07,NHB250801094007.RAWLTX4,Long Range,0.0,2025-08-01 10:40:07,2025-08-01 10:40:08,NHB250801104008.RAWLTYD,Long Range,1.0,2025-08-01 11:40:07,2025-08-01 11:40:09,NHB250801114009.RAWLTZN,Long Range,2.0,2025-08-01 12:40:07,2025-08-01 12:40:08,NHB250801124008.RAWLU0Y,Long Range,1.0
30,2025-08-01 10:00:08,NHB250801100008.RAWLTXJ,NHB250801100304.RAWLTXN,NHB250801101008.RAWLTXS,NHB250801101304.RAWLTXW,2025-08-01 10:00:08,2025-08-01 10:00:08,NHB250801100008.RAWLTXJ,Long Range,0.0,2025-08-01 11:00:08,2025-08-01 11:00:08,NHB250801110008.RAWLTYU,Long Range,0.0,2025-08-01 12:00:08,2025-08-01 12:00:07,NHB250801120007.RAWLU03,Long Range,1.0,2025-08-01 13:00:08,2025-08-01 13:00:08,NHB250801130008.RAWLU1C,Long Range,0.0
31,2025-08-01 10:20:08,NHB250801102008.RAWLTXZ,NHB250801102303.RAWLTY3,NHB250801103008.RAWLTY6,NHB250801103305.RAWLTYA,2025-08-01 10:20:08,2025-08-01 10:20:08,NHB250801102008.RAWLTXZ,Long Range,0.0,2025-08-01 11:20:08,2025-08-01 11:20:08,NHB250801112008.RAWLTZ8,Long Range,0.0,2025-08-01 12:20:08,2025-08-01 12:20:07,NHB250801122007.RAWLU0H,Long Range,1.0,2025-08-01 13:20:08,2025-08-01 13:20:07,NHB250801132007.RAWLU1T,Long Range,1.0
32,2025-08-01 10:40:08,NHB250801104008.RAWLTYD,NHB250801104303.RAWLTYH,NHB250801105007.RAWLTYL,NHB250801105304.RAWLTYR,2025-08-01 10:40:08,2025-08-01 10:40:08,NHB250801104008.RAWLTYD,Long Range,0.0,2025-08-01 11:40:08,2025-08-01 11:40:09,NHB250801114009.RAWLTZN,Long Range,1.0,2025-08-01 12:40:08,2025-08-01 12:40:08,NHB250801124008.RAWLU0Y,Long Range,0.0,2025-08-01 13:40:08,2025-08-01 13:40:08,NHB250801134008.RAWLU27,Long Range,0.0
33,2025-08-01 11:00:08,NHB250801110008.RAWLTYU,NHB250801110304.RAWLTYY,NHB250801111007.RAWLTZ1,NHB250801111305.RAWLTZ5,2025-08-01 11:00:08,2025-08-01 11:00:08,NHB250801110008.RAWLTYU,Long Range,0.0,2025-08-01 12:00:08,2025-08-01 12:00:07,NHB250801120007.RAWLU03,Long Range,1.0,2025-08-01 13:00:08,2025-08-01 13:00:08,NHB250801130008.RAWLU1C,Long Range,0.0,2025-08-01 14:00:08,2025-08-01 14:00:08,NHB250801140008.RAWLU2M,Long Range,0.0
34,2025-08-01 11:20:08,NHB250801112008.RAWLTZ8,NHB250801112303.RAWLTZC,NHB250801113008.RAWLTZF,NHB250801113303.RAWLTZK,2025-08-01 11:20:08,2025-08-01 11:20:08,NHB250801112008.RAWLTZ8,Long Range,0.0,2025-08-01 12:20:08,2025-08-01 12:20:07,NHB250801122007.RAWLU0H,Long Range,1.0,2025-08-01 13:20:08,2025-08-01 13:20:07,NHB250801132007.RAWLU1T,Long Range,1.0,2025-08-01 14:20:08,2025-08-01 14:20:08,NHB250801142008.RAWLU32,Long Range,0.0
35,2025-08-01 11:40:09,NHB250801114009.RAWLTZN,NHB250801114304.RAWLTZT,NHB250801115008.RAWLTZW,NHB250801115304.RAWLU00,2025-08-01 11:40:09,2025-08-01 11:40:09,NHB250801114009.RAWLTZN,Long Range,0.0,2025-08-01 12:40:09,2025-08-01 12:40:08,NHB250801124008.RAWLU0Y,Long Range,1.0,2025-08-01 13:40:09,2025-08-01 13:40:08,NHB250801134008.RAWLU27,Long Range,1.0,2025-08-01 14:40:09,2025-08-01 14:40:08,NHB250801144008.RAWLU3G,Long Range,1.0
36,2025-08-01 12:00:07,NHB250801120007.RAWLU03,NHB250801120304.RAWLU07,NHB250801121008.RAWLU0A,NHB250801121304.RAWLU0E,2025-08-01 12:00:07,2025-08-01 12:00:07,NHB250801120007.RAWLU03,Long Range,0.0,2025-08-01 13:00:07,2025-08-01 13:00:08,NHB250801130008.RAWLU1C,Long Range,1.0,2025-08-01 14:00:07,2025-08-01 14:00:08,NHB250801140008.RAWLU2M,Long Range,1.0,2025-08-01 15:00:07,2025-08-01 15:00:07,NHB250801150007.RAWLU3X,Long Range,0.0
37,2025-08-01 12:20:07,NHB250801122007.RAWLU0H,NHB250801122303.RAWLU0M,NHB250801123008.RAWLU0R,NHB250801123304.RAWLU0V,2025-08-01 12:20:07,2025-08-01 12:20:07,NHB250801122007.RAWLU0H,Long Range,0.0,2025-08-01 13:20:07,2025-08-01 13:20:07,NHB250801132007.RAWLU1T,Long Range,0.0,2025-08-01 14:20:07,2025-08-01 14:20:08,NHB250801142008.RAWLU32,Long Range,1.0,2025-08-01 15:20:07,2025-08-01 15:20:08,NHB250801152008.RAWLU4B,Long Range,1.0
38,2025-08-01 12:40:08,NHB250801124008.RAWLU0Y,NHB250801124304.RAWLU12,NHB250801125009.RAWLU15,NHB250801125304.RAWLU19,2025-08-01 12:40:08,2025-08-01 12:40:08,NHB250801124008.RAWLU0Y,Long Range,0.0,2025-08-01 13:40:08,2025-08-01 13:40:08,NHB250801134008.RAWLU27,Long Range,0.0,2025-08-01 14:40:08,2025-08-01 14:40:08,NHB250801144008.RAWLU3G,Long Range,0.0,2025-08-01 15:40:08,2025-08-01 15:40:08,NHB250801154008.RAWLU4S,Long Range,0.0
39,2025-08-01 13:00:08,NHB250801130008.RAWLU1C,NHB250801130303.RAWLU1G,NHB250801131008.RAWLU1K,NHB250801131304.RAWLU1P,2025-08-01 13:00:08,2025-08-01 13:00:08,NHB250801130008.RAWLU1C,Long Range,0.0,2025-08-01 14:00:08,2025-08-01 14:00:08,NHB250801140008.RAWLU2M,Long Range,0.0,2025-08-01 15:00:08,2025-08-01 15:00:07,NHB250801150007.RAWLU3X,Long Range,1.0,2025-08-01 16:00:08,2025-08-01 16:00:08,NHB250801160008.RAWLU56,Long Range,0.0
40,2025-08-01 13:20:07,NHB250801132007.RAWLU1T,NHB250801132304.RAWLU1X,NHB250801133008.RAWLU20,NHB250801133303.RAWLU24,2025-08-01 13:20:07,2025-08-01 13:20:07,NHB250801132007.RAWLU1T,Long Range,0.0,2025-08-01 14:20:07,2025-08-01 14:20:08,NHB250801142008.RAWLU32,Long Range,1.0,2025-08-01 15:20:07,2025-08-01 15:20:08,NHB250801152008.RAWLU4B,Long Range,1.0,2025-08-01 16:20:07,2025-08-01 16:20:07,NHB250801162007.RAWLU5L,Long Range,0.0
41,2025-08-01 13:40:08,NHB250801134008.RAWLU27,NHB250801134303.RAWLU2B,NHB250801135008.RAWLU2E,NHB250801135303.RAWLU2J,2025-08-01 13:40:08,2025-08-01 13:40:08,NHB250801134008.RAWLU27,Long Range,0.0,2025-08-01 14:40:08,2025-08-01 14:40:08,NHB250801144008.RAWLU3G,Long Range,0.0,2025-08-01 15:40:08,2025-08-01 15:40:08,NHB250801154008.RAWLU4S,Long Range,0.0,2025-08-01 16:40:08,2025-08-01 16:40:08,NHB250801164008.RAWLU61,Long Range,0.0
42,2025-08-01 14:00:08,NHB250801140008.RAWLU2M,NHB250801140303.RAWLU2S,NHB250801141008.RAWLU2V,NHB250801141303.RAWLU2Z,2025-08-01 14:00:08,2025-08-01 14:00:08,NHB250801140008.RAWLU2M,Long Range,0.0,2025-08-01 15:00:08,2025-08-01 15:00:07,NHB250801150007.RAWLU3X,Long Range,1.0,2025-08-01 16:00:08,2025-08-01 16:00:08,NHB250801160008.RAWLU56,Long Range,0.0,2025-08-01 17:00:08,2025-08-01 17:00:08,NHB250801170008.RAWLU6F,Long Range,0.0
43,2025-08-01 14:20:08,NHB250801142008.RAWLU32,NHB250801142304.RAWLU36,NHB250801143007.RAWLU39,NHB250801143304.RAWLU3D,2025-08-01 14:20:08,2025-08-01 14:20:08,NHB250801142008.RAWLU32,Long Range,0.0,2025-08-01 15:20:08,2025-08-01 15:20:08,NHB250801152008.RAWLU4B,Long Range,0.0,2025-08-01 16:20:08,2025-08-01 16:20:07,NHB250801162007.RAWLU5L,Long Range,1.0,2025-08-01 17:20:08,2025-08-01 17:20:08,NHB250801172008.RAWLU6W,Long Range,0.0
44,2025-08-01 14:40:08,NHB250801144008.RAWLU3G,NHB250801144303.RAWLU3L,NHB250801145007.RAWLU3P,NHB250801145303.RAWLU3U,2025-08-01 14:40:08,2025-08-01 14:40:08,NHB250801144008.RAWLU3G,Long Range,0.0,2025-08-01 15:40:08,2025-08-01 15:40:08,NHB250801154008.RAWLU4S,Long Range,0.0,2025-08-01 16:40:08,2025-08-01 16:40:08,NHB250801164008.RAWLU61,Long Range,0.0,2025-08-01 17:40:08,2025-08-01 17:40:07,NHB250801174007.RAWLU7A,Long Range,1.0
45,2025-08-01 15:00:07,NHB250801150007.RAWLU3X,NHB250801150303.RAWLU41,NHB250801151008.RAWLU44,NHB250801151304.RAWLU48,2025-08-01 15:00:07,2025-08-01 15:00:07,NHB250801150007.RAWLU3X,Long Range,0.0,2025-08-01 16:00:07,2025-08-01 16:00:08,NHB250801160008.RAWLU56,Long Range,1.0,2025-08-01 17:00:07,2025-08-01 17:00:08,NHB250801170008.RAWLU6F,Long Range,1.0,2025-08-01 18:00:07,2025-08-01 18:00:09,NHB250801180009.RAWLU7R,Long Range,2.0
46,2025-08-01 15:20:08,NHB250801152008.RAWLU4B,NHB250801152303.RAWLU4F,NHB250801153008.RAWLU4J,NHB250801153304.RAWLU4N,2025-08-01 15:20:08,2025-08-01 15:20:08,NHB250801152008.RAWLU4B,Long Range,0.0,2025-08-01 16:20:08,2025-08-01 16:20:07,NHB250801162007.RAWLU5L,Long Range,1.0,2025-08-01 17:20:08,2025-08-01 17:20:08,NHB250801172008.RAWLU6W,Long Range,0.0,2025-08-01 18:20:08,2025-08-01 18:20:07,NHB250801182007.RAWLU85,Long Range,1.0
47,2025-08-01 15:40:08,NHB250801154008.RAWLU4S,NHB250801154303.RAWLU4W,NHB250801155007.RAWLU4Z,NHB250801155305.RAWLU53,2025-08-01 15:40:08,2025-08-01 15:40:08,NHB250801154008.RAWLU4S,Long Range,0.0,2025-08-01 16:40:08,2025-08-01 16:40:08,NHB250801164008.RAWLU61,Long Range,0.0,2025-08-01 17:40:08,2025-08-01 17:40:07,NHB250801174007.RAWLU7A,Long Range,1.0,2025-08-01 18:40:08,2025-08-01 18:40:08,NHB250801184008.RAWLU8K,Long Range,0.0
48,2025-08-01 16:00:08,NHB250801160008.RAWLU56,NHB250801160304.RAWLU5A,NHB250801161008.RAWLU5D,NHB250801161303.RAWLU5H,2025-08-01 16:00:08,2025-08-01 16:00:08,NHB250801160008.RAWLU56,Long Range,0.0,2025-08-01 17:00:08,2025-08-01 17:00:08,NHB250801170008.RAWLU6F,Long Range,0.0,2025-08-01 18:00:08,2025-08-01 18:00:09,NHB250801180009.RAWLU7R,Long Range,1.0,2025-08-01 19:00:08,2025-08-01 19:00:08,NHB250801190008.RAWLU90,Long Range,0.0
49,2025-08-01 16:20:07,NHB250801162007.RAWLU5L,NHB250801162303.RAWLU5R,NHB250801163007.RAWLU5U,NHB250801163305.RAWLU5Y,2025-08-01 16:20:07,2025-08-01 16:20:07,NHB250801162007.RAWLU5L,Long Range,0.0,2025-08-01 17:20:07,2025-08-01 17:20:08,NHB250801172008.RAWLU6W,Long Range,1.0,2025-08-01 18:20:07,2025-08-01 18:20:07,NHB250801182007.RAWLU85,Long Range,0.0,2025-08-01 19:20:07,2025-08-01 19:20:08,NHB250801192008.RAWLU9E,Long Range,1.0
50,2025-08-01 16:40:08,NHB250801164008.RAWLU61,NHB250801164303.RAWLU65,NHB250801165009.RAWLU68,NHB250801165303.RAWLU6C,2025-08-01 16:40:08,2025-08-01 16:40:08,NHB250801164008.RAWLU61,Long Range,0.0,2025-08-01 17:40:08,2025-08-01 17:40:07,NHB250801174007.RAWLU7A,Long Range,1.0,2025-08-01 18:40:08,2025-08-01 18:40:08,NHB250801184008.RAWLU8K,Long Range,0.0,2025-08-01 19:40:08,2025-08-01 19:40:07,NHB250801194007.RAWLU9V,Long Range,1.0
51,2025-08-01 17:00:08,NHB250801170008.RAWLU6F,NHB250801170304.RAWLU6K,NHB250801171008.RAWLU6N,NHB250801171303.RAWLU6T,2025-08-01 17:00:08,2025-08-01 17:00:08,NHB250801170008.RAWLU6F,Long Range,0.0,2025-08-01 18:00:08,2025-08-01 18:00:09,NHB250801180009.RAWLU7R,Long Range,1.0,2025-08-01 19:00:08,2025-08-01 19:00:08,NHB250801190008.RAWLU90,Long Range,0.0,2025-08-01 20:00:08,2025-08-01 20:00:08,NHB250801200008.RAWLUA9,Long Range,0.0
52,2025-08-01 17:20:08,NHB250801172008.RAWLU6W,NHB250801172303.RAWLU70,NHB250801173007.RAWLU73,NHB250801173303.RAWLU77,2025-08-01 17:20:08,2025-08-01 17:20:08,NHB250801172008.RAWLU6W,Long Range,0.0,2025-08-01 18:20:08,2025-08-01 18:20:07,NHB250801182007.RAWLU85,Long Range,1.0,2025-08-01 19:20:08,2025-08-01 19:20:08,NHB250801192008.RAWLU9E,Long Range,0.0,2025-08-01 20:20:08,2025-08-01 20:20:08,NHB250801202008.RAWLUAP,Long Range,0.0
53,2025-08-01 17:40:07,NHB250801174007.RAWLU7A,NHB250801174303.RAWLU7E,NHB250801175008.RAWLU7H,NHB250801175304.RAWLU7M,2025-08-01 17:40:07,2025-08-01 17:40:07,NHB250801174007.RAWLU7A,Long Range,0.0,2025-08-01 18:40:07,2025-08-01 18:40:08,NHB250801184008.RAWLU8K,Long Range,1.0,2025-08-01 19:40:07,2025-08-01 19:40:07,NHB250801194007.RAWLU9V,Long Range,0.0,2025-08-01 20:40:07,2025-08-01 20:40:08,NHB250801204008.RAWLUB4,Long Range,1.0
54,2025-08-01 18:00:09,NHB250801180009.RAWLU7R,NHB250801180303.RAWLU7V,NHB250801181008.RAWLU7Y,NHB250801181303.RAWLU82,2025-08-01 18:00:09,2025-08-01 18:00:09,NHB250801180009.RAWLU7R,Long Range,0.0,2025-08-01 19:00:09,2025-08-01 19:00:08,NHB250801190008.RAWLU90,Long Range,1.0,2025-08-01 20:00:09,2025-08-01 20:00:08,NHB250801200008.RAWLUA9,Long Range,1.0,2025-08-01 21:00:09,2025-08-01 21:00:07,NHB250801210007.RAWLUBJ,Long Range,2.0
55,2025-08-01 18:20:07,NHB250801182007.RAWLU85,NHB250801182303.RAWLU89,NHB250801183008.RAWLU8C,NHB250801183303.RAWLU8G,2025-08-01 18:20:07,2025-08-01 18:20:07,NHB250801182007.RAWLU85,Long Range,0.0,2025-08-01 19:20:07,2025-08-01 19:20:08,NHB250801192008.RAWLU9E,Long Range,1.0,2025-08-01 20:20:07,2025-08-01 20:20:08,NHB250801202008.RAWLUAP,Long Range,1.0,2025-08-01 21:20:07,2025-08-01 21:20:07,NHB250801212007.RAWLUBZ,Long Range,0.0
56,2025-08-01 18:40:08,NHB250801184008.RAWLU8K,NHB250801184304.RAWLU8P,NHB250801185008.RAWLU8T,NHB250801185304.RAWLU8X,2025-08-01 18:40:08,2025-08-01 18:40:08,NHB250801184008.RAWLU8K,Long Range,0.0,2025-08-01 19:40:08,2025-08-01 19:40:07,NHB250801194007.RAWLU9V,Long Range,1.0,2025-08-01 20:40:08,2025-08-01 20:40:08,NHB250801204008.RAWLUB4,Long Range,0.0,2025-08-01 21:40:08,2025-08-01 21:40:08,NHB250801214008.RAWLUCD,Long Range,0.0
57,2025-08-01 19:00:08,NHB250801190008.RAWLU90,NHB250801190304.RAWLU94,NHB250801191008.RAWLU97,NHB250801191303.RAWLU9B,2025-08-01 19:00:08,2025-08-01 19:00:08,NHB250801190008.RAWLU90,Long Range,0.0,2025-08-01 20:00:08,2025-08-01 20:00:08,NHB250801200008.RAWLUA9,Long Range,0.0,2025-08-01 21:00:08,2025-08-01 21:00:07,NHB250801210007.RAWLUBJ,Long Range,1.0,2025-08-01 22:00:08,2025-08-01 22:00:07,NHB250801220007.RAWLUCU,Long Range,1.0
58,2025-08-01 19:20:08,NHB250801192008.RAWLU9E,NHB250801192303.RAWLU9J,NHB250801193007.RAWLU9M,NHB250801193303.RAWLU9S,2025-08-01 19:20:08,2025-08-01 19:20:08,NHB250801192008.RAWLU9E,Long Range,0.0,2025-08-01 20:20:08,2025-08-01 20:20:08,NHB250801202008.RAWLUAP,Long Range,0.0,2025-08-01 21:20:08,2025-08-01 21:20:07,NHB250801212007.RAWLUBZ,Long Range,1.0,2025-08-01 22:20:08,2025-08-01 22:20:08,NHB250801222008.RAWLUD8,Long Range,0.0
59,2025-08-01 19:40:07,NHB250801194007.RAWLU9V,NHB250801194304.RAWLU9Z,NHB250801195008.RAWLUA2,NHB250801195305.RAWLUA6,2025-08-01 19:40:07,2025-08-01 19:40:07,NHB250801194007.RAWLU9V,Long Range,0.0,2025-08-01 20:40:07,2025-08-01 20:40:08,NHB250801204008.RAWLUB4,Long Range,1.0,2025-08-01 21:40:07,2025-08-01 21:40:08,NHB250801214008.RAWLUCD,Long Range,1.0,2025-08-01 22:40:07,2025-08-01 22:40:08,NHB250801224008.RAWLUDN,Long Range,1.0
60,2025-08-01 20:00:08,NHB250801200008.RAWLUA9,NHB250801200303.RAWLUAD,NHB250801201008.RAWLUAG,NHB250801201304.RAWLUAL,2025-08-01 20:00:08,2025-08-01 20:00:08,NHB250801200008.RAWLUA9,Long Range,0.0,2025-08-01 21:00:08,2025-08-01 21:00:07,NHB250801210007.RAWLUBJ,Long Range,1.0,2025-08-01 22:00:08,2025-08-01 22:00:07,NHB250801220007.RAWLUCU,Long Range,1.0,2025-08-01 23:00:08,2025-08-01 23:00:07,NHB250801230007.RAWLUE3,Long Range,1.0
61,2025-08-01 20:20:08,NHB250801202008.RAWLUAP,NHB250801202303.RAWLUAU,NHB250801203008.RAWLUAX,NHB250801203303.RAWLUB1,2025-08-01 20:20:08,2025-08-01 20:20:08,NHB250801202008.RAWLUAP,Long Range,0.0,2025-08-01 21:20:08,2025-08-01 21:20:07,NHB250801212007.RAWLUBZ,Long Range,1.0,2025-08-01 22:20:08,2025-08-01 22:20:08,NHB250801222008.RAWLUD8,Long Range,0.0,2025-08-01 23:20:08,2025-08-01 23:20:08,NHB250801232008.RAWLUEH,Long Range,0.0
62,2025-08-01 20:40:08,NHB250801204008.RAWLUB4,NHB250801204304.RAWLUB8,NHB250801205007.RAWLUBB,NHB250801205304.RAWLUBF,2025-08-01 20:40:08,2025-08-01 20:40:08,NHB250801204008.RAWLUB4,Long Range,0.0,2025-08-01 21:40:08,2025-08-01 21:40:08,NHB250801214008.RAWLUCD,Long Range,0.0,2025-08-01 22:40:08,2025-08-01 22:40:08,NHB250801224008.RAWLUDN,Long Range,0.0,2025-08-01 23:40:08,2025-08-01 23:40:07,NHB250801234007.RAWLUEY,Long Range,1.0
63,2025-08-01 21:00:07,NHB250801210007.RAWLUBJ,NHB250801210303.RAWLUBN,NHB250801211008.RAWLUBS,NHB250801211303.RAWLUBW,2025-08-01 21:00:07,2025-08-01 21:00:07,NHB250801210007.RAWLUBJ,Long Range,0.0,2025-08-01 22:00:07,2025-08-01 22:00:07,NHB250801220007.RAWLUCU,Long Range,0.0,2025-08-01 23:00:07,2025-08-01 23:00:07,NHB250801230007.RAWLUE3,Long Range,0.0,2025-08-02 00:00:07,2025-08-02 00:00:08,NHB250802000008.RAWLUFC,Long Range,1.0
64,2025-08-01 21:20:07,NHB250801212007.RAWLUBZ,NHB250801212303.RAWLUC3,NHB250801213008.RAWLUC6,NHB250801213304.RAWLUCA,2025-08-01 21:20:07,2025-08-01 21:20:07,NHB250801212007.RAWLUBZ,Long Range,0.0,2025-08-01 22:20:07,2025-08-01 22:20:08,NHB250801222008.RAWLUD8,Long Range,1.0,2025-08-01 23:20:07,2025-08-01 23:20:08,NHB250801232008.RAWLUEH,Long Range,1.0,2025-08-02 00:20:07,2025-08-02 00:20:07,NHB250802002007.RAWLUFT,Long Range,0.0
65,2025-08-01 21:40:08,NHB250801214008.RAWLUCD,NHB250801214303.RAWLUCH,NHB250801215008.RAWLUCL,NHB250801215303.RAWLUCR,2025-08-01 21:40:08,2025-08-01 21:40:08,NHB250801214008.RAWLUCD,Long Range,0.0,2025-08-01 22:40:08,2025-08-01 22:40:08,NHB250801224008.RAWLUDN,Long Range,0.0,2025-08-01 23:40:08,2025-08-01 23:40:07,NHB250801234007.RAWLUEY,Long Range,1.0,2025-08-02 00:40:08,2025-08-02 00:40:08,NHB250802004008.RAWLUG7,Long Range,0.0
66,2025-08-01 22:00:07,NHB250801220007.RAWLUCU,NHB250801220304.RAWLUCY,NHB250801221008.RAWLUD1,NHB250801221304.RAWLUD5,2025-08-01 22:00:07,2025-08-01 22:00:07,NHB250801220007.RAWLUCU,Long Range,0.0,2025-08-01 23:00:07,2025-08-01 23:00:07,NHB250801230007.RAWLUE3,Long Range,0.0,2025-08-02 00:00:07,2025-08-02 00:00:08,NHB250802000008.RAWLUFC,Long Range,1.0,2025-08-02 01:00:07,2025-08-02 01:00:07,NHB250802010007.RAWLUGM,Long Range,0.0
67,2025-08-01 22:20:08,NHB250801222008.RAWLUD8,NHB250801222304.RAWLUDC,NHB250801223007.RAWLUDF,NHB250801223304.RAWLUDK,2025-08-01 22:20:08,2025-08-01 22:20:08,NHB250801222008.RAWLUD8,Long Range,0.0,2025-08-01 23:20:08,2025-08-01 23:20:08,NHB250801232008.RAWLUEH,Long Range,0.0,2025-08-02 00:20:08,2025-08-02 00:20:07,NHB250802002007.RAWLUFT,Long Range,1.0,2025-08-02 01:20:08,2025-08-02 01:20:08,NHB250802012008.RAWLUH2,Long Range,0.0
68,2025-08-01 22:40:08,NHB250801224008.RAWLUDN,NHB250801224303.RAWLUDT,NHB250801225007.RAWLUDW,NHB250801225304.RAWLUE0,2025-08-01 22:40:08,2025-08-01 22:40:08,NHB250801224008.RAWLUDN,Long Range,0.0,2025-08-01 23:40:08,2025-08-01 23:40:07,NHB250801234007.RAWLUEY,Long Range,1.0,2025-08-02 00:40:08,2025-08-02 00:40:08,NHB250802004008.RAWLUG7,Long Range,0.0,2025-08-02 01:40:08,2025-08-02 01:40:08,NHB250802014008.RAWLUHG,Long Range,0.0
69,2025-08-01 23:00:07,NHB250801230007.RAWLUE3,NHB250801230303.RAWLUE7,NHB250801231007.RAWLUEA,NHB250801231304.RAWLUEE,2025-08-01 23:00:07,2025-08-01 23:00:07,NHB250801230007.RAWLUE3,Long Range,0.0,2025-08-02 00:00:07,2025-08-02 00:00:08,NHB250802000008.RAWLUFC,Long Range,1.0,2025-08-02 01:00:07,2025-08-02 01:00:07,NHB250802010007.RAWLUGM,Long Range,0.0,2025-08-02 02:00:07,2025-08-02 02:00:07,NHB250802020007.RAWLUHX,Long Range,0.0
70,2025-08-01 23:20:08,NHB250801232008.RAWLUEH,NHB250801232303.RAWLUEM,NHB250801233008.RAWLUER,NHB250801233305.RAWLUEV,2025-08-01 23:20:08,2025-08-01 23:20:08,NHB250801232008.RAWLUEH,Long Range,0.0,2025-08-02 00:20:08,2025-08-02 00:20:07,NHB250802002007.RAWLUFT,Long Range,1.0,2025-08-02 01:20:08,2025-08-02 01:20:08,NHB250802012008.RAWLUH2,Long Range,0.0,2025-08-02 02:20:08,2025-08-02 02:20:08,NHB250802022008.RAWLUJB,Long Range,0.0
71,2025-08-01 23:40:07,NHB250801234007.RAWLUEY,NHB250801234304.RAWLUF2,NHB250801235008.RAWLUF5,NHB250801235303.RAWLUF9,2025-08-01 23:40:07,2025-08-01 23:40:07,NHB250801234007.RAWLUEY,Long Range,0.0,2025-08-02 00:40:07,2025-08-02 00:40:08,NHB250802004008.RAWLUG7,Long Range,1.0,2025-08-02 01:40:07,2025-08-02 01:40:08,NHB250802014008.RAWLUHG,Long Range,1.0,2025-08-02 02:40:07,2025-08-02 02:40:08,NHB250802024008.RAWLUJS,Long Range,1.0
72,2025-08-02 00:00:08,NHB250802000008.RAWLUFC,NHB250802000303.RAWLUFG,NHB250802001007.RAWLUFK,NHB250802001303.RAWLUFP,2025-08-02 00:00:08,2025-08-02 00:00:08,NHB250802000008.RAWLUFC,Long Range,0.0,2025-08-02 01:00:08,2025-08-02 01:00:07,NHB250802010007.RAWLUGM,Long Range,1.0,2025-08-02 02:00:08,2025-08-02 02:00:07,NHB250802020007.RAWLUHX,Long Range,1.0,2025-08-02 03:00:08,2025-08-02 03:00:08,NHB250802030008.RAWLUK6,Long Range,0.0
73,2025-08-02 00:20:07,NHB250802002007.RAWLUFT,NHB250802002304.RAWLUFX,NHB250802003009.RAWLUG0,NHB250802003303.RAWLUG4,2025-08-02 00:20:07,2025-08-02 00:20:07,NHB250802002007.RAWLUFT,Long Range,0.0,2025-08-02 01:20:07,2025-08-02 01:20:08,NHB250802012008.RAWLUH2,Long Range,1.0,2025-08-02 02:20:07,2025-08-02 02:20:08,NHB250802022008.RAWLUJB,Long Range,1.0,2025-08-02 03:20:07,2025-08-02 03:20:07,NHB250802032007.RAWLUKL,Long Range,0.0
74,2025-08-02 00:40:08,NHB250802004008.RAWLUG7,NHB250802004304.RAWLUGB,NHB250802005007.RAWLUGE,NHB250802005304.RAWLUGJ,2025-08-02 00:40:08,2025-08-02 00:40:08,NHB250802004008.RAWLUG7,Long Range,0.0,2025-08-02 01:40:08,2025-08-02 01:40:08,NHB250802014008.RAWLUHG,Long Range,0.0,2025-08-02 02:40:08,2025-08-02 02:40:08,NHB250802024008.RAWLUJS,Long Range,0.0,2025-08-02 03:40:08,2025-08-02 03:40:08,NHB250802034008.RAWLUL1,Long Range,0.0
75,2025-08-02 01:00:07,NHB250802010007.RAWLUGM,NHB250802010304.RAWLUGS,NHB250802011008.RAWLUGV,NHB250802011304.RAWLUGZ,2025-08-02 01:00:07,2025-08-02 01:00:07,NHB250802010007.RAWLUGM,Long Range,0.0,2025-08-02 02:00:07,2025-08-02 02:00:07,NHB250802020007.RAWLUHX,Long Range,0.0,2025-08-02 03:00:07,2025-08-02 03:00:08,NHB250802030008.RAWLUK6,Long Range,1.0,2025-08-02 04:00:07,2025-08-02 04:00:08,NHB250802040008.RAWLULF,Long Range,1.0
76,2025-08-02 01:20:08,NHB250802012008.RAWLUH2,NHB250802012303.RAWLUH6,NHB250802013008.RAWLUH9,NHB250802013303.RAWLUHD,2025-08-02 01:20:08,2025-08-02 01:20:08,NHB250802012008.RAWLUH2,Long Range,0.0,2025-08-02 02:20:08,2025-08-02 02:20:08,NHB250802022008.RAWLUJB,Long Range,0.0,2025-08-02 03:20:08,2025-08-02 03:20:07,NHB250802032007.RAWLUKL,Long Range,1.0,2025-08-02 04:20:08,2025-08-02 04:20:09,NHB250802042009.RAWLULW,Long Range,1.0
77,2025-08-02 01:40:08,NHB250802014008.RAWLUHG,NHB250802014304.RAWLUHL,NHB250802015008.RAWLUHP,NHB250802015304.RAWLUHU,2025-08-02 01:40:08,2025-08-02 01:40:08,NHB250802014008.RAWLUHG,Long Range,0.0,2025-08-02 02:40:08,2025-08-02 02:40:08,NHB250802024008.RAWLUJS,Long Range,0.0,2025-08-02 03:40:08,2025-08-02 03:40:08,NHB250802034008.RAWLUL1,Long Range,0.0,2025-08-02 04:40:08,2025-08-02 04:40:07,NHB250802044007.RAWLUMA,Long Range,1.0
78,2025-08-02 02:00:07,NHB250802020007.RAWLUHX,NHB250802020303.RAWLUJ1,NHB250802021008.RAWLUJ4,NHB250802021304.RAWLUJ8,2025-08-02 02:00:07,2025-08-02 02:00:07,NHB250802020007.RAWLUHX,Long Range,0.0,2025-08-02 03:00:07,2025-08-02 03:00:08,NHB250802030008.RAWLUK6,Long Range,1.0,2025-08-02 04:00:07,2025-08-02 04:00:08,NHB250802040008.RAWLULF,Long Range,1.0,2025-08-02 05:00:07,2025-08-02 05:00:07,NHB250802050007.RAWLUMR,Long Range,0.0
79,2025-08-02 02:20:08,NHB250802022008.RAWLUJB,NHB250802022303.RAWLUJF,NHB250802023008.RAWLUJJ,NHB250802023303.RAWLUJN,2025-08-02 02:20:08,2025-08-02 02:20:08,NHB250802022008.RAWLUJB,Long Range,0.0,2025-08-02 03:20:08,2025-08-02 03:20:07,NHB250802032007.RAWLUKL,Long Range,1.0,2025-08-02 04:20:08,2025-08-02 04:20:09,NHB250802042009.RAWLULW,Long Range,1.0,2025-08-02 05:20:08,2025-08-02 05:20:07,NHB250802052007.RAWLUN5,Long Range,1.0
80,2025-08-02 02:40:08,NHB250802024008.RAWLUJS,NHB250802024303.RAWLUJW,NHB250802025008.RAWLUJZ,NHB250802025303.RAWLUK3,2025-08-02 02:40:08,2025-08-02 02:40:08,NHB250802024008.RAWLUJS,Long Range,0.0,2025-08-02 03:40:08,2025-08-02 03:40:08,NHB250802034008.RAWLUL1,Long Range,0.0,2025-08-02 04:40:08,2025-08-02 04:40:07,NHB250802044007.RAWLUMA,Long Range,1.0,2025-08-02 05:40:08,2025-08-02 05:40:08,NHB250802054008.RAWLUNK,Long Range,0.0
81,2025-08-02 03:00:08,NHB250802030008.RAWLUK6,NHB250802030304.RAWLUKA,NHB250802031007.RAWLUKD,NHB250802031304.RAWLUKH,2025-08-02 03:00:08,2025-08-02 03:00:08,NHB250802030008.RAWLUK6,Long Range,0.0,2025-08-02 04:00:08,2025-08-02 04:00:08,NHB250802040008.RAWLULF,Long Range,0.0,2025-08-02 05:00:08,2025-08-02 05:00:07,NHB250802050007.RAWLUMR,Long Range,1.0,2025-08-02 06:00:08,2025-08-02 06:00:09,NHB250802060009.RAWLUP0,Long Range,1.0
82,2025-08-02 03:20:07,NHB250802032007.RAWLUKL,NHB250802032303.RAWLUKR,NHB250802033008.RAWLUKU,NHB250802033303.RAWLUKY,2025-08-02 03:20:07,2025-08-02 03:20:07,NHB250802032007.RAWLUKL,Long Range,0.0,2025-08-02 04:20:07,2025-08-02 04:20:09,NHB250802042009.RAWLULW,Long Range,2.0,2025-08-02 05:20:07,2025-08-02 05:20:07,NHB250802052007.RAWLUN5,Long Range,0.0,2025-08-02 06:20:07,2025-08-02 06:20:08,NHB250802062008.RAWLUPE,Long Range,1.0
83,2025-08-02 03:40:08,NHB250802034008.RAWLUL1,NHB250802034303.RAWLUL5,NHB250802035008.RAWLUL8,NHB250802035304.RAWLULC,2025-08-02 03:40:08,2025-08-02 03:40:08,NHB250802034008.RAWLUL1,Long Range,0.0,2025-08-02 04:40:08,2025-08-02 04:40:07,NHB250802044007.RAWLUMA,Long Range,1.0,2025-08-02 05:40:08,2025-08-02 05:40:08,NHB250802054008.RAWLUNK,Long Range,0.0,2025-08-02 06:40:08,2025-08-02 06:40:07,NHB250802064007.RAWLUPV,Long Range,1.0
84,2025-08-02 04:00:08,NHB250802040008.RAWLULF,NHB250802040304.RAWLULK,NHB250802041008.RAWLULN,NHB250802041304.RAWLULT,2025-08-02 04:00:08,2025-08-02 04:00:08,NHB250802040008.RAWLULF,Long Range,0.0,2025-08-02 05:00:08,2025-08-02 05:00:07,NHB250802050007.RAWLUMR,Long Range,1.0,2025-08-02 06:00:08,2025-08-02 06:00:09,NHB250802060009.RAWLUP0,Long Range,1.0,2025-08-02 07:00:08,2025-08-02 07:00:08,NHB250802070008.RAWLUR9,Long Range,0.0
85,2025-08-02 04:20:09,NHB250802042009.RAWLULW,NHB250802042303.RAWLUM0,NHB250802043008.RAWLUM3,NHB250802043303.RAWLUM7,2025-08-02 04:20:09,2025-08-02 04:20:09,NHB250802042009.RAWLULW,Long Range,0.0,2025-08-02 05:20:09,2025-08-02 05:20:07,NHB250802052007.RAWLUN5,Long Range,2.0,2025-08-02 06:20:09,2025-08-02 06:20:08,NHB250802062008.RAWLUPE,Long Range,1.0,2025-08-02 07:20:09,2025-08-02 07:20:07,NHB250802072007.RAWLURP,Long Range,2.0
86,2025-08-02 04:40:07,NHB250802044007.RAWLUMA,NHB250802044304.RAWLUME,NHB250802045008.RAWLUMH,NHB250802045304.RAWLUMM,2025-08-02 04:40:07,2025-08-02 04:40:07,NHB250802044007.RAWLUMA,Long Range,0.0,2025-08-02 05:40:07,2025-08-02 05:40:08,NHB250802054008.RAWLUNK,Long Range,1.0,2025-08-02 06:40:07,2025-08-02 06:40:07,NHB250802064007.RAWLUPV,Long Range,0.0,2025-08-02 07:40:07,2025-08-02 07:40:07,NHB250802074007.RAWLUS4,Long Range,0.0
87,2025-08-02 05:00:07,NHB250802050007.RAWLUMR,NHB250802050303.RAWLUMV,NHB250802051008.RAWLUMY,NHB250802051304.RAWLUN2,2025-08-02 05:00:07,2025-08-02 05:00:07,NHB250802050007.RAWLUMR,Long Range,0.0,2025-08-02 06:00:07,2025-08-02 06:00:09,NHB250802060009.RAWLUP0,Long Range,2.0,2025-08-02 07:00:07,2025-08-02 07:00:08,NHB250802070008.RAWLUR9,Long Range,1.0,2025-08-02 08:00:07,2025-08-02 08:00:08,NHB250802080008.RAWLUSJ,Long Range,1.0
88,2025-08-02 05:20:07,NHB250802052007.RAWLUN5,NHB250802052303.RAWLUN9,NHB250802053008.RAWLUNC,NHB250802053304.RAWLUNG,2025-08-02 05:20:07,2025-08-02 05:20:07,NHB250802052007.RAWLUN5,Long Range,0.0,2025-08-02 06:20:07,2025-08-02 06:20:08,NHB250802062008.RAWLUPE,Long Range,1.0,2025-08-02 07:20:07,2025-08-02 07:20:07,NHB250802072007.RAWLURP,Long Range,0.0,2025-08-02 08:20:07,2025-08-02 08:20:07,NHB250802082007.RAWLUSZ,Long Range,0.0
89,2025-08-02 05:40:08,NHB250802054008.RAWLUNK,NHB250802054303.RAWLUNP,NHB250802055007.RAWLUNT,NHB250802055303.RAWLUNX,2025-08-02 05:40:08,2025-08-02 05:40:08,NHB250802054008.RAWLUNK,Long Range,0.0,2025-08-02 06:40:08,2025-08-02 06:40:07,NHB250802064007.RAWLUPV,Long Range,1.0,2025-08-02 07:40:08,2025-08-02 07:40:07,NHB250802074007.RAWLUS4,Long Range,1.0,2025-08-02 08:40:08,2025-08-02 08:40:07,NHB250802084007.RAWLUTD,Long Range,1.0
90,2025-08-02 06:00:09,NHB250802060009.RAWLUP0,NHB250802060303.RAWLUP4,NHB250802061007.RAWLUP7,NHB250802061304.RAWLUPB,2025-08-02 06:00:09,2025-08-02 06:00:09,NHB250802060009.RAWLUP0,Long Range,0.0,2025-08-02 07:00:09,2025-08-02 07:00:08,NHB250802070008.RAWLUR9,Long Range,1.0,2025-08-02 08:00:09,2025-08-02 08:00:08,NHB250802080008.RAWLUSJ,Long Range,1.0,2025-08-02 09:00:09,2025-08-02 09:00:08,NHB250802090008.RAWLUTU,Long Range,1.0
91,2025-08-02 06:20:08,NHB250802062008.RAWLUPE,NHB250802062304.RAWLUPJ,NHB250802063007.RAWLUPM,NHB250802063303.RAWLUPS,2025-08-02 06:20:08,2025-08-02 06:20:08,NHB250802062008.RAWLUPE,Long Range,0.0,2025-08-02 07:20:08,2025-08-02 07:20:07,NHB250802072007.RAWLURP,Long Range,1.0,2025-08-02 08:20:08,2025-08-02 08:20:07,NHB250802082007.RAWLUSZ,Long Range,1.0,2025-08-02 09:20:08,2025-08-02 09:20:07,NHB250802092007.RAWLUU8,Long Range,1.0
92,2025-08-02 06:40:07,NHB250802064007.RAWLUPV,NHB250802064304.RAWLUPZ,NHB250802065007.RAWLUR2,NHB250802065303.RAWLUR6,2025-08-02 06:40:07,2025-08-02 06:40:07,NHB250802064007.RAWLUPV,Long Range,0.0,2025-08-02 07:40:07,2025-08-02 07:40:07,NHB250802074007.RAWLUS4,Long Range,0.0,2025-08-02 08:40:07,2025-08-02 08:40:07,NHB250802084007.RAWLUTD,Long Range,0.0,2025-08-02 09:40:07,2025-08-02 09:40:08,NHB250802094008.RAWLUUN,Long Range,1.0
93,2025-08-02 07:00:08,NHB250802070008.RAWLUR9,NHB250802070304.RAWLURD,NHB250802071008.RAWLURG,NHB250802071303.RAWLURL,2025-08-02 07:00:08,2025-08-02 07:00:08,NHB250802070008.RAWLUR9,Long Range,0.0,2025-08-02 08:00:08,2025-08-02 08:00:08,NHB250802080008.RAWLUSJ,Long Range,0.0,2025-08-02 09:00:08,2025-08-02 09:00:08,NHB250802090008.RAWLUTU,Long Range,0.0,2025-08-02 10:00:08,2025-08-02 10:00:08,NHB250802100008.RAWLUV3,Long Range,0.0
94,2025-08-02 07:20:07,NHB250802072007.RAWLURP,NHB250802072303.RAWLURU,NHB250802073007.RAWLURX,NHB250802073304.RAWLUS1,2025-08-02 07:20:07,2025-08-02 07:20:07,NHB250802072007.RAWLURP,Long Range,0.0,2025-08-02 08:20:07,2025-08-02 08:20:07,NHB250802082007.RAWLUSZ,Long Range,0.0,2025-08-02 09:20:07,2025-08-02 09:20:07,NHB250802092007.RAWLUU8,Long Range,0.0,2025-08-02 10:20:07,2025-08-02 10:20:08,NHB250802102008.RAWLUVH,Long Range,1.0
95,2025-08-02 07:40:07,NHB250802074007.RAWLUS4,NHB250802074304.RAWLUS8,NHB250802075008.RAWLUSB,NHB250802075303.RAWLUSF,2025-08-02 07:40:07,2025-08-02 07:40:07,NHB250802074007.RAWLUS4,Long Range,0.0,2025-08-02 08:40:07,2025-08-02 08:40:07,NHB250802084007.RAWLUTD,Long Range,0.0,2025-08-02 09:40:07,2025-08-02 09:40:08,NHB250802094008.RAWLUUN,Long Range,1.0,2025-08-02 10:40:07,2025-08-02 10:40:07,NHB250802104007.RAWLUVY,Long Range,0.0
96,2025-08-02 08:00:08,NHB250802080008.RAWLUSJ,NHB250802080304.RAWLUSN,NHB250802081007.RAWLUSS,NHB250802081303.RAWLUSW,2025-08-02 08:00:08,2025-08-02 08:00:08,NHB250802080008.RAWLUSJ,Long Range,0.0,2025-08-02 09:00:08,2025-08-02 09:00:08,NHB250802090008.RAWLUTU,Long Range,0.0,2025-08-02 10:00:08,2025-08-02 10:00:08,NHB250802100008.RAWLUV3,Long Range,0.0,2025-08-02 11:00:08,2025-08-02 11:00:07,NHB250802110007.RAWLUWC,Long Range,1.0
97,2025-08-02 08:20:07,NHB250802082007.RAWLUSZ,NHB250802082304.RAWLUT3,NHB250802083007.RAWLUT6,NHB250802083303.RAWLUTA,2025-08-02 08:20:07,2025-08-02 08:20:07,NHB250802082007.RAWLUSZ,Long Range,0.0,2025-08-02 09:20:07,2025-08-02 09:20:07,NHB250802092007.RAWLUU8,Long Range,0.0,2025-08-02 10:20:07,2025-08-02 10:20:08,NHB250802102008.RAWLUVH,Long Range,1.0,2025-08-02 11:20:07,2025-08-02 11:20:08,NHB250802112008.RAWLUWT,Long Range,1.0
98,2025-08-02 08:40:07,NHB250802084007.RAWLUTD,NHB250802084304.RAWLUTH,NHB250802085007.RAWLUTL,NHB250802085303.RAWLUTR,2025-08-02 08:40:07,2025-08-02 08:40:07,NHB250802084007.RAWLUTD,Long Range,0.0,2025-08-02 09:40:07,2025-08-02 09:40:08,NHB250802094008.RAWLUUN,Long Range,1.0,2025-08-02 10:40:07,2025-08-02 10:40:07,NHB250802104007.RAWLUVY,Long Range,0.0,2025-08-02 11:40:07,2025-08-02 11:40:08,NHB250802114008.RAWLUX7,Long Range,1.0
99,2025-08-02 09:00:08,NHB250802090008.RAWLUTU,NHB250802090303.RAWLUTY,NHB250802091008.RAWLUU1,NHB250802091304.RAWLUU5,2025-08-02 09:00:08,2025-08-02 09:00:08,NHB250802090008.RAWLUTU,Long Range,0.0,2025-08-02 10:00:08,2025-08-02 10:00:08,NHB250802100008.RAWLUV3,Long Range,0.0,2025-08-02 11:00:08,2025-08-02 11:00:07,NHB250802110007.RAWLUWC,Long Range,1.0,2025-08-02 12:00:08,2025-08-02 12:00:08,NHB250802120008.RAWLUXM,Long Range,0.0
100,2025-08-02 09:20:07,NHB250802092007.RAWLUU8,NHB250802092305.RAWLUUC,NHB250802093008.RAWLUUF,NHB250802093303.RAWLUUK,2025-08-02 09:20:07,2025-08-02 09:20:07,NHB250802092007.RAWLUU8,Long Range,0.0,2025-08-02 10:20:07,2025-08-02 10:20:08,NHB250802102008.RAWLUVH,Long Range,1.0,2025-08-02 11:20:07,2025-08-02 11:20:08,NHB250802112008.RAWLUWT,Long Range,1.0,2025-08-02 12:20:07,2025-08-02 12:20:07,NHB250802122007.RAWLUY2,Long Range,0.0
101,2025-08-02 09:40:08,NHB250802094008.RAWLUUN,NHB250802094304.RAWLUUT,NHB250802095008.RAWLUUW,NHB250802095303.RAWLUV0,2025-08-02 09:40:08,2025-08-02 09:40:08,NHB250802094008.RAWLUUN,Long Range,0.0,2025-08-02 10:40:08,2025-08-02 10:40:07,NHB250802104007.RAWLUVY,Long Range,1.0,2025-08-02 11:40:08,2025-08-02 11:40:08,NHB250802114008.RAWLUX7,Long Range,0.0,2025-08-02 12:40:08,2025-08-02 12:40:08,NHB250802124008.RAWLUYG,Long Range,0.0
102,2025-08-02 10:00:08,NHB250802100008.RAWLUV3,NHB250802100303.RAWLUV7,NHB250802101008.RAWLUVA,NHB250802101303.RAWLUVE,2025-08-02 10:00:08,2025-08-02 10:00:08,NHB250802100008.RAWLUV3,Long Range,0.0,2025-08-02 11:00:08,2025-08-02 11:00:07,NHB250802110007.RAWLUWC,Long Range,1.0,2025-08-02 12:00:08,2025-08-02 12:00:08,NHB250802120008.RAWLUXM,Long Range,0.0,2025-08-02 13:00:08,2025-08-02 13:00:07,NHB250802130007.RAWLUYX,Long Range,1.0
103,2025-08-02 10:20:08,NHB250802102008.RAWLUVH,NHB250802102303.RAWLUVM,NHB250802103007.RAWLUVR,NHB250802103303.RAWLUVV,2025-08-02 10:20:08,2025-08-02 10:20:08,NHB250802102008.RAWLUVH,Long Range,0.0,2025-08-02 11:20:08,2025-08-02 11:20:08,NHB250802112008.RAWLUWT,Long Range,0.0,2025-08-02 12:20:08,2025-08-02 12:20:07,NHB250802122007.RAWLUY2,Long Range,1.0,2025-08-02 13:20:08,2025-08-02 13:20:08,NHB250802132008.RAWLUZB,Long Range,0.0
104,2025-08-02 10:40:07,NHB250802104007.RAWLUVY,NHB250802104305.RAWLUW2,NHB250802105008.RAWLUW5,NHB250802105303.RAWLUW9,2025-08-02 10:40:07,2025-08-02 10:40:07,NHB250802104007.RAWLUVY,Long Range,0.0,2025-08-02 11:40:07,2025-08-02 11:40:08,NHB250802114008.RAWLUX7,Long Range,1.0,2025-08-02 12:40:07,2025-08-02 12:40:08,NHB250802124008.RAWLUYG,Long Range,1.0,2025-08-02 13:40:07,2025-08-02 13:40:08,NHB250802134008.RAWLUZS,Long Range,1.0
105,2025-08-02 11:00:07,NHB250802110007.RAWLUWC,NHB250802110304.RAWLUWG,NHB250802111008.RAWLUWK,NHB250802111303.RAWLUWP,2025-08-02 11:00:07,2025-08-02 11:00:07,NHB250802110007.RAWLUWC,Long Range,0.0,2025-08-02 12:00:07,2025-08-02 12:00:08,NHB250802120008.RAWLUXM,Long Range,1.0,2025-08-02 13:00:07,2025-08-02 13:00:07,NHB250802130007.RAWLUYX,Long Range,0.0,2025-08-02 14:00:07,2025-08-02 14:00:08,NHB250802140008.RAWLV06,Long Range,1.0
106,2025-08-02 11:20:08,NHB250802112008.RAWLUWT,NHB250802112303.RAWLUWX,NHB250802113007.RAWLUX0,NHB250802113303.RAWLUX4,2025-08-02 11:20:08,2025-08-02 11:20:08,NHB250802112008.RAWLUWT,Long Range,0.0,2025-08-02 12:20:08,2025-08-02 12:20:07,NHB250802122007.RAWLUY2,Long Range,1.0,2025-08-02 13:20:08,2025-08-02 13:20:08,NHB250802132008.RAWLUZB,Long Range,0.0,2025-08-02 14:20:08,2025-08-02 14:20:08,NHB250802142008.RAWLV0L,Long Range,0.0
107,2025-08-02 11:40:08,NHB250802114008.RAWLUX7,NHB250802114304.RAWLUXB,NHB250802115008.RAWLUXE,NHB250802115303.RAWLUXJ,2025-08-02 11:40:08,2025-08-02 11:40:08,NHB250802114008.RAWLUX7,Long Range,0.0,2025-08-02 12:40:08,2025-08-02 12:40:08,NHB250802124008.RAWLUYG,Long Range,0.0,2025-08-02 13:40:08,2025-08-02 13:40:08,NHB250802134008.RAWLUZS,Long Range,0.0,2025-08-02 14:40:08,2025-08-02 14:40:08,NHB250802144008.RAWLV11,Long Range,0.0
108,2025-08-02 12:00:08,NHB250802120008.RAWLUXM,NHB250802120303.RAWLUXS,NHB250802121008.RAWLUXV,NHB250802121304.RAWLUXZ,2025-08-02 12:00:08,2025-08-02 12:00:08,NHB250802120008.RAWLUXM,Long Range,0.0,2025-08-02 13:00:08,2025-08-02 13:00:07,NHB250802130007.RAWLUYX,Long Range,1.0,2025-08-02 14:00:08,2025-08-02 14:00:08,NHB250802140008.RAWLV06,Long Range,0.0,2025-08-02 15:00:08,2025-08-02 15:00:08,NHB250802150008.RAWLV1F,Long Range,0.0
109,2025-08-02 12:20:07,NHB250802122007.RAWLUY2,NHB250802122303.RAWLUY6,NHB250802123008.RAWLUY9,NHB250802123303.RAWLUYD,2025-08-02 12:20:07,2025-08-02 12:20:07,NHB250802122007.RAWLUY2,Long Range,0.0,2025-08-02 13:20:07,2025-08-02 13:20:08,NHB250802132008.RAWLUZB,Long Range,1.0,2025-08-02 14:20:07,2025-08-02 14:20:08,NHB250802142008.RAWLV0L,Long Range,1.0,2025-08-02 15:20:07,2025-08-02 15:20:08,NHB250802152008.RAWLV1W,Long Range,1.0
110,2025-08-02 12:40:08,NHB250802124008.RAWLUYG,NHB250802124304.RAWLUYL,NHB250802125008.RAWLUYP,NHB250802125303.RAWLUYU,2025-08-02 12:40:08,2025-08-02 12:40:08,NHB250802124008.RAWLUYG,Long Range,0.0,2025-08-02 13:40:08,2025-08-02 13:40:08,NHB250802134008.RAWLUZS,Long Range,0.0,2025-08-02 14:40:08,2025-08-02 14:40:08,NHB250802144008.RAWLV11,Long Range,0.0,2025-08-02 15:40:08,2025-08-02 15:40:08,NHB250802154008.RAWLV2A,Long Range,0.0
111,2025-08-02 13:00:07,NHB250802130007.RAWLUYX,NHB250802130303.RAWLUZ1,NHB250802131008.RAWLUZ4,NHB250802131304.RAWLUZ8,2025-08-02 13:00:07,2025-08-02 13:00:07,NHB250802130007.RAWLUYX,Long Range,0.0,2025-08-02 14:00:07,2025-08-02 14:00:08,NHB250802140008.RAWLV06,Long Range,1.0,2025-08-02 15:00:07,2025-08-02 15:00:08,NHB250802150008.RAWLV1F,Long Range,1.0,2025-08-02 16:00:07,2025-08-02 16:00:08,NHB250802160008.RAWLV2R,Long Range,1.0
112,2025-08-02 13:20:08,NHB250802132008.RAWLUZB,NHB250802132304.RAWLUZF,NHB250802133008.RAWLUZJ,NHB250802133303.RAWLUZN,2025-08-02 13:20:08,2025-08-02 13:20:08,NHB250802132008.RAWLUZB,Long Range,0.0,2025-08-02 14:20:08,2025-08-02 14:20:08,NHB250802142008.RAWLV0L,Long Range,0.0,2025-08-02 15:20:08,2025-08-02 15:20:08,NHB250802152008.RAWLV1W,Long Range,0.0,2025-08-02 16:20:08,2025-08-02 16:20:08,NHB250802162008.RAWLV35,Long Range,0.0
113,2025-08-02 13:40:08,NHB250802134008.RAWLUZS,NHB250802134305.RAWLUZW,NHB250802135008.RAWLUZZ,NHB250802135303.RAWLV03,2025-08-02 13:40:08,2025-08-02 13:40:08,NHB250802134008.RAWLUZS,Long Range,0.0,2025-08-02 14:40:08,2025-08-02 14:40:08,NHB250802144008.RAWLV11,Long Range,0.0,2025-08-02 15:40:08,2025-08-02 15:40:08,NHB250802154008.RAWLV2A,Long Range,0.0,2025-08-02 16:40:08,2025-08-02 16:40:08,NHB250802164008.RAWLV3K,Long Range,0.0
114,2025-08-02 14:00:08,NHB250802140008.RAWLV06,NHB250802140303.RAWLV0A,NHB250802141009.RAWLV0D,NHB250802141304.RAWLV0H,2025-08-02 14:00:08,2025-08-02 14:00:08,NHB250802140008.RAWLV06,Long Range,0.0,2025-08-02 15:00:08,2025-08-02 15:00:08,NHB250802150008.RAWLV1F,Long Range,0.0,2025-08-02 16:00:08,2025-08-02 16:00:08,NHB250802160008.RAWLV2R,Long Range,0.0,2025-08-02 17:00:08,2025-08-02 17:00:08,NHB250802170008.RAWLV40,Long Range,0.0
115,2025-08-02 14:20:08,NHB250802142008.RAWLV0L,NHB250802142304.RAWLV0R,NHB250802143008.RAWLV0U,NHB250802143303.RAWLV0Y,2025-08-02 14:20:08,2025-08-02 14:20:08,NHB250802142008.RAWLV0L,Long Range,0.0,2025-08-02 15:20:08,2025-08-02 15:20:08,NHB250802152008.RAWLV1W,Long Range,0.0,2025-08-02 16:20:08,2025-08-02 16:20:08,NHB250802162008.RAWLV35,Long Range,0.0,2025-08-02 17:20:08,2025-08-02 17:20:08,NHB250802172008.RAWLV4E,Long Range,0.0
116,2025-08-02 14:40:08,NHB250802144008.RAWLV11,NHB250802144303.RAWLV15,NHB250802145008.RAWLV18,NHB250802145303.RAWLV1C,2025-08-02 14:40:08,2025-08-02 14:40:08,NHB250802144008.RAWLV11,Long Range,0.0,2025-08-02 15:40:08,2025-08-02 15:40:08,NHB250802154008.RAWLV2A,Long Range,0.0,2025-08-02 16:40:08,2025-08-02 16:40:08,NHB250802164008.RAWLV3K,Long Range,0.0,2025-08-02 17:40:08,2025-08-02 17:40:08,NHB250802174008.RAWLV4V,Long Range,0.0
117,2025-08-02 15:00:08,NHB250802150008.RAWLV1F,NHB250802150304.RAWLV1K,NHB250802151008.RAWLV1N,NHB250802151303.RAWLV1T,2025-08-02 15:00:08,2025-08-02 15:00:08,NHB250802150008.RAWLV1F,Long Range,0.0,2025-08-02 16:00:08,2025-08-02 16:00:08,NHB250802160008.RAWLV2R,Long Range,0.0,2025-08-02 17:00:08,2025-08-02 17:00:08,NHB250802170008.RAWLV40,Long Range,0.0,2025-08-02 18:00:08,2025-08-02 18:00:07,NHB250802180007.RAWLV59,Long Range,1.0
118,2025-08-02 15:20:08,NHB250802152008.RAWLV1W,NHB250802152304.RAWLV20,NHB250802153009.RAWLV23,NHB250802153304.RAWLV27,2025-08-02 15:20:08,2025-08-02 15:20:08,NHB250802152008.RAWLV1W,Long Range,0.0,2025-08-02 16:20:08,2025-08-02 16:20:08,NHB250802162008.RAWLV35,Long Range,0.0,2025-08-02 17:20:08,2025-08-02 17:20:08,NHB250802172008.RAWLV4E,Long Range,0.0,2025-08-02 18:20:08,2025-08-02 18:20:08,NHB250802182008.RAWLV5P,Long Range,0.0
119,2025-08-02 15:40:08,NHB250802154008.RAWLV2A,NHB250802154304.RAWLV2E,NHB250802155007.RAWLV2H,NHB250802155304.RAWLV2M,2025-08-02 15:40:08,2025-08-02 15:40:08,NHB250802154008.RAWLV2A,Long Range,0.0,2025-08-02 16:40:08,2025-08-02 16:40:08,NHB250802164008.RAWLV3K,Long Range,0.0,2025-08-02 17:40:08,2025-08-02 17:40:08,NHB250802174008.RAWLV4V,Long Range,0.0,2025-08-02 18:40:08,2025-08-02 18:40:08,NHB250802184008.RAWLV64,Long Range,0.0
120,2025-08-02 16:00:08,NHB250802160008.RAWLV2R,NHB250802160304.RAWLV2V,NHB250802161008.RAWLV2Y,NHB250802161304.RAWLV32,2025-08-02 16:00:08,2025-08-02 16:00:08,NHB250802160008.RAWLV2R,Long Range,0.0,2025-08-02 17:00:08,2025-08-02 17:00:08,NHB250802170008.RAWLV40,Long Range,0.0,2025-08-02 18:00:08,2025-08-02 18:00:07,NHB250802180007.RAWLV59,Long Range,1.0,2025-08-02 19:00:08,2025-08-02 19:00:08,NHB250802190008.RAWLV6J,Long Range,0.0
121,2025-08-02 16:20:08,NHB250802162008.RAWLV35,NHB250802162303.RAWLV39,NHB250802163009.RAWLV3C,NHB250802163304.RAWLV3G,2025-08-02 16:20:08,2025-08-02 16:20:08,NHB250802162008.RAWLV35,Long Range,0.0,2025-08-02 17:20:08,2025-08-02 17:20:08,NHB250802172008.RAWLV4E,Long Range,0.0,2025-08-02 18:20:08,2025-08-02 18:20:08,NHB250802182008.RAWLV5P,Long Range,0.0,2025-08-02 19:20:08,2025-08-02 19:20:09,NHB250802192009.RAWLV6Z,Long Range,1.0
122,2025-08-02 16:40:08,NHB250802164008.RAWLV3K,NHB250802164303.RAWLV3P,NHB250802165008.RAWLV3T,NHB250802165303.RAWLV3X,2025-08-02 16:40:08,2025-08-02 16:40:08,NHB250802164008.RAWLV3K,Long Range,0.0,2025-08-02 17:40:08,2025-08-02 17:40:08,NHB250802174008.RAWLV4V,Long Range,0.0,2025-08-02 18:40:08,2025-08-02 18:40:08,NHB250802184008.RAWLV64,Long Range,0.0,2025-08-02 19:40:08,2025-08-02 19:40:07,NHB250802194007.RAWLV7D,Long Range,1.0
123,2025-08-02 17:00:08,NHB250802170008.RAWLV40,NHB250802170303.RAWLV44,NHB250802171008.RAWLV47,NHB250802171303.RAWLV4B,2025-08-02 17:00:08,2025-08-02 17:00:08,NHB250802170008.RAWLV40,Long Range,0.0,2025-08-02 18:00:08,2025-08-02 18:00:07,NHB250802180007.RAWLV59,Long Range,1.0,2025-08-02 19:00:08,2025-08-02 19:00:08,NHB250802190008.RAWLV6J,Long Range,0.0,2025-08-02 20:00:08,2025-08-02 20:00:07,NHB250802200007.RAWLV7U,Long Range,1.0
124,2025-08-02 17:20:08,NHB250802172008.RAWLV4E,NHB250802172303.RAWLV4J,NHB250802173008.RAWLV4M,NHB250802173304.RAWLV4S,2025-08-02 17:20:08,2025-08-02 17:20:08,NHB250802172008.RAWLV4E,Long Range,0.0,2025-08-02 18:20:08,2025-08-02 18:20:08,NHB250802182008.RAWLV5P,Long Range,0.0,2025-08-02 19:20:08,2025-08-02 19:20:09,NHB250802192009.RAWLV6Z,Long Range,1.0,2025-08-02 20:20:08,2025-08-02 20:20:08,NHB250802202008.RAWLV88,Long Range,0.0
125,2025-08-02 17:40:08,NHB250802174008.RAWLV4V,NHB250802174303.RAWLV4Z,NHB250802175008.RAWLV52,NHB250802175303.RAWLV56,2025-08-02 17:40:08,2025-08-02 17:40:08,NHB250802174008.RAWLV4V,Long Range,0.0,2025-08-02 18:40:08,2025-08-02 18:40:08,NHB250802184008.RAWLV64,Long Range,0.0,2025-08-02 19:40:08,2025-08-02 19:40:07,NHB250802194007.RAWLV7D,Long Range,1.0,2025-08-02 20:40:08,2025-08-02 20:40:08,NHB250802204008.RAWLV8N,Long Range,0.0
126,2025-08-02 18:00:07,NHB250802180007.RAWLV59,NHB250802180303.RAWLV5D,NHB250802181008.RAWLV5G,NHB250802181304.RAWLV5L,2025-08-02 18:00:07,2025-08-02 18:00:07,NHB250802180007.RAWLV59,Long Range,0.0,2025-08-02 19:00:07,2025-08-02 19:00:08,NHB250802190008.RAWLV6J,Long Range,1.0,2025-08-02 20:00:07,2025-08-02 20:00:07,NHB250802200007.RAWLV7U,Long Range,0.0,2025-08-02 21:00:07,2025-08-02 21:00:07,NHB250802210007.RAWLV93,Long Range,0.0
127,2025-08-02 18:20:08,NHB250802182008.RAWLV5P,NHB250802182304.RAWLV5U,NHB250802183008.RAWLV5X,NHB250802183304.RAWLV61,2025-08-02 18:20:08,2025-08-02 18:20:08,NHB250802182008.RAWLV5P,Long Range,0.0,2025-08-02 19:20:08,2025-08-02 19:20:09,NHB250802192009.RAWLV6Z,Long Range,1.0,2025-08-02 20:20:08,2025-08-02 20:20:08,NHB250802202008.RAWLV88,Long Range,0.0,2025-08-02 21:20:08,2025-08-02 21:20:08,NHB250802212008.RAWLV9H,Long Range,0.0
128,2025-08-02 18:40:08,NHB250802184008.RAWLV64,NHB250802184303.RAWLV68,NHB250802185008.RAWLV6B,NHB250802185304.RAWLV6F,2025-08-02 18:40:08,2025-08-02 18:40:08,NHB250802184008.RAWLV64,Long Range,0.0,2025-08-02 19:40:08,2025-08-02 19:40:07,NHB250802194007.RAWLV7D,Long Range,1.0,2025-08-02 20:40:08,2025-08-02 20:40:08,NHB250802204008.RAWLV8N,Long Range,0.0,2025-08-02 21:40:08,2025-08-02 21:40:08,NHB250802214008.RAWLV9Y,Long Range,0.0
129,2025-08-02 19:00:08,NHB250802190008.RAWLV6J,NHB250802190304.RAWLV6N,NHB250802191007.RAWLV6S,NHB250802191304.RAWLV6W,2025-08-02 19:00:08,2025-08-02 19:00:08,NHB250802190008.RAWLV6J,Long Range,0.0,2025-08-02 20:00:08,2025-08-02 20:00:07,NHB250802200007.RAWLV7U,Long Range,1.0,2025-08-02 21:00:08,2025-08-02 21:00:07,NHB250802210007.RAWLV93,Long Range,1.0,2025-08-02 22:00:08,2025-08-02 22:00:08,NHB250802220008.RAWLVAC,Long Range,0.0
130,2025-08-02 19:20:09,NHB250802192009.RAWLV6Z,NHB250802192304.RAWLV73,NHB250802193009.RAWLV76,NHB250802193303.RAWLV7A,2025-08-02 19:20:09,2025-08-02 19:20:09,NHB250802192009.RAWLV6Z,Long Range,0.0,2025-08-02 20:20:09,2025-08-02 20:20:08,NHB250802202008.RAWLV88,Long Range,1.0,2025-08-02 21:20:09,2025-08-02 21:20:08,NHB250802212008.RAWLV9H,Long Range,1.0,2025-08-02 22:20:09,2025-08-02 22:20:07,NHB250802222007.RAWLVAT,Long Range,2.0
131,2025-08-02 19:40:07,NHB250802194007.RAWLV7D,NHB250802194304.RAWLV7H,NHB250802195008.RAWLV7L,NHB250802195303.RAWLV7R,2025-08-02 19:40:07,2025-08-02 19:40:07,NHB250802194007.RAWLV7D,Long Range,0.0,2025-08-02 20:40:07,2025-08-02 20:40:08,NHB250802204008.RAWLV8N,Long Range,1.0,2025-08-02 21:40:07,2025-08-02 21:40:08,NHB250802214008.RAWLV9Y,Long Range,1.0,2025-08-02 22:40:07,2025-08-02 22:40:07,NHB250802224007.RAWLVB7,Long Range,0.0
132,2025-08-02 20:00:07,NHB250802200007.RAWLV7U,NHB250802200303.RAWLV7Y,NHB250802201008.RAWLV81,NHB250802201304.RAWLV85,2025-08-02 20:00:07,2025-08-02 20:00:07,NHB250802200007.RAWLV7U,Long Range,0.0,2025-08-02 21:00:07,2025-08-02 21:00:07,NHB250802210007.RAWLV93,Long Range,0.0,2025-08-02 22:00:07,2025-08-02 22:00:08,NHB250802220008.RAWLVAC,Long Range,1.0,2025-08-02 23:00:07,2025-08-02 23:00:08,NHB250802230008.RAWLVBM,Long Range,1.0
133,2025-08-02 20:20:08,NHB250802202008.RAWLV88,NHB250802202304.RAWLV8C,NHB250802203008.RAWLV8F,NHB250802203305.RAWLV8K,2025-08-02 20:20:08,2025-08-02 20:20:08,NHB250802202008.RAWLV88,Long Range,0.0,2025-08-02 21:20:08,2025-08-02 21:20:08,NHB250802212008.RAWLV9H,Long Range,0.0,2025-08-02 22:20:08,2025-08-02 22:20:07,NHB250802222007.RAWLVAT,Long Range,1.0,2025-08-02 23:20:08,2025-08-02 23:20:08,NHB250802232008.RAWLVC2,Long Range,0.0
134,2025-08-02 20:40:08,NHB250802204008.RAWLV8N,NHB250802204304.RAWLV8T,NHB250802205008.RAWLV8W,NHB250802205304.RAWLV90,2025-08-02 20:40:08,2025-08-02 20:40:08,NHB250802204008.RAWLV8N,Long Range,0.0,2025-08-02 21:40:08,2025-08-02 21:40:08,NHB250802214008.RAWLV9Y,Long Range,0.0,2025-08-02 22:40:08,2025-08-02 22:40:07,NHB250802224007.RAWLVB7,Long Range,1.0,2025-08-02 23:40:08,2025-08-02 23:40:08,NHB250802234008.RAWLVCG,Long Range,0.0
135,2025-08-02 21:00:07,NHB250802210007.RAWLV93,NHB250802210303.RAWLV97,NHB250802211008.RAWLV9A,NHB250802211304.RAWLV9E,2025-08-02 21:00:07,2025-08-02 21:00:07,NHB250802210007.RAWLV93,Long Range,0.0,2025-08-02 22:00:07,2025-08-02 22:00:08,NHB250802220008.RAWLVAC,Long Range,1.0,2025-08-02 23:00:07,2025-08-02 23:00:08,NHB250802230008.RAWLVBM,Long Range,1.0,2025-08-03 00:00:07,2025-08-03 00:00:08,NHB250803000008.RAWLVCX,Long Range,1.0
136,2025-08-02 21:20:08,NHB250802212008.RAWLV9H,NHB250802212303.RAWLV9M,NHB250802213008.RAWLV9R,NHB250802213303.RAWLV9V,2025-08-02 21:20:08,2025-08-02 21:20:08,NHB250802212008.RAWLV9H,Long Range,0.0,2025-08-02 22:20:08,2025-08-02 22:20:07,NHB250802222007.RAWLVAT,Long Range,1.0,2025-08-02 23:20:08,2025-08-02 23:20:08,NHB250802232008.RAWLVC2,Long Range,0.0,2025-08-03 00:20:08,2025-08-03 00:20:08,NHB250803002008.RAWLVDB,Long Range,0.0
137,2025-08-02 21:40:08,NHB250802214008.RAWLV9Y,NHB250802214304.RAWLVA2,NHB250802215007.RAWLVA5,NHB250802215304.RAWLVA9,2025-08-02 21:40:08,2025-08-02 21:40:08,NHB250802214008.RAWLV9Y,Long Range,0.0,2025-08-02 22:40:08,2025-08-02 22:40:07,NHB250802224007.RAWLVB7,Long Range,1.0,2025-08-02 23:40:08,2025-08-02 23:40:08,NHB250802234008.RAWLVCG,Long Range,0.0,2025-08-03 00:40:08,2025-08-03 00:40:08,NHB250803004008.RAWLVDS,Long Range,0.0
138,2025-08-02 22:00:08,NHB250802220008.RAWLVAC,NHB250802220304.RAWLVAG,NHB250802221007.RAWLVAK,NHB250802221304.RAWLVAP,2025-08-02 22:00:08,2025-08-02 22:00:08,NHB250802220008.RAWLVAC,Long Range,0.0,2025-08-02 23:00:08,2025-08-02 23:00:08,NHB250802230008.RAWLVBM,Long Range,0.0,2025-08-03 00:00:08,2025-08-03 00:00:08,NHB250803000008.RAWLVCX,Long Range,0.0,2025-08-03 01:00:08,2025-08-03 01:00:08,NHB250803010008.RAWLVE6,Long Range,0.0
139,2025-08-02 22:20:07,NHB250802222007.RAWLVAT,NHB250802222304.RAWLVAX,NHB250802223008.RAWLVB0,NHB250802223304.RAWLVB4,2025-08-02 22:20:07,2025-08-02 22:20:07,NHB250802222007.RAWLVAT,Long Range,0.0,2025-08-02 23:20:07,2025-08-02 23:20:08,NHB250802232008.RAWLVC2,Long Range,1.0,2025-08-03 00:20:07,2025-08-03 00:20:08,NHB250803002008.RAWLVDB,Long Range,1.0,2025-08-03 01:20:07,2025-08-03 01:20:08,NHB250803012008.RAWLVEL,Long Range,1.0
140,2025-08-02 22:40:07,NHB250802224007.RAWLVB7,NHB250802224304.RAWLVBB,NHB250802225007.RAWLVBE,NHB250802225303.RAWLVBJ,2025-08-02 22:40:07,2025-08-02 22:40:07,NHB250802224007.RAWLVB7,Long Range,0.0,2025-08-02 23:40:07,2025-08-02 23:40:08,NHB250802234008.RAWLVCG,Long Range,1.0,2025-08-03 00:40:07,2025-08-03 00:40:08,NHB250803004008.RAWLVDS,Long Range,1.0,2025-08-03 01:40:07,2025-08-03 01:40:07,NHB250803014007.RAWLVF1,Long Range,0.0
141,2025-08-02 23:00:08,NHB250802230008.RAWLVBM,NHB250802230303.RAWLVBS,NHB250802231008.RAWLVBV,NHB250802231304.RAWLVBZ,2025-08-02 23:00:08,2025-08-02 23:00:08,NHB250802230008.RAWLVBM,Long Range,0.0,2025-08-03 00:00:08,2025-08-03 00:00:08,NHB250803000008.RAWLVCX,Long Range,0.0,2025-08-03 01:00:08,2025-08-03 01:00:08,NHB250803010008.RAWLVE6,Long Range,0.0,2025-08-03 02:00:08,2025-08-03 02:00:08,NHB250803020008.RAWLVFF,Long Range,0.0
142,2025-08-02 23:20:08,NHB250802232008.RAWLVC2,NHB250802232303.RAWLVC6,NHB250802233008.RAWLVC9,NHB250802233303.RAWLVCD,2025-08-02 23:20:08,2025-08-02 23:20:08,NHB250802232008.RAWLVC2,Long Range,0.0,2025-08-03 00:20:08,2025-08-03 00:20:08,NHB250803002008.RAWLVDB,Long Range,0.0,2025-08-03 01:20:08,2025-08-03 01:20:08,NHB250803012008.RAWLVEL,Long Range,0.0,2025-08-03 02:20:08,2025-08-03 02:20:08,NHB250803022008.RAWLVFW,Long Range,0.0
143,2025-08-02 23:40:08,NHB250802234008.RAWLVCG,NHB250802234303.RAWLVCL,NHB250802235008.RAWLVCP,NHB250802235303.RAWLVCU,2025-08-02 23:40:08,2025-08-02 23:40:08,NHB250802234008.RAWLVCG,Long Range,0.0,2025-08-03 00:40:08,2025-08-03 00:40:08,NHB250803004008.RAWLVDS,Long Range,0.0,2025-08-03 01:40:08,2025-08-03 01:40:07,NHB250803014007.RAWLVF1,Long Range,1.0,2025-08-03 02:40:08,2025-08-03 02:40:08,NHB250803024008.RAWLVGA,Long Range,0.0
144,2025-08-03 00:00:08,NHB250803000008.RAWLVCX,NHB250803000303.RAWLVD1,NHB250803001008.RAWLVD4,NHB250803001303.RAWLVD8,2025-08-03 00:00:08,2025-08-03 00:00:08,NHB250803000008.RAWLVCX,Long Range,0.0,2025-08-03 01:00:08,2025-08-03 01:00:08,NHB250803010008.RAWLVE6,Long Range,0.0,2025-08-03 02:00:08,2025-08-03 02:00:08,NHB250803020008.RAWLVFF,Long Range,0.0,2025-08-03 03:00:08,2025-08-03 03:00:08,NHB250803030008.RAWLVGR,Long Range,0.0
145,2025-08-03 00:20:08,NHB250803002008.RAWLVDB,NHB250803002303.RAWLVDF,NHB250803003008.RAWLVDJ,NHB250803003304.RAWLVDN,2025-08-03 00:20:08,2025-08-03 00:20:08,NHB250803002008.RAWLVDB,Long Range,0.0,2025-08-03 01:20:08,2025-08-03 01:20:08,NHB250803012008.RAWLVEL,Long Range,0.0,2025-08-03 02:20:08,2025-08-03 02:20:08,NHB250803022008.RAWLVFW,Long Range,0.0,2025-08-03 03:20:08,2025-08-03 03:20:08,NHB250803032008.RAWLVH5,Long Range,0.0
146,2025-08-03 00:40:08,NHB250803004008.RAWLVDS,NHB250803004303.RAWLVDW,NHB250803005008.RAWLVDZ,NHB250803005304.RAWLVE3,2025-08-03 00:40:08,2025-08-03 00:40:08,NHB250803004008.RAWLVDS,Long Range,0.0,2025-08-03 01:40:08,2025-08-03 01:40:07,NHB250803014007.RAWLVF1,Long Range,1.0,2025-08-03 02:40:08,2025-08-03 02:40:08,NHB250803024008.RAWLVGA,Long Range,0.0,2025-08-03 03:40:08,2025-08-03 03:40:08,NHB250803034008.RAWLVHK,Long Range,0.0
147,2025-08-03 01:00:08,NHB250803010008.RAWLVE6,NHB250803010304.RAWLVEA,NHB250803011008.RAWLVED,NHB250803011303.RAWLVEH,2025-08-03 01:00:08,2025-08-03 01:00:08,NHB250803010008.RAWLVE6,Long Range,0.0,2025-08-03 02:00:08,2025-08-03 02:00:08,NHB250803020008.RAWLVFF,Long Range,0.0,2025-08-03 03:00:08,2025-08-03 03:00:08,NHB250803030008.RAWLVGR,Long Range,0.0,2025-08-03 04:00:08,2025-08-03 04:00:08,NHB250803040008.RAWLVJ0,Long Range,0.0
148,2025-08-03 01:20:08,NHB250803012008.RAWLVEL,NHB250803012304.RAWLVER,NHB250803013008.RAWLVEU,NHB250803013303.RAWLVEY,2025-08-03 01:20:08,2025-08-03 01:20:08,NHB250803012008.RAWLVEL,Long Range,0.0,2025-08-03 02:20:08,2025-08-03 02:20:08,NHB250803022008.RAWLVFW,Long Range,0.0,2025-08-03 03:20:08,2025-08-03 03:20:08,NHB250803032008.RAWLVH5,Long Range,0.0,2025-08-03 04:20:08,2025-08-03 04:20:08,NHB250803042008.RAWLVJE,Long Range,0.0
149,2025-08-03 01:40:07,NHB250803014007.RAWLVF1,NHB250803014303.RAWLVF5,NHB250803015007.RAWLVF8,NHB250803015303.RAWLVFC,2025-08-03 01:40:07,2025-08-03 01:40:07,NHB250803014007.RAWLVF1,Long Range,0.0,2025-08-03 02:40:07,2025-08-03 02:40:08,NHB250803024008.RAWLVGA,Long Range,1.0,2025-08-03 03:40:07,2025-08-03 03:40:08,NHB250803034008.RAWLVHK,Long Range,1.0,2025-08-03 04:40:07,2025-08-03 04:40:07,NHB250803044007.RAWLVJV,Long Range,0.0
150,2025-08-03 02:00:08,NHB250803020008.RAWLVFF,NHB250803020304.RAWLVFK,NHB250803021008.RAWLVFN,NHB250803021304.RAWLVFT,2025-08-03 02:00:08,2025-08-03 02:00:08,NHB250803020008.RAWLVFF,Long Range,0.0,2025-08-03 03:00:08,2025-08-03 03:00:08,NHB250803030008.RAWLVGR,Long Range,0.0,2025-08-03 04:00:08,2025-08-03 04:00:08,NHB250803040008.RAWLVJ0,Long Range,0.0,2025-08-03 05:00:08,2025-08-03 05:00:08,NHB250803050008.RAWLVK9,Long Range,0.0
151,2025-08-03 02:20:08,NHB250803022008.RAWLVFW,NHB250803022304.RAWLVG0,NHB250803023008.RAWLVG3,NHB250803023303.RAWLVG7,2025-08-03 02:20:08,2025-08-03 02:20:08,NHB250803022008.RAWLVFW,Long Range,0.0,2025-08-03 03:20:08,2025-08-03 03:20:08,NHB250803032008.RAWLVH5,Long Range,0.0,2025-08-03 04:20:08,2025-08-03 04:20:08,NHB250803042008.RAWLVJE,Long Range,0.0,2025-08-03 05:20:08,2025-08-03 05:20:08,NHB250803052008.RAWLVKP,Long Range,0.0
152,2025-08-03 02:40:08,NHB250803024008.RAWLVGA,NHB250803024304.RAWLVGE,NHB250803025008.RAWLVGH,NHB250803025305.RAWLVGM,2025-08-03 02:40:08,2025-08-03 02:40:08,NHB250803024008.RAWLVGA,Long Range,0.0,2025-08-03 03:40:08,2025-08-03 03:40:08,NHB250803034008.RAWLVHK,Long Range,0.0,2025-08-03 04:40:08,2025-08-03 04:40:07,NHB250803044007.RAWLVJV,Long Range,1.0,2025-08-03 05:40:08,2025-08-03 05:40:08,NHB250803054008.RAWLVL4,Long Range,0.0
153,2025-08-03 03:00:08,NHB250803030008.RAWLVGR,NHB250803030303.RAWLVGV,NHB250803031008.RAWLVGY,NHB250803031303.RAWLVH2,2025-08-03 03:00:08,2025-08-03 03:00:08,NHB250803030008.RAWLVGR,Long Range,0.0,2025-08-03 04:00:08,2025-08-03 04:00:08,NHB250803040008.RAWLVJ0,Long Range,0.0,2025-08-03 05:00:08,2025-08-03 05:00:08,NHB250803050008.RAWLVK9,Long Range,0.0,2025-08-03 06:00:08,2025-08-03 06:00:08,NHB250803060008.RAWLVLJ,Long Range,0.0
154,2025-08-03 03:20:08,NHB250803032008.RAWLVH5,NHB250803032303.RAWLVH9,NHB250803033008.RAWLVHC,NHB250803033304.RAWLVHG,2025-08-03 03:20:08,2025-08-03 03:20:08,NHB250803032008.RAWLVH5,Long Range,0.0,2025-08-03 04:20:08,2025-08-03 04:20:08,NHB250803042008.RAWLVJE,Long Range,0.0,2025-08-03 05:20:08,2025-08-03 05:20:08,NHB250803052008.RAWLVKP,Long Range,0.0,2025-08-03 06:20:08,2025-08-03 06:20:08,NHB250803062008.RAWLVLZ,Long Range,0.0
155,2025-08-03 03:40:08,NHB250803034008.RAWLVHK,NHB250803034304.RAWLVHP,NHB250803035007.RAWLVHT,NHB250803035304.RAWLVHX,2025-08-03 03:40:08,2025-08-03 03:40:08,NHB250803034008.RAWLVHK,Long Range,0.0,2025-08-03 04:40:08,2025-08-03 04:40:07,NHB250803044007.RAWLVJV,Long Range,1.0,2025-08-03 05:40:08,2025-08-03 05:40:08,NHB250803054008.RAWLVL4,Long Range,0.0,2025-08-03 06:40:08,2025-08-03 06:40:08,NHB250803064008.RAWLVMD,Long Range,0.0
156,2025-08-03 04:00:08,NHB250803040008.RAWLVJ0,NHB250803040305.RAWLVJ4,NHB250803041008.RAWLVJ7,NHB250803041304.RAWLVJB,2025-08-03 04:00:08,2025-08-03 04:00:08,NHB250803040008.RAWLVJ0,Long Range,0.0,2025-08-03 05:00:08,2025-08-03 05:00:08,NHB250803050008.RAWLVK9,Long Range,0.0,2025-08-03 06:00:08,2025-08-03 06:00:08,NHB250803060008.RAWLVLJ,Long Range,0.0,2025-08-03 07:00:08,2025-08-03 07:00:08,NHB250803070008.RAWLVMU,Long Range,0.0
157,2025-08-03 04:20:08,NHB250803042008.RAWLVJE,NHB250803042304.RAWLVJJ,NHB250803043009.RAWLVJM,NHB250803043303.RAWLVJS,2025-08-03 04:20:08,2025-08-03 04:20:08,NHB250803042008.RAWLVJE,Long Range,0.0,2025-08-03 05:20:08,2025-08-03 05:20:08,NHB250803052008.RAWLVKP,Long Range,0.0,2025-08-03 06:20:08,2025-08-03 06:20:08,NHB250803062008.RAWLVLZ,Long Range,0.0,2025-08-03 07:20:08,2025-08-03 07:20:08,NHB250803072008.RAWLVN8,Long Range,0.0
158,2025-08-03 04:40:07,NHB250803044007.RAWLVJV,NHB250803044304.RAWLVJZ,NHB250803045008.RAWLVK2,NHB250803045303.RAWLVK6,2025-08-03 04:40:07,2025-08-03 04:40:07,NHB250803044007.RAWLVJV,Long Range,0.0,2025-08-03 05:40:07,2025-08-03 05:40:08,NHB250803054008.RAWLVL4,Long Range,1.0,2025-08-03 06:40:07,2025-08-03 06:40:08,NHB250803064008.RAWLVMD,Long Range,1.0,2025-08-03 07:40:07,2025-08-03 07:40:08,NHB250803074008.RAWLVNN,Long Range,1.0
159,2025-08-03 05:00:08,NHB250803050008.RAWLVK9,NHB250803050303.RAWLVKD,NHB250803051008.RAWLVKG,NHB250803051303.RAWLVKL,2025-08-03 05:00:08,2025-08-03 05:00:08,NHB250803050008.RAWLVK9,Long Range,0.0,2025-08-03 06:00:08,2025-08-03 06:00:08,NHB250803060008.RAWLVLJ,Long Range,0.0,2025-08-03 07:00:08,2025-08-03 07:00:08,NHB250803070008.RAWLVMU,Long Range,0.0,2025-08-03 08:00:08,2025-08-03 08:00:08,NHB250803080008.RAWLVP3,Long Range,0.0
160,2025-08-03 05:20:08,NHB250803052008.RAWLVKP,NHB250803052303.RAWLVKU,NHB250803053008.RAWLVKX,NHB250803053303.RAWLVL1,2025-08-03 05:20:08,2025-08-03 05:20:08,NHB250803052008.RAWLVKP,Long Range,0.0,2025-08-03 06:20:08,2025-08-03 06:20:08,NHB250803062008.RAWLVLZ,Long Range,0.0,2025-08-03 07:20:08,2025-08-03 07:20:08,NHB250803072008.RAWLVN8,Long Range,0.0,2025-08-03 08:20:08,2025-08-03 08:20:08,NHB250803082008.RAWLVPH,Long Range,0.0
161,2025-08-03 05:40:08,NHB250803054008.RAWLVL4,NHB250803054303.RAWLVL8,NHB250803055008.RAWLVLB,NHB250803055303.RAWLVLF,2025-08-03 05:40:08,2025-08-03 05:40:08,NHB250803054008.RAWLVL4,Long Range,0.0,2025-08-03 06:40:08,2025-08-03 06:40:08,NHB250803064008.RAWLVMD,Long Range,0.0,2025-08-03 07:40:08,2025-08-03 07:40:08,NHB250803074008.RAWLVNN,Long Range,0.0,2025-08-03 08:40:08,2025-08-03 08:40:08,NHB250803084008.RAWLVPY,Long Range,0.0
162,2025-08-03 06:00:08,NHB250803060008.RAWLVLJ,NHB250803060303.RAWLVLN,NHB250803061008.RAWLVLS,NHB250803061304.RAWLVLW,2025-08-03 06:00:08,2025-08-03 06:00:08,NHB250803060008.RAWLVLJ,Long Range,0.0,2025-08-03 07:00:08,2025-08-03 07:00:08,NHB250803070008.RAWLVMU,Long Range,0.0,2025-08-03 08:00:08,2025-08-03 08:00:08,NHB250803080008.RAWLVP3,Long Range,0.0,2025-08-03 09:00:08,2025-08-03 09:00:08,NHB250803090008.RAWLVRC,Long Range,0.0
163,2025-08-03 06:20:08,NHB250803062008.RAWLVLZ,NHB250803062304.RAWLVM3,NHB250803063007.RAWLVM6,NHB250803063303.RAWLVMA,2025-08-03 06:20:08,2025-08-03 06:20:08,NHB250803062008.RAWLVLZ,Long Range,0.0,2025-08-03 07:20:08,2025-08-03 07:20:08,NHB250803072008.RAWLVN8,Long Range,0.0,2025-08-03 08:20:08,2025-08-03 08:20:08,NHB250803082008.RAWLVPH,Long Range,0.0,2025-08-03 09:20:08,2025-08-03 09:20:07,NHB250803092007.RAWLVRT,Long Range,1.0
164,2025-08-03 06:40:08,NHB250803064008.RAWLVMD,NHB250803064304.RAWLVMH,NHB250803065008.RAWLVML,NHB250803065303.RAWLVMR,2025-08-03 06:40:08,2025-08-03 06:40:08,NHB250803064008.RAWLVMD,Long Range,0.0,2025-08-03 07:40:08,2025-08-03 07:40:08,NHB250803074008.RAWLVNN,Long Range,0.0,2025-08-03 08:40:08,2025-08-03 08:40:08,NHB250803084008.RAWLVPY,Long Range,0.0,2025-08-03 09:40:08,2025-08-03 09:40:08,NHB250803094008.RAWLVS7,Long Range,0.0
165,2025-08-03 07:00:08,NHB250803070008.RAWLVMU,NHB250803070304.RAWLVMY,NHB250803071008.RAWLVN1,NHB250803071303.RAWLVN5,2025-08-03 07:00:08,2025-08-03 07:00:08,NHB250803070008.RAWLVMU,Long Range,0.0,2025-08-03 08:00:08,2025-08-03 08:00:08,NHB250803080008.RAWLVP3,Long Range,0.0,2025-08-03 09:00:08,2025-08-03 09:00:08,NHB250803090008.RAWLVRC,Long Range,0.0,2025-08-03 10:00:08,2025-08-03 10:00:08,NHB250803100008.RAWLVSM,Long Range,0.0
166,2025-08-03 07:20:08,NHB250803072008.RAWLVN8,NHB250803072304.RAWLVNC,NHB250803073008.RAWLVNF,NHB250803073303.RAWLVNK,2025-08-03 07:20:08,2025-08-03 07:20:08,NHB250803072008.RAWLVN8,Long Range,0.0,2025-08-03 08:20:08,2025-08-03 08:20:08,NHB250803082008.RAWLVPH,Long Range,0.0,2025-08-03 09:20:08,2025-08-03 09:20:07,NHB250803092007.RAWLVRT,Long Range,1.0,2025-08-03 10:20:08,2025-08-03 10:20:08,NHB250803102008.RAWLVT2,Long Range,0.0
167,2025-08-03 07:40:08,NHB250803074008.RAWLVNN,NHB250803074303.RAWLVNT,NHB250803075009.RAWLVNW,NHB250803075303.RAWLVP0,2025-08-03 07:40:08,2025-08-03 07:40:08,NHB250803074008.RAWLVNN,Long Range,0.0,2025-08-03 08:40:08,2025-08-03 08:40:08,NHB250803084008.RAWLVPY,Long Range,0.0,2025-08-03 09:40:08,2025-08-03 09:40:08,NHB250803094008.RAWLVS7,Long Range,0.0,2025-08-03 10:40:08,2025-08-03 10:40:08,NHB250803104008.RAWLVTG,Long Range,0.0
168,2025-08-03 08:00:08,NHB250803080008.RAWLVP3,NHB250803080303.RAWLVP7,NHB250803081007.RAWLVPA,NHB250803081304.RAWLVPE,2025-08-03 08:00:08,2025-08-03 08:00:08,NHB250803080008.RAWLVP3,Long Range,0.0,2025-08-03 09:00:08,2025-08-03 09:00:08,NHB250803090008.RAWLVRC,Long Range,0.0,2025-08-03 10:00:08,2025-08-03 10:00:08,NHB250803100008.RAWLVSM,Long Range,0.0,2025-08-03 11:00:08,2025-08-03 11:00:08,NHB250803110008.RAWLVTX,Long Range,0.0
169,2025-08-03 08:20:08,NHB250803082008.RAWLVPH,NHB250803082303.RAWLVPM,NHB250803083008.RAWLVPR,NHB250803083303.RAWLVPV,2025-08-03 08:20:08,2025-08-03 08:20:08,NHB250803082008.RAWLVPH,Long Range,0.0,2025-08-03 09:20:08,2025-08-03 09:20:07,NHB250803092007.RAWLVRT,Long Range,1.0,2025-08-03 10:20:08,2025-08-03 10:20:08,NHB250803102008.RAWLVT2,Long Range,0.0,2025-08-03 11:20:08,2025-08-03 11:20:08,NHB250803112008.RAWLVUB,Long Range,0.0
170,2025-08-03 08:40:08,NHB250803084008.RAWLVPY,NHB250803084304.RAWLVR2,NHB250803085007.RAWLVR5,NHB250803085303.RAWLVR9,2025-08-03 08:40:08,2025-08-03 08:40:08,NHB250803084008.RAWLVPY,Long Range,0.0,2025-08-03 09:40:08,2025-08-03 09:40:08,NHB250803094008.RAWLVS7,Long Range,0.0,2025-08-03 10:40:08,2025-08-03 10:40:08,NHB250803104008.RAWLVTG,Long Range,0.0,2025-08-03 11:40:08,2025-08-03 11:40:09,NHB250803114009.RAWLVUS,Long Range,1.0
171,2025-08-03 09:00:08,NHB250803090008.RAWLVRC,NHB250803090303.RAWLVRG,NHB250803091008.RAWLVRK,NHB250803091303.RAWLVRP,2025-08-03 09:00:08,2025-08-03 09:00:08,NHB250803090008.RAWLVRC,Long Range,0.0,2025-08-03 10:00:08,2025-08-03 10:00:08,NHB250803100008.RAWLVSM,Long Range,0.0,2025-08-03 11:00:08,2025-08-03 11:00:08,NHB250803110008.RAWLVTX,Long Range,0.0,2025-08-03 12:00:08,2025-08-03 12:00:08,NHB250803120008.RAWLVV6,Long Range,0.0
172,2025-08-03 09:20:07,NHB250803092007.RAWLVRT,NHB250803092304.RAWLVRX,NHB250803093008.RAWLVS0,NHB250803093303.RAWLVS4,2025-08-03 09:20:07,2025-08-03 09:20:07,NHB250803092007.RAWLVRT,Long Range,0.0,2025-08-03 10:20:07,2025-08-03 10:20:08,NHB250803102008.RAWLVT2,Long Range,1.0,2025-08-03 11:20:07,2025-08-03 11:20:08,NHB250803112008.RAWLVUB,Long Range,1.0,2025-08-03 12:20:07,2025-08-03 12:20:08,NHB250803122008.RAWLVVL,Long Range,1.0
173,2025-08-03 09:40:08,NHB250803094008.RAWLVS7,NHB250803094303.RAWLVSB,NHB250803095008.RAWLVSE,NHB250803095304.RAWLVSJ,2025-08-03 09:40:08,2025-08-03 09:40:08,NHB250803094008.RAWLVS7,Long Range,0.0,2025-08-03 10:40:08,2025-08-03 10:40:08,NHB250803104008.RAWLVTG,Long Range,0.0,2025-08-03 11:40:08,2025-08-03 11:40:09,NHB250803114009.RAWLVUS,Long Range,1.0,2025-08-03 12:40:08,2025-08-03 12:40:08,NHB250803124008.RAWLVW1,Long Range,0.0
174,2025-08-03 10:00:08,NHB250803100008.RAWLVSM,NHB250803100303.RAWLVSS,NHB250803101009.RAWLVSV,NHB250803101304.RAWLVSZ,2025-08-03 10:00:08,2025-08-03 10:00:08,NHB250803100008.RAWLVSM,Long Range,0.0,2025-08-03 11:00:08,2025-08-03 11:00:08,NHB250803110008.RAWLVTX,Long Range,0.0,2025-08-03 12:00:08,2025-08-03 12:00:08,NHB250803120008.RAWLVV6,Long Range,0.0,2025-08-03 13:00:08,2025-08-03 13:00:08,NHB250803130008.RAWLVWF,Long Range,0.0
175,2025-08-03 10:20:08,NHB250803102008.RAWLVT2,NHB250803102303.RAWLVT6,NHB250803103008.RAWLVT9,NHB250803103303.RAWLVTD,2025-08-03 10:20:08,2025-08-03 10:20:08,NHB250803102008.RAWLVT2,Long Range,0.0,2025-08-03 11:20:08,2025-08-03 11:20:08,NHB250803112008.RAWLVUB,Long Range,0.0,2025-08-03 12:20:08,2025-08-03 12:20:08,NHB250803122008.RAWLVVL,Long Range,0.0,2025-08-03 13:20:08,2025-08-03 13:20:07,NHB250803132007.RAWLVWW,Long Range,1.0
176,2025-08-03 10:40:08,NHB250803104008.RAWLVTG,NHB250803104303.RAWLVTL,NHB250803105008.RAWLVTP,NHB250803105304.RAWLVTU,2025-08-03 10:40:08,2025-08-03 10:40:08,NHB250803104008.RAWLVTG,Long Range,0.0,2025-08-03 11:40:08,2025-08-03 11:40:09,NHB250803114009.RAWLVUS,Long Range,1.0,2025-08-03 12:40:08,2025-08-03 12:40:08,NHB250803124008.RAWLVW1,Long Range,0.0,2025-08-03 13:40:08,2025-08-03 13:40:08,NHB250803134008.RAWLVXA,Long Range,0.0
177,2025-08-03 11:00:08,NHB250803110008.RAWLVTX,NHB250803110303.RAWLVU1,NHB250803111007.RAWLVU4,NHB250803111304.RAWLVU8,2025-08-03 11:00:08,2025-08-03 11:00:08,NHB250803110008.RAWLVTX,Long Range,0.0,2025-08-03 12:00:08,2025-08-03 12:00:08,NHB250803120008.RAWLVV6,Long Range,0.0,2025-08-03 13:00:08,2025-08-03 13:00:08,NHB250803130008.RAWLVWF,Long Range,0.0,2025-08-03 14:00:08,2025-08-03 14:00:08,NHB250803140008.RAWLVXR,Long Range,0.0
178,2025-08-03 11:20:08,NHB250803112008.RAWLVUB,NHB250803112303.RAWLVUF,NHB250803113007.RAWLVUJ,NHB250803113304.RAWLVUN,2025-08-03 11:20:08,2025-08-03 11:20:08,NHB250803112008.RAWLVUB,Long Range,0.0,2025-08-03 12:20:08,2025-08-03 12:20:08,NHB250803122008.RAWLVVL,Long Range,0.0,2025-08-03 13:20:08,2025-08-03 13:20:07,NHB250803132007.RAWLVWW,Long Range,1.0,2025-08-03 14:20:08,2025-08-03 14:20:08,NHB250803142008.RAWLVY5,Long Range,0.0
179,2025-08-03 11:40:09,NHB250803114009.RAWLVUS,NHB250803114303.RAWLVUW,NHB250803115009.RAWLVUZ,NHB250803115303.RAWLVV3,2025-08-03 11:40:09,2025-08-03 11:40:09,NHB250803114009.RAWLVUS,Long Range,0.0,2025-08-03 12:40:09,2025-08-03 12:40:08,NHB250803124008.RAWLVW1,Long Range,1.0,2025-08-03 13:40:09,2025-08-03 13:40:08,NHB250803134008.RAWLVXA,Long Range,1.0,2025-08-03 14:40:09,2025-08-03 14:40:07,NHB250803144007.RAWLVYK,Long Range,2.0
180,2025-08-03 12:00:08,NHB250803120008.RAWLVV6,NHB250803120303.RAWLVVA,NHB250803121008.RAWLVVD,NHB250803121304.RAWLVVH,2025-08-03 12:00:08,2025-08-03 12:00:08,NHB250803120008.RAWLVV6,Long Range,0.0,2025-08-03 13:00:08,2025-08-03 13:00:08,NHB250803130008.RAWLVWF,Long Range,0.0,2025-08-03 14:00:08,2025-08-03 14:00:08,NHB250803140008.RAWLVXR,Long Range,0.0,2025-08-03 15:00:08,2025-08-03 15:00:08,NHB250803150008.RAWLVZ0,Long Range,0.0
181,2025-08-03 12:20:08,NHB250803122008.RAWLVVL,NHB250803122303.RAWLVVR,NHB250803123008.RAWLVVU,NHB250803123303.RAWLVVY,2025-08-03 12:20:08,2025-08-03 12:20:08,NHB250803122008.RAWLVVL,Long Range,0.0,2025-08-03 13:20:08,2025-08-03 13:20:07,NHB250803132007.RAWLVWW,Long Range,1.0,2025-08-03 14:20:08,2025-08-03 14:20:08,NHB250803142008.RAWLVY5,Long Range,0.0,2025-08-03 15:20:08,2025-08-03 15:20:07,NHB250803152007.RAWLVZE,Long Range,1.0
182,2025-08-03 12:40:08,NHB250803124008.RAWLVW1,NHB250803124303.RAWLVW5,NHB250803125008.RAWLVW8,NHB250803125303.RAWLVWC,2025-08-03 12:40:08,2025-08-03 12:40:08,NHB250803124008.RAWLVW1,Long Range,0.0,2025-08-03 13:40:08,2025-08-03 13:40:08,NHB250803134008.RAWLVXA,Long Range,0.0,2025-08-03 14:40:08,2025-08-03 14:40:07,NHB250803144007.RAWLVYK,Long Range,1.0,2025-08-03 15:40:08,2025-08-03 15:40:08,NHB250803154008.RAWLVZV,Long Range,0.0
183,2025-08-03 13:00:08,NHB250803130008.RAWLVWF,NHB250803130304.RAWLVWK,NHB250803131008.RAWLVWN,NHB250803131303.RAWLVWT,2025-08-03 13:00:08,2025-08-03 13:00:08,NHB250803130008.RAWLVWF,Long Range,0.0,2025-08-03 14:00:08,2025-08-03 14:00:08,NHB250803140008.RAWLVXR,Long Range,0.0,2025-08-03 15:00:08,2025-08-03 15:00:08,NHB250803150008.RAWLVZ0,Long Range,0.0,2025-08-03 16:00:08,2025-08-03 16:00:08,NHB250803160008.RAWLW09,Long Range,0.0
184,2025-08-03 13:20:07,NHB250803132007.RAWLVWW,NHB250803132304.RAWLVX0,NHB250803133008.RAWLVX3,NHB250803133303.RAWLVX7,2025-08-03 13:20:07,2025-08-03 13:20:07,NHB250803132007.RAWLVWW,Long Range,0.0,2025-08-03 14:20:07,2025-08-03 14:20:08,NHB250803142008.RAWLVY5,Long Range,1.0,2025-08-03 15:20:07,2025-08-03 15:20:07,NHB250803152007.RAWLVZE,Long Range,0.0,2025-08-03 16:20:07,2025-08-03 16:20:07,NHB250803162007.RAWLW0P,Long Range,0.0
185,2025-08-03 13:40:08,NHB250803134008.RAWLVXA,NHB250803134303.RAWLVXE,NHB250803135007.RAWLVXH,NHB250803135303.RAWLVXM,2025-08-03 13:40:08,2025-08-03 13:40:08,NHB250803134008.RAWLVXA,Long Range,0.0,2025-08-03 14:40:08,2025-08-03 14:40:07,NHB250803144007.RAWLVYK,Long Range,1.0,2025-08-03 15:40:08,2025-08-03 15:40:08,NHB250803154008.RAWLVZV,Long Range,0.0,2025-08-03 16:40:08,2025-08-03 16:40:07,NHB250803164007.RAWLW14,Long Range,1.0
186,2025-08-03 14:00:08,NHB250803140008.RAWLVXR,NHB250803140304.RAWLVXV,NHB250803141008.RAWLVXY,NHB250803141303.RAWLVY2,2025-08-03 14:00:08,2025-08-03 14:00:08,NHB250803140008.RAWLVXR,Long Range,0.0,2025-08-03 15:00:08,2025-08-03 15:00:08,NHB250803150008.RAWLVZ0,Long Range,0.0,2025-08-03 16:00:08,2025-08-03 16:00:08,NHB250803160008.RAWLW09,Long Range,0.0,2025-08-03 17:00:08,2025-08-03 17:00:08,NHB250803170008.RAWLW1J,Long Range,0.0
187,2025-08-03 14:20:08,NHB250803142008.RAWLVY5,NHB250803142304.RAWLVY9,NHB250803143007.RAWLVYC,NHB250803143304.RAWLVYG,2025-08-03 14:20:08,2025-08-03 14:20:08,NHB250803142008.RAWLVY5,Long Range,0.0,2025-08-03 15:20:08,2025-08-03 15:20:07,NHB250803152007.RAWLVZE,Long Range,1.0,2025-08-03 16:20:08,2025-08-03 16:20:07,NHB250803162007.RAWLW0P,Long Range,1.0,2025-08-03 17:20:08,2025-08-03 17:20:07,NHB250803172007.RAWLW1Z,Long Range,1.0
188,2025-08-03 14:40:07,NHB250803144007.RAWLVYK,NHB250803144303.RAWLVYP,NHB250803145007.RAWLVYT,NHB250803145304.RAWLVYX,2025-08-03 14:40:07,2025-08-03 14:40:07,NHB250803144007.RAWLVYK,Long Range,0.0,2025-08-03 15:40:07,2025-08-03 15:40:08,NHB250803154008.RAWLVZV,Long Range,1.0,2025-08-03 16:40:07,2025-08-03 16:40:07,NHB250803164007.RAWLW14,Long Range,0.0,2025-08-03 17:40:07,2025-08-03 17:40:08,NHB250803174008.RAWLW2D,Long Range,1.0
189,2025-08-03 15:00:08,NHB250803150008.RAWLVZ0,NHB250803150304.RAWLVZ4,NHB250803151008.RAWLVZ7,NHB250803151303.RAWLVZB,2025-08-03 15:00:08,2025-08-03 15:00:08,NHB250803150008.RAWLVZ0,Long Range,0.0,2025-08-03 16:00:08,2025-08-03 16:00:08,NHB250803160008.RAWLW09,Long Range,0.0,2025-08-03 17:00:08,2025-08-03 17:00:08,NHB250803170008.RAWLW1J,Long Range,0.0,2025-08-03 18:00:08,2025-08-03 18:00:08,NHB250803180008.RAWLW2U,Long Range,0.0
190,2025-08-03 15:20:07,NHB250803152007.RAWLVZE,NHB250803152304.RAWLVZJ,NHB250803153007.RAWLVZM,NHB250803153304.RAWLVZS,2025-08-03 15:20:07,2025-08-03 15:20:07,NHB250803152007.RAWLVZE,Long Range,0.0,2025-08-03 16:20:07,2025-08-03 16:20:07,NHB250803162007.RAWLW0P,Long Range,0.0,2025-08-03 17:20:07,2025-08-03 17:20:07,NHB250803172007.RAWLW1Z,Long Range,0.0,2025-08-03 18:20:07,2025-08-03 18:20:08,NHB250803182008.RAWLW38,Long Range,1.0
191,2025-08-03 15:40:08,NHB250803154008.RAWLVZV,NHB250803154304.RAWLVZZ,NHB250803155009.RAWLW02,NHB250803155303.RAWLW06,2025-08-03 15:40:08,2025-08-03 15:40:08,NHB250803154008.RAWLVZV,Long Range,0.0,2025-08-03 16:40:08,2025-08-03 16:40:07,NHB250803164007.RAWLW14,Long Range,1.0,2025-08-03 17:40:08,2025-08-03 17:40:08,NHB250803174008.RAWLW2D,Long Range,0.0,2025-08-03 18:40:08,2025-08-03 18:40:09,NHB250803184009.RAWLW3N,Long Range,1.0
192,2025-08-03 16:00:08,NHB250803160008.RAWLW09,NHB250803160304.RAWLW0D,NHB250803161007.RAWLW0G,NHB250803161303.RAWLW0L,2025-08-03 16:00:08,2025-08-03 16:00:08,NHB250803160008.RAWLW09,Long Range,0.0,2025-08-03 17:00:08,2025-08-03 17:00:08,NHB250803170008.RAWLW1J,Long Range,0.0,2025-08-03 18:00:08,2025-08-03 18:00:08,NHB250803180008.RAWLW2U,Long Range,0.0,2025-08-03 19:00:08,2025-08-03 19:00:08,NHB250803190008.RAWLW43,Long Range,0.0
193,2025-08-03 16:20:07,NHB250803162007.RAWLW0P,NHB250803162303.RAWLW0U,NHB250803163009.RAWLW0X,NHB250803163304.RAWLW11,2025-08-03 16:20:07,2025-08-03 16:20:07,NHB250803162007.RAWLW0P,Long Range,0.0,2025-08-03 17:20:07,2025-08-03 17:20:07,NHB250803172007.RAWLW1Z,Long Range,0.0,2025-08-03 18:20:07,2025-08-03 18:20:08,NHB250803182008.RAWLW38,Long Range,1.0,2025-08-03 19:20:07,2025-08-03 19:20:07,NHB250803192007.RAWLW4H,Long Range,0.0
194,2025-08-03 16:40:07,NHB250803164007.RAWLW14,NHB250803164304.RAWLW18,NHB250803165008.RAWLW1B,NHB250803165304.RAWLW1F,2025-08-03 16:40:07,2025-08-03 16:40:07,NHB250803164007.RAWLW14,Long Range,0.0,2025-08-03 17:40:07,2025-08-03 17:40:08,NHB250803174008.RAWLW2D,Long Range,1.0,2025-08-03 18:40:07,2025-08-03 18:40:09,NHB250803184009.RAWLW3N,Long Range,2.0,2025-08-03 19:40:07,2025-08-03 19:40:07,NHB250803194007.RAWLW4Y,Long Range,0.0
195,2025-08-03 17:00:08,NHB250803170008.RAWLW1J,NHB250803170304.RAWLW1N,NHB250803171007.RAWLW1S,NHB250803171303.RAWLW1W,2025-08-03 17:00:08,2025-08-03 17:00:08,NHB250803170008.RAWLW1J,Long Range,0.0,2025-08-03 18:00:08,2025-08-03 18:00:08,NHB250803180008.RAWLW2U,Long Range,0.0,2025-08-03 19:00:08,2025-08-03 19:00:08,NHB250803190008.RAWLW43,Long Range,0.0,2025-08-03 20:00:08,2025-08-03 20:00:08,NHB250803200008.RAWLW5C,Long Range,0.0
196,2025-08-03 17:20:07,NHB250803172007.RAWLW1Z,NHB250803172304.RAWLW23,NHB250803173007.RAWLW26,NHB250803173303.RAWLW2A,2025-08-03 17:20:07,2025-08-03 17:20:07,NHB250803172007.RAWLW1Z,Long Range,0.0,2025-08-03 18:20:07,2025-08-03 18:20:08,NHB250803182008.RAWLW38,Long Range,1.0,2025-08-03 19:20:07,2025-08-03 19:20:07,NHB250803192007.RAWLW4H,Long Range,0.0,2025-08-03 20:20:07,2025-08-03 20:20:08,NHB250803202008.RAWLW5T,Long Range,1.0
197,2025-08-03 17:40:08,NHB250803174008.RAWLW2D,NHB250803174304.RAWLW2H,NHB250803175009.RAWLW2L,NHB250803175303.RAWLW2R,2025-08-03 17:40:08,2025-08-03 17:40:08,NHB250803174008.RAWLW2D,Long Range,0.0,2025-08-03 18:40:08,2025-08-03 18:40:09,NHB250803184009.RAWLW3N,Long Range,1.0,2025-08-03 19:40:08,2025-08-03 19:40:07,NHB250803194007.RAWLW4Y,Long Range,1.0,2025-08-03 20:40:08,2025-08-03 20:40:07,NHB250803204007.RAWLW67,Long Range,1.0
198,2025-08-03 18:00:08,NHB250803180008.RAWLW2U,NHB250803180304.RAWLW2Y,NHB250803181008.RAWLW31,NHB250803181303.RAWLW35,2025-08-03 18:00:08,2025-08-03 18:00:08,NHB250803180008.RAWLW2U,Long Range,0.0,2025-08-03 19:00:08,2025-08-03 19:00:08,NHB250803190008.RAWLW43,Long Range,0.0,2025-08-03 20:00:08,2025-08-03 20:00:08,NHB250803200008.RAWLW5C,Long Range,0.0,2025-08-03 21:00:08,2025-08-03 21:00:08,NHB250803210008.RAWLW6M,Long Range,0.0
199,2025-08-03 18:20:08,NHB250803182008.RAWLW38,NHB250803182303.RAWLW3C,NHB250803183007.RAWLW3F,NHB250803183304.RAWLW3K,2025-08-03 18:20:08,2025-08-03 18:20:08,NHB250803182008.RAWLW38,Long Range,0.0,2025-08-03 19:20:08,2025-08-03 19:20:07,NHB250803192007.RAWLW4H,Long Range,1.0,2025-08-03 20:20:08,2025-08-03 20:20:08,NHB250803202008.RAWLW5T,Long Range,0.0,2025-08-03 21:20:08,2025-08-03 21:20:08,NHB250803212008.RAWLW72,Long Range,0.0
200,2025-08-03 18:40:09,NHB250803184009.RAWLW3N,NHB250803184304.RAWLW3T,NHB250803185008.RAWLW3W,NHB250803185304.RAWLW40,2025-08-03 18:40:09,2025-08-03 18:40:09,NHB250803184009.RAWLW3N,Long Range,0.0,2025-08-03 19:40:09,2025-08-03 19:40:07,NHB250803194007.RAWLW4Y,Long Range,2.0,2025-08-03 20:40:09,2025-08-03 20:40:07,NHB250803204007.RAWLW67,Long Range,2.0,2025-08-03 21:40:09,2025-08-03 21:40:08,NHB250803214008.RAWLW7G,Long Range,1.0
201,2025-08-03 19:00:08,NHB250803190008.RAWLW43,NHB250803190304.RAWLW47,NHB250803191007.RAWLW4A,NHB250803191303.RAWLW4E,2025-08-03 19:00:08,2025-08-03 19:00:08,NHB250803190008.RAWLW43,Long Range,0.0,2025-08-03 20:00:08,2025-08-03 20:00:08,NHB250803200008.RAWLW5C,Long Range,0.0,2025-08-03 21:00:08,2025-08-03 21:00:08,NHB250803210008.RAWLW6M,Long Range,0.0,2025-08-03 22:00:08,2025-08-03 22:00:08,NHB250803220008.RAWLW7X,Long Range,0.0
202,2025-08-03 19:20:07,NHB250803192007.RAWLW4H,NHB250803192303.RAWLW4M,NHB250803193007.RAWLW4R,NHB250803193304.RAWLW4V,2025-08-03 19:20:07,2025-08-03 19:20:07,NHB250803192007.RAWLW4H,Long Range,0.0,2025-08-03 20:20:07,2025-08-03 20:20:08,NHB250803202008.RAWLW5T,Long Range,1.0,2025-08-03 21:20:07,2025-08-03 21:20:08,NHB250803212008.RAWLW72,Long Range,1.0,2025-08-03 22:20:07,2025-08-03 22:20:07,NHB250803222007.RAWLW8B,Long Range,0.0
203,2025-08-03 19:40:07,NHB250803194007.RAWLW4Y,NHB250803194304.RAWLW52,NHB250803195008.RAWLW55,NHB250803195303.RAWLW59,2025-08-03 19:40:07,2025-08-03 19:40:07,NHB250803194007.RAWLW4Y,Long Range,0.0,2025-08-03 20:40:07,2025-08-03 20:40:07,NHB250803204007.RAWLW67,Long Range,0.0,2025-08-03 21:40:07,2025-08-03 21:40:08,NHB250803214008.RAWLW7G,Long Range,1.0,2025-08-03 22:40:07,2025-08-03 22:40:09,NHB250803224009.RAWLW8S,Long Range,2.0
204,2025-08-03 20:00:08,NHB250803200008.RAWLW5C,NHB250803200304.RAWLW5G,NHB250803201007.RAWLW5K,NHB250803201303.RAWLW5P,2025-08-03 20:00:08,2025-08-03 20:00:08,NHB250803200008.RAWLW5C,Long Range,0.0,2025-08-03 21:00:08,2025-08-03 21:00:08,NHB250803210008.RAWLW6M,Long Range,0.0,2025-08-03 22:00:08,2025-08-03 22:00:08,NHB250803220008.RAWLW7X,Long Range,0.0,2025-08-03 23:00:08,2025-08-03 23:00:07,NHB250803230007.RAWLW96,Long Range,1.0
205,2025-08-03 20:20:08,NHB250803202008.RAWLW5T,NHB250803202303.RAWLW5X,NHB250803203008.RAWLW60,NHB250803203304.RAWLW64,2025-08-03 20:20:08,2025-08-03 20:20:08,NHB250803202008.RAWLW5T,Long Range,0.0,2025-08-03 21:20:08,2025-08-03 21:20:08,NHB250803212008.RAWLW72,Long Range,0.0,2025-08-03 22:20:08,2025-08-03 22:20:07,NHB250803222007.RAWLW8B,Long Range,1.0,2025-08-03 23:20:08,2025-08-03 23:20:09,NHB250803232009.RAWLW9L,Long Range,1.0
206,2025-08-03 20:40:07,NHB250803204007.RAWLW67,NHB250803204304.RAWLW6B,NHB250803205008.RAWLW6E,NHB250803205304.RAWLW6J,2025-08-03 20:40:07,2025-08-03 20:40:07,NHB250803204007.RAWLW67,Long Range,0.0,2025-08-03 21:40:07,2025-08-03 21:40:08,NHB250803214008.RAWLW7G,Long Range,1.0,2025-08-03 22:40:07,2025-08-03 22:40:09,NHB250803224009.RAWLW8S,Long Range,2.0,2025-08-03 23:40:07,2025-08-03 23:40:08,NHB250803234008.RAWLWA1,Long Range,1.0
207,2025-08-03 21:00:08,NHB250803210008.RAWLW6M,NHB250803210304.RAWLW6S,NHB250803211009.RAWLW6V,NHB250803211303.RAWLW6Z,2025-08-03 21:00:08,2025-08-03 21:00:08,NHB250803210008.RAWLW6M,Long Range,0.0,2025-08-03 22:00:08,2025-08-03 22:00:08,NHB250803220008.RAWLW7X,Long Range,0.0,2025-08-03 23:00:08,2025-08-03 23:00:07,NHB250803230007.RAWLW96,Long Range,1.0,2025-08-04 00:00:08,2025-08-04 00:00:07,NHB250804000007.RAWLWAF,Long Range,1.0
208,2025-08-03 21:20:08,NHB250803212008.RAWLW72,NHB250803212304.RAWLW76,NHB250803213007.RAWLW79,NHB250803213304.RAWLW7D,2025-08-03 21:20:08,2025-08-03 21:20:08,NHB250803212008.RAWLW72,Long Range,0.0,2025-08-03 22:20:08,2025-08-03 22:20:07,NHB250803222007.RAWLW8B,Long Range,1.0,2025-08-03 23:20:08,2025-08-03 23:20:09,NHB250803232009.RAWLW9L,Long Range,1.0,2025-08-04 00:20:08,2025-08-04 00:20:07,NHB250804002007.RAWLWAW,Long Range,1.0
209,2025-08-03 21:40:08,NHB250803214008.RAWLW7G,NHB250803214304.RAWLW7L,NHB250803215008.RAWLW7P,NHB250803215303.RAWLW7U,2025-08-03 21:40:08,2025-08-03 21:40:08,NHB250803214008.RAWLW7G,Long Range,0.0,2025-08-03 22:40:08,2025-08-03 22:40:09,NHB250803224009.RAWLW8S,Long Range,1.0,2025-08-03 23:40:08,2025-08-03 23:40:08,NHB250803234008.RAWLWA1,Long Range,0.0,2025-08-04 00:40:08,2025-08-04 00:40:08,NHB250804004008.RAWLWBA,Long Range,0.0
210,2025-08-03 22:00:08,NHB250803220008.RAWLW7X,NHB250803220304.RAWLW81,NHB250803221008.RAWLW84,NHB250803221303.RAWLW88,2025-08-03 22:00:08,2025-08-03 22:00:08,NHB250803220008.RAWLW7X,Long Range,0.0,2025-08-03 23:00:08,2025-08-03 23:00:07,NHB250803230007.RAWLW96,Long Range,1.0,2025-08-04 00:00:08,2025-08-04 00:00:07,NHB250804000007.RAWLWAF,Long Range,1.0,2025-08-04 01:00:08,2025-08-04 01:00:08,NHB250804010008.RAWLWBR,Long Range,0.0
211,2025-08-03 22:20:07,NHB250803222007.RAWLW8B,NHB250803222303.RAWLW8F,NHB250803223008.RAWLW8J,NHB250803223303.RAWLW8N,2025-08-03 22:20:07,2025-08-03 22:20:07,NHB250803222007.RAWLW8B,Long Range,0.0,2025-08-03 23:20:07,2025-08-03 23:20:09,NHB250803232009.RAWLW9L,Long Range,2.0,2025-08-04 00:20:07,2025-08-04 00:20:07,NHB250804002007.RAWLWAW,Long Range,0.0,2025-08-04 01:20:07,2025-08-04 01:20:08,NHB250804012008.RAWLWC5,Long Range,1.0
212,2025-08-03 22:40:09,NHB250803224009.RAWLW8S,NHB250803224304.RAWLW8W,NHB250803225008.RAWLW8Z,NHB250803225303.RAWLW93,2025-08-03 22:40:09,2025-08-03 22:40:09,NHB250803224009.RAWLW8S,Long Range,0.0,2025-08-03 23:40:09,2025-08-03 23:40:08,NHB250803234008.RAWLWA1,Long Range,1.0,2025-08-04 00:40:09,2025-08-04 00:40:08,NHB250804004008.RAWLWBA,Long Range,1.0,2025-08-04 01:40:09,2025-08-04 01:40:08,NHB250804014008.RAWLWCK,Long Range,1.0
213,2025-08-03 23:00:07,NHB250803230007.RAWLW96,NHB250803230304.RAWLW9A,NHB250803231008.RAWLW9D,NHB250803231303.RAWLW9H,2025-08-03 23:00:07,2025-08-03 23:00:07,NHB250803230007.RAWLW96,Long Range,0.0,2025-08-04 00:00:07,2025-08-04 00:00:07,NHB250804000007.RAWLWAF,Long Range,0.0,2025-08-04 01:00:07,2025-08-04 01:00:08,NHB250804010008.RAWLWBR,Long Range,1.0,2025-08-04 02:00:07,2025-08-04 02:00:07,NHB250804020007.RAWLWD0,Long Range,0.0
214,2025-08-03 23:20:09,NHB250803232009.RAWLW9L,NHB250803232304.RAWLW9R,NHB250803233009.RAWLW9U,NHB250803233303.RAWLW9Y,2025-08-03 23:20:09,2025-08-03 23:20:09,NHB250803232009.RAWLW9L,Long Range,0.0,2025-08-04 00:20:09,2025-08-04 00:20:07,NHB250804002007.RAWLWAW,Long Range,2.0,2025-08-04 01:20:09,2025-08-04 01:20:08,NHB250804012008.RAWLWC5,Long Range,1.0,2025-08-04 02:20:09,2025-08-04 02:20:07,NHB250804022007.RAWLWDE,Long Range,2.0
215,2025-08-03 23:40:08,NHB250803234008.RAWLWA1,NHB250803234304.RAWLWA5,NHB250803235008.RAWLWA8,NHB250803235303.RAWLWAC,2025-08-03 23:40:08,2025-08-03 23:40:08,NHB250803234008.RAWLWA1,Long Range,0.0,2025-08-04 00:40:08,2025-08-04 00:40:08,NHB250804004008.RAWLWBA,Long Range,0.0,2025-08-04 01:40:08,2025-08-04 01:40:08,NHB250804014008.RAWLWCK,Long Range,0.0,2025-08-04 02:40:08,2025-08-04 02:40:08,NHB250804024008.RAWLWDV,Long Range,0.0
216,2025-08-04 00:00:07,NHB250804000007.RAWLWAF,NHB250804000304.RAWLWAK,NHB250804001008.RAWLWAN,NHB250804001303.RAWLWAT,2025-08-04 00:00:07,2025-08-04 00:00:07,NHB250804000007.RAWLWAF,Long Range,0.0,2025-08-04 01:00:07,2025-08-04 01:00:08,NHB250804010008.RAWLWBR,Long Range,1.0,2025-08-04 02:00:07,2025-08-04 02:00:07,NHB250804020007.RAWLWD0,Long Range,0.0,2025-08-04 03:00:07,2025-08-04 03:00:08,NHB250804030008.RAWLWE9,Long Range,1.0
217,2025-08-04 00:20:07,NHB250804002007.RAWLWAW,NHB250804002304.RAWLWB0,NHB250804003007.RAWLWB3,NHB250804003304.RAWLWB7,2025-08-04 00:20:07,2025-08-04 00:20:07,NHB250804002007.RAWLWAW,Long Range,0.0,2025-08-04 01:20:07,2025-08-04 01:20:08,NHB250804012008.RAWLWC5,Long Range,1.0,2025-08-04 02:20:07,2025-08-04 02:20:07,NHB250804022007.RAWLWDE,Long Range,0.0,2025-08-04 03:20:07,2025-08-04 03:20:08,NHB250804032008.RAWGMHC,Long Range,1.0
218,2025-08-04 00:40:08,NHB250804004008.RAWLWBA,NHB250804004303.RAWLWBE,NHB250804005009.RAWLWBH,NHB250804005304.RAWLWBM,2025-08-04 00:40:08,2025-08-04 00:40:08,NHB250804004008.RAWLWBA,Long Range,0.0,2025-08-04 01:40:08,2025-08-04 01:40:08,NHB250804014008.RAWLWCK,Long Range,0.0,2025-08-04 02:40:08,2025-08-04 02:40:08,NHB250804024008.RAWLWDV,Long Range,0.0,2025-08-04 03:40:08,2025-08-04 03:40:08,NHB250804034008.RAWGMHT,Long Range,0.0
219,2025-08-04 01:00:08,NHB250804010008.RAWLWBR,NHB250804010304.RAWLWBV,NHB250804011007.RAWLWBY,NHB250804011304.RAWLWC2,2025-08-04 01:00:08,2025-08-04 01:00:08,NHB250804010008.RAWLWBR,Long Range,0.0,2025-08-04 02:00:08,2025-08-04 02:00:07,NHB250804020007.RAWLWD0,Long Range,1.0,2025-08-04 03:00:08,2025-08-04 03:00:08,NHB250804030008.RAWLWE9,Long Range,0.0,2025-08-04 04:00:08,2025-08-04 04:00:08,NHB250804040008.RAWGMJ7,Long Range,0.0
220,2025-08-04 01:20:08,NHB250804012008.RAWLWC5,NHB250804012304.RAWLWC9,NHB250804013008.RAWLWCC,NHB250804013303.RAWLWCG,2025-08-04 01:20:08,2025-08-04 01:20:08,NHB250804012008.RAWLWC5,Long Range,0.0,2025-08-04 02:20:08,2025-08-04 02:20:07,NHB250804022007.RAWLWDE,Long Range,1.0,2025-08-04 03:20:08,2025-08-04 03:20:08,NHB250804032008.RAWGMHC,Long Range,0.0,2025-08-04 04:20:08,2025-08-04 04:20:08,NHB250804042008.RAWGMJM,Long Range,0.0
221,2025-08-04 01:40:08,NHB250804014008.RAWLWCK,NHB250804014304.RAWLWCP,NHB250804015009.RAWLWCT,NHB250804015303.RAWLWCX,2025-08-04 01:40:08,2025-08-04 01:40:08,NHB250804014008.RAWLWCK,Long Range,0.0,2025-08-04 02:40:08,2025-08-04 02:40:08,NHB250804024008.RAWLWDV,Long Range,0.0,2025-08-04 03:40:08,2025-08-04 03:40:08,NHB250804034008.RAWGMHT,Long Range,0.0,2025-08-04 04:40:08,2025-08-04 04:40:08,NHB250804044008.RAWGMK2,Long Range,0.0
222,2025-08-04 02:00:07,NHB250804020007.RAWLWD0,NHB250804020303.RAWLWD4,NHB250804021007.RAWLWD7,NHB250804021304.RAWLWDB,2025-08-04 02:00:07,2025-08-04 02:00:07,NHB250804020007.RAWLWD0,Long Range,0.0,2025-08-04 03:00:07,2025-08-04 03:00:08,NHB250804030008.RAWLWE9,Long Range,1.0,2025-08-04 04:00:07,2025-08-04 04:00:08,NHB250804040008.RAWGMJ7,Long Range,1.0,2025-08-04 05:00:07,2025-08-04 05:00:08,NHB250804050008.RAWGMKG,Long Range,1.0
223,2025-08-04 02:20:07,NHB250804022007.RAWLWDE,NHB250804022303.RAWLWDJ,NHB250804023008.RAWLWDM,NHB250804023303.RAWLWDS,2025-08-04 02:20:07,2025-08-04 02:20:07,NHB250804022007.RAWLWDE,Long Range,0.0,2025-08-04 03:20:07,2025-08-04 03:20:08,NHB250804032008.RAWGMHC,Long Range,1.0,2025-08-04 04:20:07,2025-08-04 04:20:08,NHB250804042008.RAWGMJM,Long Range,1.0,2025-08-04 05:20:07,2025-08-04 05:20:07,NHB250804052007.RAWGMKX,Long Range,0.0
224,2025-08-04 02:40:08,NHB250804024008.RAWLWDV,NHB250804024303.RAWLWDZ,NHB250804025008.RAWLWE2,NHB250804025304.RAWLWE6,2025-08-04 02:40:08,2025-08-04 02:40:08,NHB250804024008.RAWLWDV,Long Range,0.0,2025-08-04 03:40:08,2025-08-04 03:40:08,NHB250804034008.RAWGMHT,Long Range,0.0,2025-08-04 04:40:08,2025-08-04 04:40:08,NHB250804044008.RAWGMK2,Long Range,0.0,2025-08-04 05:40:08,2025-08-04 05:40:08,NHB250804054008.RAWGMLB,Long Range,0.0
225,2025-08-04 03:00:08,NHB250804030008.RAWLWE9,NHB250804030304.RAWLWED,NHB250804031007.RAWLWEG,NHB250804031304.RAWGMH9,2025-08-04 03:00:08,2025-08-04 03:00:08,NHB250804030008.RAWLWE9,Long Range,0.0,2025-08-04 04:00:08,2025-08-04 04:00:08,NHB250804040008.RAWGMJ7,Long Range,0.0,2025-08-04 05:00:08,2025-08-04 05:00:08,NHB250804050008.RAWGMKG,Long Range,0.0,2025-08-04 06:00:08,2025-08-04 06:00:08,NHB250804060008.RAWGMLS,Long Range,0.0
226,2025-08-04 03:20:08,NHB250804032008.RAWGMHC,NHB250804032303.RAWGMHG,NHB250804033007.RAWGMHK,NHB250804033304.RAWGMHP,2025-08-04 03:20:08,2025-08-04 03:20:08,NHB250804032008.RAWGMHC,Long Range,0.0,2025-08-04 04:20:08,2025-08-04 04:20:08,NHB250804042008.RAWGMJM,Long Range,0.0,2025-08-04 05:20:08,2025-08-04 05:20:07,NHB250804052007.RAWGMKX,Long Range,1.0,2025-08-04 06:20:08,2025-08-04 06:20:09,NHB250804062009.RAWGMM6,Long Range,1.0
227,2025-08-04 03:40:08,NHB250804034008.RAWGMHT,NHB250804034304.RAWGMHX,NHB250804035008.RAWGMJ0,NHB250804035303.RAWGMJ4,2025-08-04 03:40:08,2025-08-04 03:40:08,NHB250804034008.RAWGMHT,Long Range,0.0,2025-08-04 04:40:08,2025-08-04 04:40:08,NHB250804044008.RAWGMK2,Long Range,0.0,2025-08-04 05:40:08,2025-08-04 05:40:08,NHB250804054008.RAWGMLB,Long Range,0.0,2025-08-04 06:40:08,2025-08-04 06:40:08,NHB250804064008.RAWGMML,Long Range,0.0
228,2025-08-04 04:00:08,NHB250804040008.RAWGMJ7,NHB250804040303.RAWGMJB,NHB250804041007.RAWGMJE,NHB250804041303.RAWGMJJ,2025-08-04 04:00:08,2025-08-04 04:00:08,NHB250804040008.RAWGMJ7,Long Range,0.0,2025-08-04 05:00:08,2025-08-04 05:00:08,NHB250804050008.RAWGMKG,Long Range,0.0,2025-08-04 06:00:08,2025-08-04 06:00:08,NHB250804060008.RAWGMLS,Long Range,0.0,2025-08-04 07:00:08,2025-08-04 07:00:07,NHB250804070007.RAWGMN1,Long Range,1.0
229,2025-08-04 04:20:08,NHB250804042008.RAWGMJM,NHB250804042303.RAWGMJS,NHB250804043007.RAWGMJV,NHB250804043304.RAWGMJZ,2025-08-04 04:20:08,2025-08-04 04:20:08,NHB250804042008.RAWGMJM,Long Range,0.0,2025-08-04 05:20:08,2025-08-04 05:20:07,NHB250804052007.RAWGMKX,Long Range,1.0,2025-08-04 06:20:08,2025-08-04 06:20:09,NHB250804062009.RAWGMM6,Long Range,1.0,2025-08-04 07:20:08,2025-08-04 07:20:08,NHB250804072008.RAWGMNF,Long Range,0.0
230,2025-08-04 04:40:08,NHB250804044008.RAWGMK2,NHB250804044303.RAWGMK6,NHB250804045008.RAWGMK9,NHB250804045303.RAWGMKD,2025-08-04 04:40:08,2025-08-04 04:40:08,NHB250804044008.RAWGMK2,Long Range,0.0,2025-08-04 05:40:08,2025-08-04 05:40:08,NHB250804054008.RAWGMLB,Long Range,0.0,2025-08-04 06:40:08,2025-08-04 06:40:08,NHB250804064008.RAWGMML,Long Range,0.0,2025-08-04 07:40:08,2025-08-04 07:40:08,NHB250804074008.RAWGMNW,Long Range,0.0
231,2025-08-04 05:00:08,NHB250804050008.RAWGMKG,NHB250804050303.RAWGMKL,NHB250804051008.RAWGMKP,NHB250804051304.RAWGMKU,2025-08-04 05:00:08,2025-08-04 05:00:08,NHB250804050008.RAWGMKG,Long Range,0.0,2025-08-04 06:00:08,2025-08-04 06:00:08,NHB250804060008.RAWGMLS,Long Range,0.0,2025-08-04 07:00:08,2025-08-04 07:00:07,NHB250804070007.RAWGMN1,Long Range,1.0,2025-08-04 08:00:08,2025-08-04 08:00:08,NHB250804080008.RAWGMPA,Long Range,0.0
232,2025-08-04 05:20:07,NHB250804052007.RAWGMKX,NHB250804052303.RAWGML1,NHB250804053009.RAWGML4,NHB250804053303.RAWGML8,2025-08-04 05:20:07,2025-08-04 05:20:07,NHB250804052007.RAWGMKX,Long Range,0.0,2025-08-04 06:20:07,2025-08-04 06:20:09,NHB250804062009.RAWGMM6,Long Range,2.0,2025-08-04 07:20:07,2025-08-04 07:20:08,NHB250804072008.RAWGMNF,Long Range,1.0,2025-08-04 08:20:07,2025-08-04 08:20:07,NHB250804082007.RAWGMPR,Long Range,0.0
233,2025-08-04 05:40:08,NHB250804054008.RAWGMLB,NHB250804054303.RAWGMLF,NHB250804055008.RAWGMLJ,NHB250804055304.RAWGMLN,2025-08-04 05:40:08,2025-08-04 05:40:08,NHB250804054008.RAWGMLB,Long Range,0.0,2025-08-04 06:40:08,2025-08-04 06:40:08,NHB250804064008.RAWGMML,Long Range,0.0,2025-08-04 07:40:08,2025-08-04 07:40:08,NHB250804074008.RAWGMNW,Long Range,0.0,2025-08-04 08:40:08,2025-08-04 08:40:08,NHB250804084008.RAWGMR5,Long Range,0.0
234,2025-08-04 06:00:08,NHB250804060008.RAWGMLS,NHB250804060303.RAWGMLW,NHB250804061007.RAWGMLZ,NHB250804061304.RAWGMM3,2025-08-04 06:00:08,2025-08-04 06:00:08,NHB250804060008.RAWGMLS,Long Range,0.0,2025-08-04 07:00:08,2025-08-04 07:00:07,NHB250804070007.RAWGMN1,Long Range,1.0,2025-08-04 08:00:08,2025-08-04 08:00:08,NHB250804080008.RAWGMPA,Long Range,0.0,2025-08-04 09:00:08,2025-08-04 09:00:08,NHB250804090008.RAWGMRK,Long Range,0.0
235,2025-08-04 06:20:09,NHB250804062009.RAWGMM6,NHB250804062303.RAWGMMA,NHB250804063008.RAWGMMD,NHB250804063303.RAWGMMH,2025-08-04 06:20:09,2025-08-04 06:20:09,NHB250804062009.RAWGMM6,Long Range,0.0,2025-08-04 07:20:09,2025-08-04 07:20:08,NHB250804072008.RAWGMNF,Long Range,1.0,2025-08-04 08:20:09,2025-08-04 08:20:07,NHB250804082007.RAWGMPR,Long Range,2.0,2025-08-04 09:20:09,2025-08-04 09:20:09,NHB250804092009.RAWGMS0,Long Range,0.0
236,2025-08-04 06:40:08,NHB250804064008.RAWGMML,NHB250804064303.RAWGMMR,NHB250804065007.RAWGMMU,NHB250804065304.RAWGMMY,2025-08-04 06:40:08,2025-08-04 06:40:08,NHB250804064008.RAWGMML,Long Range,0.0,2025-08-04 07:40:08,2025-08-04 07:40:08,NHB250804074008.RAWGMNW,Long Range,0.0,2025-08-04 08:40:08,2025-08-04 08:40:08,NHB250804084008.RAWGMR5,Long Range,0.0,2025-08-04 09:40:08,2025-08-04 09:40:09,NHB250804094009.RAWGMSE,Long Range,1.0
237,2025-08-04 07:00:07,NHB250804070007.RAWGMN1,NHB250804070304.RAWGMN5,NHB250804071008.RAWGMN8,NHB250804071304.RAWGMNC,2025-08-04 07:00:07,2025-08-04 07:00:07,NHB250804070007.RAWGMN1,Long Range,0.0,2025-08-04 08:00:07,2025-08-04 08:00:08,NHB250804080008.RAWGMPA,Long Range,1.0,2025-08-04 09:00:07,2025-08-04 09:00:08,NHB250804090008.RAWGMRK,Long Range,1.0,2025-08-04 10:00:07,2025-08-04 10:00:08,NHB250804100008.RAWGMSV,Long Range,1.0
238,2025-08-04 07:20:08,NHB250804072008.RAWGMNF,NHB250804072304.RAWGMNK,NHB250804073008.RAWGMNN,NHB250804073304.RAWGMNT,2025-08-04 07:20:08,2025-08-04 07:20:08,NHB250804072008.RAWGMNF,Long Range,0.0,2025-08-04 08:20:08,2025-08-04 08:20:07,NHB250804082007.RAWGMPR,Long Range,1.0,2025-08-04 09:20:08,2025-08-04 09:20:09,NHB250804092009.RAWGMS0,Long Range,1.0,2025-08-04 10:20:08,2025-08-04 10:20:09,NHB250804102009.RAWGMT9,Long Range,1.0
239,2025-08-04 07:40:08,NHB250804074008.RAWGMNW,NHB250804074304.RAWGMP0,NHB250804075007.RAWGMP3,NHB250804075303.RAWGMP7,2025-08-04 07:40:08,2025-08-04 07:40:08,NHB250804074008.RAWGMNW,Long Range,0.0,2025-08-04 08:40:08,2025-08-04 08:40:08,NHB250804084008.RAWGMR5,Long Range,0.0,2025-08-04 09:40:08,2025-08-04 09:40:09,NHB250804094009.RAWGMSE,Long Range,1.0,2025-08-04 10:40:08,2025-08-04 10:40:07,NHB250804104007.RAWGMTP,Long Range,1.0
240,2025-08-04 08:00:08,NHB250804080008.RAWGMPA,NHB250804080303.RAWGMPE,NHB250804081007.RAWGMPH,NHB250804081303.RAWGMPM,2025-08-04 08:00:08,2025-08-04 08:00:08,NHB250804080008.RAWGMPA,Long Range,0.0,2025-08-04 09:00:08,2025-08-04 09:00:08,NHB250804090008.RAWGMRK,Long Range,0.0,2025-08-04 10:00:08,2025-08-04 10:00:08,NHB250804100008.RAWGMSV,Long Range,0.0,2025-08-04 11:00:08,2025-08-04 11:00:08,NHB250804110008.RAWGMU4,Long Range,0.0
241,2025-08-04 08:20:07,NHB250804082007.RAWGMPR,NHB250804082303.RAWGMPV,NHB250804083007.RAWGMPY,NHB250804083303.RAWGMR2,2025-08-04 08:20:07,2025-08-04 08:20:07,NHB250804082007.RAWGMPR,Long Range,0.0,2025-08-04 09:20:07,2025-08-04 09:20:09,NHB250804092009.RAWGMS0,Long Range,2.0,2025-08-04 10:20:07,2025-08-04 10:20:09,NHB250804102009.RAWGMT9,Long Range,2.0,2025-08-04 11:20:07,2025-08-04 11:20:07,NHB250804112007.RAWGMUJ,Long Range,0.0
242,2025-08-04 08:40:08,NHB250804084008.RAWGMR5,NHB250804084304.RAWGMR9,NHB250804085008.RAWGMRC,NHB250804085304.RAWGMRG,2025-08-04 08:40:08,2025-08-04 08:40:08,NHB250804084008.RAWGMR5,Long Range,0.0,2025-08-04 09:40:08,2025-08-04 09:40:09,NHB250804094009.RAWGMSE,Long Range,1.0,2025-08-04 10:40:08,2025-08-04 10:40:07,NHB250804104007.RAWGMTP,Long Range,1.0,2025-08-04 11:40:08,2025-08-04 11:40:08,NHB250804114008.RAWGMUZ,Long Range,0.0
243,2025-08-04 09:00:08,NHB250804090008.RAWGMRK,NHB250804090303.RAWGMRP,NHB250804091009.RAWGMRT,NHB250804091304.RAWGMRX,2025-08-04 09:00:08,2025-08-04 09:00:08,NHB250804090008.RAWGMRK,Long Range,0.0,2025-08-04 10:00:08,2025-08-04 10:00:08,NHB250804100008.RAWGMSV,Long Range,0.0,2025-08-04 11:00:08,2025-08-04 11:00:08,NHB250804110008.RAWGMU4,Long Range,0.0,2025-08-04 12:00:08,2025-08-04 12:00:07,NHB250804120007.RAWGMVD,Long Range,1.0
244,2025-08-04 09:20:09,NHB250804092009.RAWGMS0,NHB250804092303.RAWGMS4,NHB250804093007.RAWGMS7,NHB250804093304.RAWGMSB,2025-08-04 09:20:09,2025-08-04 09:20:09,NHB250804092009.RAWGMS0,Long Range,0.0,2025-08-04 10:20:09,2025-08-04 10:20:09,NHB250804102009.RAWGMT9,Long Range,0.0,2025-08-04 11:20:09,2025-08-04 11:20:07,NHB250804112007.RAWGMUJ,Long Range,2.0,2025-08-04 12:20:09,2025-08-04 12:20:08,NHB250804122008.RAWGMVU,Long Range,1.0
245,2025-08-04 09:40:09,NHB250804094009.RAWGMSE,NHB250804094304.RAWGMSJ,NHB250804095009.RAWGMSM,NHB250804095304.RAWGMSS,2025-08-04 09:40:09,2025-08-04 09:40:09,NHB250804094009.RAWGMSE,Long Range,0.0,2025-08-04 10:40:09,2025-08-04 10:40:07,NHB250804104007.RAWGMTP,Long Range,2.0,2025-08-04 11:40:09,2025-08-04 11:40:08,NHB250804114008.RAWGMUZ,Long Range,1.0,2025-08-04 12:40:09,2025-08-04 12:40:07,NHB250804124007.RAWGMW8,Long Range,2.0
246,2025-08-04 10:00:08,NHB250804100008.RAWGMSV,NHB250804100305.RAWGMSZ,NHB250804101009.RAWGMT2,NHB250804101303.RAWGMT6,2025-08-04 10:00:08,2025-08-04 10:00:08,NHB250804100008.RAWGMSV,Long Range,0.0,2025-08-04 11:00:08,2025-08-04 11:00:08,NHB250804110008.RAWGMU4,Long Range,0.0,2025-08-04 12:00:08,2025-08-04 12:00:07,NHB250804120007.RAWGMVD,Long Range,1.0,2025-08-04 13:00:08,2025-08-04 13:00:07,NHB250804130007.RAWGMWN,Long Range,1.0
247,2025-08-04 10:20:09,NHB250804102009.RAWGMT9,NHB250804102303.RAWGMTD,NHB250804103008.RAWGMTG,NHB250804103304.RAWGMTL,2025-08-04 10:20:09,2025-08-04 10:20:09,NHB250804102009.RAWGMT9,Long Range,0.0,2025-08-04 11:20:09,2025-08-04 11:20:07,NHB250804112007.RAWGMUJ,Long Range,2.0,2025-08-04 12:20:09,2025-08-04 12:20:08,NHB250804122008.RAWGMVU,Long Range,1.0,2025-08-04 13:20:09,2025-08-04 13:20:08,NHB250804132008.RAWGMX3,Long Range,1.0
248,2025-08-04 10:40:07,NHB250804104007.RAWGMTP,NHB250804104304.RAWGMTU,NHB250804105007.RAWGMTX,NHB250804105303.RAWGMU1,2025-08-04 10:40:07,2025-08-04 10:40:07,NHB250804104007.RAWGMTP,Long Range,0.0,2025-08-04 11:40:07,2025-08-04 11:40:08,NHB250804114008.RAWGMUZ,Long Range,1.0,2025-08-04 12:40:07,2025-08-04 12:40:07,NHB250804124007.RAWGMW8,Long Range,0.0,2025-08-04 13:40:07,2025-08-04 13:40:07,NHB250804134007.RAWGMXH,Long Range,0.0
249,2025-08-04 11:00:08,NHB250804110008.RAWGMU4,NHB250804110303.RAWGMU8,NHB250804111007.RAWGMUB,NHB250804111304.RAWGMUF,2025-08-04 11:00:08,2025-08-04 11:00:08,NHB250804110008.RAWGMU4,Long Range,0.0,2025-08-04 12:00:08,2025-08-04 12:00:07,NHB250804120007.RAWGMVD,Long Range,1.0,2025-08-04 13:00:08,2025-08-04 13:00:07,NHB250804130007.RAWGMWN,Long Range,1.0,2025-08-04 14:00:08,2025-08-04 14:00:07,NHB250804140007.RAWGMXY,Long Range,1.0
250,2025-08-04 11:20:07,NHB250804112007.RAWGMUJ,NHB250804112304.RAWGMUN,NHB250804113008.RAWGMUS,NHB250804113303.RAWGMUW,2025-08-04 11:20:07,2025-08-04 11:20:07,NHB250804112007.RAWGMUJ,Long Range,0.0,2025-08-04 12:20:07,2025-08-04 12:20:08,NHB250804122008.RAWGMVU,Long Range,1.0,2025-08-04 13:20:07,2025-08-04 13:20:08,NHB250804132008.RAWGMX3,Long Range,1.0,2025-08-04 14:20:07,2025-08-04 14:20:08,NHB250804142008.RAWGMYC,Long Range,1.0
251,2025-08-04 11:40:08,NHB250804114008.RAWGMUZ,NHB250804114303.RAWGMV3,NHB250804115007.RAWGMV6,NHB250804115303.RAWGMVA,2025-08-04 11:40:08,2025-08-04 11:40:08,NHB250804114008.RAWGMUZ,Long Range,0.0,2025-08-04 12:40:08,2025-08-04 12:40:07,NHB250804124007.RAWGMW8,Long Range,1.0,2025-08-04 13:40:08,2025-08-04 13:40:07,NHB250804134007.RAWGMXH,Long Range,1.0,2025-08-04 14:40:08,2025-08-04 14:40:09,NHB250804144009.RAWGMYT,Long Range,1.0
252,2025-08-04 12:00:07,NHB250804120007.RAWGMVD,NHB250804120304.RAWGMVH,NHB250804121007.RAWGMVL,NHB250804121304.RAWGMVR,2025-08-04 12:00:07,2025-08-04 12:00:07,NHB250804120007.RAWGMVD,Long Range,0.0,2025-08-04 13:00:07,2025-08-04 13:00:07,NHB250804130007.RAWGMWN,Long Range,0.0,2025-08-04 14:00:07,2025-08-04 14:00:07,NHB250804140007.RAWGMXY,Long Range,0.0,2025-08-04 15:00:07,2025-08-04 15:00:08,NHB250804150008.RAWGMZ7,Long Range,1.0
253,2025-08-04 12:20:08,NHB250804122008.RAWGMVU,NHB250804122303.RAWGMVY,NHB250804123008.RAWGMW1,NHB250804123304.RAWGMW5,2025-08-04 12:20:08,2025-08-04 12:20:08,NHB250804122008.RAWGMVU,Long Range,0.0,2025-08-04 13:20:08,2025-08-04 13:20:08,NHB250804132008.RAWGMX3,Long Range,0.0,2025-08-04 14:20:08,2025-08-04 14:20:08,NHB250804142008.RAWGMYC,Long Range,0.0,2025-08-04 15:20:08,2025-08-04 15:20:08,NHB250804152008.RAWGMZM,Long Range,0.0
254,2025-08-04 12:40:07,NHB250804124007.RAWGMW8,NHB250804124303.RAWGMWC,NHB250804125009.RAWGMWF,NHB250804125303.RAWGMWK,2025-08-04 12:40:07,2025-08-04 12:40:07,NHB250804124007.RAWGMW8,Long Range,0.0,2025-08-04 13:40:07,2025-08-04 13:40:07,NHB250804134007.RAWGMXH,Long Range,0.0,2025-08-04 14:40:07,2025-08-04 14:40:09,NHB250804144009.RAWGMYT,Long Range,2.0,2025-08-04 15:40:07,2025-08-04 15:40:08,NHB250804154008.RAWGN02,Long Range,1.0
255,2025-08-04 13:00:07,NHB250804130007.RAWGMWN,NHB250804130303.RAWGMWT,NHB250804131008.RAWGMWW,NHB250804131303.RAWGMX0,2025-08-04 13:00:07,2025-08-04 13:00:07,NHB250804130007.RAWGMWN,Long Range,0.0,2025-08-04 14:00:07,2025-08-04 14:00:07,NHB250804140007.RAWGMXY,Long Range,0.0,2025-08-04 15:00:07,2025-08-04 15:00:08,NHB250804150008.RAWGMZ7,Long Range,1.0,2025-08-04 16:00:07,2025-08-04 16:00:08,NHB250804160008.RAWGN0G,Long Range,1.0
256,2025-08-04 13:20:08,NHB250804132008.RAWGMX3,NHB250804132303.RAWGMX7,NHB250804133007.RAWGMXA,NHB250804133305.RAWGMXE,2025-08-04 13:20:08,2025-08-04 13:20:08,NHB250804132008.RAWGMX3,Long Range,0.0,2025-08-04 14:20:08,2025-08-04 14:20:08,NHB250804142008.RAWGMYC,Long Range,0.0,2025-08-04 15:20:08,2025-08-04 15:20:08,NHB250804152008.RAWGMZM,Long Range,0.0,2025-08-04 16:20:08,2025-08-04 16:20:08,NHB250804162008.RAWGN0X,Long Range,0.0
257,2025-08-04 13:40:07,NHB250804134007.RAWGMXH,NHB250804134304.RAWGMXM,NHB250804135008.RAWGMXR,NHB250804135304.RAWGMXV,2025-08-04 13:40:07,2025-08-04 13:40:07,NHB250804134007.RAWGMXH,Long Range,0.0,2025-08-04 14:40:07,2025-08-04 14:40:09,NHB250804144009.RAWGMYT,Long Range,2.0,2025-08-04 15:40:07,2025-08-04 15:40:08,NHB250804154008.RAWGN02,Long Range,1.0,2025-08-04 16:40:07,2025-08-04 16:40:08,NHB250804164008.RAWGN1B,Long Range,1.0
258,2025-08-04 14:00:07,NHB250804140007.RAWGMXY,NHB250804140305.RAWGMY2,NHB250804141007.RAWGMY5,NHB250804141304.RAWGMY9,2025-08-04 14:00:07,2025-08-04 14:00:07,NHB250804140007.RAWGMXY,Long Range,0.0,2025-08-04 15:00:07,2025-08-04 15:00:08,NHB250804150008.RAWGMZ7,Long Range,1.0,2025-08-04 16:00:07,2025-08-04 16:00:08,NHB250804160008.RAWGN0G,Long Range,1.0,2025-08-04 17:00:07,2025-08-04 17:00:09,NHB250804170009.RAWGN1S,Long Range,2.0
259,2025-08-04 14:20:08,NHB250804142008.RAWGMYC,NHB250804142303.RAWGMYG,NHB250804143008.RAWGMYK,NHB250804143304.RAWGMYP,2025-08-04 14:20:08,2025-08-04 14:20:08,NHB250804142008.RAWGMYC,Long Range,0.0,2025-08-04 15:20:08,2025-08-04 15:20:08,NHB250804152008.RAWGMZM,Long Range,0.0,2025-08-04 16:20:08,2025-08-04 16:20:08,NHB250804162008.RAWGN0X,Long Range,0.0,2025-08-04 17:20:08,2025-08-04 17:20:08,NHB250804172008.RAWGN26,Long Range,0.0
260,2025-08-04 14:40:09,NHB250804144009.RAWGMYT,NHB250804144304.RAWGMYX,NHB250804145008.RAWGMZ0,NHB250804145303.RAWGMZ4,2025-08-04 14:40:09,2025-08-04 14:40:09,NHB250804144009.RAWGMYT,Long Range,0.0,2025-08-04 15:40:09,2025-08-04 15:40:08,NHB250804154008.RAWGN02,Long Range,1.0,2025-08-04 16:40:09,2025-08-04 16:40:08,NHB250804164008.RAWGN1B,Long Range,1.0,2025-08-04 17:40:09,2025-08-04 17:40:07,NHB250804174007.RAWGN2L,Long Range,2.0
261,2025-08-04 15:00:08,NHB250804150008.RAWGMZ7,NHB250804150304.RAWGMZB,NHB250804151008.RAWGMZE,NHB250804151303.RAWGMZJ,2025-08-04 15:00:08,2025-08-04 15:00:08,NHB250804150008.RAWGMZ7,Long Range,0.0,2025-08-04 16:00:08,2025-08-04 16:00:08,NHB250804160008.RAWGN0G,Long Range,0.0,2025-08-04 17:00:08,2025-08-04 17:00:09,NHB250804170009.RAWGN1S,Long Range,1.0,2025-08-04 18:00:08,2025-08-04 18:00:07,NHB250804180007.RAWGN31,Long Range,1.0
262,2025-08-04 15:20:08,NHB250804152008.RAWGMZM,NHB250804152303.RAWGMZS,NHB250804153007.RAWGMZV,NHB250804153304.RAWGMZZ,2025-08-04 15:20:08,2025-08-04 15:20:08,NHB250804152008.RAWGMZM,Long Range,0.0,2025-08-04 16:20:08,2025-08-04 16:20:08,NHB250804162008.RAWGN0X,Long Range,0.0,2025-08-04 17:20:08,2025-08-04 17:20:08,NHB250804172008.RAWGN26,Long Range,0.0,2025-08-04 18:20:08,2025-08-04 18:20:08,NHB250804182008.RAWGN3F,Long Range,0.0
263,2025-08-04 15:40:08,NHB250804154008.RAWGN02,NHB250804154304.RAWGN06,NHB250804155008.RAWGN09,NHB250804155304.RAWGN0D,2025-08-04 15:40:08,2025-08-04 15:40:08,NHB250804154008.RAWGN02,Long Range,0.0,2025-08-04 16:40:08,2025-08-04 16:40:08,NHB250804164008.RAWGN1B,Long Range,0.0,2025-08-04 17:40:08,2025-08-04 17:40:07,NHB250804174007.RAWGN2L,Long Range,1.0,2025-08-04 18:40:08,2025-08-04 18:40:08,NHB250804184008.RAWGN3W,Long Range,0.0
264,2025-08-04 16:00:08,NHB250804160008.RAWGN0G,NHB250804160304.RAWGN0L,NHB250804161008.RAWGN0P,NHB250804161303.RAWGN0U,2025-08-04 16:00:08,2025-08-04 16:00:08,NHB250804160008.RAWGN0G,Long Range,0.0,2025-08-04 17:00:08,2025-08-04 17:00:09,NHB250804170009.RAWGN1S,Long Range,1.0,2025-08-04 18:00:08,2025-08-04 18:00:07,NHB250804180007.RAWGN31,Long Range,1.0,2025-08-04 19:00:08,2025-08-04 19:00:08,NHB250804190008.RAWGN4A,Long Range,0.0
265,2025-08-04 16:20:08,NHB250804162008.RAWGN0X,NHB250804162303.RAWGN11,NHB250804163008.RAWGN14,NHB250804163304.RAWGN18,2025-08-04 16:20:08,2025-08-04 16:20:08,NHB250804162008.RAWGN0X,Long Range,0.0,2025-08-04 17:20:08,2025-08-04 17:20:08,NHB250804172008.RAWGN26,Long Range,0.0,2025-08-04 18:20:08,2025-08-04 18:20:08,NHB250804182008.RAWGN3F,Long Range,0.0,2025-08-04 19:20:08,2025-08-04 19:20:08,NHB250804192008.RAWGN4R,Long Range,0.0
266,2025-08-04 16:40:08,NHB250804164008.RAWGN1B,NHB250804164303.RAWGN1F,NHB250804165008.RAWGN1J,NHB250804165305.RAWGN1N,2025-08-04 16:40:08,2025-08-04 16:40:08,NHB250804164008.RAWGN1B,Long Range,0.0,2025-08-04 17:40:08,2025-08-04 17:40:07,NHB250804174007.RAWGN2L,Long Range,1.0,2025-08-04 18:40:08,2025-08-04 18:40:08,NHB250804184008.RAWGN3W,Long Range,0.0,2025-08-04 19:40:08,2025-08-04 19:40:08,NHB250804194008.RAWGN55,Long Range,0.0
267,2025-08-04 17:00:09,NHB250804170009.RAWGN1S,NHB250804170304.RAWGN1W,NHB250804171007.RAWGN1Z,NHB250804171303.RAWGN23,2025-08-04 17:00:09,2025-08-04 17:00:09,NHB250804170009.RAWGN1S,Long Range,0.0,2025-08-04 18:00:09,2025-08-04 18:00:07,NHB250804180007.RAWGN31,Long Range,2.0,2025-08-04 19:00:09,2025-08-04 19:00:08,NHB250804190008.RAWGN4A,Long Range,1.0,2025-08-04 20:00:09,2025-08-04 20:00:08,NHB250804200008.RAWGN5K,Long Range,1.0
268,2025-08-04 17:20:08,NHB250804172008.RAWGN26,NHB250804172304.RAWGN2A,NHB250804173008.RAWGN2D,NHB250804173303.RAWGN2H,2025-08-04 17:20:08,2025-08-04 17:20:08,NHB250804172008.RAWGN26,Long Range,0.0,2025-08-04 18:20:08,2025-08-04 18:20:08,NHB250804182008.RAWGN3F,Long Range,0.0,2025-08-04 19:20:08,2025-08-04 19:20:08,NHB250804192008.RAWGN4R,Long Range,0.0,2025-08-04 20:20:08,2025-08-04 20:20:08,NHB250804202008.RAWGN60,Long Range,0.0
269,2025-08-04 17:40:07,NHB250804174007.RAWGN2L,NHB250804174303.RAWGN2R,NHB250804175008.RAWGN2U,NHB250804175303.RAWGN2Y,2025-08-04 17:40:07,2025-08-04 17:40:07,NHB250804174007.RAWGN2L,Long Range,0.0,2025-08-04 18:40:07,2025-08-04 18:40:08,NHB250804184008.RAWGN3W,Long Range,1.0,2025-08-04 19:40:07,2025-08-04 19:40:08,NHB250804194008.RAWGN55,Long Range,1.0,2025-08-04 20:40:07,2025-08-04 20:40:08,NHB250804204008.RAWGN6E,Long Range,1.0
270,2025-08-04 18:00:07,NHB250804180007.RAWGN31,NHB250804180303.RAWGN35,NHB250804181007.RAWGN38,NHB250804181304.RAWGN3C,2025-08-04 18:00:07,2025-08-04 18:00:07,NHB250804180007.RAWGN31,Long Range,0.0,2025-08-04 19:00:07,2025-08-04 19:00:08,NHB250804190008.RAWGN4A,Long Range,1.0,2025-08-04 20:00:07,2025-08-04 20:00:08,NHB250804200008.RAWGN5K,Long Range,1.0,2025-08-04 21:00:07,2025-08-04 21:00:08,NHB250804210008.RAWGN6V,Long Range,1.0
271,2025-08-04 18:20:08,NHB250804182008.RAWGN3F,NHB250804182303.RAWGN3K,NHB250804183008.RAWGN3N,NHB250804183304.RAWGN3T,2025-08-04 18:20:08,2025-08-04 18:20:08,NHB250804182008.RAWGN3F,Long Range,0.0,2025-08-04 19:20:08,2025-08-04 19:20:08,NHB250804192008.RAWGN4R,Long Range,0.0,2025-08-04 20:20:08,2025-08-04 20:20:08,NHB250804202008.RAWGN60,Long Range,0.0,2025-08-04 21:20:08,2025-08-04 21:20:08,NHB250804212008.RAWGN79,Long Range,0.0
272,2025-08-04 18:40:08,NHB250804184008.RAWGN3W,NHB250804184304.RAWGN40,NHB250804185008.RAWGN43,NHB250804185303.RAWGN47,2025-08-04 18:40:08,2025-08-04 18:40:08,NHB250804184008.RAWGN3W,Long Range,0.0,2025-08-04 19:40:08,2025-08-04 19:40:08,NHB250804194008.RAWGN55,Long Range,0.0,2025-08-04 20:40:08,2025-08-04 20:40:08,NHB250804204008.RAWGN6E,Long Range,0.0,2025-08-04 21:40:08,2025-08-04 21:40:08,NHB250804214008.RAWGN7P,Long Range,0.0
273,2025-08-04 19:00:08,NHB250804190008.RAWGN4A,NHB250804190303.RAWGN4E,NHB250804191007.RAWGN4H,NHB250804191304.RAWGN4M,2025-08-04 19:00:08,2025-08-04 19:00:08,NHB250804190008.RAWGN4A,Long Range,0.0,2025-08-04 20:00:08,2025-08-04 20:00:08,NHB250804200008.RAWGN5K,Long Range,0.0,2025-08-04 21:00:08,2025-08-04 21:00:08,NHB250804210008.RAWGN6V,Long Range,0.0,2025-08-04 22:00:08,2025-08-04 22:00:07,NHB250804220007.RAWGN84,Long Range,1.0
274,2025-08-04 19:20:08,NHB250804192008.RAWGN4R,NHB250804192303.RAWGN4V,NHB250804193007.RAWGN4Y,NHB250804193303.RAWGN52,2025-08-04 19:20:08,2025-08-04 19:20:08,NHB250804192008.RAWGN4R,Long Range,0.0,2025-08-04 20:20:08,2025-08-04 20:20:08,NHB250804202008.RAWGN60,Long Range,0.0,2025-08-04 21:20:08,2025-08-04 21:20:08,NHB250804212008.RAWGN79,Long Range,0.0,2025-08-04 22:20:08,2025-08-04 22:20:08,NHB250804222008.RAWGN8J,Long Range,0.0
275,2025-08-04 19:40:08,NHB250804194008.RAWGN55,NHB250804194304.RAWGN59,NHB250804195008.RAWGN5C,NHB250804195303.RAWGN5G,2025-08-04 19:40:08,2025-08-04 19:40:08,NHB250804194008.RAWGN55,Long Range,0.0,2025-08-04 20:40:08,2025-08-04 20:40:08,NHB250804204008.RAWGN6E,Long Range,0.0,2025-08-04 21:40:08,2025-08-04 21:40:08,NHB250804214008.RAWGN7P,Long Range,0.0,2025-08-04 22:40:08,2025-08-04 22:40:08,NHB250804224008.RAWGN8Z,Long Range,0.0
276,2025-08-04 20:00:08,NHB250804200008.RAWGN5K,NHB250804200303.RAWGN5P,NHB250804201007.RAWGN5T,NHB250804201303.RAWGN5X,2025-08-04 20:00:08,2025-08-04 20:00:08,NHB250804200008.RAWGN5K,Long Range,0.0,2025-08-04 21:00:08,2025-08-04 21:00:08,NHB250804210008.RAWGN6V,Long Range,0.0,2025-08-04 22:00:08,2025-08-04 22:00:07,NHB250804220007.RAWGN84,Long Range,1.0,2025-08-04 23:00:08,2025-08-04 23:00:08,NHB250804230008.RAWGN9D,Long Range,0.0
277,2025-08-04 20:20:08,NHB250804202008.RAWGN60,NHB250804202303.RAWGN64,NHB250804203007.RAWGN67,NHB250804203303.RAWGN6B,2025-08-04 20:20:08,2025-08-04 20:20:08,NHB250804202008.RAWGN60,Long Range,0.0,2025-08-04 21:20:08,2025-08-04 21:20:08,NHB250804212008.RAWGN79,Long Range,0.0,2025-08-04 22:20:08,2025-08-04 22:20:08,NHB250804222008.RAWGN8J,Long Range,0.0,2025-08-04 23:20:08,2025-08-04 23:20:07,NHB250804232007.RAWGN9U,Long Range,1.0
278,2025-08-04 20:40:08,NHB250804204008.RAWGN6E,NHB250804204303.RAWGN6J,NHB250804205008.RAWGN6M,NHB250804205305.RAWGN6S,2025-08-04 20:40:08,2025-08-04 20:40:08,NHB250804204008.RAWGN6E,Long Range,0.0,2025-08-04 21:40:08,2025-08-04 21:40:08,NHB250804214008.RAWGN7P,Long Range,0.0,2025-08-04 22:40:08,2025-08-04 22:40:08,NHB250804224008.RAWGN8Z,Long Range,0.0,2025-08-04 23:40:08,2025-08-04 23:40:08,NHB250804234008.RAWGNA8,Long Range,0.0
279,2025-08-04 21:00:08,NHB250804210008.RAWGN6V,NHB250804210303.RAWGN6Z,NHB250804211008.RAWGN72,NHB250804211303.RAWGN76,2025-08-04 21:00:08,2025-08-04 21:00:08,NHB250804210008.RAWGN6V,Long Range,0.0,2025-08-04 22:00:08,2025-08-04 22:00:07,NHB250804220007.RAWGN84,Long Range,1.0,2025-08-04 23:00:08,2025-08-04 23:00:08,NHB250804230008.RAWGN9D,Long Range,0.0,2025-08-05 00:00:08,2025-08-05 00:00:08,NHB250805000008.RAWGNAN,Long Range,0.0
280,2025-08-04 21:20:08,NHB250804212008.RAWGN79,NHB250804212303.RAWGN7D,NHB250804213008.RAWGN7G,NHB250804213303.RAWGN7L,2025-08-04 21:20:08,2025-08-04 21:20:08,NHB250804212008.RAWGN79,Long Range,0.0,2025-08-04 22:20:08,2025-08-04 22:20:08,NHB250804222008.RAWGN8J,Long Range,0.0,2025-08-04 23:20:08,2025-08-04 23:20:07,NHB250804232007.RAWGN9U,Long Range,1.0,2025-08-05 00:20:08,2025-08-05 00:20:08,NHB250805002008.RAWGNB3,Long Range,0.0
281,2025-08-04 21:40:08,NHB250804214008.RAWGN7P,NHB250804214304.RAWGN7U,NHB250804215008.RAWGN7X,NHB250804215303.RAWGN81,2025-08-04 21:40:08,2025-08-04 21:40:08,NHB250804214008.RAWGN7P,Long Range,0.0,2025-08-04 22:40:08,2025-08-04 22:40:08,NHB250804224008.RAWGN8Z,Long Range,0.0,2025-08-04 23:40:08,2025-08-04 23:40:08,NHB250804234008.RAWGNA8,Long Range,0.0,2025-08-05 00:40:08,2025-08-05 00:40:07,NHB250805004007.RAWGNBH,Long Range,1.0
282,2025-08-04 22:00:07,NHB250804220007.RAWGN84,NHB250804220303.RAWGN88,NHB250804221008.RAWGN8B,NHB250804221304.RAWGN8F,2025-08-04 22:00:07,2025-08-04 22:00:07,NHB250804220007.RAWGN84,Long Range,0.0,2025-08-04 23:00:07,2025-08-04 23:00:08,NHB250804230008.RAWGN9D,Long Range,1.0,2025-08-05 00:00:07,2025-08-05 00:00:08,NHB250805000008.RAWGNAN,Long Range,1.0,2025-08-05 01:00:07,2025-08-05 01:00:08,NHB250805010008.RAWGNBY,Long Range,1.0
283,2025-08-04 22:20:08,NHB250804222008.RAWGN8J,NHB250804222303.RAWGN8N,NHB250804223007.RAWGN8S,NHB250804223304.RAWGN8W,2025-08-04 22:20:08,2025-08-04 22:20:08,NHB250804222008.RAWGN8J,Long Range,0.0,2025-08-04 23:20:08,2025-08-04 23:20:07,NHB250804232007.RAWGN9U,Long Range,1.0,2025-08-05 00:20:08,2025-08-05 00:20:08,NHB250805002008.RAWGNB3,Long Range,0.0,2025-08-05 01:20:08,2025-08-05 01:20:07,NHB250805012007.RAWGNCC,Long Range,1.0
284,2025-08-04 22:40:08,NHB250804224008.RAWGN8Z,NHB250804224303.RAWGN93,NHB250804225007.RAWGN96,NHB250804225304.RAWGN9A,2025-08-04 22:40:08,2025-08-04 22:40:08,NHB250804224008.RAWGN8Z,Long Range,0.0,2025-08-04 23:40:08,2025-08-04 23:40:08,NHB250804234008.RAWGNA8,Long Range,0.0,2025-08-05 00:40:08,2025-08-05 00:40:07,NHB250805004007.RAWGNBH,Long Range,1.0,2025-08-05 01:40:08,2025-08-05 01:40:08,NHB250805014008.RAWGNCT,Long Range,0.0
285,2025-08-04 23:00:08,NHB250804230008.RAWGN9D,NHB250804230303.RAWGN9H,NHB250804231009.RAWGN9L,NHB250804231304.RAWGN9R,2025-08-04 23:00:08,2025-08-04 23:00:08,NHB250804230008.RAWGN9D,Long Range,0.0,2025-08-05 00:00:08,2025-08-05 00:00:08,NHB250805000008.RAWGNAN,Long Range,0.0,2025-08-05 01:00:08,2025-08-05 01:00:08,NHB250805010008.RAWGNBY,Long Range,0.0,2025-08-05 02:00:08,2025-08-05 02:00:07,NHB250805020007.RAWGND7,Long Range,1.0
286,2025-08-04 23:20:07,NHB250804232007.RAWGN9U,NHB250804232303.RAWGN9Y,NHB250804233007.RAWGNA1,NHB250804233304.RAWGNA5,2025-08-04 23:20:07,2025-08-04 23:20:07,NHB250804232007.RAWGN9U,Long Range,0.0,2025-08-05 00:20:07,2025-08-05 00:20:08,NHB250805002008.RAWGNB3,Long Range,1.0,2025-08-05 01:20:07,2025-08-05 01:20:07,NHB250805012007.RAWGNCC,Long Range,0.0,2025-08-05 02:20:07,2025-08-05 02:20:09,NHB250805022009.RAWGNDM,Long Range,2.0
287,2025-08-04 23:40:08,NHB250804234008.RAWGNA8,NHB250804234303.RAWGNAC,NHB250804235007.RAWGNAF,NHB250804235303.RAWGNAK,2025-08-04 23:40:08,2025-08-04 23:40:08,NHB250804234008.RAWGNA8,Long Range,0.0,2025-08-05 00:40:08,2025-08-05 00:40:07,NHB250805004007.RAWGNBH,Long Range,1.0,2025-08-05 01:40:08,2025-08-05 01:40:08,NHB250805014008.RAWGNCT,Long Range,0.0,2025-08-05 02:40:08,2025-08-05 02:40:08,NHB250805024008.RAWGNE2,Long Range,0.0
288,2025-08-05 00:00:08,NHB250805000008.RAWGNAN,NHB250805000303.RAWGNAT,NHB250805001008.RAWGNAW,NHB250805001303.RAWGNB0,2025-08-05 00:00:08,2025-08-05 00:00:08,NHB250805000008.RAWGNAN,Long Range,0.0,2025-08-05 01:00:08,2025-08-05 01:00:08,NHB250805010008.RAWGNBY,Long Range,0.0,2025-08-05 02:00:08,2025-08-05 02:00:07,NHB250805020007.RAWGND7,Long Range,1.0,2025-08-05 03:00:08,2025-08-05 03:00:08,NHB250805030008.RAWGNEG,Long Range,0.0
289,2025-08-05 00:20:08,NHB250805002008.RAWGNB3,NHB250805002303.RAWGNB7,NHB250805003008.RAWGNBA,NHB250805003303.RAWGNBE,2025-08-05 00:20:08,2025-08-05 00:20:08,NHB250805002008.RAWGNB3,Long Range,0.0,2025-08-05 01:20:08,2025-08-05 01:20:07,NHB250805012007.RAWGNCC,Long Range,1.0,2025-08-05 02:20:08,2025-08-05 02:20:09,NHB250805022009.RAWGNDM,Long Range,1.0,2025-08-05 03:20:08,2025-08-05 03:20:08,NHB250805032008.RAWGNEX,Long Range,0.0
290,2025-08-05 00:40:07,NHB250805004007.RAWGNBH,NHB250805004304.RAWGNBM,NHB250805005008.RAWGNBR,NHB250805005303.RAWGNBV,2025-08-05 00:40:07,2025-08-05 00:40:07,NHB250805004007.RAWGNBH,Long Range,0.0,2025-08-05 01:40:07,2025-08-05 01:40:08,NHB250805014008.RAWGNCT,Long Range,1.0,2025-08-05 02:40:07,2025-08-05 02:40:08,NHB250805024008.RAWGNE2,Long Range,1.0,2025-08-05 03:40:07,2025-08-05 03:40:08,NHB250805034008.RAWGNFB,Long Range,1.0
291,2025-08-05 01:00:08,NHB250805010008.RAWGNBY,NHB250805010303.RAWGNC2,NHB250805011007.RAWGNC5,NHB250805011304.RAWGNC9,2025-08-05 01:00:08,2025-08-05 01:00:08,NHB250805010008.RAWGNBY,Long Range,0.0,2025-08-05 02:00:08,2025-08-05 02:00:07,NHB250805020007.RAWGND7,Long Range,1.0,2025-08-05 03:00:08,2025-08-05 03:00:08,NHB250805030008.RAWGNEG,Long Range,0.0,2025-08-05 04:00:08,2025-08-05 04:00:08,NHB250805040008.RAWGNFS,Long Range,0.0
292,2025-08-05 01:20:07,NHB250805012007.RAWGNCC,NHB250805012304.RAWGNCG,NHB250805013007.RAWGNCK,NHB250805013304.RAWGNCP,2025-08-05 01:20:07,2025-08-05 01:20:07,NHB250805012007.RAWGNCC,Long Range,0.0,2025-08-05 02:20:07,2025-08-05 02:20:09,NHB250805022009.RAWGNDM,Long Range,2.0,2025-08-05 03:20:07,2025-08-05 03:20:08,NHB250805032008.RAWGNEX,Long Range,1.0,2025-08-05 04:20:07,2025-08-05 04:20:08,NHB250805042008.RAWGNG6,Long Range,1.0
293,2025-08-05 01:40:08,NHB250805014008.RAWGNCT,NHB250805014303.RAWGNCX,NHB250805015007.RAWGND0,NHB250805015305.RAWGND4,2025-08-05 01:40:08,2025-08-05 01:40:08,NHB250805014008.RAWGNCT,Long Range,0.0,2025-08-05 02:40:08,2025-08-05 02:40:08,NHB250805024008.RAWGNE2,Long Range,0.0,2025-08-05 03:40:08,2025-08-05 03:40:08,NHB250805034008.RAWGNFB,Long Range,0.0,2025-08-05 04:40:08,2025-08-05 04:40:09,NHB250805044009.RAWGNGL,Long Range,1.0
294,2025-08-05 02:00:07,NHB250805020007.RAWGND7,NHB250805020303.RAWGNDB,NHB250805021007.RAWGNDE,NHB250805021303.RAWGNDJ,2025-08-05 02:00:07,2025-08-05 02:00:07,NHB250805020007.RAWGND7,Long Range,0.0,2025-08-05 03:00:07,2025-08-05 03:00:08,NHB250805030008.RAWGNEG,Long Range,1.0,2025-08-05 04:00:07,2025-08-05 04:00:08,NHB250805040008.RAWGNFS,Long Range,1.0,2025-08-05 05:00:07,2025-08-05 05:00:08,NHB250805050008.RAWGNH1,Long Range,1.0
295,2025-08-05 02:20:09,NHB250805022009.RAWGNDM,NHB250805022304.RAWGNDS,NHB250805023008.RAWGNDV,NHB250805023304.RAWGNDZ,2025-08-05 02:20:09,2025-08-05 02:20:09,NHB250805022009.RAWGNDM,Long Range,0.0,2025-08-05 03:20:09,2025-08-05 03:20:08,NHB250805032008.RAWGNEX,Long Range,1.0,2025-08-05 04:20:09,2025-08-05 04:20:08,NHB250805042008.RAWGNG6,Long Range,1.0,2025-08-05 05:20:09,2025-08-05 05:20:08,NHB250805052008.RAWGNHF,Long Range,1.0
296,2025-08-05 02:40:08,NHB250805024008.RAWGNE2,NHB250805024304.RAWGNE6,NHB250805025008.RAWGNE9,NHB250805025304.RAWGNED,2025-08-05 02:40:08,2025-08-05 02:40:08,NHB250805024008.RAWGNE2,Long Range,0.0,2025-08-05 03:40:08,2025-08-05 03:40:08,NHB250805034008.RAWGNFB,Long Range,0.0,2025-08-05 04:40:08,2025-08-05 04:40:09,NHB250805044009.RAWGNGL,Long Range,1.0,2025-08-05 05:40:08,2025-08-05 05:40:08,NHB250805054008.RAWGNHW,Long Range,0.0
297,2025-08-05 03:00:08,NHB250805030008.RAWGNEG,NHB250805030303.RAWGNEL,NHB250805031007.RAWGNEP,NHB250805031304.RAWGNEU,2025-08-05 03:00:08,2025-08-05 03:00:08,NHB250805030008.RAWGNEG,Long Range,0.0,2025-08-05 04:00:08,2025-08-05 04:00:08,NHB250805040008.RAWGNFS,Long Range,0.0,2025-08-05 05:00:08,2025-08-05 05:00:08,NHB250805050008.RAWGNH1,Long Range,0.0,2025-08-05 06:00:08,2025-08-05 06:00:07,NHB250805060007.RAWGNJA,Long Range,1.0
298,2025-08-05 03:20:08,NHB250805032008.RAWGNEX,NHB250805032303.RAWGNF1,NHB250805033008.RAWGNF4,NHB250805033303.RAWGNF8,2025-08-05 03:20:08,2025-08-05 03:20:08,NHB250805032008.RAWGNEX,Long Range,0.0,2025-08-05 04:20:08,2025-08-05 04:20:08,NHB250805042008.RAWGNG6,Long Range,0.0,2025-08-05 05:20:08,2025-08-05 05:20:08,NHB250805052008.RAWGNHF,Long Range,0.0,2025-08-05 06:20:08,2025-08-05 06:20:07,NHB250805062007.RAWGNJR,Long Range,1.0
299,2025-08-05 03:40:08,NHB250805034008.RAWGNFB,NHB250805034304.RAWGNFF,NHB250805035007.RAWGNFJ,NHB250805035303.RAWGNFN,2025-08-05 03:40:08,2025-08-05 03:40:08,NHB250805034008.RAWGNFB,Long Range,0.0,2025-08-05 04:40:08,2025-08-05 04:40:09,NHB250805044009.RAWGNGL,Long Range,1.0,2025-08-05 05:40:08,2025-08-05 05:40:08,NHB250805054008.RAWGNHW,Long Range,0.0,2025-08-05 06:40:08,2025-08-05 06:40:07,NHB250805064007.RAWGNK5,Long Range,1.0
300,2025-08-05 04:00:08,NHB250805040008.RAWGNFS,NHB250805040304.RAWGNFW,NHB250805041008.RAWGNFZ,NHB250805041304.RAWGNG3,2025-08-05 04:00:08,2025-08-05 04:00:08,NHB250805040008.RAWGNFS,Long Range,0.0,2025-08-05 05:00:08,2025-08-05 05:00:08,NHB250805050008.RAWGNH1,Long Range,0.0,2025-08-05 06:00:08,2025-08-05 06:00:07,NHB250805060007.RAWGNJA,Long Range,1.0,2025-08-05 07:00:08,2025-08-05 07:00:07,NHB250805070007.RAWGNKK,Long Range,1.0
301,2025-08-05 04:20:08,NHB250805042008.RAWGNG6,NHB250805042303.RAWGNGA,NHB250805043007.RAWGNGD,NHB250805043304.RAWGNGH,2025-08-05 04:20:08,2025-08-05 04:20:08,NHB250805042008.RAWGNG6,Long Range,0.0,2025-08-05 05:20:08,2025-08-05 05:20:08,NHB250805052008.RAWGNHF,Long Range,0.0,2025-08-05 06:20:08,2025-08-05 06:20:07,NHB250805062007.RAWGNJR,Long Range,1.0,2025-08-05 07:20:08,2025-08-05 07:20:07,NHB250805072007.RAWGNL0,Long Range,1.0
302,2025-08-05 04:40:09,NHB250805044009.RAWGNGL,NHB250805044303.RAWGNGR,NHB250805045007.RAWGNGU,NHB250805045304.RAWGNGY,2025-08-05 04:40:09,2025-08-05 04:40:09,NHB250805044009.RAWGNGL,Long Range,0.0,2025-08-05 05:40:09,2025-08-05 05:40:08,NHB250805054008.RAWGNHW,Long Range,1.0,2025-08-05 06:40:09,2025-08-05 06:40:07,NHB250805064007.RAWGNK5,Long Range,2.0,2025-08-05 07:40:09,2025-08-05 07:40:07,NHB250805074007.RAWGNLE,Long Range,2.0
303,2025-08-05 05:00:08,NHB250805050008.RAWGNH1,NHB250805050305.RAWGNH5,NHB250805051008.RAWGNH8,NHB250805051303.RAWGNHC,2025-08-05 05:00:08,2025-08-05 05:00:08,NHB250805050008.RAWGNH1,Long Range,0.0,2025-08-05 06:00:08,2025-08-05 06:00:07,NHB250805060007.RAWGNJA,Long Range,1.0,2025-08-05 07:00:08,2025-08-05 07:00:07,NHB250805070007.RAWGNKK,Long Range,1.0,2025-08-05 08:00:08,2025-08-05 08:00:08,NHB250805080008.RAWGNLV,Long Range,0.0
304,2025-08-05 05:20:08,NHB250805052008.RAWGNHF,NHB250805052304.RAWGNHK,NHB250805053007.RAWGNHN,NHB250805053304.RAWGNHT,2025-08-05 05:20:08,2025-08-05 05:20:08,NHB250805052008.RAWGNHF,Long Range,0.0,2025-08-05 06:20:08,2025-08-05 06:20:07,NHB250805062007.RAWGNJR,Long Range,1.0,2025-08-05 07:20:08,2025-08-05 07:20:07,NHB250805072007.RAWGNL0,Long Range,1.0,2025-08-05 08:20:08,2025-08-05 08:20:09,NHB250805082009.RAWGNM9,Long Range,1.0
305,2025-08-05 05:40:08,NHB250805054008.RAWGNHW,NHB250805054304.RAWGNJ0,NHB250805055008.RAWGNJ3,NHB250805055303.RAWGNJ7,2025-08-05 05:40:08,2025-08-05 05:40:08,NHB250805054008.RAWGNHW,Long Range,0.0,2025-08-05 06:40:08,2025-08-05 06:40:07,NHB250805064007.RAWGNK5,Long Range,1.0,2025-08-05 07:40:08,2025-08-05 07:40:07,NHB250805074007.RAWGNLE,Long Range,1.0,2025-08-05 08:40:08,2025-08-05 08:40:08,NHB250805084008.RAWGNMP,Long Range,0.0
306,2025-08-05 06:00:07,NHB250805060007.RAWGNJA,NHB250805060303.RAWGNJE,NHB250805061007.RAWGNJH,NHB250805061304.RAWGNJM,2025-08-05 06:00:07,2025-08-05 06:00:07,NHB250805060007.RAWGNJA,Long Range,0.0,2025-08-05 07:00:07,2025-08-05 07:00:07,NHB250805070007.RAWGNKK,Long Range,0.0,2025-08-05 08:00:07,2025-08-05 08:00:08,NHB250805080008.RAWGNLV,Long Range,1.0,2025-08-05 09:00:07,2025-08-05 09:00:08,NHB250805090008.RAWGNN4,Long Range,1.0
307,2025-08-05 06:20:07,NHB250805062007.RAWGNJR,NHB250805062304.RAWGNJV,NHB250805063007.RAWGNJY,NHB250805063303.RAWGNK2,2025-08-05 06:20:07,2025-08-05 06:20:07,NHB250805062007.RAWGNJR,Long Range,0.0,2025-08-05 07:20:07,2025-08-05 07:20:07,NHB250805072007.RAWGNL0,Long Range,0.0,2025-08-05 08:20:07,2025-08-05 08:20:09,NHB250805082009.RAWGNM9,Long Range,2.0,2025-08-05 09:20:07,2025-08-05 09:20:07,NHB250805092007.RAWGNNJ,Long Range,0.0
308,2025-08-05 06:40:07,NHB250805064007.RAWGNK5,NHB250805064304.RAWGNK9,NHB250805065007.RAWGNKC,NHB250805065303.RAWGNKG,2025-08-05 06:40:07,2025-08-05 06:40:07,NHB250805064007.RAWGNK5,Long Range,0.0,2025-08-05 07:40:07,2025-08-05 07:40:07,NHB250805074007.RAWGNLE,Long Range,0.0,2025-08-05 08:40:07,2025-08-05 08:40:08,NHB250805084008.RAWGNMP,Long Range,1.0,2025-08-05 09:40:07,2025-08-05 09:40:07,NHB250805094007.RAWGNNZ,Long Range,0.0
309,2025-08-05 07:00:07,NHB250805070007.RAWGNKK,NHB250805070304.RAWGNKP,NHB250805071008.RAWGNKT,NHB250805071304.RAWGNKX,2025-08-05 07:00:07,2025-08-05 07:00:07,NHB250805070007.RAWGNKK,Long Range,0.0,2025-08-05 08:00:07,2025-08-05 08:00:08,NHB250805080008.RAWGNLV,Long Range,1.0,2025-08-05 09:00:07,2025-08-05 09:00:08,NHB250805090008.RAWGNN4,Long Range,1.0,2025-08-05 10:00:07,2025-08-05 10:00:07,NHB250805100007.RAWGNPD,Long Range,0.0
310,2025-08-05 07:20:07,NHB250805072007.RAWGNL0,NHB250805072304.RAWGNL4,NHB250805073008.RAWGNL7,NHB250805073304.RAWGNLB,2025-08-05 07:20:07,2025-08-05 07:20:07,NHB250805072007.RAWGNL0,Long Range,0.0,2025-08-05 08:20:07,2025-08-05 08:20:09,NHB250805082009.RAWGNM9,Long Range,2.0,2025-08-05 09:20:07,2025-08-05 09:20:07,NHB250805092007.RAWGNNJ,Long Range,0.0,2025-08-05 10:20:07,2025-08-05 10:20:08,NHB250805102008.RAWGNPU,Long Range,1.0
311,2025-08-05 07:40:07,NHB250805074007.RAWGNLE,NHB250805074304.RAWGNLJ,NHB250805075008.RAWGNLM,NHB250805075303.RAWGNLS,2025-08-05 07:40:07,2025-08-05 07:40:07,NHB250805074007.RAWGNLE,Long Range,0.0,2025-08-05 08:40:07,2025-08-05 08:40:08,NHB250805084008.RAWGNMP,Long Range,1.0,2025-08-05 09:40:07,2025-08-05 09:40:07,NHB250805094007.RAWGNNZ,Long Range,0.0,2025-08-05 10:40:07,2025-08-05 10:40:08,NHB250805104008.RAWGNR8,Long Range,1.0
312,2025-08-05 08:00:08,NHB250805080008.RAWGNLV,NHB250805080303.RAWGNLZ,NHB250805081007.RAWGNM2,NHB250805081303.RAWGNM6,2025-08-05 08:00:08,2025-08-05 08:00:08,NHB250805080008.RAWGNLV,Long Range,0.0,2025-08-05 09:00:08,2025-08-05 09:00:08,NHB250805090008.RAWGNN4,Long Range,0.0,2025-08-05 10:00:08,2025-08-05 10:00:07,NHB250805100007.RAWGNPD,Long Range,1.0,2025-08-05 11:00:08,2025-08-05 11:00:08,NHB250805110008.RAWGNRN,Long Range,0.0
313,2025-08-05 08:20:09,NHB250805082009.RAWGNM9,NHB250805082304.RAWGNMD,NHB250805083007.RAWGNMG,NHB250805083304.RAWGNML,2025-08-05 08:20:09,2025-08-05 08:20:09,NHB250805082009.RAWGNM9,Long Range,0.0,2025-08-05 09:20:09,2025-08-05 09:20:07,NHB250805092007.RAWGNNJ,Long Range,2.0,2025-08-05 10:20:09,2025-08-05 10:20:08,NHB250805102008.RAWGNPU,Long Range,1.0,2025-08-05 11:20:09,2025-08-05 11:20:07,NHB250805112007.RAWGNS3,Long Range,2.0
314,2025-08-05 08:40:08,NHB250805084008.RAWGNMP,NHB250805084304.RAWGNMU,NHB250805085008.RAWGNMX,NHB250805085304.RAWGNN1,2025-08-05 08:40:08,2025-08-05 08:40:08,NHB250805084008.RAWGNMP,Long Range,0.0,2025-08-05 09:40:08,2025-08-05 09:40:07,NHB250805094007.RAWGNNZ,Long Range,1.0,2025-08-05 10:40:08,2025-08-05 10:40:08,NHB250805104008.RAWGNR8,Long Range,0.0,2025-08-05 11:40:08,2025-08-05 11:40:08,NHB250805114008.RAWGNSH,Long Range,0.0
315,2025-08-05 09:00:08,NHB250805090008.RAWGNN4,NHB250805090303.RAWGNN8,NHB250805091008.RAWGNNB,NHB250805091304.RAWGNNF,2025-08-05 09:00:08,2025-08-05 09:00:08,NHB250805090008.RAWGNN4,Long Range,0.0,2025-08-05 10:00:08,2025-08-05 10:00:07,NHB250805100007.RAWGNPD,Long Range,1.0,2025-08-05 11:00:08,2025-08-05 11:00:08,NHB250805110008.RAWGNRN,Long Range,0.0,2025-08-05 12:00:08,2025-08-05 12:00:08,NHB250805120008.RAWGNSY,Long Range,0.0
316,2025-08-05 09:20:07,NHB250805092007.RAWGNNJ,NHB250805092303.RAWGNNN,NHB250805093008.RAWGNNS,NHB250805093303.RAWGNNW,2025-08-05 09:20:07,2025-08-05 09:20:07,NHB250805092007.RAWGNNJ,Long Range,0.0,2025-08-05 10:20:07,2025-08-05 10:20:08,NHB250805102008.RAWGNPU,Long Range,1.0,2025-08-05 11:20:07,2025-08-05 11:20:07,NHB250805112007.RAWGNS3,Long Range,0.0,2025-08-05 12:20:07,2025-08-05 12:20:08,NHB250805122008.RAWGNTC,Long Range,1.0
317,2025-08-05 09:40:07,NHB250805094007.RAWGNNZ,NHB250805094304.RAWGNP3,NHB250805095008.RAWGNP6,NHB250805095304.RAWGNPA,2025-08-05 09:40:07,2025-08-05 09:40:07,NHB250805094007.RAWGNNZ,Long Range,0.0,2025-08-05 10:40:07,2025-08-05 10:40:08,NHB250805104008.RAWGNR8,Long Range,1.0,2025-08-05 11:40:07,2025-08-05 11:40:08,NHB250805114008.RAWGNSH,Long Range,1.0,2025-08-05 12:40:07,2025-08-05 12:40:08,NHB250805124008.RAWGNTT,Long Range,1.0
318,2025-08-05 10:00:07,NHB250805100007.RAWGNPD,NHB250805100303.RAWGNPH,NHB250805101008.RAWGNPL,NHB250805101304.RAWGNPR,2025-08-05 10:00:07,2025-08-05 10:00:07,NHB250805100007.RAWGNPD,Long Range,0.0,2025-08-05 11:00:07,2025-08-05 11:00:08,NHB250805110008.RAWGNRN,Long Range,1.0,2025-08-05 12:00:07,2025-08-05 12:00:08,NHB250805120008.RAWGNSY,Long Range,1.0,2025-08-05 13:00:07,2025-08-05 13:00:08,NHB250805130008.RAWGNU7,Long Range,1.0
319,2025-08-05 10:20:08,NHB250805102008.RAWGNPU,NHB250805102303.RAWGNPY,NHB250805103008.RAWGNR1,NHB250805103303.RAWGNR5,2025-08-05 10:20:08,2025-08-05 10:20:08,NHB250805102008.RAWGNPU,Long Range,0.0,2025-08-05 11:20:08,2025-08-05 11:20:07,NHB250805112007.RAWGNS3,Long Range,1.0,2025-08-05 12:20:08,2025-08-05 12:20:08,NHB250805122008.RAWGNTC,Long Range,0.0,2025-08-05 13:20:08,2025-08-05 13:20:07,NHB250805132007.RAWGNUM,Long Range,1.0
320,2025-08-05 10:40:08,NHB250805104008.RAWGNR8,NHB250805104304.RAWGNRC,NHB250805105008.RAWGNRF,NHB250805105304.RAWGNRK,2025-08-05 10:40:08,2025-08-05 10:40:08,NHB250805104008.RAWGNR8,Long Range,0.0,2025-08-05 11:40:08,2025-08-05 11:40:08,NHB250805114008.RAWGNSH,Long Range,0.0,2025-08-05 12:40:08,2025-08-05 12:40:08,NHB250805124008.RAWGNTT,Long Range,0.0,2025-08-05 13:40:08,2025-08-05 13:40:08,NHB250805134008.RAWGNV2,Long Range,0.0
321,2025-08-05 11:00:08,NHB250805110008.RAWGNRN,NHB250805110303.RAWGNRT,NHB250805111009.RAWGNRW,NHB250805111304.RAWGNS0,2025-08-05 11:00:08,2025-08-05 11:00:08,NHB250805110008.RAWGNRN,Long Range,0.0,2025-08-05 12:00:08,2025-08-05 12:00:08,NHB250805120008.RAWGNSY,Long Range,0.0,2025-08-05 13:00:08,2025-08-05 13:00:08,NHB250805130008.RAWGNU7,Long Range,0.0,2025-08-05 14:00:08,2025-08-05 14:00:07,NHB250805140007.RAWGNVG,Long Range,1.0
322,2025-08-05 11:20:07,NHB250805112007.RAWGNS3,NHB250805112304.RAWGNS7,NHB250805113008.RAWGNSA,NHB250805113303.RAWGNSE,2025-08-05 11:20:07,2025-08-05 11:20:07,NHB250805112007.RAWGNS3,Long Range,0.0,2025-08-05 12:20:07,2025-08-05 12:20:08,NHB250805122008.RAWGNTC,Long Range,1.0,2025-08-05 13:20:07,2025-08-05 13:20:07,NHB250805132007.RAWGNUM,Long Range,0.0,2025-08-05 14:20:07,2025-08-05 14:20:08,NHB250805142008.RAWGNVX,Long Range,1.0
323,2025-08-05 11:40:08,NHB250805114008.RAWGNSH,NHB250805114304.RAWGNSM,NHB250805115007.RAWGNSR,NHB250805115303.RAWGNSV,2025-08-05 11:40:08,2025-08-05 11:40:08,NHB250805114008.RAWGNSH,Long Range,0.0,2025-08-05 12:40:08,2025-08-05 12:40:08,NHB250805124008.RAWGNTT,Long Range,0.0,2025-08-05 13:40:08,2025-08-05 13:40:08,NHB250805134008.RAWGNV2,Long Range,0.0,2025-08-05 14:40:08,2025-08-05 14:40:08,NHB250805144008.RAWGNWB,Long Range,0.0
324,2025-08-05 12:00:08,NHB250805120008.RAWGNSY,NHB250805120303.RAWGNT2,NHB250805121007.RAWGNT5,NHB250805121303.RAWGNT9,2025-08-05 12:00:08,2025-08-05 12:00:08,NHB250805120008.RAWGNSY,Long Range,0.0,2025-08-05 13:00:08,2025-08-05 13:00:08,NHB250805130008.RAWGNU7,Long Range,0.0,2025-08-05 14:00:08,2025-08-05 14:00:07,NHB250805140007.RAWGNVG,Long Range,1.0,2025-08-05 15:00:08,2025-08-05 15:00:08,NHB250805150008.RAWGNWS,Long Range,0.0
325,2025-08-05 12:20:08,NHB250805122008.RAWGNTC,NHB250805122303.RAWGNTG,NHB250805123008.RAWGNTK,NHB250805123303.RAWGNTP,2025-08-05 12:20:08,2025-08-05 12:20:08,NHB250805122008.RAWGNTC,Long Range,0.0,2025-08-05 13:20:08,2025-08-05 13:20:07,NHB250805132007.RAWGNUM,Long Range,1.0,2025-08-05 14:20:08,2025-08-05 14:20:08,NHB250805142008.RAWGNVX,Long Range,0.0,2025-08-05 15:20:08,2025-08-05 15:20:08,NHB250805152008.RAWGNX6,Long Range,0.0
326,2025-08-05 12:40:08,NHB250805124008.RAWGNTT,NHB250805124304.RAWGNTX,NHB250805125007.RAWGNU0,NHB250805125303.RAWGNU4,2025-08-05 12:40:08,2025-08-05 12:40:08,NHB250805124008.RAWGNTT,Long Range,0.0,2025-08-05 13:40:08,2025-08-05 13:40:08,NHB250805134008.RAWGNV2,Long Range,0.0,2025-08-05 14:40:08,2025-08-05 14:40:08,NHB250805144008.RAWGNWB,Long Range,0.0,2025-08-05 15:40:08,2025-08-05 15:40:07,NHB250805154007.RAWGNXL,Long Range,1.0
327,2025-08-05 13:00:08,NHB250805130008.RAWGNU7,NHB250805130304.RAWGNUB,NHB250805131007.RAWGNUE,NHB250805131303.RAWGNUJ,2025-08-05 13:00:08,2025-08-05 13:00:08,NHB250805130008.RAWGNU7,Long Range,0.0,2025-08-05 14:00:08,2025-08-05 14:00:07,NHB250805140007.RAWGNVG,Long Range,1.0,2025-08-05 15:00:08,2025-08-05 15:00:08,NHB250805150008.RAWGNWS,Long Range,0.0,2025-08-05 16:00:08,2025-08-05 16:00:09,NHB250805160009.RAWGNY1,Long Range,1.0
328,2025-08-05 13:20:07,NHB250805132007.RAWGNUM,NHB250805132303.RAWGNUS,NHB250805133008.RAWGNUV,NHB250805133303.RAWGNUZ,2025-08-05 13:20:07,2025-08-05 13:20:07,NHB250805132007.RAWGNUM,Long Range,0.0,2025-08-05 14:20:07,2025-08-05 14:20:08,NHB250805142008.RAWGNVX,Long Range,1.0,2025-08-05 15:20:07,2025-08-05 15:20:08,NHB250805152008.RAWGNX6,Long Range,1.0,2025-08-05 16:20:07,2025-08-05 16:20:08,NHB250805162008.RAWGNYF,Long Range,1.0
329,2025-08-05 13:40:08,NHB250805134008.RAWGNV2,NHB250805134304.RAWGNV6,NHB250805135007.RAWGNV9,NHB250805135304.RAWGNVD,2025-08-05 13:40:08,2025-08-05 13:40:08,NHB250805134008.RAWGNV2,Long Range,0.0,2025-08-05 14:40:08,2025-08-05 14:40:08,NHB250805144008.RAWGNWB,Long Range,0.0,2025-08-05 15:40:08,2025-08-05 15:40:07,NHB250805154007.RAWGNXL,Long Range,1.0,2025-08-05 16:40:08,2025-08-05 16:40:08,NHB250805164008.RAWGNYW,Long Range,0.0
330,2025-08-05 14:00:07,NHB250805140007.RAWGNVG,NHB250805140303.RAWGNVL,NHB250805141007.RAWGNVP,NHB250805141304.RAWGNVU,2025-08-05 14:00:07,2025-08-05 14:00:07,NHB250805140007.RAWGNVG,Long Range,0.0,2025-08-05 15:00:07,2025-08-05 15:00:08,NHB250805150008.RAWGNWS,Long Range,1.0,2025-08-05 16:00:07,2025-08-05 16:00:09,NHB250805160009.RAWGNY1,Long Range,2.0,2025-08-05 17:00:07,2025-08-05 17:00:08,NHB250805170008.RAWGNZA,Long Range,1.0
331,2025-08-05 14:20:08,NHB250805142008.RAWGNVX,NHB250805142303.RAWGNW1,NHB250805143007.RAWGNW4,NHB250805143304.RAWGNW8,2025-08-05 14:20:08,2025-08-05 14:20:08,NHB250805142008.RAWGNVX,Long Range,0.0,2025-08-05 15:20:08,2025-08-05 15:20:08,NHB250805152008.RAWGNX6,Long Range,0.0,2025-08-05 16:20:08,2025-08-05 16:20:08,NHB250805162008.RAWGNYF,Long Range,0.0,2025-08-05 17:20:08,2025-08-05 17:20:08,NHB250805172008.RAWGNZR,Long Range,0.0
332,2025-08-05 14:40:08,NHB250805144008.RAWGNWB,NHB250805144303.RAWGNWF,NHB250805145007.RAWGNWJ,NHB250805145303.RAWGNWN,2025-08-05 14:40:08,2025-08-05 14:40:08,NHB250805144008.RAWGNWB,Long Range,0.0,2025-08-05 15:40:08,2025-08-05 15:40:07,NHB250805154007.RAWGNXL,Long Range,1.0,2025-08-05 16:40:08,2025-08-05 16:40:08,NHB250805164008.RAWGNYW,Long Range,0.0,2025-08-05 17:40:08,2025-08-05 17:40:08,NHB250805174008.RAWGP05,Long Range,0.0
333,2025-08-05 15:00:08,NHB250805150008.RAWGNWS,NHB250805150304.RAWGNWW,NHB250805151007.RAWGNWZ,NHB250805151304.RAWGNX3,2025-08-05 15:00:08,2025-08-05 15:00:08,NHB250805150008.RAWGNWS,Long Range,0.0,2025-08-05 16:00:08,2025-08-05 16:00:09,NHB250805160009.RAWGNY1,Long Range,1.0,2025-08-05 17:00:08,2025-08-05 17:00:08,NHB250805170008.RAWGNZA,Long Range,0.0,2025-08-05 18:00:08,2025-08-05 18:00:08,NHB250805180008.RAWGP0K,Long Range,0.0
334,2025-08-05 15:20:08,NHB250805152008.RAWGNX6,NHB250805152303.RAWGNXA,NHB250805153008.RAWGNXD,NHB250805153303.RAWGNXH,2025-08-05 15:20:08,2025-08-05 15:20:08,NHB250805152008.RAWGNX6,Long Range,0.0,2025-08-05 16:20:08,2025-08-05 16:20:08,NHB250805162008.RAWGNYF,Long Range,0.0,2025-08-05 17:20:08,2025-08-05 17:20:08,NHB250805172008.RAWGNZR,Long Range,0.0,2025-08-05 18:20:08,2025-08-05 18:20:09,NHB250805182009.RAWGP10,Long Range,1.0
335,2025-08-05 15:40:07,NHB250805154007.RAWGNXL,NHB250805154303.RAWGNXR,NHB250805155008.RAWGNXU,NHB250805155304.RAWGNXY,2025-08-05 15:40:07,2025-08-05 15:40:07,NHB250805154007.RAWGNXL,Long Range,0.0,2025-08-05 16:40:07,2025-08-05 16:40:08,NHB250805164008.RAWGNYW,Long Range,1.0,2025-08-05 17:40:07,2025-08-05 17:40:08,NHB250805174008.RAWGP05,Long Range,1.0,2025-08-05 18:40:07,2025-08-05 18:40:08,NHB250805184008.RAWGP1E,Long Range,1.0
336,2025-08-05 16:00:09,NHB250805160009.RAWGNY1,NHB250805160304.RAWGNY5,NHB250805161008.RAWGNY8,NHB250805161303.RAWGNYC,2025-08-05 16:00:09,2025-08-05 16:00:09,NHB250805160009.RAWGNY1,Long Range,0.0,2025-08-05 17:00:09,2025-08-05 17:00:08,NHB250805170008.RAWGNZA,Long Range,1.0,2025-08-05 18:00:09,2025-08-05 18:00:08,NHB250805180008.RAWGP0K,Long Range,1.0,2025-08-05 19:00:09,2025-08-05 19:00:09,NHB250805190009.RAWGP1V,Long Range,0.0
337,2025-08-05 16:20:08,NHB250805162008.RAWGNYF,NHB250805162304.RAWGNYK,NHB250805163008.RAWGNYN,NHB250805163304.RAWGNYT,2025-08-05 16:20:08,2025-08-05 16:20:08,NHB250805162008.RAWGNYF,Long Range,0.0,2025-08-05 17:20:08,2025-08-05 17:20:08,NHB250805172008.RAWGNZR,Long Range,0.0,2025-08-05 18:20:08,2025-08-05 18:20:09,NHB250805182009.RAWGP10,Long Range,1.0,2025-08-05 19:20:08,2025-08-05 19:20:08,NHB250805192008.RAWGP29,Long Range,0.0
338,2025-08-05 16:40:08,NHB250805164008.RAWGNYW,NHB250805164303.RAWGNZ0,NHB250805165008.RAWGNZ3,NHB250805165303.RAWGNZ7,2025-08-05 16:40:08,2025-08-05 16:40:08,NHB250805164008.RAWGNYW,Long Range,0.0,2025-08-05 17:40:08,2025-08-05 17:40:08,NHB250805174008.RAWGP05,Long Range,0.0,2025-08-05 18:40:08,2025-08-05 18:40:08,NHB250805184008.RAWGP1E,Long Range,0.0,2025-08-05 19:40:08,2025-08-05 19:40:08,NHB250805194008.RAWGP2P,Long Range,0.0
339,2025-08-05 17:00:08,NHB250805170008.RAWGNZA,NHB250805170303.RAWGNZE,NHB250805171007.RAWGNZH,NHB250805171303.RAWGNZM,2025-08-05 17:00:08,2025-08-05 17:00:08,NHB250805170008.RAWGNZA,Long Range,0.0,2025-08-05 18:00:08,2025-08-05 18:00:08,NHB250805180008.RAWGP0K,Long Range,0.0,2025-08-05 19:00:08,2025-08-05 19:00:09,NHB250805190009.RAWGP1V,Long Range,1.0,2025-08-05 20:00:08,2025-08-05 20:00:08,NHB250805200008.RAWGP34,Long Range,0.0
340,2025-08-05 17:20:08,NHB250805172008.RAWGNZR,NHB250805172303.RAWGNZV,NHB250805173007.RAWGNZY,NHB250805173303.RAWGP02,2025-08-05 17:20:08,2025-08-05 17:20:08,NHB250805172008.RAWGNZR,Long Range,0.0,2025-08-05 18:20:08,2025-08-05 18:20:09,NHB250805182009.RAWGP10,Long Range,1.0,2025-08-05 19:20:08,2025-08-05 19:20:08,NHB250805192008.RAWGP29,Long Range,0.0,2025-08-05 20:20:08,2025-08-05 20:20:08,NHB250805202008.RAWGP3J,Long Range,0.0
341,2025-08-05 17:40:08,NHB250805174008.RAWGP05,NHB250805174303.RAWGP09,NHB250805175007.RAWGP0C,NHB250805175304.RAWGP0G,2025-08-05 17:40:08,2025-08-05 17:40:08,NHB250805174008.RAWGP05,Long Range,0.0,2025-08-05 18:40:08,2025-08-05 18:40:08,NHB250805184008.RAWGP1E,Long Range,0.0,2025-08-05 19:40:08,2025-08-05 19:40:08,NHB250805194008.RAWGP2P,Long Range,0.0,2025-08-05 20:40:08,2025-08-05 20:40:09,NHB250805204009.RAWGP3Z,Long Range,1.0
342,2025-08-05 18:00:08,NHB250805180008.RAWGP0K,NHB250805180304.RAWGP0P,NHB250805181008.RAWGP0T,NHB250805181303.RAWGP0X,2025-08-05 18:00:08,2025-08-05 18:00:08,NHB250805180008.RAWGP0K,Long Range,0.0,2025-08-05 19:00:08,2025-08-05 19:00:09,NHB250805190009.RAWGP1V,Long Range,1.0,2025-08-05 20:00:08,2025-08-05 20:00:08,NHB250805200008.RAWGP34,Long Range,0.0,2025-08-05 21:00:08,2025-08-05 21:00:08,NHB250805210008.RAWGP4D,Long Range,0.0
343,2025-08-05 18:20:09,NHB250805182009.RAWGP10,NHB250805182303.RAWGP14,NHB250805183007.RAWGP17,NHB250805183303.RAWGP1B,2025-08-05 18:20:09,2025-08-05 18:20:09,NHB250805182009.RAWGP10,Long Range,0.0,2025-08-05 19:20:09,2025-08-05 19:20:08,NHB250805192008.RAWGP29,Long Range,1.0,2025-08-05 20:20:09,2025-08-05 20:20:08,NHB250805202008.RAWGP3J,Long Range,1.0,2025-08-05 21:20:09,2025-08-05 21:20:08,NHB250805212008.RAWGP4U,Long Range,1.0
344,2025-08-05 18:40:08,NHB250805184008.RAWGP1E,NHB250805184303.RAWGP1J,NHB250805185008.RAWGP1M,NHB250805185304.RAWGP1S,2025-08-05 18:40:08,2025-08-05 18:40:08,NHB250805184008.RAWGP1E,Long Range,0.0,2025-08-05 19:40:08,2025-08-05 19:40:08,NHB250805194008.RAWGP2P,Long Range,0.0,2025-08-05 20:40:08,2025-08-05 20:40:09,NHB250805204009.RAWGP3Z,Long Range,1.0,2025-08-05 21:40:08,2025-08-05 21:40:07,NHB250805214007.RAWGP58,Long Range,1.0
345,2025-08-05 19:00:09,NHB250805190009.RAWGP1V,NHB250805190303.RAWGP1Z,NHB250805191008.RAWGP22,NHB250805191303.RAWGP26,2025-08-05 19:00:09,2025-08-05 19:00:09,NHB250805190009.RAWGP1V,Long Range,0.0,2025-08-05 20:00:09,2025-08-05 20:00:08,NHB250805200008.RAWGP34,Long Range,1.0,2025-08-05 21:00:09,2025-08-05 21:00:08,NHB250805210008.RAWGP4D,Long Range,1.0,2025-08-05 22:00:09,2025-08-05 22:00:07,NHB250805220007.RAWGP5N,Long Range,2.0
346,2025-08-05 19:20:08,NHB250805192008.RAWGP29,NHB250805192303.RAWGP2D,NHB250805193008.RAWGP2G,NHB250805193305.RAWGP2L,2025-08-05 19:20:08,2025-08-05 19:20:08,NHB250805192008.RAWGP29,Long Range,0.0,2025-08-05 20:20:08,2025-08-05 20:20:08,NHB250805202008.RAWGP3J,Long Range,0.0,2025-08-05 21:20:08,2025-08-05 21:20:08,NHB250805212008.RAWGP4U,Long Range,0.0,2025-08-05 22:20:08,2025-08-05 22:20:08,NHB250805222008.RAWGP63,Long Range,0.0
347,2025-08-05 19:40:08,NHB250805194008.RAWGP2P,NHB250805194304.RAWGP2U,NHB250805195008.RAWGP2X,NHB250805195303.RAWGP31,2025-08-05 19:40:08,2025-08-05 19:40:08,NHB250805194008.RAWGP2P,Long Range,0.0,2025-08-05 20:40:08,2025-08-05 20:40:09,NHB250805204009.RAWGP3Z,Long Range,1.0,2025-08-05 21:40:08,2025-08-05 21:40:07,NHB250805214007.RAWGP58,Long Range,1.0,2025-08-05 22:40:08,2025-08-05 22:40:07,NHB250805224007.RAWGP6H,Long Range,1.0
348,2025-08-05 20:00:08,NHB250805200008.RAWGP34,NHB250805200303.RAWGP38,NHB250805201008.RAWGP3B,NHB250805201304.RAWGP3F,2025-08-05 20:00:08,2025-08-05 20:00:08,NHB250805200008.RAWGP34,Long Range,0.0,2025-08-05 21:00:08,2025-08-05 21:00:08,NHB250805210008.RAWGP4D,Long Range,0.0,2025-08-05 22:00:08,2025-08-05 22:00:07,NHB250805220007.RAWGP5N,Long Range,1.0,2025-08-05 23:00:08,2025-08-05 23:00:07,NHB250805230007.RAWGP6Y,Long Range,1.0
349,2025-08-05 20:20:08,NHB250805202008.RAWGP3J,NHB250805202303.RAWGP3N,NHB250805203008.RAWGP3S,NHB250805203304.RAWGP3W,2025-08-05 20:20:08,2025-08-05 20:20:08,NHB250805202008.RAWGP3J,Long Range,0.0,2025-08-05 21:20:08,2025-08-05 21:20:08,NHB250805212008.RAWGP4U,Long Range,0.0,2025-08-05 22:20:08,2025-08-05 22:20:08,NHB250805222008.RAWGP63,Long Range,0.0,2025-08-05 23:20:08,2025-08-05 23:20:08,NHB250805232008.RAWGP7C,Long Range,0.0
350,2025-08-05 20:40:09,NHB250805204009.RAWGP3Z,NHB250805204303.RAWGP43,NHB250805205009.RAWGP46,NHB250805205304.RAWGP4A,2025-08-05 20:40:09,2025-08-05 20:40:09,NHB250805204009.RAWGP3Z,Long Range,0.0,2025-08-05 21:40:09,2025-08-05 21:40:07,NHB250805214007.RAWGP58,Long Range,2.0,2025-08-05 22:40:09,2025-08-05 22:40:07,NHB250805224007.RAWGP6H,Long Range,2.0,2025-08-05 23:40:09,2025-08-05 23:40:07,NHB250805234007.RAWGP7T,Long Range,2.0
351,2025-08-05 21:00:08,NHB250805210008.RAWGP4D,NHB250805210305.RAWGP4H,NHB250805211008.RAWGP4L,NHB250805211304.RAWGP4R,2025-08-05 21:00:08,2025-08-05 21:00:08,NHB250805210008.RAWGP4D,Long Range,0.0,2025-08-05 22:00:08,2025-08-05 22:00:07,NHB250805220007.RAWGP5N,Long Range,1.0,2025-08-05 23:00:08,2025-08-05 23:00:07,NHB250805230007.RAWGP6Y,Long Range,1.0,2025-08-06 00:00:08,2025-08-06 00:00:08,NHB250806000008.RAWGP87,Long Range,0.0
352,2025-08-05 21:20:08,NHB250805212008.RAWGP4U,NHB250805212304.RAWGP4Y,NHB250805213008.RAWGP51,NHB250805213303.RAWGP55,2025-08-05 21:20:08,2025-08-05 21:20:08,NHB250805212008.RAWGP4U,Long Range,0.0,2025-08-05 22:20:08,2025-08-05 22:20:08,NHB250805222008.RAWGP63,Long Range,0.0,2025-08-05 23:20:08,2025-08-05 23:20:08,NHB250805232008.RAWGP7C,Long Range,0.0,2025-08-06 00:20:08,2025-08-06 00:20:07,NHB250806002007.RAWGP8M,Long Range,1.0
353,2025-08-05 21:40:07,NHB250805214007.RAWGP58,NHB250805214303.RAWGP5C,NHB250805215007.RAWGP5F,NHB250805215304.RAWGP5K,2025-08-05 21:40:07,2025-08-05 21:40:07,NHB250805214007.RAWGP58,Long Range,0.0,2025-08-05 22:40:07,2025-08-05 22:40:07,NHB250805224007.RAWGP6H,Long Range,0.0,2025-08-05 23:40:07,2025-08-05 23:40:07,NHB250805234007.RAWGP7T,Long Range,0.0,2025-08-06 00:40:07,2025-08-06 00:40:09,NHB250806004009.RAWGP92,Long Range,2.0
354,2025-08-05 22:00:07,NHB250805220007.RAWGP5N,NHB250805220304.RAWGP5T,NHB250805221007.RAWGP5W,NHB250805221305.RAWGP60,2025-08-05 22:00:07,2025-08-05 22:00:07,NHB250805220007.RAWGP5N,Long Range,0.0,2025-08-05 23:00:07,2025-08-05 23:00:07,NHB250805230007.RAWGP6Y,Long Range,0.0,2025-08-06 00:00:07,2025-08-06 00:00:08,NHB250806000008.RAWGP87,Long Range,1.0,2025-08-06 01:00:07,2025-08-06 01:00:07,NHB250806010007.RAWGP9G,Long Range,0.0
355,2025-08-05 22:20:08,NHB250805222008.RAWGP63,NHB250805222304.RAWGP67,NHB250805223007.RAWGP6A,NHB250805223304.RAWGP6E,2025-08-05 22:20:08,2025-08-05 22:20:08,NHB250805222008.RAWGP63,Long Range,0.0,2025-08-05 23:20:08,2025-08-05 23:20:08,NHB250805232008.RAWGP7C,Long Range,0.0,2025-08-06 00:20:08,2025-08-06 00:20:07,NHB250806002007.RAWGP8M,Long Range,1.0,2025-08-06 01:20:08,2025-08-06 01:20:08,NHB250806012008.RAWGP9X,Long Range,0.0
356,2025-08-05 22:40:07,NHB250805224007.RAWGP6H,NHB250805224304.RAWGP6M,NHB250805225008.RAWGP6R,NHB250805225303.RAWGP6V,2025-08-05 22:40:07,2025-08-05 22:40:07,NHB250805224007.RAWGP6H,Long Range,0.0,2025-08-05 23:40:07,2025-08-05 23:40:07,NHB250805234007.RAWGP7T,Long Range,0.0,2025-08-06 00:40:07,2025-08-06 00:40:09,NHB250806004009.RAWGP92,Long Range,2.0,2025-08-06 01:40:07,2025-08-06 01:40:08,NHB250806014008.RAWGPAB,Long Range,1.0
357,2025-08-05 23:00:07,NHB250805230007.RAWGP6Y,NHB250805230303.RAWGP72,NHB250805231008.RAWGP75,NHB250805231303.RAWGP79,2025-08-05 23:00:07,2025-08-05 23:00:07,NHB250805230007.RAWGP6Y,Long Range,0.0,2025-08-06 00:00:07,2025-08-06 00:00:08,NHB250806000008.RAWGP87,Long Range,1.0,2025-08-06 01:00:07,2025-08-06 01:00:07,NHB250806010007.RAWGP9G,Long Range,0.0,2025-08-06 02:00:07,2025-08-06 02:00:08,NHB250806020008.RAWGPAS,Long Range,1.0
358,2025-08-05 23:20:08,NHB250805232008.RAWGP7C,NHB250805232303.RAWGP7G,NHB250805233008.RAWGP7K,NHB250805233305.RAWGP7P,2025-08-05 23:20:08,2025-08-05 23:20:08,NHB250805232008.RAWGP7C,Long Range,0.0,2025-08-06 00:20:08,2025-08-06 00:20:07,NHB250806002007.RAWGP8M,Long Range,1.0,2025-08-06 01:20:08,2025-08-06 01:20:08,NHB250806012008.RAWGP9X,Long Range,0.0,2025-08-06 02:20:08,2025-08-06 02:20:08,NHB250806022008.RAWGPB6,Long Range,0.0
359,2025-08-05 23:40:07,NHB250805234007.RAWGP7T,NHB250805234304.RAWGP7X,NHB250805235008.RAWGP80,NHB250805235303.RAWGP84,2025-08-05 23:40:07,2025-08-05 23:40:07,NHB250805234007.RAWGP7T,Long Range,0.0,2025-08-06 00:40:07,2025-08-06 00:40:09,NHB250806004009.RAWGP92,Long Range,2.0,2025-08-06 01:40:07,2025-08-06 01:40:08,NHB250806014008.RAWGPAB,Long Range,1.0,2025-08-06 02:40:07,2025-08-06 02:40:08,NHB250806024008.RAWGPBL,Long Range,1.0
360,2025-08-06 00:00:08,NHB250806000008.RAWGP87,NHB250806000304.RAWGP8B,NHB250806001007.RAWGP8E,NHB250806001303.RAWGP8J,2025-08-06 00:00:08,2025-08-06 00:00:08,NHB250806000008.RAWGP87,Long Range,0.0,2025-08-06 01:00:08,2025-08-06 01:00:07,NHB250806010007.RAWGP9G,Long Range,1.0,2025-08-06 02:00:08,2025-08-06 02:00:08,NHB250806020008.RAWGPAS,Long Range,0.0,2025-08-06 03:00:08,2025-08-06 03:00:07,NHB250806030007.RAWGPC1,Long Range,1.0
361,2025-08-06 00:20:07,NHB250806002007.RAWGP8M,NHB250806002303.RAWGP8S,NHB250806003008.RAWGP8V,NHB250806003303.RAWGP8Z,2025-08-06 00:20:07,2025-08-06 00:20:07,NHB250806002007.RAWGP8M,Long Range,0.0,2025-08-06 01:20:07,2025-08-06 01:20:08,NHB250806012008.RAWGP9X,Long Range,1.0,2025-08-06 02:20:07,2025-08-06 02:20:08,NHB250806022008.RAWGPB6,Long Range,1.0,2025-08-06 03:20:07,2025-08-06 03:20:07,NHB250806032007.RAWGPCF,Long Range,0.0
362,2025-08-06 00:40:09,NHB250806004009.RAWGP92,NHB250806004303.RAWGP96,NHB250806005007.RAWGP99,NHB250806005304.RAWGP9D,2025-08-06 00:40:09,2025-08-06 00:40:09,NHB250806004009.RAWGP92,Long Range,0.0,2025-08-06 01:40:09,2025-08-06 01:40:08,NHB250806014008.RAWGPAB,Long Range,1.0,2025-08-06 02:40:09,2025-08-06 02:40:08,NHB250806024008.RAWGPBL,Long Range,1.0,2025-08-06 03:40:09,2025-08-06 03:40:07,NHB250806034007.RAWGPCW,Long Range,2.0
363,2025-08-06 01:00:07,NHB250806010007.RAWGP9G,NHB250806010303.RAWGP9L,NHB250806011008.RAWGP9P,NHB250806011303.RAWGP9U,2025-08-06 01:00:07,2025-08-06 01:00:07,NHB250806010007.RAWGP9G,Long Range,0.0,2025-08-06 02:00:07,2025-08-06 02:00:08,NHB250806020008.RAWGPAS,Long Range,1.0,2025-08-06 03:00:07,2025-08-06 03:00:07,NHB250806030007.RAWGPC1,Long Range,0.0,2025-08-06 04:00:07,2025-08-06 04:00:08,NHB250806040008.RAWGPDA,Long Range,1.0
364,2025-08-06 01:20:08,NHB250806012008.RAWGP9X,NHB250806012303.RAWGPA1,NHB250806013008.RAWGPA4,NHB250806013304.RAWGPA8,2025-08-06 01:20:08,2025-08-06 01:20:08,NHB250806012008.RAWGP9X,Long Range,0.0,2025-08-06 02:20:08,2025-08-06 02:20:08,NHB250806022008.RAWGPB6,Long Range,0.0,2025-08-06 03:20:08,2025-08-06 03:20:07,NHB250806032007.RAWGPCF,Long Range,1.0,2025-08-06 04:20:08,2025-08-06 04:20:08,NHB250806042008.RAWGPDR,Long Range,0.0
365,2025-08-06 01:40:08,NHB250806014008.RAWGPAB,NHB250806014303.RAWGPAF,NHB250806015008.RAWGPAJ,NHB250806015303.RAWGPAN,2025-08-06 01:40:08,2025-08-06 01:40:08,NHB250806014008.RAWGPAB,Long Range,0.0,2025-08-06 02:40:08,2025-08-06 02:40:08,NHB250806024008.RAWGPBL,Long Range,0.0,2025-08-06 03:40:08,2025-08-06 03:40:07,NHB250806034007.RAWGPCW,Long Range,1.0,2025-08-06 04:40:08,2025-08-06 04:40:07,NHB250806044007.RAWGPE5,Long Range,1.0
366,2025-08-06 02:00:08,NHB250806020008.RAWGPAS,NHB250806020303.RAWGPAW,NHB250806021008.RAWGPAZ,NHB250806021304.RAWGPB3,2025-08-06 02:00:08,2025-08-06 02:00:08,NHB250806020008.RAWGPAS,Long Range,0.0,2025-08-06 03:00:08,2025-08-06 03:00:07,NHB250806030007.RAWGPC1,Long Range,1.0,2025-08-06 04:00:08,2025-08-06 04:00:08,NHB250806040008.RAWGPDA,Long Range,0.0,2025-08-06 05:00:08,2025-08-06 05:00:08,NHB250806050008.RAWGPEK,Long Range,0.0
367,2025-08-06 02:20:08,NHB250806022008.RAWGPB6,NHB250806022304.RAWGPBA,NHB250806023008.RAWGPBD,NHB250806023303.RAWGPBH,2025-08-06 02:20:08,2025-08-06 02:20:08,NHB250806022008.RAWGPB6,Long Range,0.0,2025-08-06 03:20:08,2025-08-06 03:20:07,NHB250806032007.RAWGPCF,Long Range,1.0,2025-08-06 04:20:08,2025-08-06 04:20:08,NHB250806042008.RAWGPDR,Long Range,0.0,2025-08-06 05:20:08,2025-08-06 05:20:07,NHB250806052007.RAWGPF0,Long Range,1.0
368,2025-08-06 02:40:08,NHB250806024008.RAWGPBL,NHB250806024303.RAWGPBR,NHB250806025008.RAWGPBU,NHB250806025303.RAWGPBY,2025-08-06 02:40:08,2025-08-06 02:40:08,NHB250806024008.RAWGPBL,Long Range,0.0,2025-08-06 03:40:08,2025-08-06 03:40:07,NHB250806034007.RAWGPCW,Long Range,1.0,2025-08-06 04:40:08,2025-08-06 04:40:07,NHB250806044007.RAWGPE5,Long Range,1.0,2025-08-06 05:40:08,2025-08-06 05:40:08,NHB250806054008.RAWGPFE,Long Range,0.0
369,2025-08-06 03:00:07,NHB250806030007.RAWGPC1,NHB250806030304.RAWGPC5,NHB250806031008.RAWGPC8,NHB250806031304.RAWGPCC,2025-08-06 03:00:07,2025-08-06 03:00:07,NHB250806030007.RAWGPC1,Long Range,0.0,2025-08-06 04:00:07,2025-08-06 04:00:08,NHB250806040008.RAWGPDA,Long Range,1.0,2025-08-06 05:00:07,2025-08-06 05:00:08,NHB250806050008.RAWGPEK,Long Range,1.0,2025-08-06 06:00:07,2025-08-06 06:00:08,NHB250806060008.RAWGPFV,Long Range,1.0
370,2025-08-06 03:20:07,NHB250806032007.RAWGPCF,NHB250806032304.RAWGPCK,NHB250806033008.RAWGPCN,NHB250806033304.RAWGPCT,2025-08-06 03:20:07,2025-08-06 03:20:07,NHB250806032007.RAWGPCF,Long Range,0.0,2025-08-06 04:20:07,2025-08-06 04:20:08,NHB250806042008.RAWGPDR,Long Range,1.0,2025-08-06 05:20:07,2025-08-06 05:20:07,NHB250806052007.RAWGPF0,Long Range,0.0,2025-08-06 06:20:07,2025-08-06 06:20:07,NHB250806062007.RAWGPG9,Long Range,0.0
371,2025-08-06 03:40:07,NHB250806034007.RAWGPCW,NHB250806034304.RAWGPD0,NHB250806035007.RAWGPD3,NHB250806035303.RAWGPD7,2025-08-06 03:40:07,2025-08-06 03:40:07,NHB250806034007.RAWGPCW,Long Range,0.0,2025-08-06 04:40:07,2025-08-06 04:40:07,NHB250806044007.RAWGPE5,Long Range,0.0,2025-08-06 05:40:07,2025-08-06 05:40:08,NHB250806054008.RAWGPFE,Long Range,1.0,2025-08-06 06:40:07,2025-08-06 06:40:07,NHB250806064007.RAWGPGP,Long Range,0.0
372,2025-08-06 04:00:08,NHB250806040008.RAWGPDA,NHB250806040303.RAWGPDE,NHB250806041008.RAWGPDH,NHB250806041303.RAWGPDM,2025-08-06 04:00:08,2025-08-06 04:00:08,NHB250806040008.RAWGPDA,Long Range,0.0,2025-08-06 05:00:08,2025-08-06 05:00:08,NHB250806050008.RAWGPEK,Long Range,0.0,2025-08-06 06:00:08,2025-08-06 06:00:08,NHB250806060008.RAWGPFV,Long Range,0.0,2025-08-06 07:00:08,2025-08-06 07:00:07,NHB250806070007.RAWGPH4,Long Range,1.0
373,2025-08-06 04:20:08,NHB250806042008.RAWGPDR,NHB250806042304.RAWGPDV,NHB250806043008.RAWGPDY,NHB250806043303.RAWGPE2,2025-08-06 04:20:08,2025-08-06 04:20:08,NHB250806042008.RAWGPDR,Long Range,0.0,2025-08-06 05:20:08,2025-08-06 05:20:07,NHB250806052007.RAWGPF0,Long Range,1.0,2025-08-06 06:20:08,2025-08-06 06:20:07,NHB250806062007.RAWGPG9,Long Range,1.0,2025-08-06 07:20:08,2025-08-06 07:20:08,NHB250806072008.RAWGPHJ,Long Range,0.0
374,2025-08-06 04:40:07,NHB250806044007.RAWGPE5,NHB250806044303.RAWGPE9,NHB250806045007.RAWGPEC,NHB250806045304.RAWGPEG,2025-08-06 04:40:07,2025-08-06 04:40:07,NHB250806044007.RAWGPE5,Long Range,0.0,2025-08-06 05:40:07,2025-08-06 05:40:08,NHB250806054008.RAWGPFE,Long Range,1.0,2025-08-06 06:40:07,2025-08-06 06:40:07,NHB250806064007.RAWGPGP,Long Range,0.0,2025-08-06 07:40:07,2025-08-06 07:40:08,NHB250806074008.RAWGPHZ,Long Range,1.0
375,2025-08-06 05:00:08,NHB250806050008.RAWGPEK,NHB250806050303.RAWGPEP,NHB250806051008.RAWGPET,NHB250806051303.RAWGPEX,2025-08-06 05:00:08,2025-08-06 05:00:08,NHB250806050008.RAWGPEK,Long Range,0.0,2025-08-06 06:00:08,2025-08-06 06:00:08,NHB250806060008.RAWGPFV,Long Range,0.0,2025-08-06 07:00:08,2025-08-06 07:00:07,NHB250806070007.RAWGPH4,Long Range,1.0,2025-08-06 08:00:08,2025-08-06 08:00:07,NHB250806080007.RAWGPJD,Long Range,1.0
376,2025-08-06 05:20:07,NHB250806052007.RAWGPF0,NHB250806052304.RAWGPF4,NHB250806053009.RAWGPF7,NHB250806053304.RAWGPFB,2025-08-06 05:20:07,2025-08-06 05:20:07,NHB250806052007.RAWGPF0,Long Range,0.0,2025-08-06 06:20:07,2025-08-06 06:20:07,NHB250806062007.RAWGPG9,Long Range,0.0,2025-08-06 07:20:07,2025-08-06 07:20:08,NHB250806072008.RAWGPHJ,Long Range,1.0,2025-08-06 08:20:07,2025-08-06 08:20:08,NHB250806082008.RAWGPJU,Long Range,1.0
377,2025-08-06 05:40:08,NHB250806054008.RAWGPFE,NHB250806054304.RAWGPFJ,NHB250806055008.RAWGPFM,NHB250806055303.RAWGPFS,2025-08-06 05:40:08,2025-08-06 05:40:08,NHB250806054008.RAWGPFE,Long Range,0.0,2025-08-06 06:40:08,2025-08-06 06:40:07,NHB250806064007.RAWGPGP,Long Range,1.0,2025-08-06 07:40:08,2025-08-06 07:40:08,NHB250806074008.RAWGPHZ,Long Range,0.0,2025-08-06 08:40:08,2025-08-06 08:40:08,NHB250806084008.RAWGPK8,Long Range,0.0
378,2025-08-06 06:00:08,NHB250806060008.RAWGPFV,NHB250806060304.RAWGPFZ,NHB250806061007.RAWGPG2,NHB250806061304.RAWGPG6,2025-08-06 06:00:08,2025-08-06 06:00:08,NHB250806060008.RAWGPFV,Long Range,0.0,2025-08-06 07:00:08,2025-08-06 07:00:07,NHB250806070007.RAWGPH4,Long Range,1.0,2025-08-06 08:00:08,2025-08-06 08:00:07,NHB250806080007.RAWGPJD,Long Range,1.0,2025-08-06 09:00:08,2025-08-06 09:00:08,NHB250806090008.RAWGPKN,Long Range,0.0
379,2025-08-06 06:20:07,NHB250806062007.RAWGPG9,NHB250806062304.RAWGPGD,NHB250806063008.RAWGPGG,NHB250806063304.RAWGPGL,2025-08-06 06:20:07,2025-08-06 06:20:07,NHB250806062007.RAWGPG9,Long Range,0.0,2025-08-06 07:20:07,2025-08-06 07:20:08,NHB250806072008.RAWGPHJ,Long Range,1.0,2025-08-06 08:20:07,2025-08-06 08:20:08,NHB250806082008.RAWGPJU,Long Range,1.0,2025-08-06 09:20:07,2025-08-06 09:20:08,NHB250806092008.RAWGPL3,Long Range,1.0
380,2025-08-06 06:40:07,NHB250806064007.RAWGPGP,NHB250806064304.RAWGPGU,NHB250806065008.RAWGPGX,NHB250806065304.RAWGPH1,2025-08-06 06:40:07,2025-08-06 06:40:07,NHB250806064007.RAWGPGP,Long Range,0.0,2025-08-06 07:40:07,2025-08-06 07:40:08,NHB250806074008.RAWGPHZ,Long Range,1.0,2025-08-06 08:40:07,2025-08-06 08:40:08,NHB250806084008.RAWGPK8,Long Range,1.0,2025-08-06 09:40:07,2025-08-06 09:40:08,NHB250806094008.RAWGPLH,Long Range,1.0
381,2025-08-06 07:00:07,NHB250806070007.RAWGPH4,NHB250806070303.RAWGPH8,NHB250806071008.RAWGPHB,NHB250806071304.RAWGPHF,2025-08-06 07:00:07,2025-08-06 07:00:07,NHB250806070007.RAWGPH4,Long Range,0.0,2025-08-06 08:00:07,2025-08-06 08:00:07,NHB250806080007.RAWGPJD,Long Range,0.0,2025-08-06 09:00:07,2025-08-06 09:00:08,NHB250806090008.RAWGPKN,Long Range,1.0,2025-08-06 10:00:07,2025-08-06 10:00:08,NHB250806100008.RAWGPLY,Long Range,1.0
382,2025-08-06 07:20:08,NHB250806072008.RAWGPHJ,NHB250806072304.RAWGPHN,NHB250806073008.RAWGPHS,NHB250806073303.RAWGPHW,2025-08-06 07:20:08,2025-08-06 07:20:08,NHB250806072008.RAWGPHJ,Long Range,0.0,2025-08-06 08:20:08,2025-08-06 08:20:08,NHB250806082008.RAWGPJU,Long Range,0.0,2025-08-06 09:20:08,2025-08-06 09:20:08,NHB250806092008.RAWGPL3,Long Range,0.0,2025-08-06 10:20:08,2025-08-06 10:20:07,NHB250806102007.RAWGPMC,Long Range,1.0
383,2025-08-06 07:40:08,NHB250806074008.RAWGPHZ,NHB250806074304.RAWGPJ3,NHB250806075007.RAWGPJ6,NHB250806075303.RAWGPJA,2025-08-06 07:40:08,2025-08-06 07:40:08,NHB250806074008.RAWGPHZ,Long Range,0.0,2025-08-06 08:40:08,2025-08-06 08:40:08,NHB250806084008.RAWGPK8,Long Range,0.0,2025-08-06 09:40:08,2025-08-06 09:40:08,NHB250806094008.RAWGPLH,Long Range,0.0,2025-08-06 10:40:08,2025-08-06 10:40:08,NHB250806104008.RAWGPMT,Long Range,0.0
384,2025-08-06 08:00:07,NHB250806080007.RAWGPJD,NHB250806080303.RAWGPJH,NHB250806081009.RAWGPJL,NHB250806081304.RAWGPJR,2025-08-06 08:00:07,2025-08-06 08:00:07,NHB250806080007.RAWGPJD,Long Range,0.0,2025-08-06 09:00:07,2025-08-06 09:00:08,NHB250806090008.RAWGPKN,Long Range,1.0,2025-08-06 10:00:07,2025-08-06 10:00:08,NHB250806100008.RAWGPLY,Long Range,1.0,2025-08-06 11:00:07,2025-08-06 11:00:07,NHB250806110007.RAWGPN7,Long Range,0.0
385,2025-08-06 08:20:08,NHB250806082008.RAWGPJU,NHB250806082303.RAWGPJY,NHB250806083008.RAWGPK1,NHB250806083303.RAWGPK5,2025-08-06 08:20:08,2025-08-06 08:20:08,NHB250806082008.RAWGPJU,Long Range,0.0,2025-08-06 09:20:08,2025-08-06 09:20:08,NHB250806092008.RAWGPL3,Long Range,0.0,2025-08-06 10:20:08,2025-08-06 10:20:07,NHB250806102007.RAWGPMC,Long Range,1.0,2025-08-06 11:20:08,2025-08-06 11:20:08,NHB250806112008.RAWGPNM,Long Range,0.0
386,2025-08-06 08:40:08,NHB250806084008.RAWGPK8,NHB250806084304.RAWGPKC,NHB250806085007.RAWGPKF,NHB250806085303.RAWGPKK,2025-08-06 08:40:08,2025-08-06 08:40:08,NHB250806084008.RAWGPK8,Long Range,0.0,2025-08-06 09:40:08,2025-08-06 09:40:08,NHB250806094008.RAWGPLH,Long Range,0.0,2025-08-06 10:40:08,2025-08-06 10:40:08,NHB250806104008.RAWGPMT,Long Range,0.0,2025-08-06 11:40:08,2025-08-06 11:40:07,NHB250806114007.RAWGPP2,Long Range,1.0
387,2025-08-06 09:00:08,NHB250806090008.RAWGPKN,NHB250806090303.RAWGPKT,NHB250806091008.RAWGPKW,NHB250806091304.RAWGPL0,2025-08-06 09:00:08,2025-08-06 09:00:08,NHB250806090008.RAWGPKN,Long Range,0.0,2025-08-06 10:00:08,2025-08-06 10:00:08,NHB250806100008.RAWGPLY,Long Range,0.0,2025-08-06 11:00:08,2025-08-06 11:00:07,NHB250806110007.RAWGPN7,Long Range,1.0,2025-08-06 12:00:08,2025-08-06 12:00:08,NHB250806120008.RAWGPPG,Long Range,0.0
388,2025-08-06 09:20:08,NHB250806092008.RAWGPL3,NHB250806092303.RAWGPL7,NHB250806093008.RAWGPLA,NHB250806093304.RAWGPLE,2025-08-06 09:20:08,2025-08-06 09:20:08,NHB250806092008.RAWGPL3,Long Range,0.0,2025-08-06 10:20:08,2025-08-06 10:20:07,NHB250806102007.RAWGPMC,Long Range,1.0,2025-08-06 11:20:08,2025-08-06 11:20:08,NHB250806112008.RAWGPNM,Long Range,0.0,2025-08-06 12:20:08,2025-08-06 12:20:08,NHB250806122008.RAWGPPX,Long Range,0.0
389,2025-08-06 09:40:08,NHB250806094008.RAWGPLH,NHB250806094303.RAWGPLM,NHB250806095009.RAWGPLR,NHB250806095303.RAWGPLV,2025-08-06 09:40:08,2025-08-06 09:40:08,NHB250806094008.RAWGPLH,Long Range,0.0,2025-08-06 10:40:08,2025-08-06 10:40:08,NHB250806104008.RAWGPMT,Long Range,0.0,2025-08-06 11:40:08,2025-08-06 11:40:07,NHB250806114007.RAWGPP2,Long Range,1.0,2025-08-06 12:40:08,2025-08-06 12:40:09,NHB250806124009.RAWGPRB,Long Range,1.0
390,2025-08-06 10:00:08,NHB250806100008.RAWGPLY,NHB250806100303.RAWGPM2,NHB250806101008.RAWGPM5,NHB250806101304.RAWGPM9,2025-08-06 10:00:08,2025-08-06 10:00:08,NHB250806100008.RAWGPLY,Long Range,0.0,2025-08-06 11:00:08,2025-08-06 11:00:07,NHB250806110007.RAWGPN7,Long Range,1.0,2025-08-06 12:00:08,2025-08-06 12:00:08,NHB250806120008.RAWGPPG,Long Range,0.0,2025-08-06 13:00:08,2025-08-06 13:00:08,NHB250806130008.RAWGPRS,Long Range,0.0
391,2025-08-06 10:20:07,NHB250806102007.RAWGPMC,NHB250806102304.RAWGPMG,NHB250806103008.RAWGPMK,NHB250806103304.RAWGPMP,2025-08-06 10:20:07,2025-08-06 10:20:07,NHB250806102007.RAWGPMC,Long Range,0.0,2025-08-06 11:20:07,2025-08-06 11:20:08,NHB250806112008.RAWGPNM,Long Range,1.0,2025-08-06 12:20:07,2025-08-06 12:20:08,NHB250806122008.RAWGPPX,Long Range,1.0,2025-08-06 13:20:07,2025-08-06 13:20:08,NHB250806132008.RAWGPS6,Long Range,1.0
392,2025-08-06 10:40:08,NHB250806104008.RAWGPMT,NHB250806104304.RAWGPMX,NHB250806105007.RAWGPN0,NHB250806105303.RAWGPN4,2025-08-06 10:40:08,2025-08-06 10:40:08,NHB250806104008.RAWGPMT,Long Range,0.0,2025-08-06 11:40:08,2025-08-06 11:40:07,NHB250806114007.RAWGPP2,Long Range,1.0,2025-08-06 12:40:08,2025-08-06 12:40:09,NHB250806124009.RAWGPRB,Long Range,1.0,2025-08-06 13:40:08,2025-08-06 13:40:09,NHB250806134009.RAWGPSL,Long Range,1.0
393,2025-08-06 11:00:07,NHB250806110007.RAWGPN7,NHB250806110305.RAWGPNB,NHB250806111008.RAWGPNE,NHB250806111303.RAWGPNJ,2025-08-06 11:00:07,2025-08-06 11:00:07,NHB250806110007.RAWGPN7,Long Range,0.0,2025-08-06 12:00:07,2025-08-06 12:00:08,NHB250806120008.RAWGPPG,Long Range,1.0,2025-08-06 13:00:07,2025-08-06 13:00:08,NHB250806130008.RAWGPRS,Long Range,1.0,2025-08-06 14:00:07,2025-08-06 14:00:08,NHB250806140008.RAWGPT1,Long Range,1.0
394,2025-08-06 11:20:08,NHB250806112008.RAWGPNM,NHB250806112304.RAWGPNS,NHB250806113007.RAWGPNV,NHB250806113304.RAWGPNZ,2025-08-06 11:20:08,2025-08-06 11:20:08,NHB250806112008.RAWGPNM,Long Range,0.0,2025-08-06 12:20:08,2025-08-06 12:20:08,NHB250806122008.RAWGPPX,Long Range,0.0,2025-08-06 13:20:08,2025-08-06 13:20:08,NHB250806132008.RAWGPS6,Long Range,0.0,2025-08-06 14:20:08,2025-08-06 14:20:08,NHB250806142008.RAWGPTF,Long Range,0.0
395,2025-08-06 11:40:07,NHB250806114007.RAWGPP2,NHB250806114303.RAWGPP6,NHB250806115007.RAWGPP9,NHB250806115304.RAWGPPD,2025-08-06 11:40:07,2025-08-06 11:40:07,NHB250806114007.RAWGPP2,Long Range,0.0,2025-08-06 12:40:07,2025-08-06 12:40:09,NHB250806124009.RAWGPRB,Long Range,2.0,2025-08-06 13:40:07,2025-08-06 13:40:09,NHB250806134009.RAWGPSL,Long Range,2.0,2025-08-06 14:40:07,2025-08-06 14:40:09,NHB250806144009.RAWGPTW,Long Range,2.0
396,2025-08-06 12:00:08,NHB250806120008.RAWGPPG,NHB250806120303.RAWGPPL,NHB250806121008.RAWGPPP,NHB250806121303.RAWGPPU,2025-08-06 12:00:08,2025-08-06 12:00:08,NHB250806120008.RAWGPPG,Long Range,0.0,2025-08-06 13:00:08,2025-08-06 13:00:08,NHB250806130008.RAWGPRS,Long Range,0.0,2025-08-06 14:00:08,2025-08-06 14:00:08,NHB250806140008.RAWGPT1,Long Range,0.0,2025-08-06 15:00:08,2025-08-06 15:00:08,NHB250806150008.RAWGPUA,Long Range,0.0
397,2025-08-06 12:20:08,NHB250806122008.RAWGPPX,NHB250806122303.RAWGPR1,NHB250806123008.RAWGPR4,NHB250806123303.RAWGPR8,2025-08-06 12:20:08,2025-08-06 12:20:08,NHB250806122008.RAWGPPX,Long Range,0.0,2025-08-06 13:20:08,2025-08-06 13:20:08,NHB250806132008.RAWGPS6,Long Range,0.0,2025-08-06 14:20:08,2025-08-06 14:20:08,NHB250806142008.RAWGPTF,Long Range,0.0,2025-08-06 15:20:08,2025-08-06 15:20:08,NHB250806152008.RAWGPUR,Long Range,0.0
398,2025-08-06 12:40:09,NHB250806124009.RAWGPRB,NHB250806124304.RAWGPRF,NHB250806125008.RAWGPRJ,NHB250806125303.RAWGPRN,2025-08-06 12:40:09,2025-08-06 12:40:09,NHB250806124009.RAWGPRB,Long Range,0.0,2025-08-06 13:40:09,2025-08-06 13:40:09,NHB250806134009.RAWGPSL,Long Range,0.0,2025-08-06 14:40:09,2025-08-06 14:40:09,NHB250806144009.RAWGPTW,Long Range,0.0,2025-08-06 15:40:09,2025-08-06 15:40:07,NHB250806154007.RAWGPV5,Long Range,2.0
399,2025-08-06 13:00:08,NHB250806130008.RAWGPRS,NHB250806130304.RAWGPRW,NHB250806131008.RAWGPRZ,NHB250806131303.RAWGPS3,2025-08-06 13:00:08,2025-08-06 13:00:08,NHB250806130008.RAWGPRS,Long Range,0.0,2025-08-06 14:00:08,2025-08-06 14:00:08,NHB250806140008.RAWGPT1,Long Range,0.0,2025-08-06 15:00:08,2025-08-06 15:00:08,NHB250806150008.RAWGPUA,Long Range,0.0,2025-08-06 16:00:08,2025-08-06 16:00:08,NHB250806160008.RAWGPVK,Long Range,0.0
400,2025-08-06 13:20:08,NHB250806132008.RAWGPS6,NHB250806132303.RAWGPSA,NHB250806133007.RAWGPSD,NHB250806133304.RAWGPSH,2025-08-06 13:20:08,2025-08-06 13:20:08,NHB250806132008.RAWGPS6,Long Range,0.0,2025-08-06 14:20:08,2025-08-06 14:20:08,NHB250806142008.RAWGPTF,Long Range,0.0,2025-08-06 15:20:08,2025-08-06 15:20:08,NHB250806152008.RAWGPUR,Long Range,0.0,2025-08-06 16:20:08,2025-08-06 16:20:08,NHB250806162008.RAWGPW0,Long Range,0.0
401,2025-08-06 13:40:09,NHB250806134009.RAWGPSL,NHB250806134303.RAWGPSR,NHB250806135009.RAWGPSU,NHB250806135303.RAWGPSY,2025-08-06 13:40:09,2025-08-06 13:40:09,NHB250806134009.RAWGPSL,Long Range,0.0,2025-08-06 14:40:09,2025-08-06 14:40:09,NHB250806144009.RAWGPTW,Long Range,0.0,2025-08-06 15:40:09,2025-08-06 15:40:07,NHB250806154007.RAWGPV5,Long Range,2.0,2025-08-06 16:40:09,2025-08-06 16:40:08,NHB250806164008.RAWGPWE,Long Range,1.0
402,2025-08-06 14:00:08,NHB250806140008.RAWGPT1,NHB250806140303.RAWGPT5,NHB250806141008.RAWGPT8,NHB250806141303.RAWGPTC,2025-08-06 14:00:08,2025-08-06 14:00:08,NHB250806140008.RAWGPT1,Long Range,0.0,2025-08-06 15:00:08,2025-08-06 15:00:08,NHB250806150008.RAWGPUA,Long Range,0.0,2025-08-06 16:00:08,2025-08-06 16:00:08,NHB250806160008.RAWGPVK,Long Range,0.0,2025-08-06 17:00:08,2025-08-06 17:00:08,NHB250806170008.RAWGPWV,Long Range,0.0
403,2025-08-06 14:20:08,NHB250806142008.RAWGPTF,NHB250806142303.RAWGPTK,NHB250806143007.RAWGPTN,NHB250806143303.RAWGPTT,2025-08-06 14:20:08,2025-08-06 14:20:08,NHB250806142008.RAWGPTF,Long Range,0.0,2025-08-06 15:20:08,2025-08-06 15:20:08,NHB250806152008.RAWGPUR,Long Range,0.0,2025-08-06 16:20:08,2025-08-06 16:20:08,NHB250806162008.RAWGPW0,Long Range,0.0,2025-08-06 17:20:08,2025-08-06 17:20:07,NHB250806172007.RAWGPX9,Long Range,1.0
404,2025-08-06 14:40:09,NHB250806144009.RAWGPTW,NHB250806144304.RAWGPU0,NHB250806145008.RAWGPU3,NHB250806145304.RAWGPU7,2025-08-06 14:40:09,2025-08-06 14:40:09,NHB250806144009.RAWGPTW,Long Range,0.0,2025-08-06 15:40:09,2025-08-06 15:40:07,NHB250806154007.RAWGPV5,Long Range,2.0,2025-08-06 16:40:09,2025-08-06 16:40:08,NHB250806164008.RAWGPWE,Long Range,1.0,2025-08-06 17:40:09,2025-08-06 17:40:08,NHB250806174008.RAWGPXP,Long Range,1.0
405,2025-08-06 15:00:08,NHB250806150008.RAWGPUA,NHB250806150303.RAWGPUE,NHB250806151007.RAWGPUH,NHB250806151304.RAWGPUM,2025-08-06 15:00:08,2025-08-06 15:00:08,NHB250806150008.RAWGPUA,Long Range,0.0,2025-08-06 16:00:08,2025-08-06 16:00:08,NHB250806160008.RAWGPVK,Long Range,0.0,2025-08-06 17:00:08,2025-08-06 17:00:08,NHB250806170008.RAWGPWV,Long Range,0.0,2025-08-06 18:00:08,2025-08-06 18:00:07,NHB250806180007.RAWGPY4,Long Range,1.0
406,2025-08-06 15:20:08,NHB250806152008.RAWGPUR,NHB250806152304.RAWGPUV,NHB250806153008.RAWGPUY,NHB250806153304.RAWGPV2,2025-08-06 15:20:08,2025-08-06 15:20:08,NHB250806152008.RAWGPUR,Long Range,0.0,2025-08-06 16:20:08,2025-08-06 16:20:08,NHB250806162008.RAWGPW0,Long Range,0.0,2025-08-06 17:20:08,2025-08-06 17:20:07,NHB250806172007.RAWGPX9,Long Range,1.0,2025-08-06 18:20:08,2025-08-06 18:20:08,NHB250806182008.RAWGPYJ,Long Range,0.0
407,2025-08-06 15:40:07,NHB250806154007.RAWGPV5,NHB250806154303.RAWGPV9,NHB250806155008.RAWGPVC,NHB250806155304.RAWGPVG,2025-08-06 15:40:07,2025-08-06 15:40:07,NHB250806154007.RAWGPV5,Long Range,0.0,2025-08-06 16:40:07,2025-08-06 16:40:08,NHB250806164008.RAWGPWE,Long Range,1.0,2025-08-06 17:40:07,2025-08-06 17:40:08,NHB250806174008.RAWGPXP,Long Range,1.0,2025-08-06 18:40:07,2025-08-06 18:40:08,NHB250806184008.RAWGPYZ,Long Range,1.0
408,2025-08-06 16:00:08,NHB250806160008.RAWGPVK,NHB250806160303.RAWGPVP,NHB250806161008.RAWGPVT,NHB250806161304.RAWGPVX,2025-08-06 16:00:08,2025-08-06 16:00:08,NHB250806160008.RAWGPVK,Long Range,0.0,2025-08-06 17:00:08,2025-08-06 17:00:08,NHB250806170008.RAWGPWV,Long Range,0.0,2025-08-06 18:00:08,2025-08-06 18:00:07,NHB250806180007.RAWGPY4,Long Range,1.0,2025-08-06 19:00:08,2025-08-06 19:00:08,NHB250806190008.RAWGPZD,Long Range,0.0
409,2025-08-06 16:20:08,NHB250806162008.RAWGPW0,NHB250806162303.RAWGPW4,NHB250806163008.RAWGPW7,NHB250806163304.RAWGPWB,2025-08-06 16:20:08,2025-08-06 16:20:08,NHB250806162008.RAWGPW0,Long Range,0.0,2025-08-06 17:20:08,2025-08-06 17:20:07,NHB250806172007.RAWGPX9,Long Range,1.0,2025-08-06 18:20:08,2025-08-06 18:20:08,NHB250806182008.RAWGPYJ,Long Range,0.0,2025-08-06 19:20:08,2025-08-06 19:20:07,NHB250806192007.RAWGPZU,Long Range,1.0
410,2025-08-06 16:40:08,NHB250806164008.RAWGPWE,NHB250806164304.RAWGPWJ,NHB250806165008.RAWGPWM,NHB250806165304.RAWGPWS,2025-08-06 16:40:08,2025-08-06 16:40:08,NHB250806164008.RAWGPWE,Long Range,0.0,2025-08-06 17:40:08,2025-08-06 17:40:08,NHB250806174008.RAWGPXP,Long Range,0.0,2025-08-06 18:40:08,2025-08-06 18:40:08,NHB250806184008.RAWGPYZ,Long Range,0.0,2025-08-06 19:40:08,2025-08-06 19:40:08,NHB250806194008.RAWGR08,Long Range,0.0
411,2025-08-06 17:00:08,NHB250806170008.RAWGPWV,NHB250806170304.RAWGPWZ,NHB250806171007.RAWGPX2,NHB250806171304.RAWGPX6,2025-08-06 17:00:08,2025-08-06 17:00:08,NHB250806170008.RAWGPWV,Long Range,0.0,2025-08-06 18:00:08,2025-08-06 18:00:07,NHB250806180007.RAWGPY4,Long Range,1.0,2025-08-06 19:00:08,2025-08-06 19:00:08,NHB250806190008.RAWGPZD,Long Range,0.0,2025-08-06 20:00:08,2025-08-06 20:00:08,NHB250806200008.RAWGR0N,Long Range,0.0
412,2025-08-06 17:20:07,NHB250806172007.RAWGPX9,NHB250806172303.RAWGPXD,NHB250806173008.RAWGPXG,NHB250806173305.RAWGPXL,2025-08-06 17:20:07,2025-08-06 17:20:07,NHB250806172007.RAWGPX9,Long Range,0.0,2025-08-06 18:20:07,2025-08-06 18:20:08,NHB250806182008.RAWGPYJ,Long Range,1.0,2025-08-06 19:20:07,2025-08-06 19:20:07,NHB250806192007.RAWGPZU,Long Range,0.0,2025-08-06 20:20:07,2025-08-06 20:20:07,NHB250806202007.RAWGR13,Long Range,0.0
413,2025-08-06 17:40:08,NHB250806174008.RAWGPXP,NHB250806174303.RAWGPXU,NHB250806175007.RAWGPXX,NHB250806175304.RAWGPY1,2025-08-06 17:40:08,2025-08-06 17:40:08,NHB250806174008.RAWGPXP,Long Range,0.0,2025-08-06 18:40:08,2025-08-06 18:40:08,NHB250806184008.RAWGPYZ,Long Range,0.0,2025-08-06 19:40:08,2025-08-06 19:40:08,NHB250806194008.RAWGR08,Long Range,0.0,2025-08-06 20:40:08,2025-08-06 20:40:08,NHB250806204008.RAWGR1H,Long Range,0.0
414,2025-08-06 18:00:07,NHB250806180007.RAWGPY4,NHB250806180303.RAWGPY8,NHB250806181008.RAWGPYB,NHB250806181303.RAWGPYF,2025-08-06 18:00:07,2025-08-06 18:00:07,NHB250806180007.RAWGPY4,Long Range,0.0,2025-08-06 19:00:07,2025-08-06 19:00:08,NHB250806190008.RAWGPZD,Long Range,1.0,2025-08-06 20:00:07,2025-08-06 20:00:08,NHB250806200008.RAWGR0N,Long Range,1.0,2025-08-06 21:00:07,2025-08-06 21:00:08,NHB250806210008.RAWGR1Y,Long Range,1.0
415,2025-08-06 18:20:08,NHB250806182008.RAWGPYJ,NHB250806182303.RAWGPYN,NHB250806183008.RAWGPYS,NHB250806183303.RAWGPYW,2025-08-06 18:20:08,2025-08-06 18:20:08,NHB250806182008.RAWGPYJ,Long Range,0.0,2025-08-06 19:20:08,2025-08-06 19:20:07,NHB250806192007.RAWGPZU,Long Range,1.0,2025-08-06 20:20:08,2025-08-06 20:20:07,NHB250806202007.RAWGR13,Long Range,1.0,2025-08-06 21:20:08,2025-08-06 21:20:08,NHB250806212008.RAWGR2C,Long Range,0.0
416,2025-08-06 18:40:08,NHB250806184008.RAWGPYZ,NHB250806184304.RAWGPZ3,NHB250806185008.RAWGPZ6,NHB250806185303.RAWGPZA,2025-08-06 18:40:08,2025-08-06 18:40:08,NHB250806184008.RAWGPYZ,Long Range,0.0,2025-08-06 19:40:08,2025-08-06 19:40:08,NHB250806194008.RAWGR08,Long Range,0.0,2025-08-06 20:40:08,2025-08-06 20:40:08,NHB250806204008.RAWGR1H,Long Range,0.0,2025-08-06 21:40:08,2025-08-06 21:40:09,NHB250806214009.RAWGR2T,Long Range,1.0
417,2025-08-06 19:00:08,NHB250806190008.RAWGPZD,NHB250806190304.RAWGPZH,NHB250806191007.RAWGPZL,NHB250806191304.RAWGPZR,2025-08-06 19:00:08,2025-08-06 19:00:08,NHB250806190008.RAWGPZD,Long Range,0.0,2025-08-06 20:00:08,2025-08-06 20:00:08,NHB250806200008.RAWGR0N,Long Range,0.0,2025-08-06 21:00:08,2025-08-06 21:00:08,NHB250806210008.RAWGR1Y,Long Range,0.0,2025-08-06 22:00:08,2025-08-06 22:00:08,NHB250806220008.RAWGR37,Long Range,0.0
418,2025-08-06 19:20:07,NHB250806192007.RAWGPZU,NHB250806192304.RAWGPZY,NHB250806193008.RAWGR01,NHB250806193303.RAWGR05,2025-08-06 19:20:07,2025-08-06 19:20:07,NHB250806192007.RAWGPZU,Long Range,0.0,2025-08-06 20:20:07,2025-08-06 20:20:07,NHB250806202007.RAWGR13,Long Range,0.0,2025-08-06 21:20:07,2025-08-06 21:20:08,NHB250806212008.RAWGR2C,Long Range,1.0,2025-08-06 22:20:07,2025-08-06 22:20:08,NHB250806222008.RAWGR3M,Long Range,1.0
419,2025-08-06 19:40:08,NHB250806194008.RAWGR08,NHB250806194304.RAWGR0C,NHB250806195008.RAWGR0F,NHB250806195304.RAWGR0K,2025-08-06 19:40:08,2025-08-06 19:40:08,NHB250806194008.RAWGR08,Long Range,0.0,2025-08-06 20:40:08,2025-08-06 20:40:08,NHB250806204008.RAWGR1H,Long Range,0.0,2025-08-06 21:40:08,2025-08-06 21:40:09,NHB250806214009.RAWGR2T,Long Range,1.0,2025-08-06 22:40:08,2025-08-06 22:40:07,NHB250806224007.RAWGR42,Long Range,1.0
420,2025-08-06 20:00:08,NHB250806200008.RAWGR0N,NHB250806200304.RAWGR0T,NHB250806201007.RAWGR0W,NHB250806201303.RAWGR10,2025-08-06 20:00:08,2025-08-06 20:00:08,NHB250806200008.RAWGR0N,Long Range,0.0,2025-08-06 21:00:08,2025-08-06 21:00:08,NHB250806210008.RAWGR1Y,Long Range,0.0,2025-08-06 22:00:08,2025-08-06 22:00:08,NHB250806220008.RAWGR37,Long Range,0.0,2025-08-06 23:00:08,2025-08-06 23:00:08,NHB250806230008.RAWGR4G,Long Range,0.0
421,2025-08-06 20:20:07,NHB250806202007.RAWGR13,NHB250806202304.RAWGR17,NHB250806203008.RAWGR1A,NHB250806203303.RAWGR1E,2025-08-06 20:20:07,2025-08-06 20:20:07,NHB250806202007.RAWGR13,Long Range,0.0,2025-08-06 21:20:07,2025-08-06 21:20:08,NHB250806212008.RAWGR2C,Long Range,1.0,2025-08-06 22:20:07,2025-08-06 22:20:08,NHB250806222008.RAWGR3M,Long Range,1.0,2025-08-06 23:20:07,2025-08-06 23:20:08,NHB250806232008.RAWGR4X,Long Range,1.0
422,2025-08-06 20:40:08,NHB250806204008.RAWGR1H,NHB250806204304.RAWGR1M,NHB250806205007.RAWGR1R,NHB250806205304.RAWGR1V,2025-08-06 20:40:08,2025-08-06 20:40:08,NHB250806204008.RAWGR1H,Long Range,0.0,2025-08-06 21:40:08,2025-08-06 21:40:09,NHB250806214009.RAWGR2T,Long Range,1.0,2025-08-06 22:40:08,2025-08-06 22:40:07,NHB250806224007.RAWGR42,Long Range,1.0,2025-08-06 23:40:08,2025-08-06 23:40:08,NHB250806234008.RAWGR5B,Long Range,0.0
423,2025-08-06 21:00:08,NHB250806210008.RAWGR1Y,NHB250806210303.RAWGR22,NHB250806211008.RAWGR25,NHB250806211303.RAWGR29,2025-08-06 21:00:08,2025-08-06 21:00:08,NHB250806210008.RAWGR1Y,Long Range,0.0,2025-08-06 22:00:08,2025-08-06 22:00:08,NHB250806220008.RAWGR37,Long Range,0.0,2025-08-06 23:00:08,2025-08-06 23:00:08,NHB250806230008.RAWGR4G,Long Range,0.0,2025-08-07 00:00:08,2025-08-07 00:00:08,NHB250807000008.RAWGR5S,Long Range,0.0
424,2025-08-06 21:20:08,NHB250806212008.RAWGR2C,NHB250806212303.RAWGR2G,NHB250806213008.RAWGR2K,NHB250806213303.RAWGR2P,2025-08-06 21:20:08,2025-08-06 21:20:08,NHB250806212008.RAWGR2C,Long Range,0.0,2025-08-06 22:20:08,2025-08-06 22:20:08,NHB250806222008.RAWGR3M,Long Range,0.0,2025-08-06 23:20:08,2025-08-06 23:20:08,NHB250806232008.RAWGR4X,Long Range,0.0,2025-08-07 00:20:08,2025-08-07 00:20:08,NHB250807002008.RAWGR66,Long Range,0.0
425,2025-08-06 21:40:09,NHB250806214009.RAWGR2T,NHB250806214303.RAWGR2X,NHB250806215008.RAWGR30,NHB250806215304.RAWGR34,2025-08-06 21:40:09,2025-08-06 21:40:09,NHB250806214009.RAWGR2T,Long Range,0.0,2025-08-06 22:40:09,2025-08-06 22:40:07,NHB250806224007.RAWGR42,Long Range,2.0,2025-08-06 23:40:09,2025-08-06 23:40:08,NHB250806234008.RAWGR5B,Long Range,1.0,2025-08-07 00:40:09,2025-08-07 00:40:08,NHB250807004008.RAWGR6L,Long Range,1.0
426,2025-08-06 22:00:08,NHB250806220008.RAWGR37,NHB250806220304.RAWGR3B,NHB250806221008.RAWGR3E,NHB250806221304.RAWGR3J,2025-08-06 22:00:08,2025-08-06 22:00:08,NHB250806220008.RAWGR37,Long Range,0.0,2025-08-06 23:00:08,2025-08-06 23:00:08,NHB250806230008.RAWGR4G,Long Range,0.0,2025-08-07 00:00:08,2025-08-07 00:00:08,NHB250807000008.RAWGR5S,Long Range,0.0,2025-08-07 01:00:08,2025-08-07 01:00:08,NHB250807010008.RAWGR71,Long Range,0.0
427,2025-08-06 22:20:08,NHB250806222008.RAWGR3M,NHB250806222304.RAWGR3S,NHB250806223007.RAWGR3V,NHB250806223304.RAWGR3Z,2025-08-06 22:20:08,2025-08-06 22:20:08,NHB250806222008.RAWGR3M,Long Range,0.0,2025-08-06 23:20:08,2025-08-06 23:20:08,NHB250806232008.RAWGR4X,Long Range,0.0,2025-08-07 00:20:08,2025-08-07 00:20:08,NHB250807002008.RAWGR66,Long Range,0.0,2025-08-07 01:20:08,2025-08-07 01:20:08,NHB250807012008.RAWGR7F,Long Range,0.0
428,2025-08-06 22:40:07,NHB250806224007.RAWGR42,NHB250806224303.RAWGR46,NHB250806225008.RAWGR49,NHB250806225304.RAWGR4D,2025-08-06 22:40:07,2025-08-06 22:40:07,NHB250806224007.RAWGR42,Long Range,0.0,2025-08-06 23:40:07,2025-08-06 23:40:08,NHB250806234008.RAWGR5B,Long Range,1.0,2025-08-07 00:40:07,2025-08-07 00:40:08,NHB250807004008.RAWGR6L,Long Range,1.0,2025-08-07 01:40:07,2025-08-07 01:40:08,NHB250807014008.RAWGR7W,Long Range,1.0
429,2025-08-06 23:00:08,NHB250806230008.RAWGR4G,NHB250806230304.RAWGR4L,NHB250806231007.RAWGR4P,NHB250806231303.RAWGR4U,2025-08-06 23:00:08,2025-08-06 23:00:08,NHB250806230008.RAWGR4G,Long Range,0.0,2025-08-07 00:00:08,2025-08-07 00:00:08,NHB250807000008.RAWGR5S,Long Range,0.0,2025-08-07 01:00:08,2025-08-07 01:00:08,NHB250807010008.RAWGR71,Long Range,0.0,2025-08-07 02:00:08,2025-08-07 02:00:08,NHB250807020008.RAWGR8A,Long Range,0.0
430,2025-08-06 23:20:08,NHB250806232008.RAWGR4X,NHB250806232303.RAWGR51,NHB250806233007.RAWGR54,NHB250806233303.RAWGR58,2025-08-06 23:20:08,2025-08-06 23:20:08,NHB250806232008.RAWGR4X,Long Range,0.0,2025-08-07 00:20:08,2025-08-07 00:20:08,NHB250807002008.RAWGR66,Long Range,0.0,2025-08-07 01:20:08,2025-08-07 01:20:08,NHB250807012008.RAWGR7F,Long Range,0.0,2025-08-07 02:20:08,2025-08-07 02:20:07,NHB250807022007.RAWGR8R,Long Range,1.0
431,2025-08-06 23:40:08,NHB250806234008.RAWGR5B,NHB250806234303.RAWGR5F,NHB250806235007.RAWGR5J,NHB250806235304.RAWGR5N,2025-08-06 23:40:08,2025-08-06 23:40:08,NHB250806234008.RAWGR5B,Long Range,0.0,2025-08-07 00:40:08,2025-08-07 00:40:08,NHB250807004008.RAWGR6L,Long Range,0.0,2025-08-07 01:40:08,2025-08-07 01:40:08,NHB250807014008.RAWGR7W,Long Range,0.0,2025-08-07 02:40:08,2025-08-07 02:40:08,NHB250807024008.RAWGR95,Long Range,0.0
432,2025-08-07 00:00:08,NHB250807000008.RAWGR5S,NHB250807000304.RAWGR5W,NHB250807001008.RAWGR5Z,NHB250807001304.RAWGR63,2025-08-07 00:00:08,2025-08-07 00:00:08,NHB250807000008.RAWGR5S,Long Range,0.0,2025-08-07 01:00:08,2025-08-07 01:00:08,NHB250807010008.RAWGR71,Long Range,0.0,2025-08-07 02:00:08,2025-08-07 02:00:08,NHB250807020008.RAWGR8A,Long Range,0.0,2025-08-07 03:00:08,2025-08-07 03:00:07,NHB250807030007.RAWGR9K,Long Range,1.0
433,2025-08-07 00:20:08,NHB250807002008.RAWGR66,NHB250807002304.RAWGR6A,NHB250807003008.RAWGR6D,NHB250807003304.RAWGR6H,2025-08-07 00:20:08,2025-08-07 00:20:08,NHB250807002008.RAWGR66,Long Range,0.0,2025-08-07 01:20:08,2025-08-07 01:20:08,NHB250807012008.RAWGR7F,Long Range,0.0,2025-08-07 02:20:08,2025-08-07 02:20:07,NHB250807022007.RAWGR8R,Long Range,1.0,2025-08-07 03:20:08,2025-08-07 03:20:08,NHB250807032008.RAWGRA0,Long Range,0.0
434,2025-08-07 00:40:08,NHB250807004008.RAWGR6L,NHB250807004303.RAWGR6R,NHB250807005009.RAWGR6U,NHB250807005303.RAWGR6Y,2025-08-07 00:40:08,2025-08-07 00:40:08,NHB250807004008.RAWGR6L,Long Range,0.0,2025-08-07 01:40:08,2025-08-07 01:40:08,NHB250807014008.RAWGR7W,Long Range,0.0,2025-08-07 02:40:08,2025-08-07 02:40:08,NHB250807024008.RAWGR95,Long Range,0.0,2025-08-07 03:40:08,2025-08-07 03:40:08,NHB250807034008.RAWGRAE,Long Range,0.0
435,2025-08-07 01:00:08,NHB250807010008.RAWGR71,NHB250807010303.RAWGR75,NHB250807011008.RAWGR78,NHB250807011303.RAWGR7C,2025-08-07 01:00:08,2025-08-07 01:00:08,NHB250807010008.RAWGR71,Long Range,0.0,2025-08-07 02:00:08,2025-08-07 02:00:08,NHB250807020008.RAWGR8A,Long Range,0.0,2025-08-07 03:00:08,2025-08-07 03:00:07,NHB250807030007.RAWGR9K,Long Range,1.0,2025-08-07 04:00:08,2025-08-07 04:00:08,NHB250807040008.RAWGRAV,Long Range,0.0
436,2025-08-07 01:20:08,NHB250807012008.RAWGR7F,NHB250807012303.RAWGR7K,NHB250807013007.RAWGR7N,NHB250807013303.RAWGR7T,2025-08-07 01:20:08,2025-08-07 01:20:08,NHB250807012008.RAWGR7F,Long Range,0.0,2025-08-07 02:20:08,2025-08-07 02:20:07,NHB250807022007.RAWGR8R,Long Range,1.0,2025-08-07 03:20:08,2025-08-07 03:20:08,NHB250807032008.RAWGRA0,Long Range,0.0,2025-08-07 04:20:08,2025-08-07 04:20:08,NHB250807042008.RAWGRB9,Long Range,0.0
437,2025-08-07 01:40:08,NHB250807014008.RAWGR7W,NHB250807014303.RAWGR80,NHB250807015007.RAWGR83,NHB250807015304.RAWGR87,2025-08-07 01:40:08,2025-08-07 01:40:08,NHB250807014008.RAWGR7W,Long Range,0.0,2025-08-07 02:40:08,2025-08-07 02:40:08,NHB250807024008.RAWGR95,Long Range,0.0,2025-08-07 03:40:08,2025-08-07 03:40:08,NHB250807034008.RAWGRAE,Long Range,0.0,2025-08-07 04:40:08,2025-08-07 04:40:08,NHB250807044008.RAWGRBP,Long Range,0.0
438,2025-08-07 02:00:08,NHB250807020008.RAWGR8A,NHB250807020304.RAWGR8E,NHB250807021008.RAWGR8H,NHB250807021303.RAWGR8M,2025-08-07 02:00:08,2025-08-07 02:00:08,NHB250807020008.RAWGR8A,Long Range,0.0,2025-08-07 03:00:08,2025-08-07 03:00:07,NHB250807030007.RAWGR9K,Long Range,1.0,2025-08-07 04:00:08,2025-08-07 04:00:08,NHB250807040008.RAWGRAV,Long Range,0.0,2025-08-07 05:00:08,2025-08-07 05:00:07,NHB250807050007.RAWGRC4,Long Range,1.0
439,2025-08-07 02:20:07,NHB250807022007.RAWGR8R,NHB250807022303.RAWGR8V,NHB250807023008.RAWGR8Y,NHB250807023304.RAWGR92,2025-08-07 02:20:07,2025-08-07 02:20:07,NHB250807022007.RAWGR8R,Long Range,0.0,2025-08-07 03:20:07,2025-08-07 03:20:08,NHB250807032008.RAWGRA0,Long Range,1.0,2025-08-07 04:20:07,2025-08-07 04:20:08,NHB250807042008.RAWGRB9,Long Range,1.0,2025-08-07 05:20:07,2025-08-07 05:20:08,NHB250807052008.RAWGRCJ,Long Range,1.0
440,2025-08-07 02:40:08,NHB250807024008.RAWGR95,NHB250807024303.RAWGR99,NHB250807025008.RAWGR9C,NHB250807025303.RAWGR9G,2025-08-07 02:40:08,2025-08-07 02:40:08,NHB250807024008.RAWGR95,Long Range,0.0,2025-08-07 03:40:08,2025-08-07 03:40:08,NHB250807034008.RAWGRAE,Long Range,0.0,2025-08-07 04:40:08,2025-08-07 04:40:08,NHB250807044008.RAWGRBP,Long Range,0.0,2025-08-07 05:40:08,2025-08-07 05:40:07,NHB250807054007.RAWGRCZ,Long Range,1.0
441,2025-08-07 03:00:07,NHB250807030007.RAWGR9K,NHB250807030304.RAWGR9P,NHB250807031007.RAWGR9T,NHB250807031304.RAWGR9X,2025-08-07 03:00:07,2025-08-07 03:00:07,NHB250807030007.RAWGR9K,Long Range,0.0,2025-08-07 04:00:07,2025-08-07 04:00:08,NHB250807040008.RAWGRAV,Long Range,1.0,2025-08-07 05:00:07,2025-08-07 05:00:07,NHB250807050007.RAWGRC4,Long Range,0.0,2025-08-07 06:00:07,2025-08-07 06:00:08,NHB250807060008.RAWGRDD,Long Range,1.0
442,2025-08-07 03:20:08,NHB250807032008.RAWGRA0,NHB250807032303.RAWGRA4,NHB250807033007.RAWGRA7,NHB250807033303.RAWGRAB,2025-08-07 03:20:08,2025-08-07 03:20:08,NHB250807032008.RAWGRA0,Long Range,0.0,2025-08-07 04:20:08,2025-08-07 04:20:08,NHB250807042008.RAWGRB9,Long Range,0.0,2025-08-07 05:20:08,2025-08-07 05:20:08,NHB250807052008.RAWGRCJ,Long Range,0.0,2025-08-07 06:20:08,2025-08-07 06:20:09,NHB250807062009.RAWGRDU,Long Range,1.0
443,2025-08-07 03:40:08,NHB250807034008.RAWGRAE,NHB250807034304.RAWGRAJ,NHB250807035008.RAWGRAM,NHB250807035303.RAWGRAS,2025-08-07 03:40:08,2025-08-07 03:40:08,NHB250807034008.RAWGRAE,Long Range,0.0,2025-08-07 04:40:08,2025-08-07 04:40:08,NHB250807044008.RAWGRBP,Long Range,0.0,2025-08-07 05:40:08,2025-08-07 05:40:07,NHB250807054007.RAWGRCZ,Long Range,1.0,2025-08-07 06:40:08,2025-08-07 06:40:08,NHB250807064008.RAWGRE8,Long Range,0.0
444,2025-08-07 04:00:08,NHB250807040008.RAWGRAV,NHB250807040303.RAWGRAZ,NHB250807041007.RAWGRB2,NHB250807041305.RAWGRB6,2025-08-07 04:00:08,2025-08-07 04:00:08,NHB250807040008.RAWGRAV,Long Range,0.0,2025-08-07 05:00:08,2025-08-07 05:00:07,NHB250807050007.RAWGRC4,Long Range,1.0,2025-08-07 06:00:08,2025-08-07 06:00:08,NHB250807060008.RAWGRDD,Long Range,0.0,2025-08-07 07:00:08,2025-08-07 07:00:09,NHB250807070009.RAWGREN,Long Range,1.0
445,2025-08-07 04:20:08,NHB250807042008.RAWGRB9,NHB250807042303.RAWGRBD,NHB250807043008.RAWGRBG,NHB250807043303.RAWGRBL,2025-08-07 04:20:08,2025-08-07 04:20:08,NHB250807042008.RAWGRB9,Long Range,0.0,2025-08-07 05:20:08,2025-08-07 05:20:08,NHB250807052008.RAWGRCJ,Long Range,0.0,2025-08-07 06:20:08,2025-08-07 06:20:09,NHB250807062009.RAWGRDU,Long Range,1.0,2025-08-07 07:20:08,2025-08-07 07:20:07,NHB250807072007.RAWGRF3,Long Range,1.0
446,2025-08-07 04:40:08,NHB250807044008.RAWGRBP,NHB250807044303.RAWGRBU,NHB250807045008.RAWGRBX,NHB250807045304.RAWGRC1,2025-08-07 04:40:08,2025-08-07 04:40:08,NHB250807044008.RAWGRBP,Long Range,0.0,2025-08-07 05:40:08,2025-08-07 05:40:07,NHB250807054007.RAWGRCZ,Long Range,1.0,2025-08-07 06:40:08,2025-08-07 06:40:08,NHB250807064008.RAWGRE8,Long Range,0.0,2025-08-07 07:40:08,2025-08-07 07:40:08,NHB250807074008.RAWGRFH,Long Range,0.0
447,2025-08-07 05:00:07,NHB250807050007.RAWGRC4,NHB250807050303.RAWGRC8,NHB250807051007.RAWGRCB,NHB250807051303.RAWGRCF,2025-08-07 05:00:07,2025-08-07 05:00:07,NHB250807050007.RAWGRC4,Long Range,0.0,2025-08-07 06:00:07,2025-08-07 06:00:08,NHB250807060008.RAWGRDD,Long Range,1.0,2025-08-07 07:00:07,2025-08-07 07:00:09,NHB250807070009.RAWGREN,Long Range,2.0,2025-08-07 08:00:07,2025-08-07 08:00:07,NHB250807080007.RAWGRFY,Long Range,0.0
448,2025-08-07 05:20:08,NHB250807052008.RAWGRCJ,NHB250807052303.RAWGRCN,NHB250807053008.RAWGRCS,NHB250807053304.RAWGRCW,2025-08-07 05:20:08,2025-08-07 05:20:08,NHB250807052008.RAWGRCJ,Long Range,0.0,2025-08-07 06:20:08,2025-08-07 06:20:09,NHB250807062009.RAWGRDU,Long Range,1.0,2025-08-07 07:20:08,2025-08-07 07:20:07,NHB250807072007.RAWGRF3,Long Range,1.0,2025-08-07 08:20:08,2025-08-07 08:20:08,NHB250807082008.RAWGRGC,Long Range,0.0
449,2025-08-07 05:40:07,NHB250807054007.RAWGRCZ,NHB250807054305.RAWGRD3,NHB250807055008.RAWGRD6,NHB250807055303.RAWGRDA,2025-08-07 05:40:07,2025-08-07 05:40:07,NHB250807054007.RAWGRCZ,Long Range,0.0,2025-08-07 06:40:07,2025-08-07 06:40:08,NHB250807064008.RAWGRE8,Long Range,1.0,2025-08-07 07:40:07,2025-08-07 07:40:08,NHB250807074008.RAWGRFH,Long Range,1.0,2025-08-07 08:40:07,2025-08-07 08:40:08,NHB250807084008.RAWGRGT,Long Range,1.0
450,2025-08-07 06:00:08,NHB250807060008.RAWGRDD,NHB250807060303.RAWGRDH,NHB250807061007.RAWGRDL,NHB250807061304.RAWGRDR,2025-08-07 06:00:08,2025-08-07 06:00:08,NHB250807060008.RAWGRDD,Long Range,0.0,2025-08-07 07:00:08,2025-08-07 07:00:09,NHB250807070009.RAWGREN,Long Range,1.0,2025-08-07 08:00:08,2025-08-07 08:00:07,NHB250807080007.RAWGRFY,Long Range,1.0,2025-08-07 09:00:08,2025-08-07 09:00:08,NHB250807090008.RAWGRH7,Long Range,0.0
451,2025-08-07 06:20:09,NHB250807062009.RAWGRDU,NHB250807062303.RAWGRDY,NHB250807063008.RAWGRE1,NHB250807063303.RAWGRE5,2025-08-07 06:20:09,2025-08-07 06:20:09,NHB250807062009.RAWGRDU,Long Range,0.0,2025-08-07 07:20:09,2025-08-07 07:20:07,NHB250807072007.RAWGRF3,Long Range,2.0,2025-08-07 08:20:09,2025-08-07 08:20:08,NHB250807082008.RAWGRGC,Long Range,1.0,2025-08-07 09:20:09,2025-08-07 09:20:08,NHB250807092008.RAWGRHM,Long Range,1.0
452,2025-08-07 06:40:08,NHB250807064008.RAWGRE8,NHB250807064303.RAWGREC,NHB250807065007.RAWGREF,NHB250807065303.RAWGREK,2025-08-07 06:40:08,2025-08-07 06:40:08,NHB250807064008.RAWGRE8,Long Range,0.0,2025-08-07 07:40:08,2025-08-07 07:40:08,NHB250807074008.RAWGRFH,Long Range,0.0,2025-08-07 08:40:08,2025-08-07 08:40:08,NHB250807084008.RAWGRGT,Long Range,0.0,2025-08-07 09:40:08,2025-08-07 09:40:08,NHB250807094008.RAWGRJ2,Long Range,0.0
453,2025-08-07 07:00:09,NHB250807070009.RAWGREN,NHB250807070303.RAWGRET,NHB250807071008.RAWGREW,NHB250807071303.RAWGRF0,2025-08-07 07:00:09,2025-08-07 07:00:09,NHB250807070009.RAWGREN,Long Range,0.0,2025-08-07 08:00:09,2025-08-07 08:00:07,NHB250807080007.RAWGRFY,Long Range,2.0,2025-08-07 09:00:09,2025-08-07 09:00:08,NHB250807090008.RAWGRH7,Long Range,1.0,2025-08-07 10:00:09,2025-08-07 10:00:07,NHB250807100007.RAWGRJG,Long Range,2.0
454,2025-08-07 07:20:07,NHB250807072007.RAWGRF3,NHB250807072304.RAWGRF7,NHB250807073008.RAWGRFA,NHB250807073303.RAWGRFE,2025-08-07 07:20:07,2025-08-07 07:20:07,NHB250807072007.RAWGRF3,Long Range,0.0,2025-08-07 08:20:07,2025-08-07 08:20:08,NHB250807082008.RAWGRGC,Long Range,1.0,2025-08-07 09:20:07,2025-08-07 09:20:08,NHB250807092008.RAWGRHM,Long Range,1.0,2025-08-07 10:20:07,2025-08-07 10:20:07,NHB250807102007.RAWGRJX,Long Range,0.0
455,2025-08-07 07:40:08,NHB250807074008.RAWGRFH,NHB250807074304.RAWGRFM,NHB250807075007.RAWGRFR,NHB250807075303.RAWGRFV,2025-08-07 07:40:08,2025-08-07 07:40:08,NHB250807074008.RAWGRFH,Long Range,0.0,2025-08-07 08:40:08,2025-08-07 08:40:08,NHB250807084008.RAWGRGT,Long Range,0.0,2025-08-07 09:40:08,2025-08-07 09:40:08,NHB250807094008.RAWGRJ2,Long Range,0.0,2025-08-07 10:40:08,2025-08-07 10:40:07,NHB250807104007.RAWGRKB,Long Range,1.0
456,2025-08-07 08:00:07,NHB250807080007.RAWGRFY,NHB250807080303.RAWGRG2,NHB250807081007.RAWGRG5,NHB250807081303.RAWGRG9,2025-08-07 08:00:07,2025-08-07 08:00:07,NHB250807080007.RAWGRFY,Long Range,0.0,2025-08-07 09:00:07,2025-08-07 09:00:08,NHB250807090008.RAWGRH7,Long Range,1.0,2025-08-07 10:00:07,2025-08-07 10:00:07,NHB250807100007.RAWGRJG,Long Range,0.0,2025-08-07 11:00:07,2025-08-07 11:00:07,NHB250807110007.RAWGRKS,Long Range,0.0
457,2025-08-07 08:20:08,NHB250807082008.RAWGRGC,NHB250807082304.RAWGRGG,NHB250807083007.RAWGRGK,NHB250807083304.RAWGRGP,2025-08-07 08:20:08,2025-08-07 08:20:08,NHB250807082008.RAWGRGC,Long Range,0.0,2025-08-07 09:20:08,2025-08-07 09:20:08,NHB250807092008.RAWGRHM,Long Range,0.0,2025-08-07 10:20:08,2025-08-07 10:20:07,NHB250807102007.RAWGRJX,Long Range,1.0,2025-08-07 11:20:08,2025-08-07 11:20:07,NHB250807112007.RAWGRL6,Long Range,1.0
458,2025-08-07 08:40:08,NHB250807084008.RAWGRGT,NHB250807084303.RAWGRGX,NHB250807085008.RAWGRH0,NHB250807085304.RAWGRH4,2025-08-07 08:40:08,2025-08-07 08:40:08,NHB250807084008.RAWGRGT,Long Range,0.0,2025-08-07 09:40:08,2025-08-07 09:40:08,NHB250807094008.RAWGRJ2,Long Range,0.0,2025-08-07 10:40:08,2025-08-07 10:40:07,NHB250807104007.RAWGRKB,Long Range,1.0,2025-08-07 11:40:08,2025-08-07 11:40:07,NHB250807114007.RAWGRLL,Long Range,1.0
459,2025-08-07 09:00:08,NHB250807090008.RAWGRH7,NHB250807090304.RAWGRHB,NHB250807091008.RAWGRHE,NHB250807091304.RAWGRHJ,2025-08-07 09:00:08,2025-08-07 09:00:08,NHB250807090008.RAWGRH7,Long Range,0.0,2025-08-07 10:00:08,2025-08-07 10:00:07,NHB250807100007.RAWGRJG,Long Range,1.0,2025-08-07 11:00:08,2025-08-07 11:00:07,NHB250807110007.RAWGRKS,Long Range,1.0,2025-08-07 12:00:08,2025-08-07 12:00:08,NHB250807120008.RAWGRM1,Long Range,0.0
460,2025-08-07 09:20:08,NHB250807092008.RAWGRHM,NHB250807092303.RAWGRHS,NHB250807093007.RAWGRHV,NHB250807093304.RAWGRHZ,2025-08-07 09:20:08,2025-08-07 09:20:08,NHB250807092008.RAWGRHM,Long Range,0.0,2025-08-07 10:20:08,2025-08-07 10:20:07,NHB250807102007.RAWGRJX,Long Range,1.0,2025-08-07 11:20:08,2025-08-07 11:20:07,NHB250807112007.RAWGRL6,Long Range,1.0,2025-08-07 12:20:08,2025-08-07 12:20:08,NHB250807122008.RAWGRMF,Long Range,0.0
461,2025-08-07 09:40:08,NHB250807094008.RAWGRJ2,NHB250807094304.RAWGRJ6,NHB250807095007.RAWGRJ9,NHB250807095304.RAWGRJD,2025-08-07 09:40:08,2025-08-07 09:40:08,NHB250807094008.RAWGRJ2,Long Range,0.0,2025-08-07 10:40:08,2025-08-07 10:40:07,NHB250807104007.RAWGRKB,Long Range,1.0,2025-08-07 11:40:08,2025-08-07 11:40:07,NHB250807114007.RAWGRLL,Long Range,1.0,2025-08-07 12:40:08,2025-08-07 12:40:07,NHB250807124007.RAWGRMW,Long Range,1.0
462,2025-08-07 10:00:07,NHB250807100007.RAWGRJG,NHB250807100304.RAWGRJL,NHB250807101007.RAWGRJP,NHB250807101303.RAWGRJU,2025-08-07 10:00:07,2025-08-07 10:00:07,NHB250807100007.RAWGRJG,Long Range,0.0,2025-08-07 11:00:07,2025-08-07 11:00:07,NHB250807110007.RAWGRKS,Long Range,0.0,2025-08-07 12:00:07,2025-08-07 12:00:08,NHB250807120008.RAWGRM1,Long Range,1.0,2025-08-07 13:00:07,2025-08-07 13:00:08,NHB250807130008.RAWGRNA,Long Range,1.0
463,2025-08-07 10:20:07,NHB250807102007.RAWGRJX,NHB250807102304.RAWGRK1,NHB250807103007.RAWGRK4,NHB250807103303.RAWGRK8,2025-08-07 10:20:07,2025-08-07 10:20:07,NHB250807102007.RAWGRJX,Long Range,0.0,2025-08-07 11:20:07,2025-08-07 11:20:07,NHB250807112007.RAWGRL6,Long Range,0.0,2025-08-07 12:20:07,2025-08-07 12:20:08,NHB250807122008.RAWGRMF,Long Range,1.0,2025-08-07 13:20:07,2025-08-07 13:20:08,NHB250807132008.RAWGRNR,Long Range,1.0
464,2025-08-07 10:40:07,NHB250807104007.RAWGRKB,NHB250807104303.RAWGRKF,NHB250807105009.RAWGRKJ,NHB250807105303.RAWGRKN,2025-08-07 10:40:07,2025-08-07 10:40:07,NHB250807104007.RAWGRKB,Long Range,0.0,2025-08-07 11:40:07,2025-08-07 11:40:07,NHB250807114007.RAWGRLL,Long Range,0.0,2025-08-07 12:40:07,2025-08-07 12:40:07,NHB250807124007.RAWGRMW,Long Range,0.0,2025-08-07 13:40:07,2025-08-07 13:40:09,NHB250807134009.RAWGRP5,Long Range,2.0
465,2025-08-07 11:00:07,NHB250807110007.RAWGRKS,NHB250807110304.RAWGRKW,NHB250807111008.RAWGRKZ,NHB250807111304.RAWGRL3,2025-08-07 11:00:07,2025-08-07 11:00:07,NHB250807110007.RAWGRKS,Long Range,0.0,2025-08-07 12:00:07,2025-08-07 12:00:08,NHB250807120008.RAWGRM1,Long Range,1.0,2025-08-07 13:00:07,2025-08-07 13:00:08,NHB250807130008.RAWGRNA,Long Range,1.0,2025-08-07 14:00:07,2025-08-07 14:00:07,NHB250807140007.RAWGRPK,Long Range,0.0
466,2025-08-07 11:20:07,NHB250807112007.RAWGRL6,NHB250807112303.RAWGRLA,NHB250807113008.RAWGRLD,NHB250807113304.RAWGRLH,2025-08-07 11:20:07,2025-08-07 11:20:07,NHB250807112007.RAWGRL6,Long Range,0.0,2025-08-07 12:20:07,2025-08-07 12:20:08,NHB250807122008.RAWGRMF,Long Range,1.0,2025-08-07 13:20:07,2025-08-07 13:20:08,NHB250807132008.RAWGRNR,Long Range,1.0,2025-08-07 14:20:07,2025-08-07 14:20:08,NHB250807142008.RAWGRR0,Long Range,1.0
467,2025-08-07 11:40:07,NHB250807114007.RAWGRLL,NHB250807114305.RAWGRLR,NHB250807115007.RAWGRLU,NHB250807115303.RAWGRLY,2025-08-07 11:40:07,2025-08-07 11:40:07,NHB250807114007.RAWGRLL,Long Range,0.0,2025-08-07 12:40:07,2025-08-07 12:40:07,NHB250807124007.RAWGRMW,Long Range,0.0,2025-08-07 13:40:07,2025-08-07 13:40:09,NHB250807134009.RAWGRP5,Long Range,2.0,2025-08-07 14:40:07,2025-08-07 14:40:08,NHB250807144008.RAWGRRE,Long Range,1.0
468,2025-08-07 12:00:08,NHB250807120008.RAWGRM1,NHB250807120303.RAWGRM5,NHB250807121008.RAWGRM8,NHB250807121303.RAWGRMC,2025-08-07 12:00:08,2025-08-07 12:00:08,NHB250807120008.RAWGRM1,Long Range,0.0,2025-08-07 13:00:08,2025-08-07 13:00:08,NHB250807130008.RAWGRNA,Long Range,0.0,2025-08-07 14:00:08,2025-08-07 14:00:07,NHB250807140007.RAWGRPK,Long Range,1.0,2025-08-07 15:00:08,2025-08-07 15:00:09,NHB250807150009.RAWGRRV,Long Range,1.0
469,2025-08-07 12:20:08,NHB250807122008.RAWGRMF,NHB250807122303.RAWGRMK,NHB250807123008.RAWGRMN,NHB250807123303.RAWGRMT,2025-08-07 12:20:08,2025-08-07 12:20:08,NHB250807122008.RAWGRMF,Long Range,0.0,2025-08-07 13:20:08,2025-08-07 13:20:08,NHB250807132008.RAWGRNR,Long Range,0.0,2025-08-07 14:20:08,2025-08-07 14:20:08,NHB250807142008.RAWGRR0,Long Range,0.0,2025-08-07 15:20:08,2025-08-07 15:20:07,NHB250807152007.RAWGRS9,Long Range,1.0
470,2025-08-07 12:40:07,NHB250807124007.RAWGRMW,NHB250807124303.RAWGRN0,NHB250807125008.RAWGRN3,NHB250807125304.RAWGRN7,2025-08-07 12:40:07,2025-08-07 12:40:07,NHB250807124007.RAWGRMW,Long Range,0.0,2025-08-07 13:40:07,2025-08-07 13:40:09,NHB250807134009.RAWGRP5,Long Range,2.0,2025-08-07 14:40:07,2025-08-07 14:40:08,NHB250807144008.RAWGRRE,Long Range,1.0,2025-08-07 15:40:07,2025-08-07 15:40:09,NHB250807154009.RAWGRSP,Long Range,2.0
471,2025-08-07 13:00:08,NHB250807130008.RAWGRNA,NHB250807130303.RAWGRNE,NHB250807131008.RAWGRNH,NHB250807131304.RAWGRNM,2025-08-07 13:00:08,2025-08-07 13:00:08,NHB250807130008.RAWGRNA,Long Range,0.0,2025-08-07 14:00:08,2025-08-07 14:00:07,NHB250807140007.RAWGRPK,Long Range,1.0,2025-08-07 15:00:08,2025-08-07 15:00:09,NHB250807150009.RAWGRRV,Long Range,1.0,2025-08-07 16:00:08,2025-08-07 16:00:08,NHB250807160008.RAWGRT4,Long Range,0.0
472,2025-08-07 13:20:08,NHB250807132008.RAWGRNR,NHB250807132303.RAWGRNV,NHB250807133008.RAWGRNY,NHB250807133304.RAWGRP2,2025-08-07 13:20:08,2025-08-07 13:20:08,NHB250807132008.RAWGRNR,Long Range,0.0,2025-08-07 14:20:08,2025-08-07 14:20:08,NHB250807142008.RAWGRR0,Long Range,0.0,2025-08-07 15:20:08,2025-08-07 15:20:07,NHB250807152007.RAWGRS9,Long Range,1.0,2025-08-07 16:20:08,2025-08-07 16:20:07,NHB250807162007.RAWGRTJ,Long Range,1.0
473,2025-08-07 13:40:09,NHB250807134009.RAWGRP5,NHB250807134304.RAWGRP9,NHB250807135007.RAWGRPC,NHB250807135305.RAWGRPG,2025-08-07 13:40:09,2025-08-07 13:40:09,NHB250807134009.RAWGRP5,Long Range,0.0,2025-08-07 14:40:09,2025-08-07 14:40:08,NHB250807144008.RAWGRRE,Long Range,1.0,2025-08-07 15:40:09,2025-08-07 15:40:09,NHB250807154009.RAWGRSP,Long Range,0.0,2025-08-07 16:40:09,2025-08-07 16:40:07,NHB250807164007.RAWGRTZ,Long Range,2.0
474,2025-08-07 14:00:07,NHB250807140007.RAWGRPK,NHB250807140303.RAWGRPP,NHB250807141008.RAWGRPT,NHB250807141304.RAWGRPX,2025-08-07 14:00:07,2025-08-07 14:00:07,NHB250807140007.RAWGRPK,Long Range,0.0,2025-08-07 15:00:07,2025-08-07 15:00:09,NHB250807150009.RAWGRRV,Long Range,2.0,2025-08-07 16:00:07,2025-08-07 16:00:08,NHB250807160008.RAWGRT4,Long Range,1.0,2025-08-07 17:00:07,2025-08-07 17:00:07,NHB250807170007.RAWGRUD,Long Range,0.0
475,2025-08-07 14:20:08,NHB250807142008.RAWGRR0,NHB250807142303.RAWGRR4,NHB250807143008.RAWGRR7,NHB250807143303.RAWGRRB,2025-08-07 14:20:08,2025-08-07 14:20:08,NHB250807142008.RAWGRR0,Long Range,0.0,2025-08-07 15:20:08,2025-08-07 15:20:07,NHB250807152007.RAWGRS9,Long Range,1.0,2025-08-07 16:20:08,2025-08-07 16:20:07,NHB250807162007.RAWGRTJ,Long Range,1.0,2025-08-07 17:20:08,2025-08-07 17:20:08,NHB250807172008.RAWGRUU,Long Range,0.0
476,2025-08-07 14:40:08,NHB250807144008.RAWGRRE,NHB250807144303.RAWGRRJ,NHB250807145008.RAWGRRM,NHB250807145303.RAWGRRS,2025-08-07 14:40:08,2025-08-07 14:40:08,NHB250807144008.RAWGRRE,Long Range,0.0,2025-08-07 15:40:08,2025-08-07 15:40:09,NHB250807154009.RAWGRSP,Long Range,1.0,2025-08-07 16:40:08,2025-08-07 16:40:07,NHB250807164007.RAWGRTZ,Long Range,1.0,2025-08-07 17:40:08,2025-08-07 17:40:08,NHB250807174008.RAWGRV8,Long Range,0.0
477,2025-08-07 15:00:09,NHB250807150009.RAWGRRV,NHB250807150303.RAWGRRZ,NHB250807151008.RAWGRS2,NHB250807151304.RAWGRS6,2025-08-07 15:00:09,2025-08-07 15:00:09,NHB250807150009.RAWGRRV,Long Range,0.0,2025-08-07 16:00:09,2025-08-07 16:00:08,NHB250807160008.RAWGRT4,Long Range,1.0,2025-08-07 17:00:09,2025-08-07 17:00:07,NHB250807170007.RAWGRUD,Long Range,2.0,2025-08-07 18:00:09,2025-08-07 18:00:07,NHB250807180007.RAWGRVN,Long Range,2.0
478,2025-08-07 15:20:07,NHB250807152007.RAWGRS9,NHB250807152304.RAWGRSD,NHB250807153008.RAWGRSG,NHB250807153304.RAWGRSL,2025-08-07 15:20:07,2025-08-07 15:20:07,NHB250807152007.RAWGRS9,Long Range,0.0,2025-08-07 16:20:07,2025-08-07 16:20:07,NHB250807162007.RAWGRTJ,Long Range,0.0,2025-08-07 17:20:07,2025-08-07 17:20:08,NHB250807172008.RAWGRUU,Long Range,1.0,2025-08-07 18:20:07,2025-08-07 18:20:07,NHB250807182007.RAWGRW3,Long Range,0.0
479,2025-08-07 15:40:09,NHB250807154009.RAWGRSP,NHB250807154303.RAWGRSU,NHB250807155007.RAWGRSX,NHB250807155304.RAWGRT1,2025-08-07 15:40:09,2025-08-07 15:40:09,NHB250807154009.RAWGRSP,Long Range,0.0,2025-08-07 16:40:09,2025-08-07 16:40:07,NHB250807164007.RAWGRTZ,Long Range,2.0,2025-08-07 17:40:09,2025-08-07 17:40:08,NHB250807174008.RAWGRV8,Long Range,1.0,2025-08-07 18:40:09,2025-08-07 18:40:08,NHB250807184008.RAWGRWH,Long Range,1.0
480,2025-08-07 16:00:08,NHB250807160008.RAWGRT4,NHB250807160304.RAWGRT8,NHB250807161008.RAWGRTB,NHB250807161303.RAWGRTF,2025-08-07 16:00:08,2025-08-07 16:00:08,NHB250807160008.RAWGRT4,Long Range,0.0,2025-08-07 17:00:08,2025-08-07 17:00:07,NHB250807170007.RAWGRUD,Long Range,1.0,2025-08-07 18:00:08,2025-08-07 18:00:07,NHB250807180007.RAWGRVN,Long Range,1.0,2025-08-07 19:00:08,2025-08-07 19:00:08,NHB250807190008.RAWGRWY,Long Range,0.0
481,2025-08-07 16:20:07,NHB250807162007.RAWGRTJ,NHB250807162304.RAWGRTN,NHB250807163008.RAWGRTS,NHB250807163304.RAWGRTW,2025-08-07 16:20:07,2025-08-07 16:20:07,NHB250807162007.RAWGRTJ,Long Range,0.0,2025-08-07 17:20:07,2025-08-07 17:20:08,NHB250807172008.RAWGRUU,Long Range,1.0,2025-08-07 18:20:07,2025-08-07 18:20:07,NHB250807182007.RAWGRW3,Long Range,0.0,2025-08-07 19:20:07,2025-08-07 19:20:07,NHB250807192007.RAWGRXC,Long Range,0.0
482,2025-08-07 16:40:07,NHB250807164007.RAWGRTZ,NHB250807164304.RAWGRU3,NHB250807165008.RAWGRU6,NHB250807165304.RAWGRUA,2025-08-07 16:40:07,2025-08-07 16:40:07,NHB250807164007.RAWGRTZ,Long Range,0.0,2025-08-07 17:40:07,2025-08-07 17:40:08,NHB250807174008.RAWGRV8,Long Range,1.0,2025-08-07 18:40:07,2025-08-07 18:40:08,NHB250807184008.RAWGRWH,Long Range,1.0,2025-08-07 19:40:07,2025-08-07 19:40:08,NHB250807194008.RAWGRXT,Long Range,1.0
483,2025-08-07 17:00:07,NHB250807170007.RAWGRUD,NHB250807170304.RAWGRUH,NHB250807171008.RAWGRUL,NHB250807171303.RAWGRUR,2025-08-07 17:00:07,2025-08-07 17:00:07,NHB250807170007.RAWGRUD,Long Range,0.0,2025-08-07 18:00:07,2025-08-07 18:00:07,NHB250807180007.RAWGRVN,Long Range,0.0,2025-08-07 19:00:07,2025-08-07 19:00:08,NHB250807190008.RAWGRWY,Long Range,1.0,2025-08-07 20:00:07,2025-08-07 20:00:07,NHB250807200007.RAWGRY7,Long Range,0.0
484,2025-08-07 17:20:08,NHB250807172008.RAWGRUU,NHB250807172303.RAWGRUY,NHB250807173008.RAWGRV1,NHB250807173304.RAWGRV5,2025-08-07 17:20:08,2025-08-07 17:20:08,NHB250807172008.RAWGRUU,Long Range,0.0,2025-08-07 18:20:08,2025-08-07 18:20:07,NHB250807182007.RAWGRW3,Long Range,1.0,2025-08-07 19:20:08,2025-08-07 19:20:07,NHB250807192007.RAWGRXC,Long Range,1.0,2025-08-07 20:20:08,2025-08-07 20:20:07,NHB250807202007.RAWGRYM,Long Range,1.0
485,2025-08-07 17:40:08,NHB250807174008.RAWGRV8,NHB250807174304.RAWGRVC,NHB250807175008.RAWGRVF,NHB250807175303.RAWGRVK,2025-08-07 17:40:08,2025-08-07 17:40:08,NHB250807174008.RAWGRV8,Long Range,0.0,2025-08-07 18:40:08,2025-08-07 18:40:08,NHB250807184008.RAWGRWH,Long Range,0.0,2025-08-07 19:40:08,2025-08-07 19:40:08,NHB250807194008.RAWGRXT,Long Range,0.0,2025-08-07 20:40:08,2025-08-07 20:40:07,NHB250807204007.RAWGRZ2,Long Range,1.0
486,2025-08-07 18:00:07,NHB250807180007.RAWGRVN,NHB250807180303.RAWGRVT,NHB250807181008.RAWGRVW,NHB250807181304.RAWGRW0,2025-08-07 18:00:07,2025-08-07 18:00:07,NHB250807180007.RAWGRVN,Long Range,0.0,2025-08-07 19:00:07,2025-08-07 19:00:08,NHB250807190008.RAWGRWY,Long Range,1.0,2025-08-07 20:00:07,2025-08-07 20:00:07,NHB250807200007.RAWGRY7,Long Range,0.0,2025-08-07 21:00:07,2025-08-07 21:00:08,NHB250807210008.RAWGRZG,Long Range,1.0
487,2025-08-07 18:20:07,NHB250807182007.RAWGRW3,NHB250807182303.RAWGRW7,NHB250807183008.RAWGRWA,NHB250807183303.RAWGRWE,2025-08-07 18:20:07,2025-08-07 18:20:07,NHB250807182007.RAWGRW3,Long Range,0.0,2025-08-07 19:20:07,2025-08-07 19:20:07,NHB250807192007.RAWGRXC,Long Range,0.0,2025-08-07 20:20:07,2025-08-07 20:20:07,NHB250807202007.RAWGRYM,Long Range,0.0,2025-08-07 21:20:07,2025-08-07 21:20:08,NHB250807212008.RAWGRZX,Long Range,1.0
488,2025-08-07 18:40:08,NHB250807184008.RAWGRWH,NHB250807184303.RAWGRWM,NHB250807185009.RAWGRWR,NHB250807185303.RAWGRWV,2025-08-07 18:40:08,2025-08-07 18:40:08,NHB250807184008.RAWGRWH,Long Range,0.0,2025-08-07 19:40:08,2025-08-07 19:40:08,NHB250807194008.RAWGRXT,Long Range,0.0,2025-08-07 20:40:08,2025-08-07 20:40:07,NHB250807204007.RAWGRZ2,Long Range,1.0,2025-08-07 21:40:08,2025-08-07 21:40:08,NHB250807214008.RAWGS0B,Long Range,0.0
489,2025-08-07 19:00:08,NHB250807190008.RAWGRWY,NHB250807190304.RAWGRX2,NHB250807191007.RAWGRX5,NHB250807191304.RAWGRX9,2025-08-07 19:00:08,2025-08-07 19:00:08,NHB250807190008.RAWGRWY,Long Range,0.0,2025-08-07 20:00:08,2025-08-07 20:00:07,NHB250807200007.RAWGRY7,Long Range,1.0,2025-08-07 21:00:08,2025-08-07 21:00:08,NHB250807210008.RAWGRZG,Long Range,0.0,2025-08-07 22:00:08,2025-08-07 22:00:08,NHB250807220008.RAWGS0S,Long Range,0.0
490,2025-08-07 19:20:07,NHB250807192007.RAWGRXC,NHB250807192304.RAWGRXG,NHB250807193008.RAWGRXK,NHB250807193303.RAWGRXP,2025-08-07 19:20:07,2025-08-07 19:20:07,NHB250807192007.RAWGRXC,Long Range,0.0,2025-08-07 20:20:07,2025-08-07 20:20:07,NHB250807202007.RAWGRYM,Long Range,0.0,2025-08-07 21:20:07,2025-08-07 21:20:08,NHB250807212008.RAWGRZX,Long Range,1.0,2025-08-07 22:20:07,2025-08-07 22:20:07,NHB250807222007.RAWGS16,Long Range,0.0
491,2025-08-07 19:40:08,NHB250807194008.RAWGRXT,NHB250807194304.RAWGRXX,NHB250807195008.RAWGRY0,NHB250807195303.RAWGRY4,2025-08-07 19:40:08,2025-08-07 19:40:08,NHB250807194008.RAWGRXT,Long Range,0.0,2025-08-07 20:40:08,2025-08-07 20:40:07,NHB250807204007.RAWGRZ2,Long Range,1.0,2025-08-07 21:40:08,2025-08-07 21:40:08,NHB250807214008.RAWGS0B,Long Range,0.0,2025-08-07 22:40:08,2025-08-07 22:40:08,NHB250807224008.RAWGS1L,Long Range,0.0
492,2025-08-07 20:00:07,NHB250807200007.RAWGRY7,NHB250807200304.RAWGRYB,NHB250807201007.RAWGRYE,NHB250807201304.RAWGRYJ,2025-08-07 20:00:07,2025-08-07 20:00:07,NHB250807200007.RAWGRY7,Long Range,0.0,2025-08-07 21:00:07,2025-08-07 21:00:08,NHB250807210008.RAWGRZG,Long Range,1.0,2025-08-07 22:00:07,2025-08-07 22:00:08,NHB250807220008.RAWGS0S,Long Range,1.0,2025-08-07 23:00:07,2025-08-07 23:00:08,NHB250807230008.RAWGS21,Long Range,1.0
493,2025-08-07 20:20:07,NHB250807202007.RAWGRYM,NHB250807202303.RAWGRYS,NHB250807203008.RAWGRYV,NHB250807203303.RAWGRYZ,2025-08-07 20:20:07,2025-08-07 20:20:07,NHB250807202007.RAWGRYM,Long Range,0.0,2025-08-07 21:20:07,2025-08-07 21:20:08,NHB250807212008.RAWGRZX,Long Range,1.0,2025-08-07 22:20:07,2025-08-07 22:20:07,NHB250807222007.RAWGS16,Long Range,0.0,2025-08-07 23:20:07,2025-08-07 23:20:08,NHB250807232008.RAWGS2F,Long Range,1.0
494,2025-08-07 20:40:07,NHB250807204007.RAWGRZ2,NHB250807204303.RAWGRZ6,NHB250807205008.RAWGRZ9,NHB250807205304.RAWGRZD,2025-08-07 20:40:07,2025-08-07 20:40:07,NHB250807204007.RAWGRZ2,Long Range,0.0,2025-08-07 21:40:07,2025-08-07 21:40:08,NHB250807214008.RAWGS0B,Long Range,1.0,2025-08-07 22:40:07,2025-08-07 22:40:08,NHB250807224008.RAWGS1L,Long Range,1.0,2025-08-07 23:40:07,2025-08-07 23:40:08,NHB250807234008.RAWGS2W,Long Range,1.0
495,2025-08-07 21:00:08,NHB250807210008.RAWGRZG,NHB250807210303.RAWGRZL,NHB250807211008.RAWGRZP,NHB250807211303.RAWGRZU,2025-08-07 21:00:08,2025-08-07 21:00:08,NHB250807210008.RAWGRZG,Long Range,0.0,2025-08-07 22:00:08,2025-08-07 22:00:08,NHB250807220008.RAWGS0S,Long Range,0.0,2025-08-07 23:00:08,2025-08-07 23:00:08,NHB250807230008.RAWGS21,Long Range,0.0,2025-08-08 00:00:08,2025-08-08 00:00:07,NHB250808000007.RAWGS3A,Long Range,1.0
496,2025-08-07 21:20:08,NHB250807212008.RAWGRZX,NHB250807212303.RAWGS01,NHB250807213008.RAWGS04,NHB250807213303.RAWGS08,2025-08-07 21:20:08,2025-08-07 21:20:08,NHB250807212008.RAWGRZX,Long Range,0.0,2025-08-07 22:20:08,2025-08-07 22:20:07,NHB250807222007.RAWGS16,Long Range,1.0,2025-08-07 23:20:08,2025-08-07 23:20:08,NHB250807232008.RAWGS2F,Long Range,0.0,2025-08-08 00:20:08,2025-08-08 00:20:08,NHB250808002008.RAWGS3R,Long Range,0.0
497,2025-08-07 21:40:08,NHB250807214008.RAWGS0B,NHB250807214304.RAWGS0F,NHB250807215008.RAWGS0J,NHB250807215303.RAWGS0N,2025-08-07 21:40:08,2025-08-07 21:40:08,NHB250807214008.RAWGS0B,Long Range,0.0,2025-08-07 22:40:08,2025-08-07 22:40:08,NHB250807224008.RAWGS1L,Long Range,0.0,2025-08-07 23:40:08,2025-08-07 23:40:08,NHB250807234008.RAWGS2W,Long Range,0.0,2025-08-08 00:40:08,2025-08-08 00:40:08,NHB250808004008.RAWGS45,Long Range,0.0
498,2025-08-07 22:00:08,NHB250807220008.RAWGS0S,NHB250807220304.RAWGS0W,NHB250807221007.RAWGS0Z,NHB250807221303.RAWGS13,2025-08-07 22:00:08,2025-08-07 22:00:08,NHB250807220008.RAWGS0S,Long Range,0.0,2025-08-07 23:00:08,2025-08-07 23:00:08,NHB250807230008.RAWGS21,Long Range,0.0,2025-08-08 00:00:08,2025-08-08 00:00:07,NHB250808000007.RAWGS3A,Long Range,1.0,2025-08-08 01:00:08,2025-08-08 01:00:07,NHB250808010007.RAWGS4K,Long Range,1.0
499,2025-08-07 22:20:07,NHB250807222007.RAWGS16,NHB250807222305.RAWGS1A,NHB250807223008.RAWGS1D,NHB250807223304.RAWGS1H,2025-08-07 22:20:07,2025-08-07 22:20:07,NHB250807222007.RAWGS16,Long Range,0.0,2025-08-07 23:20:07,2025-08-07 23:20:08,NHB250807232008.RAWGS2F,Long Range,1.0,2025-08-08 00:20:07,2025-08-08 00:20:08,NHB250808002008.RAWGS3R,Long Range,1.0,2025-08-08 01:20:07,2025-08-08 01:20:07,NHB250808012007.RAWGS50,Long Range,0.0
500,2025-08-07 22:40:08,NHB250807224008.RAWGS1L,NHB250807224304.RAWGS1R,NHB250807225008.RAWGS1U,NHB250807225304.RAWGS1Y,2025-08-07 22:40:08,2025-08-07 22:40:08,NHB250807224008.RAWGS1L,Long Range,0.0,2025-08-07 23:40:08,2025-08-07 23:40:08,NHB250807234008.RAWGS2W,Long Range,0.0,2025-08-08 00:40:08,2025-08-08 00:40:08,NHB250808004008.RAWGS45,Long Range,0.0,2025-08-08 01:40:08,2025-08-08 01:40:08,NHB250808014008.RAWGS5E,Long Range,0.0
501,2025-08-07 23:00:08,NHB250807230008.RAWGS21,NHB250807230303.RAWGS25,NHB250807231008.RAWGS28,NHB250807231303.RAWGS2C,2025-08-07 23:00:08,2025-08-07 23:00:08,NHB250807230008.RAWGS21,Long Range,0.0,2025-08-08 00:00:08,2025-08-08 00:00:07,NHB250808000007.RAWGS3A,Long Range,1.0,2025-08-08 01:00:08,2025-08-08 01:00:07,NHB250808010007.RAWGS4K,Long Range,1.0,2025-08-08 02:00:08,2025-08-08 02:00:08,NHB250808020008.RAWGS5V,Long Range,0.0
502,2025-08-07 23:20:08,NHB250807232008.RAWGS2F,NHB250807232303.RAWGS2K,NHB250807233008.RAWGS2N,NHB250807233303.RAWGS2T,2025-08-07 23:20:08,2025-08-07 23:20:08,NHB250807232008.RAWGS2F,Long Range,0.0,2025-08-08 00:20:08,2025-08-08 00:20:08,NHB250808002008.RAWGS3R,Long Range,0.0,2025-08-08 01:20:08,2025-08-08 01:20:07,NHB250808012007.RAWGS50,Long Range,1.0,2025-08-08 02:20:08,2025-08-08 02:20:09,NHB250808022009.RAWGS69,Long Range,1.0
503,2025-08-07 23:40:08,NHB250807234008.RAWGS2W,NHB250807234303.RAWGS30,NHB250807235008.RAWGS33,NHB250807235304.RAWGS37,2025-08-07 23:40:08,2025-08-07 23:40:08,NHB250807234008.RAWGS2W,Long Range,0.0,2025-08-08 00:40:08,2025-08-08 00:40:08,NHB250808004008.RAWGS45,Long Range,0.0,2025-08-08 01:40:08,2025-08-08 01:40:08,NHB250808014008.RAWGS5E,Long Range,0.0,2025-08-08 02:40:08,2025-08-08 02:40:07,NHB250808024007.RAWGS6P,Long Range,1.0
504,2025-08-08 00:00:07,NHB250808000007.RAWGS3A,NHB250808000304.RAWGS3E,NHB250808001008.RAWGS3H,NHB250808001304.RAWGS3M,2025-08-08 00:00:07,2025-08-08 00:00:07,NHB250808000007.RAWGS3A,Long Range,0.0,2025-08-08 01:00:07,2025-08-08 01:00:07,NHB250808010007.RAWGS4K,Long Range,0.0,2025-08-08 02:00:07,2025-08-08 02:00:08,NHB250808020008.RAWGS5V,Long Range,1.0,2025-08-08 03:00:07,2025-08-08 03:00:07,NHB250808030007.RAWGS74,Long Range,0.0
505,2025-08-08 00:20:08,NHB250808002008.RAWGS3R,NHB250808002303.RAWGS3V,NHB250808003008.RAWGS3Y,NHB250808003303.RAWGS42,2025-08-08 00:20:08,2025-08-08 00:20:08,NHB250808002008.RAWGS3R,Long Range,0.0,2025-08-08 01:20:08,2025-08-08 01:20:07,NHB250808012007.RAWGS50,Long Range,1.0,2025-08-08 02:20:08,2025-08-08 02:20:09,NHB250808022009.RAWGS69,Long Range,1.0,2025-08-08 03:20:08,2025-08-08 03:20:08,NHB250808032008.RAWGS7J,Long Range,0.0
506,2025-08-08 00:40:08,NHB250808004008.RAWGS45,NHB250808004303.RAWGS49,NHB250808005008.RAWGS4C,NHB250808005304.RAWGS4G,2025-08-08 00:40:08,2025-08-08 00:40:08,NHB250808004008.RAWGS45,Long Range,0.0,2025-08-08 01:40:08,2025-08-08 01:40:08,NHB250808014008.RAWGS5E,Long Range,0.0,2025-08-08 02:40:08,2025-08-08 02:40:07,NHB250808024007.RAWGS6P,Long Range,1.0,2025-08-08 03:40:08,2025-08-08 03:40:08,NHB250808034008.RAWGS7Z,Long Range,0.0
507,2025-08-08 01:00:07,NHB250808010007.RAWGS4K,NHB250808010304.RAWGS4P,NHB250808011007.RAWGS4T,NHB250808011303.RAWGS4X,2025-08-08 01:00:07,2025-08-08 01:00:07,NHB250808010007.RAWGS4K,Long Range,0.0,2025-08-08 02:00:07,2025-08-08 02:00:08,NHB250808020008.RAWGS5V,Long Range,1.0,2025-08-08 03:00:07,2025-08-08 03:00:07,NHB250808030007.RAWGS74,Long Range,0.0,2025-08-08 04:00:07,2025-08-08 04:00:07,NHB250808040007.RAWGS8D,Long Range,0.0
508,2025-08-08 01:20:07,NHB250808012007.RAWGS50,NHB250808012303.RAWGS54,NHB250808013008.RAWGS57,NHB250808013303.RAWGS5B,2025-08-08 01:20:07,2025-08-08 01:20:07,NHB250808012007.RAWGS50,Long Range,0.0,2025-08-08 02:20:07,2025-08-08 02:20:09,NHB250808022009.RAWGS69,Long Range,2.0,2025-08-08 03:20:07,2025-08-08 03:20:08,NHB250808032008.RAWGS7J,Long Range,1.0,2025-08-08 04:20:07,2025-08-08 04:20:08,NHB250808042008.RAWGS8U,Long Range,1.0
509,2025-08-08 01:40:08,NHB250808014008.RAWGS5E,NHB250808014303.RAWGS5J,NHB250808015007.RAWGS5M,NHB250808015304.RAWGS5S,2025-08-08 01:40:08,2025-08-08 01:40:08,NHB250808014008.RAWGS5E,Long Range,0.0,2025-08-08 02:40:08,2025-08-08 02:40:07,NHB250808024007.RAWGS6P,Long Range,1.0,2025-08-08 03:40:08,2025-08-08 03:40:08,NHB250808034008.RAWGS7Z,Long Range,0.0,2025-08-08 04:40:08,2025-08-08 04:40:07,NHB250808044007.RAWGS98,Long Range,1.0
510,2025-08-08 02:00:08,NHB250808020008.RAWGS5V,NHB250808020303.RAWGS5Z,NHB250808021008.RAWGS62,NHB250808021304.RAWGS66,2025-08-08 02:00:08,2025-08-08 02:00:08,NHB250808020008.RAWGS5V,Long Range,0.0,2025-08-08 03:00:08,2025-08-08 03:00:07,NHB250808030007.RAWGS74,Long Range,1.0,2025-08-08 04:00:08,2025-08-08 04:00:07,NHB250808040007.RAWGS8D,Long Range,1.0,2025-08-08 05:00:08,2025-08-08 05:00:08,NHB250808050008.RAWGS9N,Long Range,0.0
511,2025-08-08 02:20:09,NHB250808022009.RAWGS69,NHB250808022303.RAWGS6D,NHB250808023008.RAWGS6G,NHB250808023303.RAWGS6L,2025-08-08 02:20:09,2025-08-08 02:20:09,NHB250808022009.RAWGS69,Long Range,0.0,2025-08-08 03:20:09,2025-08-08 03:20:08,NHB250808032008.RAWGS7J,Long Range,1.0,2025-08-08 04:20:09,2025-08-08 04:20:08,NHB250808042008.RAWGS8U,Long Range,1.0,2025-08-08 05:20:09,2025-08-08 05:20:08,NHB250808052008.RAWGSA3,Long Range,1.0
512,2025-08-08 02:40:07,NHB250808024007.RAWGS6P,NHB250808024304.RAWGS6U,NHB250808025008.RAWGS6X,NHB250808025303.RAWGS71,2025-08-08 02:40:07,2025-08-08 02:40:07,NHB250808024007.RAWGS6P,Long Range,0.0,2025-08-08 03:40:07,2025-08-08 03:40:08,NHB250808034008.RAWGS7Z,Long Range,1.0,2025-08-08 04:40:07,2025-08-08 04:40:07,NHB250808044007.RAWGS98,Long Range,0.0,2025-08-08 05:40:07,2025-08-08 05:40:07,NHB250808054007.RAWGSAH,Long Range,0.0
513,2025-08-08 03:00:07,NHB250808030007.RAWGS74,NHB250808030304.RAWGS78,NHB250808031007.RAWGS7B,NHB250808031303.RAWGS7F,2025-08-08 03:00:07,2025-08-08 03:00:07,NHB250808030007.RAWGS74,Long Range,0.0,2025-08-08 04:00:07,2025-08-08 04:00:07,NHB250808040007.RAWGS8D,Long Range,0.0,2025-08-08 05:00:07,2025-08-08 05:00:08,NHB250808050008.RAWGS9N,Long Range,1.0,2025-08-08 06:00:07,2025-08-08 06:00:09,NHB250808060009.RAWGSAY,Long Range,2.0
514,2025-08-08 03:20:08,NHB250808032008.RAWGS7J,NHB250808032303.RAWGS7N,NHB250808033008.RAWGS7S,NHB250808033304.RAWGS7W,2025-08-08 03:20:08,2025-08-08 03:20:08,NHB250808032008.RAWGS7J,Long Range,0.0,2025-08-08 04:20:08,2025-08-08 04:20:08,NHB250808042008.RAWGS8U,Long Range,0.0,2025-08-08 05:20:08,2025-08-08 05:20:08,NHB250808052008.RAWGSA3,Long Range,0.0,2025-08-08 06:20:08,2025-08-08 06:20:08,NHB250808062008.RAWGSBC,Long Range,0.0
515,2025-08-08 03:40:08,NHB250808034008.RAWGS7Z,NHB250808034304.RAWGS83,NHB250808035008.RAWGS86,NHB250808035303.RAWGS8A,2025-08-08 03:40:08,2025-08-08 03:40:08,NHB250808034008.RAWGS7Z,Long Range,0.0,2025-08-08 04:40:08,2025-08-08 04:40:07,NHB250808044007.RAWGS98,Long Range,1.0,2025-08-08 05:40:08,2025-08-08 05:40:07,NHB250808054007.RAWGSAH,Long Range,1.0,2025-08-08 06:40:08,2025-08-08 06:40:08,NHB250808064008.RAWGSBT,Long Range,0.0
516,2025-08-08 04:00:07,NHB250808040007.RAWGS8D,NHB250808040304.RAWGS8H,NHB250808041008.RAWGS8L,NHB250808041303.RAWGS8R,2025-08-08 04:00:07,2025-08-08 04:00:07,NHB250808040007.RAWGS8D,Long Range,0.0,2025-08-08 05:00:07,2025-08-08 05:00:08,NHB250808050008.RAWGS9N,Long Range,1.0,2025-08-08 06:00:07,2025-08-08 06:00:09,NHB250808060009.RAWGSAY,Long Range,2.0,2025-08-08 07:00:07,2025-08-08 07:00:07,NHB250808070007.RAWGSC7,Long Range,0.0
517,2025-08-08 04:20:08,NHB250808042008.RAWGS8U,NHB250808042304.RAWGS8Y,NHB250808043008.RAWGS91,NHB250808043303.RAWGS95,2025-08-08 04:20:08,2025-08-08 04:20:08,NHB250808042008.RAWGS8U,Long Range,0.0,2025-08-08 05:20:08,2025-08-08 05:20:08,NHB250808052008.RAWGSA3,Long Range,0.0,2025-08-08 06:20:08,2025-08-08 06:20:08,NHB250808062008.RAWGSBC,Long Range,0.0,2025-08-08 07:20:08,2025-08-08 07:20:08,NHB250808072008.RAWGSCM,Long Range,0.0
518,2025-08-08 04:40:07,NHB250808044007.RAWGS98,NHB250808044303.RAWGS9C,NHB250808045008.RAWGS9F,NHB250808045303.RAWGS9K,2025-08-08 04:40:07,2025-08-08 04:40:07,NHB250808044007.RAWGS98,Long Range,0.0,2025-08-08 05:40:07,2025-08-08 05:40:07,NHB250808054007.RAWGSAH,Long Range,0.0,2025-08-08 06:40:07,2025-08-08 06:40:08,NHB250808064008.RAWGSBT,Long Range,1.0,2025-08-08 07:40:07,2025-08-08 07:40:07,NHB250808074007.RAWGSD2,Long Range,0.0
519,2025-08-08 05:00:08,NHB250808050008.RAWGS9N,NHB250808050303.RAWGS9T,NHB250808051008.RAWGS9W,NHB250808051303.RAWGSA0,2025-08-08 05:00:08,2025-08-08 05:00:08,NHB250808050008.RAWGS9N,Long Range,0.0,2025-08-08 06:00:08,2025-08-08 06:00:09,NHB250808060009.RAWGSAY,Long Range,1.0,2025-08-08 07:00:08,2025-08-08 07:00:07,NHB250808070007.RAWGSC7,Long Range,1.0,2025-08-08 08:00:08,2025-08-08 08:00:08,NHB250808080008.RAWGSDG,Long Range,0.0
520,2025-08-08 05:20:08,NHB250808052008.RAWGSA3,NHB250808052303.RAWGSA7,NHB250808053009.RAWGSAA,NHB250808053304.RAWGSAE,2025-08-08 05:20:08,2025-08-08 05:20:08,NHB250808052008.RAWGSA3,Long Range,0.0,2025-08-08 06:20:08,2025-08-08 06:20:08,NHB250808062008.RAWGSBC,Long Range,0.0,2025-08-08 07:20:08,2025-08-08 07:20:08,NHB250808072008.RAWGSCM,Long Range,0.0,2025-08-08 08:20:08,2025-08-08 08:20:07,NHB250808082007.RAWGSDX,Long Range,1.0
521,2025-08-08 05:40:07,NHB250808054007.RAWGSAH,NHB250808054304.RAWGSAM,NHB250808055008.RAWGSAR,NHB250808055303.RAWGSAV,2025-08-08 05:40:07,2025-08-08 05:40:07,NHB250808054007.RAWGSAH,Long Range,0.0,2025-08-08 06:40:07,2025-08-08 06:40:08,NHB250808064008.RAWGSBT,Long Range,1.0,2025-08-08 07:40:07,2025-08-08 07:40:07,NHB250808074007.RAWGSD2,Long Range,0.0,2025-08-08 08:40:07,2025-08-08 08:40:09,NHB250808084009.RAWGSEB,Long Range,2.0
522,2025-08-08 06:00:09,NHB250808060009.RAWGSAY,NHB250808060304.RAWGSB2,NHB250808061009.RAWGSB5,NHB250808061303.RAWGSB9,2025-08-08 06:00:09,2025-08-08 06:00:09,NHB250808060009.RAWGSAY,Long Range,0.0,2025-08-08 07:00:09,2025-08-08 07:00:07,NHB250808070007.RAWGSC7,Long Range,2.0,2025-08-08 08:00:09,2025-08-08 08:00:08,NHB250808080008.RAWGSDG,Long Range,1.0,2025-08-08 09:00:09,2025-08-08 09:00:07,NHB250808090007.RAWGSES,Long Range,2.0
523,2025-08-08 06:20:08,NHB250808062008.RAWGSBC,NHB250808062304.RAWGSBG,NHB250808063008.RAWGSBK,NHB250808063303.RAWGSBP,2025-08-08 06:20:08,2025-08-08 06:20:08,NHB250808062008.RAWGSBC,Long Range,0.0,2025-08-08 07:20:08,2025-08-08 07:20:08,NHB250808072008.RAWGSCM,Long Range,0.0,2025-08-08 08:20:08,2025-08-08 08:20:07,NHB250808082007.RAWGSDX,Long Range,1.0,2025-08-08 09:20:08,2025-08-08 09:20:07,NHB250808092007.RAWGSF6,Long Range,1.0
524,2025-08-08 06:40:08,NHB250808064008.RAWGSBT,NHB250808064303.RAWGSBX,NHB250808065008.RAWGSC0,NHB250808065303.RAWGSC4,2025-08-08 06:40:08,2025-08-08 06:40:08,NHB250808064008.RAWGSBT,Long Range,0.0,2025-08-08 07:40:08,2025-08-08 07:40:07,NHB250808074007.RAWGSD2,Long Range,1.0,2025-08-08 08:40:08,2025-08-08 08:40:09,NHB250808084009.RAWGSEB,Long Range,1.0,2025-08-08 09:40:08,2025-08-08 09:40:07,NHB250808094007.RAWGSFL,Long Range,1.0
525,2025-08-08 07:00:07,NHB250808070007.RAWGSC7,NHB250808070304.RAWGSCB,NHB250808071007.RAWGSCE,NHB250808071304.RAWGSCJ,2025-08-08 07:00:07,2025-08-08 07:00:07,NHB250808070007.RAWGSC7,Long Range,0.0,2025-08-08 08:00:07,2025-08-08 08:00:08,NHB250808080008.RAWGSDG,Long Range,1.0,2025-08-08 09:00:07,2025-08-08 09:00:07,NHB250808090007.RAWGSES,Long Range,0.0,2025-08-08 10:00:07,2025-08-08 10:00:08,NHB250808100008.RAWGSG1,Long Range,1.0
526,2025-08-08 07:20:08,NHB250808072008.RAWGSCM,NHB250808072303.RAWGSCS,NHB250808073008.RAWGSCV,NHB250808073304.RAWGSCZ,2025-08-08 07:20:08,2025-08-08 07:20:08,NHB250808072008.RAWGSCM,Long Range,0.0,2025-08-08 08:20:08,2025-08-08 08:20:07,NHB250808082007.RAWGSDX,Long Range,1.0,2025-08-08 09:20:08,2025-08-08 09:20:07,NHB250808092007.RAWGSF6,Long Range,1.0,2025-08-08 10:20:08,2025-08-08 10:20:09,NHB250808102009.RAWGSGF,Long Range,1.0
527,2025-08-08 07:40:07,NHB250808074007.RAWGSD2,NHB250808074303.RAWGSD6,NHB250808075007.RAWGSD9,NHB250808075303.RAWGSDD,2025-08-08 07:40:07,2025-08-08 07:40:07,NHB250808074007.RAWGSD2,Long Range,0.0,2025-08-08 08:40:07,2025-08-08 08:40:09,NHB250808084009.RAWGSEB,Long Range,2.0,2025-08-08 09:40:07,2025-08-08 09:40:07,NHB250808094007.RAWGSFL,Long Range,0.0,2025-08-08 10:40:07,2025-08-08 10:40:08,NHB250808104008.RAWGSGW,Long Range,1.0
528,2025-08-08 08:00:08,NHB250808080008.RAWGSDG,NHB250808080303.RAWGSDL,NHB250808081007.RAWGSDP,NHB250808081304.RAWGSDU,2025-08-08 08:00:08,2025-08-08 08:00:08,NHB250808080008.RAWGSDG,Long Range,0.0,2025-08-08 09:00:08,2025-08-08 09:00:07,NHB250808090007.RAWGSES,Long Range,1.0,2025-08-08 10:00:08,2025-08-08 10:00:08,NHB250808100008.RAWGSG1,Long Range,0.0,2025-08-08 11:00:08,2025-08-08 11:00:08,NHB250808110008.RAWGSHA,Long Range,0.0
529,2025-08-08 08:20:07,NHB250808082007.RAWGSDX,NHB250808082303.RAWGSE1,NHB250808083008.RAWGSE4,NHB250808083304.RAWGSE8,2025-08-08 08:20:07,2025-08-08 08:20:07,NHB250808082007.RAWGSDX,Long Range,0.0,2025-08-08 09:20:07,2025-08-08 09:20:07,NHB250808092007.RAWGSF6,Long Range,0.0,2025-08-08 10:20:07,2025-08-08 10:20:09,NHB250808102009.RAWGSGF,Long Range,2.0,2025-08-08 11:20:07,2025-08-08 11:20:08,NHB250808112008.RAWGSHR,Long Range,1.0
530,2025-08-08 08:40:09,NHB250808084009.RAWGSEB,NHB250808084303.RAWGSEF,NHB250808085007.RAWGSEJ,NHB250808085303.RAWGSEN,2025-08-08 08:40:09,2025-08-08 08:40:09,NHB250808084009.RAWGSEB,Long Range,0.0,2025-08-08 09:40:09,2025-08-08 09:40:07,NHB250808094007.RAWGSFL,Long Range,2.0,2025-08-08 10:40:09,2025-08-08 10:40:08,NHB250808104008.RAWGSGW,Long Range,1.0,2025-08-08 11:40:09,2025-08-08 11:40:07,NHB250808114007.RAWGSJ5,Long Range,2.0
531,2025-08-08 09:00:07,NHB250808090007.RAWGSES,NHB250808090304.RAWGSEW,NHB250808091008.RAWGSEZ,NHB250808091303.RAWGSF3,2025-08-08 09:00:07,2025-08-08 09:00:07,NHB250808090007.RAWGSES,Long Range,0.0,2025-08-08 10:00:07,2025-08-08 10:00:08,NHB250808100008.RAWGSG1,Long Range,1.0,2025-08-08 11:00:07,2025-08-08 11:00:08,NHB250808110008.RAWGSHA,Long Range,1.0,2025-08-08 12:00:07,2025-08-08 12:00:08,NHB250808120008.RAWGSJK,Long Range,1.0
532,2025-08-08 09:20:07,NHB250808092007.RAWGSF6,NHB250808092304.RAWGSFA,NHB250808093009.RAWGSFD,NHB250808093304.RAWGSFH,2025-08-08 09:20:07,2025-08-08 09:20:07,NHB250808092007.RAWGSF6,Long Range,0.0,2025-08-08 10:20:07,2025-08-08 10:20:09,NHB250808102009.RAWGSGF,Long Range,2.0,2025-08-08 11:20:07,2025-08-08 11:20:08,NHB250808112008.RAWGSHR,Long Range,1.0,2025-08-08 12:20:07,2025-08-08 12:20:08,NHB250808122008.RAWGSK0,Long Range,1.0
533,2025-08-08 09:40:07,NHB250808094007.RAWGSFL,NHB250808094303.RAWGSFR,NHB250808095007.RAWGSFU,NHB250808095304.RAWGSFY,2025-08-08 09:40:07,2025-08-08 09:40:07,NHB250808094007.RAWGSFL,Long Range,0.0,2025-08-08 10:40:07,2025-08-08 10:40:08,NHB250808104008.RAWGSGW,Long Range,1.0,2025-08-08 11:40:07,2025-08-08 11:40:07,NHB250808114007.RAWGSJ5,Long Range,0.0,2025-08-08 12:40:07,2025-08-08 12:40:08,NHB250808124008.RAWGSKE,Long Range,1.0
534,2025-08-08 10:00:08,NHB250808100008.RAWGSG1,NHB250808100304.RAWGSG5,NHB250808101008.RAWGSG8,NHB250808101303.RAWGSGC,2025-08-08 10:00:08,2025-08-08 10:00:08,NHB250808100008.RAWGSG1,Long Range,0.0,2025-08-08 11:00:08,2025-08-08 11:00:08,NHB250808110008.RAWGSHA,Long Range,0.0,2025-08-08 12:00:08,2025-08-08 12:00:08,NHB250808120008.RAWGSJK,Long Range,0.0,2025-08-08 13:00:08,2025-08-08 13:00:08,NHB250808130008.RAWGSKV,Long Range,0.0
535,2025-08-08 10:20:09,NHB250808102009.RAWGSGF,NHB250808102303.RAWGSGK,NHB250808103008.RAWGSGN,NHB250808103303.RAWGSGT,2025-08-08 10:20:09,2025-08-08 10:20:09,NHB250808102009.RAWGSGF,Long Range,0.0,2025-08-08 11:20:09,2025-08-08 11:20:08,NHB250808112008.RAWGSHR,Long Range,1.0,2025-08-08 12:20:09,2025-08-08 12:20:08,NHB250808122008.RAWGSK0,Long Range,1.0,2025-08-08 13:20:09,2025-08-08 13:20:08,NHB250808132008.RAWGSL9,Long Range,1.0
536,2025-08-08 10:40:08,NHB250808104008.RAWGSGW,NHB250808104303.RAWGSH0,NHB250808105008.RAWGSH3,NHB250808105304.RAWGSH7,2025-08-08 10:40:08,2025-08-08 10:40:08,NHB250808104008.RAWGSGW,Long Range,0.0,2025-08-08 11:40:08,2025-08-08 11:40:07,NHB250808114007.RAWGSJ5,Long Range,1.0,2025-08-08 12:40:08,2025-08-08 12:40:08,NHB250808124008.RAWGSKE,Long Range,0.0,2025-08-08 13:40:08,2025-08-08 13:40:09,NHB250808134009.RAWGSLP,Long Range,1.0
537,2025-08-08 11:00:08,NHB250808110008.RAWGSHA,NHB250808110303.RAWGSHE,NHB250808111008.RAWGSHH,NHB250808111304.RAWGSHM,2025-08-08 11:00:08,2025-08-08 11:00:08,NHB250808110008.RAWGSHA,Long Range,0.0,2025-08-08 12:00:08,2025-08-08 12:00:08,NHB250808120008.RAWGSJK,Long Range,0.0,2025-08-08 13:00:08,2025-08-08 13:00:08,NHB250808130008.RAWGSKV,Long Range,0.0,2025-08-08 14:00:08,2025-08-08 14:00:08,NHB250808140008.RAWGSM4,Long Range,0.0
538,2025-08-08 11:20:08,NHB250808112008.RAWGSHR,NHB250808112303.RAWGSHV,NHB250808113008.RAWGSHY,NHB250808113304.RAWGSJ2,2025-08-08 11:20:08,2025-08-08 11:20:08,NHB250808112008.RAWGSHR,Long Range,0.0,2025-08-08 12:20:08,2025-08-08 12:20:08,NHB250808122008.RAWGSK0,Long Range,0.0,2025-08-08 13:20:08,2025-08-08 13:20:08,NHB250808132008.RAWGSL9,Long Range,0.0,2025-08-08 14:20:08,2025-08-08 14:20:08,NHB250808142008.RAWGSMJ,Long Range,0.0
539,2025-08-08 11:40:07,NHB250808114007.RAWGSJ5,NHB250808114305.RAWGSJ9,NHB250808115007.RAWGSJC,NHB250808115304.RAWGSJG,2025-08-08 11:40:07,2025-08-08 11:40:07,NHB250808114007.RAWGSJ5,Long Range,0.0,2025-08-08 12:40:07,2025-08-08 12:40:08,NHB250808124008.RAWGSKE,Long Range,1.0,2025-08-08 13:40:07,2025-08-08 13:40:09,NHB250808134009.RAWGSLP,Long Range,2.0,2025-08-08 14:40:07,2025-08-08 14:40:07,NHB250808144007.RAWGSMZ,Long Range,0.0
540,2025-08-08 12:00:08,NHB250808120008.RAWGSJK,NHB250808120303.RAWGSJP,NHB250808121008.RAWGSJT,NHB250808121303.RAWGSJX,2025-08-08 12:00:08,2025-08-08 12:00:08,NHB250808120008.RAWGSJK,Long Range,0.0,2025-08-08 13:00:08,2025-08-08 13:00:08,NHB250808130008.RAWGSKV,Long Range,0.0,2025-08-08 14:00:08,2025-08-08 14:00:08,NHB250808140008.RAWGSM4,Long Range,0.0,2025-08-08 15:00:08,2025-08-08 15:00:09,NHB250808150009.RAWGSND,Long Range,1.0
541,2025-08-08 12:20:08,NHB250808122008.RAWGSK0,NHB250808122303.RAWGSK4,NHB250808123009.RAWGSK7,NHB250808123304.RAWGSKB,2025-08-08 12:20:08,2025-08-08 12:20:08,NHB250808122008.RAWGSK0,Long Range,0.0,2025-08-08 13:20:08,2025-08-08 13:20:08,NHB250808132008.RAWGSL9,Long Range,0.0,2025-08-08 14:20:08,2025-08-08 14:20:08,NHB250808142008.RAWGSMJ,Long Range,0.0,2025-08-08 15:20:08,2025-08-08 15:20:07,NHB250808152007.RAWGSNU,Long Range,1.0
542,2025-08-08 12:40:08,NHB250808124008.RAWGSKE,NHB250808124304.RAWGSKJ,NHB250808125008.RAWGSKM,NHB250808125304.RAWGSKS,2025-08-08 12:40:08,2025-08-08 12:40:08,NHB250808124008.RAWGSKE,Long Range,0.0,2025-08-08 13:40:08,2025-08-08 13:40:09,NHB250808134009.RAWGSLP,Long Range,1.0,2025-08-08 14:40:08,2025-08-08 14:40:07,NHB250808144007.RAWGSMZ,Long Range,1.0,2025-08-08 15:40:08,2025-08-08 15:40:07,NHB250808154007.RAWGSP8,Long Range,1.0
543,2025-08-08 13:00:08,NHB250808130008.RAWGSKV,NHB250808130304.RAWGSKZ,NHB250808131007.RAWGSL2,NHB250808131303.RAWGSL6,2025-08-08 13:00:08,2025-08-08 13:00:08,NHB250808130008.RAWGSKV,Long Range,0.0,2025-08-08 14:00:08,2025-08-08 14:00:08,NHB250808140008.RAWGSM4,Long Range,0.0,2025-08-08 15:00:08,2025-08-08 15:00:09,NHB250808150009.RAWGSND,Long Range,1.0,2025-08-08 16:00:08,2025-08-08 16:00:08,NHB250808160008.RAWGSPN,Long Range,0.0
544,2025-08-08 13:20:08,NHB250808132008.RAWGSL9,NHB250808132303.RAWGSLD,NHB250808133009.RAWGSLG,NHB250808133303.RAWGSLL,2025-08-08 13:20:08,2025-08-08 13:20:08,NHB250808132008.RAWGSL9,Long Range,0.0,2025-08-08 14:20:08,2025-08-08 14:20:08,NHB250808142008.RAWGSMJ,Long Range,0.0,2025-08-08 15:20:08,2025-08-08 15:20:07,NHB250808152007.RAWGSNU,Long Range,1.0,2025-08-08 16:20:08,2025-08-08 16:20:08,NHB250808162008.RAWGSR3,Long Range,0.0
545,2025-08-08 13:40:09,NHB250808134009.RAWGSLP,NHB250808134303.RAWGSLU,NHB250808135007.RAWGSLX,NHB250808135303.RAWGSM1,2025-08-08 13:40:09,2025-08-08 13:40:09,NHB250808134009.RAWGSLP,Long Range,0.0,2025-08-08 14:40:09,2025-08-08 14:40:07,NHB250808144007.RAWGSMZ,Long Range,2.0,2025-08-08 15:40:09,2025-08-08 15:40:07,NHB250808154007.RAWGSP8,Long Range,2.0,2025-08-08 16:40:09,2025-08-08 16:40:08,NHB250808164008.RAWGSRH,Long Range,1.0
546,2025-08-08 14:00:08,NHB250808140008.RAWGSM4,NHB250808140304.RAWGSM8,NHB250808141008.RAWGSMB,NHB250808141304.RAWGSMF,2025-08-08 14:00:08,2025-08-08 14:00:08,NHB250808140008.RAWGSM4,Long Range,0.0,2025-08-08 15:00:08,2025-08-08 15:00:09,NHB250808150009.RAWGSND,Long Range,1.0,2025-08-08 16:00:08,2025-08-08 16:00:08,NHB250808160008.RAWGSPN,Long Range,0.0,2025-08-08 17:00:08,2025-08-08 17:00:08,NHB250808170008.RAWGSRY,Long Range,0.0
547,2025-08-08 14:20:08,NHB250808142008.RAWGSMJ,NHB250808142303.RAWGSMN,NHB250808143007.RAWGSMS,NHB250808143303.RAWGSMW,2025-08-08 14:20:08,2025-08-08 14:20:08,NHB250808142008.RAWGSMJ,Long Range,0.0,2025-08-08 15:20:08,2025-08-08 15:20:07,NHB250808152007.RAWGSNU,Long Range,1.0,2025-08-08 16:20:08,2025-08-08 16:20:08,NHB250808162008.RAWGSR3,Long Range,0.0,2025-08-08 17:20:08,2025-08-08 17:20:08,NHB250808172008.RAWGSSC,Long Range,0.0
548,2025-08-08 14:40:07,NHB250808144007.RAWGSMZ,NHB250808144303.RAWGSN3,NHB250808145008.RAWGSN6,NHB250808145304.RAWGSNA,2025-08-08 14:40:07,2025-08-08 14:40:07,NHB250808144007.RAWGSMZ,Long Range,0.0,2025-08-08 15:40:07,2025-08-08 15:40:07,NHB250808154007.RAWGSP8,Long Range,0.0,2025-08-08 16:40:07,2025-08-08 16:40:08,NHB250808164008.RAWGSRH,Long Range,1.0,2025-08-08 17:40:07,2025-08-08 17:40:07,NHB250808174007.RAWGSST,Long Range,0.0
549,2025-08-08 15:00:09,NHB250808150009.RAWGSND,NHB250808150304.RAWGSNH,NHB250808151008.RAWGSNL,NHB250808151303.RAWGSNR,2025-08-08 15:00:09,2025-08-08 15:00:09,NHB250808150009.RAWGSND,Long Range,0.0,2025-08-08 16:00:09,2025-08-08 16:00:08,NHB250808160008.RAWGSPN,Long Range,1.0,2025-08-08 17:00:09,2025-08-08 17:00:08,NHB250808170008.RAWGSRY,Long Range,1.0,2025-08-08 18:00:09,2025-08-08 18:00:07,NHB250808180007.RAWGST7,Long Range,2.0
550,2025-08-08 15:20:07,NHB250808152007.RAWGSNU,NHB250808152304.RAWGSNY,NHB250808153008.RAWGSP1,NHB250808153304.RAWGSP5,2025-08-08 15:20:07,2025-08-08 15:20:07,NHB250808152007.RAWGSNU,Long Range,0.0,2025-08-08 16:20:07,2025-08-08 16:20:08,NHB250808162008.RAWGSR3,Long Range,1.0,2025-08-08 17:20:07,2025-08-08 17:20:08,NHB250808172008.RAWGSSC,Long Range,1.0,2025-08-08 18:20:07,2025-08-08 18:20:07,NHB250808182007.RAWGSTM,Long Range,0.0
551,2025-08-08 15:40:07,NHB250808154007.RAWGSP8,NHB250808154303.RAWGSPC,NHB250808155008.RAWGSPF,NHB250808155304.RAWGSPK,2025-08-08 15:40:07,2025-08-08 15:40:07,NHB250808154007.RAWGSP8,Long Range,0.0,2025-08-08 16:40:07,2025-08-08 16:40:08,NHB250808164008.RAWGSRH,Long Range,1.0,2025-08-08 17:40:07,2025-08-08 17:40:07,NHB250808174007.RAWGSST,Long Range,0.0,2025-08-08 18:40:07,2025-08-08 18:40:08,NHB250808184008.RAWGSU2,Long Range,1.0
552,2025-08-08 16:00:08,NHB250808160008.RAWGSPN,NHB250808160303.RAWGSPT,NHB250808161008.RAWGSPW,NHB250808161304.RAWGSR0,2025-08-08 16:00:08,2025-08-08 16:00:08,NHB250808160008.RAWGSPN,Long Range,0.0,2025-08-08 17:00:08,2025-08-08 17:00:08,NHB250808170008.RAWGSRY,Long Range,0.0,2025-08-08 18:00:08,2025-08-08 18:00:07,NHB250808180007.RAWGST7,Long Range,1.0,2025-08-08 19:00:08,2025-08-08 19:00:09,NHB250808190009.RAWGSUG,Long Range,1.0
553,2025-08-08 16:20:08,NHB250808162008.RAWGSR3,NHB250808162304.RAWGSR7,NHB250808163008.RAWGSRA,NHB250808163303.RAWGSRE,2025-08-08 16:20:08,2025-08-08 16:20:08,NHB250808162008.RAWGSR3,Long Range,0.0,2025-08-08 17:20:08,2025-08-08 17:20:08,NHB250808172008.RAWGSSC,Long Range,0.0,2025-08-08 18:20:08,2025-08-08 18:20:07,NHB250808182007.RAWGSTM,Long Range,1.0,2025-08-08 19:20:08,2025-08-08 19:20:08,NHB250808192008.RAWGSUX,Long Range,0.0
554,2025-08-08 16:40:08,NHB250808164008.RAWGSRH,NHB250808164303.RAWGSRM,NHB250808165008.RAWGSRR,NHB250808165303.RAWGSRV,2025-08-08 16:40:08,2025-08-08 16:40:08,NHB250808164008.RAWGSRH,Long Range,0.0,2025-08-08 17:40:08,2025-08-08 17:40:07,NHB250808174007.RAWGSST,Long Range,1.0,2025-08-08 18:40:08,2025-08-08 18:40:08,NHB250808184008.RAWGSU2,Long Range,0.0,2025-08-08 19:40:08,2025-08-08 19:40:08,NHB250808194008.RAWGSVB,Long Range,0.0
555,2025-08-08 17:00:08,NHB250808170008.RAWGSRY,NHB250808170303.RAWGSS2,NHB250808171008.RAWGSS5,NHB250808171304.RAWGSS9,2025-08-08 17:00:08,2025-08-08 17:00:08,NHB250808170008.RAWGSRY,Long Range,0.0,2025-08-08 18:00:08,2025-08-08 18:00:07,NHB250808180007.RAWGST7,Long Range,1.0,2025-08-08 19:00:08,2025-08-08 19:00:09,NHB250808190009.RAWGSUG,Long Range,1.0,2025-08-08 20:00:08,2025-08-08 20:00:07,NHB250808200007.RAWGSVS,Long Range,1.0
556,2025-08-08 17:20:08,NHB250808172008.RAWGSSC,NHB250808172304.RAWGSSG,NHB250808173007.RAWGSSK,NHB250808173303.RAWGSSP,2025-08-08 17:20:08,2025-08-08 17:20:08,NHB250808172008.RAWGSSC,Long Range,0.0,2025-08-08 18:20:08,2025-08-08 18:20:07,NHB250808182007.RAWGSTM,Long Range,1.0,2025-08-08 19:20:08,2025-08-08 19:20:08,NHB250808192008.RAWGSUX,Long Range,0.0,2025-08-08 20:20:08,2025-08-08 20:20:08,NHB250808202008.RAWGSW6,Long Range,0.0
557,2025-08-08 17:40:07,NHB250808174007.RAWGSST,NHB250808174303.RAWGSSX,NHB250808175008.RAWGST0,NHB250808175303.RAWGST4,2025-08-08 17:40:07,2025-08-08 17:40:07,NHB250808174007.RAWGSST,Long Range,0.0,2025-08-08 18:40:07,2025-08-08 18:40:08,NHB250808184008.RAWGSU2,Long Range,1.0,2025-08-08 19:40:07,2025-08-08 19:40:08,NHB250808194008.RAWGSVB,Long Range,1.0,2025-08-08 20:40:07,2025-08-08 20:40:08,NHB250808204008.RAWGSWL,Long Range,1.0
558,2025-08-08 18:00:07,NHB250808180007.RAWGST7,NHB250808180303.RAWGSTB,NHB250808181007.RAWGSTE,NHB250808181304.RAWGSTJ,2025-08-08 18:00:07,2025-08-08 18:00:07,NHB250808180007.RAWGST7,Long Range,0.0,2025-08-08 19:00:07,2025-08-08 19:00:09,NHB250808190009.RAWGSUG,Long Range,2.0,2025-08-08 20:00:07,2025-08-08 20:00:07,NHB250808200007.RAWGSVS,Long Range,0.0,2025-08-08 21:00:07,2025-08-08 21:00:07,NHB250808210007.RAWGSX1,Long Range,0.0
559,2025-08-08 18:20:07,NHB250808182007.RAWGSTM,NHB250808182303.RAWGSTS,NHB250808183008.RAWGSTV,NHB250808183304.RAWGSTZ,2025-08-08 18:20:07,2025-08-08 18:20:07,NHB250808182007.RAWGSTM,Long Range,0.0,2025-08-08 19:20:07,2025-08-08 19:20:08,NHB250808192008.RAWGSUX,Long Range,1.0,2025-08-08 20:20:07,2025-08-08 20:20:08,NHB250808202008.RAWGSW6,Long Range,1.0,2025-08-08 21:20:07,2025-08-08 21:20:07,NHB250808212007.RAWGSXF,Long Range,0.0
560,2025-08-08 18:40:08,NHB250808184008.RAWGSU2,NHB250808184303.RAWGSU6,NHB250808185008.RAWGSU9,NHB250808185304.RAWGSUD,2025-08-08 18:40:08,2025-08-08 18:40:08,NHB250808184008.RAWGSU2,Long Range,0.0,2025-08-08 19:40:08,2025-08-08 19:40:08,NHB250808194008.RAWGSVB,Long Range,0.0,2025-08-08 20:40:08,2025-08-08 20:40:08,NHB250808204008.RAWGSWL,Long Range,0.0,2025-08-08 21:40:08,2025-08-08 21:40:08,NHB250808214008.RAWGSXW,Long Range,0.0
561,2025-08-08 19:00:09,NHB250808190009.RAWGSUG,NHB250808190304.RAWGSUL,NHB250808191008.RAWGSUP,NHB250808191303.RAWGSUU,2025-08-08 19:00:09,2025-08-08 19:00:09,NHB250808190009.RAWGSUG,Long Range,0.0,2025-08-08 20:00:09,2025-08-08 20:00:07,NHB250808200007.RAWGSVS,Long Range,2.0,2025-08-08 21:00:09,2025-08-08 21:00:07,NHB250808210007.RAWGSX1,Long Range,2.0,2025-08-08 22:00:09,2025-08-08 22:00:07,NHB250808220007.RAWGSYA,Long Range,2.0
562,2025-08-08 19:20:08,NHB250808192008.RAWGSUX,NHB250808192304.RAWGSV1,NHB250808193008.RAWGSV4,NHB250808193303.RAWGSV8,2025-08-08 19:20:08,2025-08-08 19:20:08,NHB250808192008.RAWGSUX,Long Range,0.0,2025-08-08 20:20:08,2025-08-08 20:20:08,NHB250808202008.RAWGSW6,Long Range,0.0,2025-08-08 21:20:08,2025-08-08 21:20:07,NHB250808212007.RAWGSXF,Long Range,1.0,2025-08-08 22:20:08,2025-08-08 22:20:08,NHB250808222008.RAWGSYR,Long Range,0.0
563,2025-08-08 19:40:08,NHB250808194008.RAWGSVB,NHB250808194304.RAWGSVF,NHB250808195008.RAWGSVJ,NHB250808195303.RAWGSVN,2025-08-08 19:40:08,2025-08-08 19:40:08,NHB250808194008.RAWGSVB,Long Range,0.0,2025-08-08 20:40:08,2025-08-08 20:40:08,NHB250808204008.RAWGSWL,Long Range,0.0,2025-08-08 21:40:08,2025-08-08 21:40:08,NHB250808214008.RAWGSXW,Long Range,0.0,2025-08-08 22:40:08,2025-08-08 22:40:08,NHB250808224008.RAWGSZ5,Long Range,0.0
564,2025-08-08 20:00:07,NHB250808200007.RAWGSVS,NHB250808200303.RAWGSVW,NHB250808201008.RAWGSVZ,NHB250808201303.RAWGSW3,2025-08-08 20:00:07,2025-08-08 20:00:07,NHB250808200007.RAWGSVS,Long Range,0.0,2025-08-08 21:00:07,2025-08-08 21:00:07,NHB250808210007.RAWGSX1,Long Range,0.0,2025-08-08 22:00:07,2025-08-08 22:00:07,NHB250808220007.RAWGSYA,Long Range,0.0,2025-08-08 23:00:07,2025-08-08 23:00:08,NHB250808230008.RAWGSZK,Long Range,1.0
565,2025-08-08 20:20:08,NHB250808202008.RAWGSW6,NHB250808202304.RAWGSWA,NHB250808203007.RAWGSWD,NHB250808203303.RAWGSWH,2025-08-08 20:20:08,2025-08-08 20:20:08,NHB250808202008.RAWGSW6,Long Range,0.0,2025-08-08 21:20:08,2025-08-08 21:20:07,NHB250808212007.RAWGSXF,Long Range,1.0,2025-08-08 22:20:08,2025-08-08 22:20:08,NHB250808222008.RAWGSYR,Long Range,0.0,2025-08-08 23:20:08,2025-08-08 23:20:08,NHB250808232008.RAWGT00,Long Range,0.0
566,2025-08-08 20:40:08,NHB250808204008.RAWGSWL,NHB250808204304.RAWGSWR,NHB250808205008.RAWGSWU,NHB250808205303.RAWGSWY,2025-08-08 20:40:08,2025-08-08 20:40:08,NHB250808204008.RAWGSWL,Long Range,0.0,2025-08-08 21:40:08,2025-08-08 21:40:08,NHB250808214008.RAWGSXW,Long Range,0.0,2025-08-08 22:40:08,2025-08-08 22:40:08,NHB250808224008.RAWGSZ5,Long Range,0.0,2025-08-08 23:40:08,2025-08-08 23:40:08,NHB250808234008.RAWGT0E,Long Range,0.0
567,2025-08-08 21:00:07,NHB250808210007.RAWGSX1,NHB250808210304.RAWGSX5,NHB250808211007.RAWGSX8,NHB250808211303.RAWGSXC,2025-08-08 21:00:07,2025-08-08 21:00:07,NHB250808210007.RAWGSX1,Long Range,0.0,2025-08-08 22:00:07,2025-08-08 22:00:07,NHB250808220007.RAWGSYA,Long Range,0.0,2025-08-08 23:00:07,2025-08-08 23:00:08,NHB250808230008.RAWGSZK,Long Range,1.0,2025-08-09 00:00:07,2025-08-09 00:00:08,NHB250809000008.RAWGT0V,Long Range,1.0
568,2025-08-08 21:20:07,NHB250808212007.RAWGSXF,NHB250808212304.RAWGSXK,NHB250808213008.RAWGSXN,NHB250808213305.RAWGSXT,2025-08-08 21:20:07,2025-08-08 21:20:07,NHB250808212007.RAWGSXF,Long Range,0.0,2025-08-08 22:20:07,2025-08-08 22:20:08,NHB250808222008.RAWGSYR,Long Range,1.0,2025-08-08 23:20:07,2025-08-08 23:20:08,NHB250808232008.RAWGT00,Long Range,1.0,2025-08-09 00:20:07,2025-08-09 00:20:08,NHB250809002008.RAWGT19,Long Range,1.0
569,2025-08-08 21:40:08,NHB250808214008.RAWGSXW,NHB250808214303.RAWGSY0,NHB250808215007.RAWGSY3,NHB250808215303.RAWGSY7,2025-08-08 21:40:08,2025-08-08 21:40:08,NHB250808214008.RAWGSXW,Long Range,0.0,2025-08-08 22:40:08,2025-08-08 22:40:08,NHB250808224008.RAWGSZ5,Long Range,0.0,2025-08-08 23:40:08,2025-08-08 23:40:08,NHB250808234008.RAWGT0E,Long Range,0.0,2025-08-09 00:40:08,2025-08-09 00:40:08,NHB250809004008.RAWGT1P,Long Range,0.0
570,2025-08-08 22:00:07,NHB250808220007.RAWGSYA,NHB250808220303.RAWGSYE,NHB250808221007.RAWGSYH,NHB250808221303.RAWGSYM,2025-08-08 22:00:07,2025-08-08 22:00:07,NHB250808220007.RAWGSYA,Long Range,0.0,2025-08-08 23:00:07,2025-08-08 23:00:08,NHB250808230008.RAWGSZK,Long Range,1.0,2025-08-09 00:00:07,2025-08-09 00:00:08,NHB250809000008.RAWGT0V,Long Range,1.0,2025-08-09 01:00:07,2025-08-09 01:00:08,NHB250809010008.RAWGT24,Long Range,1.0
571,2025-08-08 22:20:08,NHB250808222008.RAWGSYR,NHB250808222303.RAWGSYV,NHB250808223008.RAWGSYY,NHB250808223303.RAWGSZ2,2025-08-08 22:20:08,2025-08-08 22:20:08,NHB250808222008.RAWGSYR,Long Range,0.0,2025-08-08 23:20:08,2025-08-08 23:20:08,NHB250808232008.RAWGT00,Long Range,0.0,2025-08-09 00:20:08,2025-08-09 00:20:08,NHB250809002008.RAWGT19,Long Range,0.0,2025-08-09 01:20:08,2025-08-09 01:20:08,NHB250809012008.RAWGT2J,Long Range,0.0
572,2025-08-08 22:40:08,NHB250808224008.RAWGSZ5,NHB250808224304.RAWGSZ9,NHB250808225008.RAWGSZC,NHB250808225304.RAWGSZG,2025-08-08 22:40:08,2025-08-08 22:40:08,NHB250808224008.RAWGSZ5,Long Range,0.0,2025-08-08 23:40:08,2025-08-08 23:40:08,NHB250808234008.RAWGT0E,Long Range,0.0,2025-08-09 00:40:08,2025-08-09 00:40:08,NHB250809004008.RAWGT1P,Long Range,0.0,2025-08-09 01:40:08,2025-08-09 01:40:08,NHB250809014008.RAWGT2Z,Long Range,0.0
573,2025-08-08 23:00:08,NHB250808230008.RAWGSZK,NHB250808230303.RAWGSZP,NHB250808231007.RAWGSZT,NHB250808231304.RAWGSZX,2025-08-08 23:00:08,2025-08-08 23:00:08,NHB250808230008.RAWGSZK,Long Range,0.0,2025-08-09 00:00:08,2025-08-09 00:00:08,NHB250809000008.RAWGT0V,Long Range,0.0,2025-08-09 01:00:08,2025-08-09 01:00:08,NHB250809010008.RAWGT24,Long Range,0.0,2025-08-09 02:00:08,2025-08-09 02:00:08,NHB250809020008.RAWGT3D,Long Range,0.0
574,2025-08-08 23:20:08,NHB250808232008.RAWGT00,NHB250808232303.RAWGT04,NHB250808233007.RAWGT07,NHB250808233303.RAWGT0B,2025-08-08 23:20:08,2025-08-08 23:20:08,NHB250808232008.RAWGT00,Long Range,0.0,2025-08-09 00:20:08,2025-08-09 00:20:08,NHB250809002008.RAWGT19,Long Range,0.0,2025-08-09 01:20:08,2025-08-09 01:20:08,NHB250809012008.RAWGT2J,Long Range,0.0,2025-08-09 02:20:08,2025-08-09 02:20:08,NHB250809022008.RAWGT3U,Long Range,0.0
575,2025-08-08 23:40:08,NHB250808234008.RAWGT0E,NHB250808234303.RAWGT0J,NHB250808235007.RAWGT0M,NHB250808235304.RAWGT0S,2025-08-08 23:40:08,2025-08-08 23:40:08,NHB250808234008.RAWGT0E,Long Range,0.0,2025-08-09 00:40:08,2025-08-09 00:40:08,NHB250809004008.RAWGT1P,Long Range,0.0,2025-08-09 01:40:08,2025-08-09 01:40:08,NHB250809014008.RAWGT2Z,Long Range,0.0,2025-08-09 02:40:08,2025-08-09 02:40:08,NHB250809024008.RAWGT48,Long Range,0.0
576,2025-08-09 00:00:08,NHB250809000008.RAWGT0V,NHB250809000303.RAWGT0Z,NHB250809001008.RAWGT12,NHB250809001303.RAWGT16,2025-08-09 00:00:08,2025-08-09 00:00:08,NHB250809000008.RAWGT0V,Long Range,0.0,2025-08-09 01:00:08,2025-08-09 01:00:08,NHB250809010008.RAWGT24,Long Range,0.0,2025-08-09 02:00:08,2025-08-09 02:00:08,NHB250809020008.RAWGT3D,Long Range,0.0,2025-08-09 03:00:08,2025-08-09 03:00:08,NHB250809030008.RAWGT4N,Long Range,0.0
577,2025-08-09 00:20:08,NHB250809002008.RAWGT19,NHB250809002303.RAWGT1D,NHB250809003007.RAWGT1G,NHB250809003303.RAWGT1L,2025-08-09 00:20:08,2025-08-09 00:20:08,NHB250809002008.RAWGT19,Long Range,0.0,2025-08-09 01:20:08,2025-08-09 01:20:08,NHB250809012008.RAWGT2J,Long Range,0.0,2025-08-09 02:20:08,2025-08-09 02:20:08,NHB250809022008.RAWGT3U,Long Range,0.0,2025-08-09 03:20:08,2025-08-09 03:20:07,NHB250809032007.RAWGT53,Long Range,1.0
578,2025-08-09 00:40:08,NHB250809004008.RAWGT1P,NHB250809004303.RAWGT1U,NHB250809005008.RAWGT1X,NHB250809005304.RAWGT21,2025-08-09 00:40:08,2025-08-09 00:40:08,NHB250809004008.RAWGT1P,Long Range,0.0,2025-08-09 01:40:08,2025-08-09 01:40:08,NHB250809014008.RAWGT2Z,Long Range,0.0,2025-08-09 02:40:08,2025-08-09 02:40:08,NHB250809024008.RAWGT48,Long Range,0.0,2025-08-09 03:40:08,2025-08-09 03:40:07,NHB250809034007.RAWGT5H,Long Range,1.0
579,2025-08-09 01:00:08,NHB250809010008.RAWGT24,NHB250809010304.RAWGT28,NHB250809011008.RAWGT2B,NHB250809011303.RAWGT2F,2025-08-09 01:00:08,2025-08-09 01:00:08,NHB250809010008.RAWGT24,Long Range,0.0,2025-08-09 02:00:08,2025-08-09 02:00:08,NHB250809020008.RAWGT3D,Long Range,0.0,2025-08-09 03:00:08,2025-08-09 03:00:08,NHB250809030008.RAWGT4N,Long Range,0.0,2025-08-09 04:00:08,2025-08-09 04:00:08,NHB250809040008.RAWGT5Y,Long Range,0.0
580,2025-08-09 01:20:08,NHB250809012008.RAWGT2J,NHB250809012304.RAWGT2N,NHB250809013007.RAWGT2S,NHB250809013303.RAWGT2W,2025-08-09 01:20:08,2025-08-09 01:20:08,NHB250809012008.RAWGT2J,Long Range,0.0,2025-08-09 02:20:08,2025-08-09 02:20:08,NHB250809022008.RAWGT3U,Long Range,0.0,2025-08-09 03:20:08,2025-08-09 03:20:07,NHB250809032007.RAWGT53,Long Range,1.0,2025-08-09 04:20:08,2025-08-09 04:20:08,NHB250809042008.RAWGT6C,Long Range,0.0
581,2025-08-09 01:40:08,NHB250809014008.RAWGT2Z,NHB250809014304.RAWGT33,NHB250809015007.RAWGT36,NHB250809015304.RAWGT3A,2025-08-09 01:40:08,2025-08-09 01:40:08,NHB250809014008.RAWGT2Z,Long Range,0.0,2025-08-09 02:40:08,2025-08-09 02:40:08,NHB250809024008.RAWGT48,Long Range,0.0,2025-08-09 03:40:08,2025-08-09 03:40:07,NHB250809034007.RAWGT5H,Long Range,1.0,2025-08-09 04:40:08,2025-08-09 04:40:08,NHB250809044008.RAWGT6T,Long Range,0.0
582,2025-08-09 02:00:08,NHB250809020008.RAWGT3D,NHB250809020303.RAWGT3H,NHB250809021009.RAWGT3L,NHB250809021303.RAWGT3R,2025-08-09 02:00:08,2025-08-09 02:00:08,NHB250809020008.RAWGT3D,Long Range,0.0,2025-08-09 03:00:08,2025-08-09 03:00:08,NHB250809030008.RAWGT4N,Long Range,0.0,2025-08-09 04:00:08,2025-08-09 04:00:08,NHB250809040008.RAWGT5Y,Long Range,0.0,2025-08-09 05:00:08,2025-08-09 05:00:07,NHB250809050007.RAWGT77,Long Range,1.0
583,2025-08-09 02:20:08,NHB250809022008.RAWGT3U,NHB250809022303.RAWGT3Y,NHB250809023007.RAWGT41,NHB250809023303.RAWGT45,2025-08-09 02:20:08,2025-08-09 02:20:08,NHB250809022008.RAWGT3U,Long Range,0.0,2025-08-09 03:20:08,2025-08-09 03:20:07,NHB250809032007.RAWGT53,Long Range,1.0,2025-08-09 04:20:08,2025-08-09 04:20:08,NHB250809042008.RAWGT6C,Long Range,0.0,2025-08-09 05:20:08,2025-08-09 05:20:07,NHB250809052007.RAWGT7M,Long Range,1.0
584,2025-08-09 02:40:08,NHB250809024008.RAWGT48,NHB250809024303.RAWGT4C,NHB250809025008.RAWGT4F,NHB250809025303.RAWGT4K,2025-08-09 02:40:08,2025-08-09 02:40:08,NHB250809024008.RAWGT48,Long Range,0.0,2025-08-09 03:40:08,2025-08-09 03:40:07,NHB250809034007.RAWGT5H,Long Range,1.0,2025-08-09 04:40:08,2025-08-09 04:40:08,NHB250809044008.RAWGT6T,Long Range,0.0,2025-08-09 05:40:08,2025-08-09 05:40:08,NHB250809054008.RAWGT82,Long Range,0.0
585,2025-08-09 03:00:08,NHB250809030008.RAWGT4N,NHB250809030304.RAWGT4T,NHB250809031008.RAWGT4W,NHB250809031304.RAWGT50,2025-08-09 03:00:08,2025-08-09 03:00:08,NHB250809030008.RAWGT4N,Long Range,0.0,2025-08-09 04:00:08,2025-08-09 04:00:08,NHB250809040008.RAWGT5Y,Long Range,0.0,2025-08-09 05:00:08,2025-08-09 05:00:07,NHB250809050007.RAWGT77,Long Range,1.0,2025-08-09 06:00:08,2025-08-09 06:00:08,NHB250809060008.RAWGT8G,Long Range,0.0
586,2025-08-09 03:20:07,NHB250809032007.RAWGT53,NHB250809032303.RAWGT57,NHB250809033007.RAWGT5A,NHB250809033303.RAWGT5E,2025-08-09 03:20:07,2025-08-09 03:20:07,NHB250809032007.RAWGT53,Long Range,0.0,2025-08-09 04:20:07,2025-08-09 04:20:08,NHB250809042008.RAWGT6C,Long Range,1.0,2025-08-09 05:20:07,2025-08-09 05:20:07,NHB250809052007.RAWGT7M,Long Range,0.0,2025-08-09 06:20:07,2025-08-09 06:20:08,NHB250809062008.RAWGT8X,Long Range,1.0
587,2025-08-09 03:40:07,NHB250809034007.RAWGT5H,NHB250809034303.RAWGT5M,NHB250809035009.RAWGT5R,NHB250809035303.RAWGT5V,2025-08-09 03:40:07,2025-08-09 03:40:07,NHB250809034007.RAWGT5H,Long Range,0.0,2025-08-09 04:40:07,2025-08-09 04:40:08,NHB250809044008.RAWGT6T,Long Range,1.0,2025-08-09 05:40:07,2025-08-09 05:40:08,NHB250809054008.RAWGT82,Long Range,1.0,2025-08-09 06:40:07,2025-08-09 06:40:07,NHB250809064007.RAWGT9B,Long Range,0.0
588,2025-08-09 04:00:08,NHB250809040008.RAWGT5Y,NHB250809040304.RAWGT62,NHB250809041008.RAWGT65,NHB250809041303.RAWGT69,2025-08-09 04:00:08,2025-08-09 04:00:08,NHB250809040008.RAWGT5Y,Long Range,0.0,2025-08-09 05:00:08,2025-08-09 05:00:07,NHB250809050007.RAWGT77,Long Range,1.0,2025-08-09 06:00:08,2025-08-09 06:00:08,NHB250809060008.RAWGT8G,Long Range,0.0,2025-08-09 07:00:08,2025-08-09 07:00:08,NHB250809070008.RAWGT9S,Long Range,0.0
589,2025-08-09 04:20:08,NHB250809042008.RAWGT6C,NHB250809042304.RAWGT6G,NHB250809043008.RAWGT6K,NHB250809043304.RAWGT6P,2025-08-09 04:20:08,2025-08-09 04:20:08,NHB250809042008.RAWGT6C,Long Range,0.0,2025-08-09 05:20:08,2025-08-09 05:20:07,NHB250809052007.RAWGT7M,Long Range,1.0,2025-08-09 06:20:08,2025-08-09 06:20:08,NHB250809062008.RAWGT8X,Long Range,0.0,2025-08-09 07:20:08,2025-08-09 07:20:08,NHB250809072008.RAWGTA6,Long Range,0.0
590,2025-08-09 04:40:08,NHB250809044008.RAWGT6T,NHB250809044304.RAWGT6X,NHB250809045007.RAWGT70,NHB250809045303.RAWGT74,2025-08-09 04:40:08,2025-08-09 04:40:08,NHB250809044008.RAWGT6T,Long Range,0.0,2025-08-09 05:40:08,2025-08-09 05:40:08,NHB250809054008.RAWGT82,Long Range,0.0,2025-08-09 06:40:08,2025-08-09 06:40:07,NHB250809064007.RAWGT9B,Long Range,1.0,2025-08-09 07:40:08,2025-08-09 07:40:08,NHB250809074008.RAWGTAL,Long Range,0.0
591,2025-08-09 05:00:07,NHB250809050007.RAWGT77,NHB250809050304.RAWGT7B,NHB250809051008.RAWGT7E,NHB250809051304.RAWGT7J,2025-08-09 05:00:07,2025-08-09 05:00:07,NHB250809050007.RAWGT77,Long Range,0.0,2025-08-09 06:00:07,2025-08-09 06:00:08,NHB250809060008.RAWGT8G,Long Range,1.0,2025-08-09 07:00:07,2025-08-09 07:00:08,NHB250809070008.RAWGT9S,Long Range,1.0,2025-08-09 08:00:07,2025-08-09 08:00:07,NHB250809080007.RAWGTB1,Long Range,0.0
592,2025-08-09 05:20:07,NHB250809052007.RAWGT7M,NHB250809052304.RAWGT7S,NHB250809053008.RAWGT7V,NHB250809053303.RAWGT7Z,2025-08-09 05:20:07,2025-08-09 05:20:07,NHB250809052007.RAWGT7M,Long Range,0.0,2025-08-09 06:20:07,2025-08-09 06:20:08,NHB250809062008.RAWGT8X,Long Range,1.0,2025-08-09 07:20:07,2025-08-09 07:20:08,NHB250809072008.RAWGTA6,Long Range,1.0,2025-08-09 08:20:07,2025-08-09 08:20:07,NHB250809082007.RAWGTBF,Long Range,0.0
593,2025-08-09 05:40:08,NHB250809054008.RAWGT82,NHB250809054304.RAWGT86,NHB250809055009.RAWGT89,NHB250809055304.RAWGT8D,2025-08-09 05:40:08,2025-08-09 05:40:08,NHB250809054008.RAWGT82,Long Range,0.0,2025-08-09 06:40:08,2025-08-09 06:40:07,NHB250809064007.RAWGT9B,Long Range,1.0,2025-08-09 07:40:08,2025-08-09 07:40:08,NHB250809074008.RAWGTAL,Long Range,0.0,2025-08-09 08:40:08,2025-08-09 08:40:07,NHB250809084007.RAWGTBW,Long Range,1.0
594,2025-08-09 06:00:08,NHB250809060008.RAWGT8G,NHB250809060303.RAWGT8L,NHB250809061007.RAWGT8P,NHB250809061304.RAWGT8U,2025-08-09 06:00:08,2025-08-09 06:00:08,NHB250809060008.RAWGT8G,Long Range,0.0,2025-08-09 07:00:08,2025-08-09 07:00:08,NHB250809070008.RAWGT9S,Long Range,0.0,2025-08-09 08:00:08,2025-08-09 08:00:07,NHB250809080007.RAWGTB1,Long Range,1.0,2025-08-09 09:00:08,2025-08-09 09:00:07,NHB250809090007.RAWGTCA,Long Range,1.0
595,2025-08-09 06:20:08,NHB250809062008.RAWGT8X,NHB250809062304.RAWGT91,NHB250809063008.RAWGT94,NHB250809063303.RAWGT98,2025-08-09 06:20:08,2025-08-09 06:20:08,NHB250809062008.RAWGT8X,Long Range,0.0,2025-08-09 07:20:08,2025-08-09 07:20:08,NHB250809072008.RAWGTA6,Long Range,0.0,2025-08-09 08:20:08,2025-08-09 08:20:07,NHB250809082007.RAWGTBF,Long Range,1.0,2025-08-09 09:20:08,2025-08-09 09:20:07,NHB250809092007.RAWGTCR,Long Range,1.0
596,2025-08-09 06:40:07,NHB250809064007.RAWGT9B,NHB250809064304.RAWGT9F,NHB250809065007.RAWGT9J,NHB250809065305.RAWGT9N,2025-08-09 06:40:07,2025-08-09 06:40:07,NHB250809064007.RAWGT9B,Long Range,0.0,2025-08-09 07:40:07,2025-08-09 07:40:08,NHB250809074008.RAWGTAL,Long Range,1.0,2025-08-09 08:40:07,2025-08-09 08:40:07,NHB250809084007.RAWGTBW,Long Range,0.0,2025-08-09 09:40:07,2025-08-09 09:40:08,NHB250809094008.RAWGTD5,Long Range,1.0
597,2025-08-09 07:00:08,NHB250809070008.RAWGT9S,NHB250809070304.RAWGT9W,NHB250809071007.RAWGT9Z,NHB250809071303.RAWGTA3,2025-08-09 07:00:08,2025-08-09 07:00:08,NHB250809070008.RAWGT9S,Long Range,0.0,2025-08-09 08:00:08,2025-08-09 08:00:07,NHB250809080007.RAWGTB1,Long Range,1.0,2025-08-09 09:00:08,2025-08-09 09:00:07,NHB250809090007.RAWGTCA,Long Range,1.0,2025-08-09 10:00:08,2025-08-09 10:00:08,NHB250809100008.RAWGTDK,Long Range,0.0
598,2025-08-09 07:20:08,NHB250809072008.RAWGTA6,NHB250809072303.RAWGTAA,NHB250809073008.RAWGTAD,NHB250809073304.RAWGTAH,2025-08-09 07:20:08,2025-08-09 07:20:08,NHB250809072008.RAWGTA6,Long Range,0.0,2025-08-09 08:20:08,2025-08-09 08:20:07,NHB250809082007.RAWGTBF,Long Range,1.0,2025-08-09 09:20:08,2025-08-09 09:20:07,NHB250809092007.RAWGTCR,Long Range,1.0,2025-08-09 10:20:08,2025-08-09 10:20:07,NHB250809102007.RAWGTE0,Long Range,1.0
599,2025-08-09 07:40:08,NHB250809074008.RAWGTAL,NHB250809074304.RAWGTAR,NHB250809075008.RAWGTAU,NHB250809075303.RAWGTAY,2025-08-09 07:40:08,2025-08-09 07:40:08,NHB250809074008.RAWGTAL,Long Range,0.0,2025-08-09 08:40:08,2025-08-09 08:40:07,NHB250809084007.RAWGTBW,Long Range,1.0,2025-08-09 09:40:08,2025-08-09 09:40:08,NHB250809094008.RAWGTD5,Long Range,0.0,2025-08-09 10:40:08,2025-08-09 10:40:08,NHB250809104008.RAWGTEE,Long Range,0.0
600,2025-08-09 08:00:07,NHB250809080007.RAWGTB1,NHB250809080303.RAWGTB5,NHB250809081008.RAWGTB8,NHB250809081303.RAWGTBC,2025-08-09 08:00:07,2025-08-09 08:00:07,NHB250809080007.RAWGTB1,Long Range,0.0,2025-08-09 09:00:07,2025-08-09 09:00:07,NHB250809090007.RAWGTCA,Long Range,0.0,2025-08-09 10:00:07,2025-08-09 10:00:08,NHB250809100008.RAWGTDK,Long Range,1.0,2025-08-09 11:00:07,2025-08-09 11:00:08,NHB250809110008.RAWGTEV,Long Range,1.0
601,2025-08-09 08:20:07,NHB250809082007.RAWGTBF,NHB250809082303.RAWGTBK,NHB250809083007.RAWGTBN,NHB250809083304.RAWGTBT,2025-08-09 08:20:07,2025-08-09 08:20:07,NHB250809082007.RAWGTBF,Long Range,0.0,2025-08-09 09:20:07,2025-08-09 09:20:07,NHB250809092007.RAWGTCR,Long Range,0.0,2025-08-09 10:20:07,2025-08-09 10:20:07,NHB250809102007.RAWGTE0,Long Range,0.0,2025-08-09 11:20:07,2025-08-09 11:20:07,NHB250809112007.RAWGTF9,Long Range,0.0
602,2025-08-09 08:40:07,NHB250809084007.RAWGTBW,NHB250809084304.RAWGTC0,NHB250809085008.RAWGTC3,NHB250809085304.RAWGTC7,2025-08-09 08:40:07,2025-08-09 08:40:07,NHB250809084007.RAWGTBW,Long Range,0.0,2025-08-09 09:40:07,2025-08-09 09:40:08,NHB250809094008.RAWGTD5,Long Range,1.0,2025-08-09 10:40:07,2025-08-09 10:40:08,NHB250809104008.RAWGTEE,Long Range,1.0,2025-08-09 11:40:07,2025-08-09 11:40:08,NHB250809114008.RAWGTFP,Long Range,1.0
603,2025-08-09 09:00:07,NHB250809090007.RAWGTCA,NHB250809090303.RAWGTCE,NHB250809091008.RAWGTCH,NHB250809091304.RAWGTCM,2025-08-09 09:00:07,2025-08-09 09:00:07,NHB250809090007.RAWGTCA,Long Range,0.0,2025-08-09 10:00:07,2025-08-09 10:00:08,NHB250809100008.RAWGTDK,Long Range,1.0,2025-08-09 11:00:07,2025-08-09 11:00:08,NHB250809110008.RAWGTEV,Long Range,1.0,2025-08-09 12:00:07,2025-08-09 12:00:08,NHB250809120008.RAWGTG4,Long Range,1.0
604,2025-08-09 09:20:07,NHB250809092007.RAWGTCR,NHB250809092303.RAWGTCV,NHB250809093007.RAWGTCY,NHB250809093303.RAWGTD2,2025-08-09 09:20:07,2025-08-09 09:20:07,NHB250809092007.RAWGTCR,Long Range,0.0,2025-08-09 10:20:07,2025-08-09 10:20:07,NHB250809102007.RAWGTE0,Long Range,0.0,2025-08-09 11:20:07,2025-08-09 11:20:07,NHB250809112007.RAWGTF9,Long Range,0.0,2025-08-09 12:20:07,2025-08-09 12:20:07,NHB250809122007.RAWGTGJ,Long Range,0.0
605,2025-08-09 09:40:08,NHB250809094008.RAWGTD5,NHB250809094304.RAWGTD9,NHB250809095008.RAWGTDC,NHB250809095304.RAWGTDG,2025-08-09 09:40:08,2025-08-09 09:40:08,NHB250809094008.RAWGTD5,Long Range,0.0,2025-08-09 10:40:08,2025-08-09 10:40:08,NHB250809104008.RAWGTEE,Long Range,0.0,2025-08-09 11:40:08,2025-08-09 11:40:08,NHB250809114008.RAWGTFP,Long Range,0.0,2025-08-09 12:40:08,2025-08-09 12:40:07,NHB250809124007.RAWGTGZ,Long Range,1.0
606,2025-08-09 10:00:08,NHB250809100008.RAWGTDK,NHB250809100303.RAWGTDP,NHB250809101007.RAWGTDT,NHB250809101303.RAWGTDX,2025-08-09 10:00:08,2025-08-09 10:00:08,NHB250809100008.RAWGTDK,Long Range,0.0,2025-08-09 11:00:08,2025-08-09 11:00:08,NHB250809110008.RAWGTEV,Long Range,0.0,2025-08-09 12:00:08,2025-08-09 12:00:08,NHB250809120008.RAWGTG4,Long Range,0.0,2025-08-09 13:00:08,2025-08-09 13:00:08,NHB250809130008.RAWGTHD,Long Range,0.0
607,2025-08-09 10:20:07,NHB250809102007.RAWGTE0,NHB250809102305.RAWGTE4,NHB250809103008.RAWGTE7,NHB250809103303.RAWGTEB,2025-08-09 10:20:07,2025-08-09 10:20:07,NHB250809102007.RAWGTE0,Long Range,0.0,2025-08-09 11:20:07,2025-08-09 11:20:07,NHB250809112007.RAWGTF9,Long Range,0.0,2025-08-09 12:20:07,2025-08-09 12:20:07,NHB250809122007.RAWGTGJ,Long Range,0.0,2025-08-09 13:20:07,2025-08-09 13:20:08,NHB250809132008.RAWGTHU,Long Range,1.0
608,2025-08-09 10:40:08,NHB250809104008.RAWGTEE,NHB250809104304.RAWGTEJ,NHB250809105007.RAWGTEM,NHB250809105303.RAWGTES,2025-08-09 10:40:08,2025-08-09 10:40:08,NHB250809104008.RAWGTEE,Long Range,0.0,2025-08-09 11:40:08,2025-08-09 11:40:08,NHB250809114008.RAWGTFP,Long Range,0.0,2025-08-09 12:40:08,2025-08-09 12:40:07,NHB250809124007.RAWGTGZ,Long Range,1.0,2025-08-09 13:40:08,2025-08-09 13:40:08,NHB250809134008.RAWGTJ8,Long Range,0.0
609,2025-08-09 11:00:08,NHB250809110008.RAWGTEV,NHB250809110303.RAWGTEZ,NHB250809111007.RAWGTF2,NHB250809111304.RAWGTF6,2025-08-09 11:00:08,2025-08-09 11:00:08,NHB250809110008.RAWGTEV,Long Range,0.0,2025-08-09 12:00:08,2025-08-09 12:00:08,NHB250809120008.RAWGTG4,Long Range,0.0,2025-08-09 13:00:08,2025-08-09 13:00:08,NHB250809130008.RAWGTHD,Long Range,0.0,2025-08-09 14:00:08,2025-08-09 14:00:08,NHB250809140008.RAWGTJN,Long Range,0.0
610,2025-08-09 11:20:07,NHB250809112007.RAWGTF9,NHB250809112303.RAWGTFD,NHB250809113007.RAWGTFG,NHB250809113304.RAWGTFL,2025-08-09 11:20:07,2025-08-09 11:20:07,NHB250809112007.RAWGTF9,Long Range,0.0,2025-08-09 12:20:07,2025-08-09 12:20:07,NHB250809122007.RAWGTGJ,Long Range,0.0,2025-08-09 13:20:07,2025-08-09 13:20:08,NHB250809132008.RAWGTHU,Long Range,1.0,2025-08-09 14:20:07,2025-08-09 14:20:08,NHB250809142008.RAWGTK3,Long Range,1.0
611,2025-08-09 11:40:08,NHB250809114008.RAWGTFP,NHB250809114303.RAWGTFU,NHB250809115007.RAWGTFX,NHB250809115304.RAWGTG1,2025-08-09 11:40:08,2025-08-09 11:40:08,NHB250809114008.RAWGTFP,Long Range,0.0,2025-08-09 12:40:08,2025-08-09 12:40:07,NHB250809124007.RAWGTGZ,Long Range,1.0,2025-08-09 13:40:08,2025-08-09 13:40:08,NHB250809134008.RAWGTJ8,Long Range,0.0,2025-08-09 14:40:08,2025-08-09 14:40:08,NHB250809144008.RAWGTKH,Long Range,0.0
612,2025-08-09 12:00:08,NHB250809120008.RAWGTG4,NHB250809120303.RAWGTG8,NHB250809121008.RAWGTGB,NHB250809121303.RAWGTGF,2025-08-09 12:00:08,2025-08-09 12:00:08,NHB250809120008.RAWGTG4,Long Range,0.0,2025-08-09 13:00:08,2025-08-09 13:00:08,NHB250809130008.RAWGTHD,Long Range,0.0,2025-08-09 14:00:08,2025-08-09 14:00:08,NHB250809140008.RAWGTJN,Long Range,0.0,2025-08-09 15:00:08,2025-08-09 15:00:08,NHB250809150008.RAWGTKY,Long Range,0.0
613,2025-08-09 12:20:07,NHB250809122007.RAWGTGJ,NHB250809122304.RAWGTGN,NHB250809123008.RAWGTGS,NHB250809123303.RAWGTGW,2025-08-09 12:20:07,2025-08-09 12:20:07,NHB250809122007.RAWGTGJ,Long Range,0.0,2025-08-09 13:20:07,2025-08-09 13:20:08,NHB250809132008.RAWGTHU,Long Range,1.0,2025-08-09 14:20:07,2025-08-09 14:20:08,NHB250809142008.RAWGTK3,Long Range,1.0,2025-08-09 15:20:07,2025-08-09 15:20:07,NHB250809152007.RAWGTLC,Long Range,0.0
614,2025-08-09 12:40:07,NHB250809124007.RAWGTGZ,NHB250809124303.RAWGTH3,NHB250809125009.RAWGTH6,NHB250809125304.RAWGTHA,2025-08-09 12:40:07,2025-08-09 12:40:07,NHB250809124007.RAWGTGZ,Long Range,0.0,2025-08-09 13:40:07,2025-08-09 13:40:08,NHB250809134008.RAWGTJ8,Long Range,1.0,2025-08-09 14:40:07,2025-08-09 14:40:08,NHB250809144008.RAWGTKH,Long Range,1.0,2025-08-09 15:40:07,2025-08-09 15:40:08,NHB250809154008.RAWGTLT,Long Range,1.0
615,2025-08-09 13:00:08,NHB250809130008.RAWGTHD,NHB250809130303.RAWGTHH,NHB250809131007.RAWGTHL,NHB250809131303.RAWGTHR,2025-08-09 13:00:08,2025-08-09 13:00:08,NHB250809130008.RAWGTHD,Long Range,0.0,2025-08-09 14:00:08,2025-08-09 14:00:08,NHB250809140008.RAWGTJN,Long Range,0.0,2025-08-09 15:00:08,2025-08-09 15:00:08,NHB250809150008.RAWGTKY,Long Range,0.0,2025-08-09 16:00:08,2025-08-09 16:00:07,NHB250809160007.RAWGTM7,Long Range,1.0
616,2025-08-09 13:20:08,NHB250809132008.RAWGTHU,NHB250809132304.RAWGTHY,NHB250809133008.RAWGTJ1,NHB250809133303.RAWGTJ5,2025-08-09 13:20:08,2025-08-09 13:20:08,NHB250809132008.RAWGTHU,Long Range,0.0,2025-08-09 14:20:08,2025-08-09 14:20:08,NHB250809142008.RAWGTK3,Long Range,0.0,2025-08-09 15:20:08,2025-08-09 15:20:07,NHB250809152007.RAWGTLC,Long Range,1.0,2025-08-09 16:20:08,2025-08-09 16:20:09,NHB250809162009.RAWGTMM,Long Range,1.0
617,2025-08-09 13:40:08,NHB250809134008.RAWGTJ8,NHB250809134303.RAWGTJC,NHB250809135007.RAWGTJF,NHB250809135303.RAWGTJK,2025-08-09 13:40:08,2025-08-09 13:40:08,NHB250809134008.RAWGTJ8,Long Range,0.0,2025-08-09 14:40:08,2025-08-09 14:40:08,NHB250809144008.RAWGTKH,Long Range,0.0,2025-08-09 15:40:08,2025-08-09 15:40:08,NHB250809154008.RAWGTLT,Long Range,0.0,2025-08-09 16:40:08,2025-08-09 16:40:08,NHB250809164008.RAWGTN2,Long Range,0.0
618,2025-08-09 14:00:08,NHB250809140008.RAWGTJN,NHB250809140304.RAWGTJT,NHB250809141008.RAWGTJW,NHB250809141305.RAWGTK0,2025-08-09 14:00:08,2025-08-09 14:00:08,NHB250809140008.RAWGTJN,Long Range,0.0,2025-08-09 15:00:08,2025-08-09 15:00:08,NHB250809150008.RAWGTKY,Long Range,0.0,2025-08-09 16:00:08,2025-08-09 16:00:07,NHB250809160007.RAWGTM7,Long Range,1.0,2025-08-09 17:00:08,2025-08-09 17:00:07,NHB250809170007.RAWGTNG,Long Range,1.0
619,2025-08-09 14:20:08,NHB250809142008.RAWGTK3,NHB250809142303.RAWGTK7,NHB250809143007.RAWGTKA,NHB250809143303.RAWGTKE,2025-08-09 14:20:08,2025-08-09 14:20:08,NHB250809142008.RAWGTK3,Long Range,0.0,2025-08-09 15:20:08,2025-08-09 15:20:07,NHB250809152007.RAWGTLC,Long Range,1.0,2025-08-09 16:20:08,2025-08-09 16:20:09,NHB250809162009.RAWGTMM,Long Range,1.0,2025-08-09 17:20:08,2025-08-09 17:20:08,NHB250809172008.RAWGTNX,Long Range,0.0
620,2025-08-09 14:40:08,NHB250809144008.RAWGTKH,NHB250809144303.RAWGTKM,NHB250809145007.RAWGTKR,NHB250809145304.RAWGTKV,2025-08-09 14:40:08,2025-08-09 14:40:08,NHB250809144008.RAWGTKH,Long Range,0.0,2025-08-09 15:40:08,2025-08-09 15:40:08,NHB250809154008.RAWGTLT,Long Range,0.0,2025-08-09 16:40:08,2025-08-09 16:40:08,NHB250809164008.RAWGTN2,Long Range,0.0,2025-08-09 17:40:08,2025-08-09 17:40:08,NHB250809174008.RAWGTPB,Long Range,0.0
621,2025-08-09 15:00:08,NHB250809150008.RAWGTKY,NHB250809150303.RAWGTL2,NHB250809151008.RAWGTL5,NHB250809151303.RAWGTL9,2025-08-09 15:00:08,2025-08-09 15:00:08,NHB250809150008.RAWGTKY,Long Range,0.0,2025-08-09 16:00:08,2025-08-09 16:00:07,NHB250809160007.RAWGTM7,Long Range,1.0,2025-08-09 17:00:08,2025-08-09 17:00:07,NHB250809170007.RAWGTNG,Long Range,1.0,2025-08-09 18:00:08,2025-08-09 18:00:07,NHB250809180007.RAWGTPS,Long Range,1.0
622,2025-08-09 15:20:07,NHB250809152007.RAWGTLC,NHB250809152303.RAWGTLG,NHB250809153008.RAWGTLK,NHB250809153304.RAWGTLP,2025-08-09 15:20:07,2025-08-09 15:20:07,NHB250809152007.RAWGTLC,Long Range,0.0,2025-08-09 16:20:07,2025-08-09 16:20:09,NHB250809162009.RAWGTMM,Long Range,2.0,2025-08-09 17:20:07,2025-08-09 17:20:08,NHB250809172008.RAWGTNX,Long Range,1.0,2025-08-09 18:20:07,2025-08-09 18:20:09,NHB250809182009.RAWGTR6,Long Range,2.0
623,2025-08-09 15:40:08,NHB250809154008.RAWGTLT,NHB250809154304.RAWGTLX,NHB250809155008.RAWGTM0,NHB250809155303.RAWGTM4,2025-08-09 15:40:08,2025-08-09 15:40:08,NHB250809154008.RAWGTLT,Long Range,0.0,2025-08-09 16:40:08,2025-08-09 16:40:08,NHB250809164008.RAWGTN2,Long Range,0.0,2025-08-09 17:40:08,2025-08-09 17:40:08,NHB250809174008.RAWGTPB,Long Range,0.0,2025-08-09 18:40:08,2025-08-09 18:40:08,NHB250809184008.RAWGTRL,Long Range,0.0
624,2025-08-09 16:00:07,NHB250809160007.RAWGTM7,NHB250809160303.RAWGTMB,NHB250809161008.RAWGTME,NHB250809161304.RAWGTMJ,2025-08-09 16:00:07,2025-08-09 16:00:07,NHB250809160007.RAWGTM7,Long Range,0.0,2025-08-09 17:00:07,2025-08-09 17:00:07,NHB250809170007.RAWGTNG,Long Range,0.0,2025-08-09 18:00:07,2025-08-09 18:00:07,NHB250809180007.RAWGTPS,Long Range,0.0,2025-08-09 19:00:07,2025-08-09 19:00:07,NHB250809190007.RAWGTS1,Long Range,0.0
625,2025-08-09 16:20:09,NHB250809162009.RAWGTMM,NHB250809162303.RAWGTMS,NHB250809163007.RAWGTMV,NHB250809163304.RAWGTMZ,2025-08-09 16:20:09,2025-08-09 16:20:09,NHB250809162009.RAWGTMM,Long Range,0.0,2025-08-09 17:20:09,2025-08-09 17:20:08,NHB250809172008.RAWGTNX,Long Range,1.0,2025-08-09 18:20:09,2025-08-09 18:20:09,NHB250809182009.RAWGTR6,Long Range,0.0,2025-08-09 19:20:09,2025-08-09 19:20:08,NHB250809192008.RAWGTSF,Long Range,1.0
626,2025-08-09 16:40:08,NHB250809164008.RAWGTN2,NHB250809164304.RAWGTN6,NHB250809165008.RAWGTN9,NHB250809165303.RAWGTND,2025-08-09 16:40:08,2025-08-09 16:40:08,NHB250809164008.RAWGTN2,Long Range,0.0,2025-08-09 17:40:08,2025-08-09 17:40:08,NHB250809174008.RAWGTPB,Long Range,0.0,2025-08-09 18:40:08,2025-08-09 18:40:08,NHB250809184008.RAWGTRL,Long Range,0.0,2025-08-09 19:40:08,2025-08-09 19:40:07,NHB250809194007.RAWGTSW,Long Range,1.0
627,2025-08-09 17:00:07,NHB250809170007.RAWGTNG,NHB250809170303.RAWGTNL,NHB250809171008.RAWGTNP,NHB250809171304.RAWGTNU,2025-08-09 17:00:07,2025-08-09 17:00:07,NHB250809170007.RAWGTNG,Long Range,0.0,2025-08-09 18:00:07,2025-08-09 18:00:07,NHB250809180007.RAWGTPS,Long Range,0.0,2025-08-09 19:00:07,2025-08-09 19:00:07,NHB250809190007.RAWGTS1,Long Range,0.0,2025-08-09 20:00:07,2025-08-09 20:00:09,NHB250809200009.RAWGTTA,Long Range,2.0
628,2025-08-09 17:20:08,NHB250809172008.RAWGTNX,NHB250809172304.RAWGTP1,NHB250809173008.RAWGTP4,NHB250809173304.RAWGTP8,2025-08-09 17:20:08,2025-08-09 17:20:08,NHB250809172008.RAWGTNX,Long Range,0.0,2025-08-09 18:20:08,2025-08-09 18:20:09,NHB250809182009.RAWGTR6,Long Range,1.0,2025-08-09 19:20:08,2025-08-09 19:20:08,NHB250809192008.RAWGTSF,Long Range,0.0,2025-08-09 20:20:08,2025-08-09 20:20:08,NHB250809202008.RAWGTTR,Long Range,0.0
629,2025-08-09 17:40:08,NHB250809174008.RAWGTPB,NHB250809174304.RAWGTPF,NHB250809175008.RAWGTPJ,NHB250809175303.RAWGTPN,2025-08-09 17:40:08,2025-08-09 17:40:08,NHB250809174008.RAWGTPB,Long Range,0.0,2025-08-09 18:40:08,2025-08-09 18:40:08,NHB250809184008.RAWGTRL,Long Range,0.0,2025-08-09 19:40:08,2025-08-09 19:40:07,NHB250809194007.RAWGTSW,Long Range,1.0,2025-08-09 20:40:08,2025-08-09 20:40:07,NHB250809204007.RAWGTU5,Long Range,1.0
630,2025-08-09 18:00:07,NHB250809180007.RAWGTPS,NHB250809180303.RAWGTPW,NHB250809181008.RAWGTPZ,NHB250809181304.RAWGTR3,2025-08-09 18:00:07,2025-08-09 18:00:07,NHB250809180007.RAWGTPS,Long Range,0.0,2025-08-09 19:00:07,2025-08-09 19:00:07,NHB250809190007.RAWGTS1,Long Range,0.0,2025-08-09 20:00:07,2025-08-09 20:00:09,NHB250809200009.RAWGTTA,Long Range,2.0,2025-08-09 21:00:07,2025-08-09 21:00:08,NHB250809210008.RAWGTUK,Long Range,1.0
631,2025-08-09 18:20:09,NHB250809182009.RAWGTR6,NHB250809182303.RAWGTRA,NHB250809183008.RAWGTRD,NHB250809183304.RAWGTRH,2025-08-09 18:20:09,2025-08-09 18:20:09,NHB250809182009.RAWGTR6,Long Range,0.0,2025-08-09 19:20:09,2025-08-09 19:20:08,NHB250809192008.RAWGTSF,Long Range,1.0,2025-08-09 20:20:09,2025-08-09 20:20:08,NHB250809202008.RAWGTTR,Long Range,1.0,2025-08-09 21:20:09,2025-08-09 21:20:08,NHB250809212008.RAWGTV0,Long Range,1.0
632,2025-08-09 18:40:08,NHB250809184008.RAWGTRL,NHB250809184303.RAWGTRR,NHB250809185007.RAWGTRU,NHB250809185303.RAWGTRY,2025-08-09 18:40:08,2025-08-09 18:40:08,NHB250809184008.RAWGTRL,Long Range,0.0,2025-08-09 19:40:08,2025-08-09 19:40:07,NHB250809194007.RAWGTSW,Long Range,1.0,2025-08-09 20:40:08,2025-08-09 20:40:07,NHB250809204007.RAWGTU5,Long Range,1.0,2025-08-09 21:40:08,2025-08-09 21:40:08,NHB250809214008.RAWGTVE,Long Range,0.0
633,2025-08-09 19:00:07,NHB250809190007.RAWGTS1,NHB250809190304.RAWGTS5,NHB250809191007.RAWGTS8,NHB250809191303.RAWGTSC,2025-08-09 19:00:07,2025-08-09 19:00:07,NHB250809190007.RAWGTS1,Long Range,0.0,2025-08-09 20:00:07,2025-08-09 20:00:09,NHB250809200009.RAWGTTA,Long Range,2.0,2025-08-09 21:00:07,2025-08-09 21:00:08,NHB250809210008.RAWGTUK,Long Range,1.0,2025-08-09 22:00:07,2025-08-09 22:00:08,NHB250809220008.RAWGTVV,Long Range,1.0
634,2025-08-09 19:20:08,NHB250809192008.RAWGTSF,NHB250809192303.RAWGTSK,NHB250809193007.RAWGTSN,NHB250809193303.RAWGTST,2025-08-09 19:20:08,2025-08-09 19:20:08,NHB250809192008.RAWGTSF,Long Range,0.0,2025-08-09 20:20:08,2025-08-09 20:20:08,NHB250809202008.RAWGTTR,Long Range,0.0,2025-08-09 21:20:08,2025-08-09 21:20:08,NHB250809212008.RAWGTV0,Long Range,0.0,2025-08-09 22:20:08,2025-08-09 22:20:08,NHB250809222008.RAWGTW9,Long Range,0.0
635,2025-08-09 19:40:07,NHB250809194007.RAWGTSW,NHB250809194304.RAWGTT0,NHB250809195008.RAWGTT3,NHB250809195304.RAWGTT7,2025-08-09 19:40:07,2025-08-09 19:40:07,NHB250809194007.RAWGTSW,Long Range,0.0,2025-08-09 20:40:07,2025-08-09 20:40:07,NHB250809204007.RAWGTU5,Long Range,0.0,2025-08-09 21:40:07,2025-08-09 21:40:08,NHB250809214008.RAWGTVE,Long Range,1.0,2025-08-09 22:40:07,2025-08-09 22:40:08,NHB250809224008.RAWGTWP,Long Range,1.0
636,2025-08-09 20:00:09,NHB250809200009.RAWGTTA,NHB250809200303.RAWGTTE,NHB250809201008.RAWGTTH,NHB250809201304.RAWGTTM,2025-08-09 20:00:09,2025-08-09 20:00:09,NHB250809200009.RAWGTTA,Long Range,0.0,2025-08-09 21:00:09,2025-08-09 21:00:08,NHB250809210008.RAWGTUK,Long Range,1.0,2025-08-09 22:00:09,2025-08-09 22:00:08,NHB250809220008.RAWGTVV,Long Range,1.0,2025-08-09 23:00:09,2025-08-09 23:00:08,NHB250809230008.RAWGTX4,Long Range,1.0
637,2025-08-09 20:20:08,NHB250809202008.RAWGTTR,NHB250809202303.RAWGTTV,NHB250809203008.RAWGTTY,NHB250809203303.RAWGTU2,2025-08-09 20:20:08,2025-08-09 20:20:08,NHB250809202008.RAWGTTR,Long Range,0.0,2025-08-09 21:20:08,2025-08-09 21:20:08,NHB250809212008.RAWGTV0,Long Range,0.0,2025-08-09 22:20:08,2025-08-09 22:20:08,NHB250809222008.RAWGTW9,Long Range,0.0,2025-08-09 23:20:08,2025-08-09 23:20:08,NHB250809232008.RAWGTXJ,Long Range,0.0
638,2025-08-09 20:40:07,NHB250809204007.RAWGTU5,NHB250809204303.RAWGTU9,NHB250809205008.RAWGTUC,NHB250809205303.RAWGTUG,2025-08-09 20:40:07,2025-08-09 20:40:07,NHB250809204007.RAWGTU5,Long Range,0.0,2025-08-09 21:40:07,2025-08-09 21:40:08,NHB250809214008.RAWGTVE,Long Range,1.0,2025-08-09 22:40:07,2025-08-09 22:40:08,NHB250809224008.RAWGTWP,Long Range,1.0,2025-08-09 23:40:07,2025-08-09 23:40:08,NHB250809234008.RAWGTXZ,Long Range,1.0
639,2025-08-09 21:00:08,NHB250809210008.RAWGTUK,NHB250809210304.RAWGTUP,NHB250809211007.RAWGTUT,NHB250809211303.RAWGTUX,2025-08-09 21:00:08,2025-08-09 21:00:08,NHB250809210008.RAWGTUK,Long Range,0.0,2025-08-09 22:00:08,2025-08-09 22:00:08,NHB250809220008.RAWGTVV,Long Range,0.0,2025-08-09 23:00:08,2025-08-09 23:00:08,NHB250809230008.RAWGTX4,Long Range,0.0,2025-08-10 00:00:08,2025-08-10 00:00:09,NHB250810000009.RAWGTYD,Long Range,1.0
640,2025-08-09 21:20:08,NHB250809212008.RAWGTV0,NHB250809212304.RAWGTV4,NHB250809213007.RAWGTV7,NHB250809213303.RAWGTVB,2025-08-09 21:20:08,2025-08-09 21:20:08,NHB250809212008.RAWGTV0,Long Range,0.0,2025-08-09 22:20:08,2025-08-09 22:20:08,NHB250809222008.RAWGTW9,Long Range,0.0,2025-08-09 23:20:08,2025-08-09 23:20:08,NHB250809232008.RAWGTXJ,Long Range,0.0,2025-08-10 00:20:08,2025-08-10 00:20:08,NHB250810002008.RAWGTYU,Long Range,0.0
641,2025-08-09 21:40:08,NHB250809214008.RAWGTVE,NHB250809214303.RAWGTVJ,NHB250809215007.RAWGTVM,NHB250809215304.RAWGTVS,2025-08-09 21:40:08,2025-08-09 21:40:08,NHB250809214008.RAWGTVE,Long Range,0.0,2025-08-09 22:40:08,2025-08-09 22:40:08,NHB250809224008.RAWGTWP,Long Range,0.0,2025-08-09 23:40:08,2025-08-09 23:40:08,NHB250809234008.RAWGTXZ,Long Range,0.0,2025-08-10 00:40:08,2025-08-10 00:40:07,NHB250810004007.RAWGTZ8,Long Range,1.0
642,2025-08-09 22:00:08,NHB250809220008.RAWGTVV,NHB250809220304.RAWGTVZ,NHB250809221009.RAWGTW2,NHB250809221304.RAWGTW6,2025-08-09 22:00:08,2025-08-09 22:00:08,NHB250809220008.RAWGTVV,Long Range,0.0,2025-08-09 23:00:08,2025-08-09 23:00:08,NHB250809230008.RAWGTX4,Long Range,0.0,2025-08-10 00:00:08,2025-08-10 00:00:09,NHB250810000009.RAWGTYD,Long Range,1.0,2025-08-10 01:00:08,2025-08-10 01:00:08,NHB250810010008.RAWGTZN,Long Range,0.0
643,2025-08-09 22:20:08,NHB250809222008.RAWGTW9,NHB250809222303.RAWGTWD,NHB250809223007.RAWGTWG,NHB250809223303.RAWGTWL,2025-08-09 22:20:08,2025-08-09 22:20:08,NHB250809222008.RAWGTW9,Long Range,0.0,2025-08-09 23:20:08,2025-08-09 23:20:08,NHB250809232008.RAWGTXJ,Long Range,0.0,2025-08-10 00:20:08,2025-08-10 00:20:08,NHB250810002008.RAWGTYU,Long Range,0.0,2025-08-10 01:20:08,2025-08-10 01:20:08,NHB250810012008.RAWGU03,Long Range,0.0
644,2025-08-09 22:40:08,NHB250809224008.RAWGTWP,NHB250809224303.RAWGTWU,NHB250809225008.RAWGTWX,NHB250809225303.RAWGTX1,2025-08-09 22:40:08,2025-08-09 22:40:08,NHB250809224008.RAWGTWP,Long Range,0.0,2025-08-09 23:40:08,2025-08-09 23:40:08,NHB250809234008.RAWGTXZ,Long Range,0.0,2025-08-10 00:40:08,2025-08-10 00:40:07,NHB250810004007.RAWGTZ8,Long Range,1.0,2025-08-10 01:40:08,2025-08-10 01:40:08,NHB250810014008.RAWGU0H,Long Range,0.0
645,2025-08-09 23:00:08,NHB250809230008.RAWGTX4,NHB250809230303.RAWGTX8,NHB250809231008.RAWGTXB,NHB250809231304.RAWGTXF,2025-08-09 23:00:08,2025-08-09 23:00:08,NHB250809230008.RAWGTX4,Long Range,0.0,2025-08-10 00:00:08,2025-08-10 00:00:09,NHB250810000009.RAWGTYD,Long Range,1.0,2025-08-10 01:00:08,2025-08-10 01:00:08,NHB250810010008.RAWGTZN,Long Range,0.0,2025-08-10 02:00:08,2025-08-10 02:00:08,NHB250810020008.RAWGU0Y,Long Range,0.0
646,2025-08-09 23:20:08,NHB250809232008.RAWGTXJ,NHB250809232303.RAWGTXN,NHB250809233007.RAWGTXS,NHB250809233304.RAWGTXW,2025-08-09 23:20:08,2025-08-09 23:20:08,NHB250809232008.RAWGTXJ,Long Range,0.0,2025-08-10 00:20:08,2025-08-10 00:20:08,NHB250810002008.RAWGTYU,Long Range,0.0,2025-08-10 01:20:08,2025-08-10 01:20:08,NHB250810012008.RAWGU03,Long Range,0.0,2025-08-10 02:20:08,2025-08-10 02:20:08,NHB250810022008.RAWGU1C,Long Range,0.0
647,2025-08-09 23:40:08,NHB250809234008.RAWGTXZ,NHB250809234304.RAWGTY3,NHB250809235008.RAWGTY6,NHB250809235303.RAWGTYA,2025-08-09 23:40:08,2025-08-09 23:40:08,NHB250809234008.RAWGTXZ,Long Range,0.0,2025-08-10 00:40:08,2025-08-10 00:40:07,NHB250810004007.RAWGTZ8,Long Range,1.0,2025-08-10 01:40:08,2025-08-10 01:40:08,NHB250810014008.RAWGU0H,Long Range,0.0,2025-08-10 02:40:08,2025-08-10 02:40:08,NHB250810024008.RAWGU1T,Long Range,0.0
648,2025-08-10 00:00:09,NHB250810000009.RAWGTYD,NHB250810000303.RAWGTYH,NHB250810001008.RAWGTYL,NHB250810001303.RAWGTYR,2025-08-10 00:00:09,2025-08-10 00:00:09,NHB250810000009.RAWGTYD,Long Range,0.0,2025-08-10 01:00:09,2025-08-10 01:00:08,NHB250810010008.RAWGTZN,Long Range,1.0,2025-08-10 02:00:09,2025-08-10 02:00:08,NHB250810020008.RAWGU0Y,Long Range,1.0,2025-08-10 03:00:09,2025-08-10 03:00:07,NHB250810030007.RAWGU27,Long Range,2.0
649,2025-08-10 00:20:08,NHB250810002008.RAWGTYU,NHB250810002304.RAWGTYY,NHB250810003008.RAWGTZ1,NHB250810003303.RAWGTZ5,2025-08-10 00:20:08,2025-08-10 00:20:08,NHB250810002008.RAWGTYU,Long Range,0.0,2025-08-10 01:20:08,2025-08-10 01:20:08,NHB250810012008.RAWGU03,Long Range,0.0,2025-08-10 02:20:08,2025-08-10 02:20:08,NHB250810022008.RAWGU1C,Long Range,0.0,2025-08-10 03:20:08,2025-08-10 03:20:07,NHB250810032007.RAWGU2M,Long Range,1.0
650,2025-08-10 00:40:07,NHB250810004007.RAWGTZ8,NHB250810004303.RAWGTZC,NHB250810005008.RAWGTZF,NHB250810005303.RAWGTZK,2025-08-10 00:40:07,2025-08-10 00:40:07,NHB250810004007.RAWGTZ8,Long Range,0.0,2025-08-10 01:40:07,2025-08-10 01:40:08,NHB250810014008.RAWGU0H,Long Range,1.0,2025-08-10 02:40:07,2025-08-10 02:40:08,NHB250810024008.RAWGU1T,Long Range,1.0,2025-08-10 03:40:07,2025-08-10 03:40:08,NHB250810034008.RAWGU32,Long Range,1.0
651,2025-08-10 01:00:08,NHB250810010008.RAWGTZN,NHB250810010303.RAWGTZT,NHB250810011007.RAWGTZW,NHB250810011303.RAWGU00,2025-08-10 01:00:08,2025-08-10 01:00:08,NHB250810010008.RAWGTZN,Long Range,0.0,2025-08-10 02:00:08,2025-08-10 02:00:08,NHB250810020008.RAWGU0Y,Long Range,0.0,2025-08-10 03:00:08,2025-08-10 03:00:07,NHB250810030007.RAWGU27,Long Range,1.0,2025-08-10 04:00:08,2025-08-10 04:00:08,NHB250810040008.RAWGU3G,Long Range,0.0
652,2025-08-10 01:20:08,NHB250810012008.RAWGU03,NHB250810012304.RAWGU07,NHB250810013007.RAWGU0A,NHB250810013304.RAWGU0E,2025-08-10 01:20:08,2025-08-10 01:20:08,NHB250810012008.RAWGU03,Long Range,0.0,2025-08-10 02:20:08,2025-08-10 02:20:08,NHB250810022008.RAWGU1C,Long Range,0.0,2025-08-10 03:20:08,2025-08-10 03:20:07,NHB250810032007.RAWGU2M,Long Range,1.0,2025-08-10 04:20:08,2025-08-10 04:20:08,NHB250810042008.RAWGU3X,Long Range,0.0
653,2025-08-10 01:40:08,NHB250810014008.RAWGU0H,NHB250810014304.RAWGU0M,NHB250810015008.RAWGU0R,NHB250810015303.RAWGU0V,2025-08-10 01:40:08,2025-08-10 01:40:08,NHB250810014008.RAWGU0H,Long Range,0.0,2025-08-10 02:40:08,2025-08-10 02:40:08,NHB250810024008.RAWGU1T,Long Range,0.0,2025-08-10 03:40:08,2025-08-10 03:40:08,NHB250810034008.RAWGU32,Long Range,0.0,2025-08-10 04:40:08,2025-08-10 04:40:08,NHB250810044008.RAWGU4B,Long Range,0.0
654,2025-08-10 02:00:08,NHB250810020008.RAWGU0Y,NHB250810020303.RAWGU12,NHB250810021007.RAWGU15,NHB250810021304.RAWGU19,2025-08-10 02:00:08,2025-08-10 02:00:08,NHB250810020008.RAWGU0Y,Long Range,0.0,2025-08-10 03:00:08,2025-08-10 03:00:07,NHB250810030007.RAWGU27,Long Range,1.0,2025-08-10 04:00:08,2025-08-10 04:00:08,NHB250810040008.RAWGU3G,Long Range,0.0,2025-08-10 05:00:08,2025-08-10 05:00:07,NHB250810050007.RAWGU4S,Long Range,1.0
655,2025-08-10 02:20:08,NHB250810022008.RAWGU1C,NHB250810022304.RAWGU1G,NHB250810023007.RAWGU1K,NHB250810023304.RAWGU1P,2025-08-10 02:20:08,2025-08-10 02:20:08,NHB250810022008.RAWGU1C,Long Range,0.0,2025-08-10 03:20:08,2025-08-10 03:20:07,NHB250810032007.RAWGU2M,Long Range,1.0,2025-08-10 04:20:08,2025-08-10 04:20:08,NHB250810042008.RAWGU3X,Long Range,0.0,2025-08-10 05:20:08,2025-08-10 05:20:08,NHB250810052008.RAWGU56,Long Range,0.0
656,2025-08-10 02:40:08,NHB250810024008.RAWGU1T,NHB250810024304.RAWGU1X,NHB250810025007.RAWGU20,NHB250810025304.RAWGU24,2025-08-10 02:40:08,2025-08-10 02:40:08,NHB250810024008.RAWGU1T,Long Range,0.0,2025-08-10 03:40:08,2025-08-10 03:40:08,NHB250810034008.RAWGU32,Long Range,0.0,2025-08-10 04:40:08,2025-08-10 04:40:08,NHB250810044008.RAWGU4B,Long Range,0.0,2025-08-10 05:40:08,2025-08-10 05:40:07,NHB250810054007.RAWGU5L,Long Range,1.0
657,2025-08-10 03:00:07,NHB250810030007.RAWGU27,NHB250810030303.RAWGU2B,NHB250810031007.RAWGU2E,NHB250810031304.RAWGU2J,2025-08-10 03:00:07,2025-08-10 03:00:07,NHB250810030007.RAWGU27,Long Range,0.0,2025-08-10 04:00:07,2025-08-10 04:00:08,NHB250810040008.RAWGU3G,Long Range,1.0,2025-08-10 05:00:07,2025-08-10 05:00:07,NHB250810050007.RAWGU4S,Long Range,0.0,2025-08-10 06:00:07,2025-08-10 06:00:08,NHB250810060008.RAWGU61,Long Range,1.0
658,2025-08-10 03:20:07,NHB250810032007.RAWGU2M,NHB250810032304.RAWGU2S,NHB250810033007.RAWGU2V,NHB250810033304.RAWGU2Z,2025-08-10 03:20:07,2025-08-10 03:20:07,NHB250810032007.RAWGU2M,Long Range,0.0,2025-08-10 04:20:07,2025-08-10 04:20:08,NHB250810042008.RAWGU3X,Long Range,1.0,2025-08-10 05:20:07,2025-08-10 05:20:08,NHB250810052008.RAWGU56,Long Range,1.0,2025-08-10 06:20:07,2025-08-10 06:20:07,NHB250810062007.RAWGU6F,Long Range,0.0
659,2025-08-10 03:40:08,NHB250810034008.RAWGU32,NHB250810034304.RAWGU36,NHB250810035008.RAWGU39,NHB250810035303.RAWGU3D,2025-08-10 03:40:08,2025-08-10 03:40:08,NHB250810034008.RAWGU32,Long Range,0.0,2025-08-10 04:40:08,2025-08-10 04:40:08,NHB250810044008.RAWGU4B,Long Range,0.0,2025-08-10 05:40:08,2025-08-10 05:40:07,NHB250810054007.RAWGU5L,Long Range,1.0,2025-08-10 06:40:08,2025-08-10 06:40:07,NHB250810064007.RAWGU6W,Long Range,1.0
660,2025-08-10 04:00:08,NHB250810040008.RAWGU3G,NHB250810040303.RAWGU3L,NHB250810041008.RAWGU3P,NHB250810041303.RAWGU3U,2025-08-10 04:00:08,2025-08-10 04:00:08,NHB250810040008.RAWGU3G,Long Range,0.0,2025-08-10 05:00:08,2025-08-10 05:00:07,NHB250810050007.RAWGU4S,Long Range,1.0,2025-08-10 06:00:08,2025-08-10 06:00:08,NHB250810060008.RAWGU61,Long Range,0.0,2025-08-10 07:00:08,2025-08-10 07:00:07,NHB250810070007.RAWGU7A,Long Range,1.0
661,2025-08-10 04:20:08,NHB250810042008.RAWGU3X,NHB250810042304.RAWGU41,NHB250810043008.RAWGU44,NHB250810043303.RAWGU48,2025-08-10 04:20:08,2025-08-10 04:20:08,NHB250810042008.RAWGU3X,Long Range,0.0,2025-08-10 05:20:08,2025-08-10 05:20:08,NHB250810052008.RAWGU56,Long Range,0.0,2025-08-10 06:20:08,2025-08-10 06:20:07,NHB250810062007.RAWGU6F,Long Range,1.0,2025-08-10 07:20:08,2025-08-10 07:20:08,NHB250810072008.RAWGU7R,Long Range,0.0
662,2025-08-10 04:40:08,NHB250810044008.RAWGU4B,NHB250810044304.RAWGU4F,NHB250810045008.RAWGU4J,NHB250810045303.RAWGU4N,2025-08-10 04:40:08,2025-08-10 04:40:08,NHB250810044008.RAWGU4B,Long Range,0.0,2025-08-10 05:40:08,2025-08-10 05:40:07,NHB250810054007.RAWGU5L,Long Range,1.0,2025-08-10 06:40:08,2025-08-10 06:40:07,NHB250810064007.RAWGU6W,Long Range,1.0,2025-08-10 07:40:08,2025-08-10 07:40:07,NHB250810074007.RAWGU85,Long Range,1.0
663,2025-08-10 05:00:07,NHB250810050007.RAWGU4S,NHB250810050303.RAWGU4W,NHB250810051008.RAWGU4Z,NHB250810051303.RAWGU53,2025-08-10 05:00:07,2025-08-10 05:00:07,NHB250810050007.RAWGU4S,Long Range,0.0,2025-08-10 06:00:07,2025-08-10 06:00:08,NHB250810060008.RAWGU61,Long Range,1.0,2025-08-10 07:00:07,2025-08-10 07:00:07,NHB250810070007.RAWGU7A,Long Range,0.0,2025-08-10 08:00:07,2025-08-10 08:00:07,NHB250810080007.RAWGU8K,Long Range,0.0
664,2025-08-10 05:20:08,NHB250810052008.RAWGU56,NHB250810052303.RAWGU5A,NHB250810053008.RAWGU5D,NHB250810053304.RAWGU5H,2025-08-10 05:20:08,2025-08-10 05:20:08,NHB250810052008.RAWGU56,Long Range,0.0,2025-08-10 06:20:08,2025-08-10 06:20:07,NHB250810062007.RAWGU6F,Long Range,1.0,2025-08-10 07:20:08,2025-08-10 07:20:08,NHB250810072008.RAWGU7R,Long Range,0.0,2025-08-10 08:20:08,2025-08-10 08:20:07,NHB250810082007.RAWGU90,Long Range,1.0
665,2025-08-10 05:40:07,NHB250810054007.RAWGU5L,NHB250810054303.RAWGU5R,NHB250810055008.RAWGU5U,NHB250810055303.RAWGU5Y,2025-08-10 05:40:07,2025-08-10 05:40:07,NHB250810054007.RAWGU5L,Long Range,0.0,2025-08-10 06:40:07,2025-08-10 06:40:07,NHB250810064007.RAWGU6W,Long Range,0.0,2025-08-10 07:40:07,2025-08-10 07:40:07,NHB250810074007.RAWGU85,Long Range,0.0,2025-08-10 08:40:07,2025-08-10 08:40:08,NHB250810084008.RAWGU9E,Long Range,1.0
666,2025-08-10 06:00:08,NHB250810060008.RAWGU61,NHB250810060303.RAWGU65,NHB250810061007.RAWGU68,NHB250810061303.RAWGU6C,2025-08-10 06:00:08,2025-08-10 06:00:08,NHB250810060008.RAWGU61,Long Range,0.0,2025-08-10 07:00:08,2025-08-10 07:00:07,NHB250810070007.RAWGU7A,Long Range,1.0,2025-08-10 08:00:08,2025-08-10 08:00:07,NHB250810080007.RAWGU8K,Long Range,1.0,2025-08-10 09:00:08,2025-08-10 09:00:08,NHB250810090008.RAWGU9V,Long Range,0.0
667,2025-08-10 06:20:07,NHB250810062007.RAWGU6F,NHB250810062304.RAWGU6K,NHB250810063008.RAWGU6N,NHB250810063303.RAWGU6T,2025-08-10 06:20:07,2025-08-10 06:20:07,NHB250810062007.RAWGU6F,Long Range,0.0,2025-08-10 07:20:07,2025-08-10 07:20:08,NHB250810072008.RAWGU7R,Long Range,1.0,2025-08-10 08:20:07,2025-08-10 08:20:07,NHB250810082007.RAWGU90,Long Range,0.0,2025-08-10 09:20:07,2025-08-10 09:20:07,NHB250810092007.RAWGUA9,Long Range,0.0
668,2025-08-10 06:40:07,NHB250810064007.RAWGU6W,NHB250810064304.RAWGU70,NHB250810065008.RAWGU73,NHB250810065304.RAWGU77,2025-08-10 06:40:07,2025-08-10 06:40:07,NHB250810064007.RAWGU6W,Long Range,0.0,2025-08-10 07:40:07,2025-08-10 07:40:07,NHB250810074007.RAWGU85,Long Range,0.0,2025-08-10 08:40:07,2025-08-10 08:40:08,NHB250810084008.RAWGU9E,Long Range,1.0,2025-08-10 09:40:07,2025-08-10 09:40:07,NHB250810094007.RAWGUAP,Long Range,0.0
669,2025-08-10 07:00:07,NHB250810070007.RAWGU7A,NHB250810070303.RAWGU7E,NHB250810071009.RAWGU7H,NHB250810071303.RAWGU7M,2025-08-10 07:00:07,2025-08-10 07:00:07,NHB250810070007.RAWGU7A,Long Range,0.0,2025-08-10 08:00:07,2025-08-10 08:00:07,NHB250810080007.RAWGU8K,Long Range,0.0,2025-08-10 09:00:07,2025-08-10 09:00:08,NHB250810090008.RAWGU9V,Long Range,1.0,2025-08-10 10:00:07,2025-08-10 10:00:08,NHB250810100008.RAWGUB4,Long Range,1.0
670,2025-08-10 07:20:08,NHB250810072008.RAWGU7R,NHB250810072303.RAWGU7V,NHB250810073007.RAWGU7Y,NHB250810073304.RAWGU82,2025-08-10 07:20:08,2025-08-10 07:20:08,NHB250810072008.RAWGU7R,Long Range,0.0,2025-08-10 08:20:08,2025-08-10 08:20:07,NHB250810082007.RAWGU90,Long Range,1.0,2025-08-10 09:20:08,2025-08-10 09:20:07,NHB250810092007.RAWGUA9,Long Range,1.0,2025-08-10 10:20:08,2025-08-10 10:20:07,NHB250810102007.RAWGUBJ,Long Range,1.0
671,2025-08-10 07:40:07,NHB250810074007.RAWGU85,NHB250810074303.RAWGU89,NHB250810075009.RAWGU8C,NHB250810075304.RAWGU8G,2025-08-10 07:40:07,2025-08-10 07:40:07,NHB250810074007.RAWGU85,Long Range,0.0,2025-08-10 08:40:07,2025-08-10 08:40:08,NHB250810084008.RAWGU9E,Long Range,1.0,2025-08-10 09:40:07,2025-08-10 09:40:07,NHB250810094007.RAWGUAP,Long Range,0.0,2025-08-10 10:40:07,2025-08-10 10:40:08,NHB250810104008.RAWGUBZ,Long Range,1.0
672,2025-08-10 08:00:07,NHB250810080007.RAWGU8K,NHB250810080303.RAWGU8P,NHB250810081008.RAWGU8T,NHB250810081303.RAWGU8X,2025-08-10 08:00:07,2025-08-10 08:00:07,NHB250810080007.RAWGU8K,Long Range,0.0,2025-08-10 09:00:07,2025-08-10 09:00:08,NHB250810090008.RAWGU9V,Long Range,1.0,2025-08-10 10:00:07,2025-08-10 10:00:08,NHB250810100008.RAWGUB4,Long Range,1.0,2025-08-10 11:00:07,2025-08-10 11:00:07,NHB250810110007.RAWGUCD,Long Range,0.0
673,2025-08-10 08:20:07,NHB250810082007.RAWGU90,NHB250810082304.RAWGU94,NHB250810083008.RAWGU97,NHB250810083304.RAWGU9B,2025-08-10 08:20:07,2025-08-10 08:20:07,NHB250810082007.RAWGU90,Long Range,0.0,2025-08-10 09:20:07,2025-08-10 09:20:07,NHB250810092007.RAWGUA9,Long Range,0.0,2025-08-10 10:20:07,2025-08-10 10:20:07,NHB250810102007.RAWGUBJ,Long Range,0.0,2025-08-10 11:20:07,2025-08-10 11:20:07,NHB250810112007.RAWGUCU,Long Range,0.0
674,2025-08-10 08:40:08,NHB250810084008.RAWGU9E,NHB250810084303.RAWGU9J,NHB250810085007.RAWGU9M,NHB250810085303.RAWGU9S,2025-08-10 08:40:08,2025-08-10 08:40:08,NHB250810084008.RAWGU9E,Long Range,0.0,2025-08-10 09:40:08,2025-08-10 09:40:07,NHB250810094007.RAWGUAP,Long Range,1.0,2025-08-10 10:40:08,2025-08-10 10:40:08,NHB250810104008.RAWGUBZ,Long Range,0.0,2025-08-10 11:40:08,2025-08-10 11:40:07,NHB250810114007.RAWGUD8,Long Range,1.0
675,2025-08-10 09:00:08,NHB250810090008.RAWGU9V,NHB250810090303.RAWGU9Z,NHB250810091009.RAWGUA2,NHB250810091303.RAWGUA6,2025-08-10 09:00:08,2025-08-10 09:00:08,NHB250810090008.RAWGU9V,Long Range,0.0,2025-08-10 10:00:08,2025-08-10 10:00:08,NHB250810100008.RAWGUB4,Long Range,0.0,2025-08-10 11:00:08,2025-08-10 11:00:07,NHB250810110007.RAWGUCD,Long Range,1.0,2025-08-10 12:00:08,2025-08-10 12:00:08,NHB250810120008.RAWGUDN,Long Range,0.0
676,2025-08-10 09:20:07,NHB250810092007.RAWGUA9,NHB250810092303.RAWGUAD,NHB250810093008.RAWGUAG,NHB250810093303.RAWGUAL,2025-08-10 09:20:07,2025-08-10 09:20:07,NHB250810092007.RAWGUA9,Long Range,0.0,2025-08-10 10:20:07,2025-08-10 10:20:07,NHB250810102007.RAWGUBJ,Long Range,0.0,2025-08-10 11:20:07,2025-08-10 11:20:07,NHB250810112007.RAWGUCU,Long Range,0.0,2025-08-10 12:20:07,2025-08-10 12:20:08,NHB250810122008.RAWGUE3,Long Range,1.0
677,2025-08-10 09:40:07,NHB250810094007.RAWGUAP,NHB250810094303.RAWGUAU,NHB250810095008.RAWGUAX,NHB250810095304.RAWGUB1,2025-08-10 09:40:07,2025-08-10 09:40:07,NHB250810094007.RAWGUAP,Long Range,0.0,2025-08-10 10:40:07,2025-08-10 10:40:08,NHB250810104008.RAWGUBZ,Long Range,1.0,2025-08-10 11:40:07,2025-08-10 11:40:07,NHB250810114007.RAWGUD8,Long Range,0.0,2025-08-10 12:40:07,2025-08-10 12:40:08,NHB250810124008.RAWGUEH,Long Range,1.0
678,2025-08-10 10:00:08,NHB250810100008.RAWGUB4,NHB250810100303.RAWGUB8,NHB250810101008.RAWGUBB,NHB250810101304.RAWGUBF,2025-08-10 10:00:08,2025-08-10 10:00:08,NHB250810100008.RAWGUB4,Long Range,0.0,2025-08-10 11:00:08,2025-08-10 11:00:07,NHB250810110007.RAWGUCD,Long Range,1.0,2025-08-10 12:00:08,2025-08-10 12:00:08,NHB250810120008.RAWGUDN,Long Range,0.0,2025-08-10 13:00:08,2025-08-10 13:00:08,NHB250810130008.RAWGUEY,Long Range,0.0
679,2025-08-10 10:20:07,NHB250810102007.RAWGUBJ,NHB250810102303.RAWGUBN,NHB250810103008.RAWGUBS,NHB250810103304.RAWGUBW,2025-08-10 10:20:07,2025-08-10 10:20:07,NHB250810102007.RAWGUBJ,Long Range,0.0,2025-08-10 11:20:07,2025-08-10 11:20:07,NHB250810112007.RAWGUCU,Long Range,0.0,2025-08-10 12:20:07,2025-08-10 12:20:08,NHB250810122008.RAWGUE3,Long Range,1.0,2025-08-10 13:20:07,2025-08-10 13:20:08,NHB250810132008.RAWGUFC,Long Range,1.0
680,2025-08-10 10:40:08,NHB250810104008.RAWGUBZ,NHB250810104304.RAWGUC3,NHB250810105007.RAWGUC6,NHB250810105303.RAWGUCA,2025-08-10 10:40:08,2025-08-10 10:40:08,NHB250810104008.RAWGUBZ,Long Range,0.0,2025-08-10 11:40:08,2025-08-10 11:40:07,NHB250810114007.RAWGUD8,Long Range,1.0,2025-08-10 12:40:08,2025-08-10 12:40:08,NHB250810124008.RAWGUEH,Long Range,0.0,2025-08-10 13:40:08,2025-08-10 13:40:07,NHB250810134007.RAWGUFT,Long Range,1.0
681,2025-08-10 11:00:07,NHB250810110007.RAWGUCD,NHB250810110303.RAWGUCH,NHB250810111008.RAWGUCL,NHB250810111304.RAWGUCR,2025-08-10 11:00:07,2025-08-10 11:00:07,NHB250810110007.RAWGUCD,Long Range,0.0,2025-08-10 12:00:07,2025-08-10 12:00:08,NHB250810120008.RAWGUDN,Long Range,1.0,2025-08-10 13:00:07,2025-08-10 13:00:08,NHB250810130008.RAWGUEY,Long Range,1.0,2025-08-10 14:00:07,2025-08-10 14:00:07,NHB250810140007.RAWGUG7,Long Range,0.0
682,2025-08-10 11:20:07,NHB250810112007.RAWGUCU,NHB250810112303.RAWGUCY,NHB250810113008.RAWGUD1,NHB250810113303.RAWGUD5,2025-08-10 11:20:07,2025-08-10 11:20:07,NHB250810112007.RAWGUCU,Long Range,0.0,2025-08-10 12:20:07,2025-08-10 12:20:08,NHB250810122008.RAWGUE3,Long Range,1.0,2025-08-10 13:20:07,2025-08-10 13:20:08,NHB250810132008.RAWGUFC,Long Range,1.0,2025-08-10 14:20:07,2025-08-10 14:20:07,NHB250810142007.RAWGUGM,Long Range,0.0
683,2025-08-10 11:40:07,NHB250810114007.RAWGUD8,NHB250810114303.RAWGUDC,NHB250810115008.RAWGUDF,NHB250810115303.RAWGUDK,2025-08-10 11:40:07,2025-08-10 11:40:07,NHB250810114007.RAWGUD8,Long Range,0.0,2025-08-10 12:40:07,2025-08-10 12:40:08,NHB250810124008.RAWGUEH,Long Range,1.0,2025-08-10 13:40:07,2025-08-10 13:40:07,NHB250810134007.RAWGUFT,Long Range,0.0,2025-08-10 14:40:07,2025-08-10 14:40:08,NHB250810144008.RAWGUH2,Long Range,1.0
684,2025-08-10 12:00:08,NHB250810120008.RAWGUDN,NHB250810120304.RAWGUDT,NHB250810121008.RAWGUDW,NHB250810121303.RAWGUE0,2025-08-10 12:00:08,2025-08-10 12:00:08,NHB250810120008.RAWGUDN,Long Range,0.0,2025-08-10 13:00:08,2025-08-10 13:00:08,NHB250810130008.RAWGUEY,Long Range,0.0,2025-08-10 14:00:08,2025-08-10 14:00:07,NHB250810140007.RAWGUG7,Long Range,1.0,2025-08-10 15:00:08,2025-08-10 15:00:07,NHB250810150007.RAWGUHG,Long Range,1.0
685,2025-08-10 12:20:08,NHB250810122008.RAWGUE3,NHB250810122304.RAWGUE7,NHB250810123007.RAWGUEA,NHB250810123303.RAWGUEE,2025-08-10 12:20:08,2025-08-10 12:20:08,NHB250810122008.RAWGUE3,Long Range,0.0,2025-08-10 13:20:08,2025-08-10 13:20:08,NHB250810132008.RAWGUFC,Long Range,0.0,2025-08-10 14:20:08,2025-08-10 14:20:07,NHB250810142007.RAWGUGM,Long Range,1.0,2025-08-10 15:20:08,2025-08-10 15:20:07,NHB250810152007.RAWGUHX,Long Range,1.0
686,2025-08-10 12:40:08,NHB250810124008.RAWGUEH,NHB250810124303.RAWGUEM,NHB250810125008.RAWGUER,NHB250810125303.RAWGUEV,2025-08-10 12:40:08,2025-08-10 12:40:08,NHB250810124008.RAWGUEH,Long Range,0.0,2025-08-10 13:40:08,2025-08-10 13:40:07,NHB250810134007.RAWGUFT,Long Range,1.0,2025-08-10 14:40:08,2025-08-10 14:40:08,NHB250810144008.RAWGUH2,Long Range,0.0,2025-08-10 15:40:08,2025-08-10 15:40:08,NHB250810154008.RAWGUJB,Long Range,0.0
687,2025-08-10 13:00:08,NHB250810130008.RAWGUEY,NHB250810130303.RAWGUF2,NHB250810131007.RAWGUF5,NHB250810131304.RAWGUF9,2025-08-10 13:00:08,2025-08-10 13:00:08,NHB250810130008.RAWGUEY,Long Range,0.0,2025-08-10 14:00:08,2025-08-10 14:00:07,NHB250810140007.RAWGUG7,Long Range,1.0,2025-08-10 15:00:08,2025-08-10 15:00:07,NHB250810150007.RAWGUHG,Long Range,1.0,2025-08-10 16:00:08,2025-08-10 16:00:07,NHB250810160007.RAWGUJS,Long Range,1.0
688,2025-08-10 13:20:08,NHB250810132008.RAWGUFC,NHB250810132303.RAWGUFG,NHB250810133007.RAWGUFK,NHB250810133303.RAWGUFP,2025-08-10 13:20:08,2025-08-10 13:20:08,NHB250810132008.RAWGUFC,Long Range,0.0,2025-08-10 14:20:08,2025-08-10 14:20:07,NHB250810142007.RAWGUGM,Long Range,1.0,2025-08-10 15:20:08,2025-08-10 15:20:07,NHB250810152007.RAWGUHX,Long Range,1.0,2025-08-10 16:20:08,2025-08-10 16:20:08,NHB250810162008.RAWGUK6,Long Range,0.0
689,2025-08-10 13:40:07,NHB250810134007.RAWGUFT,NHB250810134304.RAWGUFX,NHB250810135008.RAWGUG0,NHB250810135304.RAWGUG4,2025-08-10 13:40:07,2025-08-10 13:40:07,NHB250810134007.RAWGUFT,Long Range,0.0,2025-08-10 14:40:07,2025-08-10 14:40:08,NHB250810144008.RAWGUH2,Long Range,1.0,2025-08-10 15:40:07,2025-08-10 15:40:08,NHB250810154008.RAWGUJB,Long Range,1.0,2025-08-10 16:40:07,2025-08-10 16:40:08,NHB250810164008.RAWGUKL,Long Range,1.0
690,2025-08-10 14:00:07,NHB250810140007.RAWGUG7,NHB250810140304.RAWGUGB,NHB250810141007.RAWGUGE,NHB250810141303.RAWGUGJ,2025-08-10 14:00:07,2025-08-10 14:00:07,NHB250810140007.RAWGUG7,Long Range,0.0,2025-08-10 15:00:07,2025-08-10 15:00:07,NHB250810150007.RAWGUHG,Long Range,0.0,2025-08-10 16:00:07,2025-08-10 16:00:07,NHB250810160007.RAWGUJS,Long Range,0.0,2025-08-10 17:00:07,2025-08-10 17:00:08,NHB250810170008.RAWGUL1,Long Range,1.0
691,2025-08-10 14:20:07,NHB250810142007.RAWGUGM,NHB250810142303.RAWGUGS,NHB250810143008.RAWGUGV,NHB250810143304.RAWGUGZ,2025-08-10 14:20:07,2025-08-10 14:20:07,NHB250810142007.RAWGUGM,Long Range,0.0,2025-08-10 15:20:07,2025-08-10 15:20:07,NHB250810152007.RAWGUHX,Long Range,0.0,2025-08-10 16:20:07,2025-08-10 16:20:08,NHB250810162008.RAWGUK6,Long Range,1.0,2025-08-10 17:20:07,2025-08-10 17:20:07,NHB250810172007.RAWGULF,Long Range,0.0
692,2025-08-10 14:40:08,NHB250810144008.RAWGUH2,NHB250810144304.RAWGUH6,NHB250810145007.RAWGUH9,NHB250810145303.RAWGUHD,2025-08-10 14:40:08,2025-08-10 14:40:08,NHB250810144008.RAWGUH2,Long Range,0.0,2025-08-10 15:40:08,2025-08-10 15:40:08,NHB250810154008.RAWGUJB,Long Range,0.0,2025-08-10 16:40:08,2025-08-10 16:40:08,NHB250810164008.RAWGUKL,Long Range,0.0,2025-08-10 17:40:08,2025-08-10 17:40:07,NHB250810174007.RAWGULW,Long Range,1.0
693,2025-08-10 15:00:07,NHB250810150007.RAWGUHG,NHB250810150303.RAWGUHL,NHB250810151008.RAWGUHP,NHB250810151304.RAWGUHU,2025-08-10 15:00:07,2025-08-10 15:00:07,NHB250810150007.RAWGUHG,Long Range,0.0,2025-08-10 16:00:07,2025-08-10 16:00:07,NHB250810160007.RAWGUJS,Long Range,0.0,2025-08-10 17:00:07,2025-08-10 17:00:08,NHB250810170008.RAWGUL1,Long Range,1.0,2025-08-10 18:00:07,2025-08-10 18:00:08,NHB250810180008.RAWGUMA,Long Range,1.0
694,2025-08-10 15:20:07,NHB250810152007.RAWGUHX,NHB250810152304.RAWGUJ1,NHB250810153008.RAWGUJ4,NHB250810153303.RAWGUJ8,2025-08-10 15:20:07,2025-08-10 15:20:07,NHB250810152007.RAWGUHX,Long Range,0.0,2025-08-10 16:20:07,2025-08-10 16:20:08,NHB250810162008.RAWGUK6,Long Range,1.0,2025-08-10 17:20:07,2025-08-10 17:20:07,NHB250810172007.RAWGULF,Long Range,0.0,2025-08-10 18:20:07,2025-08-10 18:20:08,NHB250810182008.RAWGUMR,Long Range,1.0
695,2025-08-10 15:40:08,NHB250810154008.RAWGUJB,NHB250810154305.RAWGUJF,NHB250810155008.RAWGUJJ,NHB250810155303.RAWGUJN,2025-08-10 15:40:08,2025-08-10 15:40:08,NHB250810154008.RAWGUJB,Long Range,0.0,2025-08-10 16:40:08,2025-08-10 16:40:08,NHB250810164008.RAWGUKL,Long Range,0.0,2025-08-10 17:40:08,2025-08-10 17:40:07,NHB250810174007.RAWGULW,Long Range,1.0,2025-08-10 18:40:08,2025-08-10 18:40:07,NHB250810184007.RAWGUN5,Long Range,1.0
696,2025-08-10 16:00:07,NHB250810160007.RAWGUJS,NHB250810160303.RAWGUJW,NHB250810161008.RAWGUJZ,NHB250810161304.RAWGUK3,2025-08-10 16:00:07,2025-08-10 16:00:07,NHB250810160007.RAWGUJS,Long Range,0.0,2025-08-10 17:00:07,2025-08-10 17:00:08,NHB250810170008.RAWGUL1,Long Range,1.0,2025-08-10 18:00:07,2025-08-10 18:00:08,NHB250810180008.RAWGUMA,Long Range,1.0,2025-08-10 19:00:07,2025-08-10 19:00:07,NHB250810190007.RAWGUNK,Long Range,0.0
697,2025-08-10 16:20:08,NHB250810162008.RAWGUK6,NHB250810162303.RAWGUKA,NHB250810163007.RAWGUKD,NHB250810163304.RAWGUKH,2025-08-10 16:20:08,2025-08-10 16:20:08,NHB250810162008.RAWGUK6,Long Range,0.0,2025-08-10 17:20:08,2025-08-10 17:20:07,NHB250810172007.RAWGULF,Long Range,1.0,2025-08-10 18:20:08,2025-08-10 18:20:08,NHB250810182008.RAWGUMR,Long Range,0.0,2025-08-10 19:20:08,2025-08-10 19:20:07,NHB250810192007.RAWGUP0,Long Range,1.0
698,2025-08-10 16:40:08,NHB250810164008.RAWGUKL,NHB250810164304.RAWGUKR,NHB250810165008.RAWGUKU,NHB250810165303.RAWGUKY,2025-08-10 16:40:08,2025-08-10 16:40:08,NHB250810164008.RAWGUKL,Long Range,0.0,2025-08-10 17:40:08,2025-08-10 17:40:07,NHB250810174007.RAWGULW,Long Range,1.0,2025-08-10 18:40:08,2025-08-10 18:40:07,NHB250810184007.RAWGUN5,Long Range,1.0,2025-08-10 19:40:08,2025-08-10 19:40:07,NHB250810194007.RAWGUPE,Long Range,1.0
699,2025-08-10 17:00:08,NHB250810170008.RAWGUL1,NHB250810170303.RAWGUL5,NHB250810171007.RAWGUL8,NHB250810171304.RAWGULC,2025-08-10 17:00:08,2025-08-10 17:00:08,NHB250810170008.RAWGUL1,Long Range,0.0,2025-08-10 18:00:08,2025-08-10 18:00:08,NHB250810180008.RAWGUMA,Long Range,0.0,2025-08-10 19:00:08,2025-08-10 19:00:07,NHB250810190007.RAWGUNK,Long Range,1.0,2025-08-10 20:00:08,2025-08-10 20:00:08,NHB250810200008.RAWGUPV,Long Range,0.0
700,2025-08-10 17:20:07,NHB250810172007.RAWGULF,NHB250810172303.RAWGULK,NHB250810173009.RAWGULN,NHB250810173303.RAWGULT,2025-08-10 17:20:07,2025-08-10 17:20:07,NHB250810172007.RAWGULF,Long Range,0.0,2025-08-10 18:20:07,2025-08-10 18:20:08,NHB250810182008.RAWGUMR,Long Range,1.0,2025-08-10 19:20:07,2025-08-10 19:20:07,NHB250810192007.RAWGUP0,Long Range,0.0,2025-08-10 20:20:07,2025-08-10 20:20:07,NHB250810202007.RAWGUR9,Long Range,0.0
701,2025-08-10 17:40:07,NHB250810174007.RAWGULW,NHB250810174304.RAWGUM0,NHB250810175007.RAWGUM3,NHB250810175304.RAWGUM7,2025-08-10 17:40:07,2025-08-10 17:40:07,NHB250810174007.RAWGULW,Long Range,0.0,2025-08-10 18:40:07,2025-08-10 18:40:07,NHB250810184007.RAWGUN5,Long Range,0.0,2025-08-10 19:40:07,2025-08-10 19:40:07,NHB250810194007.RAWGUPE,Long Range,0.0,2025-08-10 20:40:07,2025-08-10 20:40:08,NHB250810204008.RAWGURP,Long Range,1.0
702,2025-08-10 18:00:08,NHB250810180008.RAWGUMA,NHB250810180304.RAWGUME,NHB250810181008.RAWGUMH,NHB250810181304.RAWGUMM,2025-08-10 18:00:08,2025-08-10 18:00:08,NHB250810180008.RAWGUMA,Long Range,0.0,2025-08-10 19:00:08,2025-08-10 19:00:07,NHB250810190007.RAWGUNK,Long Range,1.0,2025-08-10 20:00:08,2025-08-10 20:00:08,NHB250810200008.RAWGUPV,Long Range,0.0,2025-08-10 21:00:08,2025-08-10 21:00:08,NHB250810210008.RAWGUS4,Long Range,0.0
703,2025-08-10 18:20:08,NHB250810182008.RAWGUMR,NHB250810182303.RAWGUMV,NHB250810183008.RAWGUMY,NHB250810183303.RAWGUN2,2025-08-10 18:20:08,2025-08-10 18:20:08,NHB250810182008.RAWGUMR,Long Range,0.0,2025-08-10 19:20:08,2025-08-10 19:20:07,NHB250810192007.RAWGUP0,Long Range,1.0,2025-08-10 20:20:08,2025-08-10 20:20:07,NHB250810202007.RAWGUR9,Long Range,1.0,2025-08-10 21:20:08,2025-08-10 21:20:08,NHB250810212008.RAWGUSJ,Long Range,0.0
704,2025-08-10 18:40:07,NHB250810184007.RAWGUN5,NHB250810184303.RAWGUN9,NHB250810185008.RAWGUNC,NHB250810185303.RAWGUNG,2025-08-10 18:40:07,2025-08-10 18:40:07,NHB250810184007.RAWGUN5,Long Range,0.0,2025-08-10 19:40:07,2025-08-10 19:40:07,NHB250810194007.RAWGUPE,Long Range,0.0,2025-08-10 20:40:07,2025-08-10 20:40:08,NHB250810204008.RAWGURP,Long Range,1.0,2025-08-10 21:40:07,2025-08-10 21:40:07,NHB250810214007.RAWGUSZ,Long Range,0.0
705,2025-08-10 19:00:07,NHB250810190007.RAWGUNK,NHB250810190303.RAWGUNP,NHB250810191008.RAWGUNT,NHB250810191304.RAWGUNX,2025-08-10 19:00:07,2025-08-10 19:00:07,NHB250810190007.RAWGUNK,Long Range,0.0,2025-08-10 20:00:07,2025-08-10 20:00:08,NHB250810200008.RAWGUPV,Long Range,1.0,2025-08-10 21:00:07,2025-08-10 21:00:08,NHB250810210008.RAWGUS4,Long Range,1.0,2025-08-10 22:00:07,2025-08-10 22:00:07,NHB250810220007.RAWGUTD,Long Range,0.0
706,2025-08-10 19:20:07,NHB250810192007.RAWGUP0,NHB250810192304.RAWGUP4,NHB250810193008.RAWGUP7,NHB250810193304.RAWGUPB,2025-08-10 19:20:07,2025-08-10 19:20:07,NHB250810192007.RAWGUP0,Long Range,0.0,2025-08-10 20:20:07,2025-08-10 20:20:07,NHB250810202007.RAWGUR9,Long Range,0.0,2025-08-10 21:20:07,2025-08-10 21:20:08,NHB250810212008.RAWGUSJ,Long Range,1.0,2025-08-10 22:20:07,2025-08-10 22:20:08,NHB250810222008.RAWGUTU,Long Range,1.0
707,2025-08-10 19:40:07,NHB250810194007.RAWGUPE,NHB250810194303.RAWGUPJ,NHB250810195007.RAWGUPM,NHB250810195303.RAWGUPS,2025-08-10 19:40:07,2025-08-10 19:40:07,NHB250810194007.RAWGUPE,Long Range,0.0,2025-08-10 20:40:07,2025-08-10 20:40:08,NHB250810204008.RAWGURP,Long Range,1.0,2025-08-10 21:40:07,2025-08-10 21:40:07,NHB250810214007.RAWGUSZ,Long Range,0.0,2025-08-10 22:40:07,2025-08-10 22:40:07,NHB250810224007.RAWGUU8,Long Range,0.0
708,2025-08-10 20:00:08,NHB250810200008.RAWGUPV,NHB250810200304.RAWGUPZ,NHB250810201007.RAWGUR2,NHB250810201303.RAWGUR6,2025-08-10 20:00:08,2025-08-10 20:00:08,NHB250810200008.RAWGUPV,Long Range,0.0,2025-08-10 21:00:08,2025-08-10 21:00:08,NHB250810210008.RAWGUS4,Long Range,0.0,2025-08-10 22:00:08,2025-08-10 22:00:07,NHB250810220007.RAWGUTD,Long Range,1.0,2025-08-10 23:00:08,2025-08-10 23:00:08,NHB250810230008.RAWGUUN,Long Range,0.0
709,2025-08-10 20:20:07,NHB250810202007.RAWGUR9,NHB250810202304.RAWGURD,NHB250810203008.RAWGURG,NHB250810203304.RAWGURL,2025-08-10 20:20:07,2025-08-10 20:20:07,NHB250810202007.RAWGUR9,Long Range,0.0,2025-08-10 21:20:07,2025-08-10 21:20:08,NHB250810212008.RAWGUSJ,Long Range,1.0,2025-08-10 22:20:07,2025-08-10 22:20:08,NHB250810222008.RAWGUTU,Long Range,1.0,2025-08-10 23:20:07,2025-08-10 23:20:07,NHB250810232007.RAWGUV3,Long Range,0.0
710,2025-08-10 20:40:08,NHB250810204008.RAWGURP,NHB250810204303.RAWGURU,NHB250810205008.RAWGURX,NHB250810205303.RAWGUS1,2025-08-10 20:40:08,2025-08-10 20:40:08,NHB250810204008.RAWGURP,Long Range,0.0,2025-08-10 21:40:08,2025-08-10 21:40:07,NHB250810214007.RAWGUSZ,Long Range,1.0,2025-08-10 22:40:08,2025-08-10 22:40:07,NHB250810224007.RAWGUU8,Long Range,1.0,2025-08-10 23:40:08,2025-08-10 23:40:07,NHB250810234007.RAWGUVH,Long Range,1.0
711,2025-08-10 21:00:08,NHB250810210008.RAWGUS4,NHB250810210304.RAWGUS8,NHB250810211009.RAWGUSB,NHB250810211303.RAWGUSF,2025-08-10 21:00:08,2025-08-10 21:00:08,NHB250810210008.RAWGUS4,Long Range,0.0,2025-08-10 22:00:08,2025-08-10 22:00:07,NHB250810220007.RAWGUTD,Long Range,1.0,2025-08-10 23:00:08,2025-08-10 23:00:08,NHB250810230008.RAWGUUN,Long Range,0.0,2025-08-11 00:00:08,2025-08-11 00:00:08,NHB250811000008.RAWGUVY,Long Range,0.0
712,2025-08-10 21:20:08,NHB250810212008.RAWGUSJ,NHB250810212303.RAWGUSN,NHB250810213007.RAWGUSS,NHB250810213304.RAWGUSW,2025-08-10 21:20:08,2025-08-10 21:20:08,NHB250810212008.RAWGUSJ,Long Range,0.0,2025-08-10 22:20:08,2025-08-10 22:20:08,NHB250810222008.RAWGUTU,Long Range,0.0,2025-08-10 23:20:08,2025-08-10 23:20:07,NHB250810232007.RAWGUV3,Long Range,1.0,2025-08-11 00:20:08,2025-08-11 00:20:08,NHB250811002008.RAWGUWC,Long Range,0.0
713,2025-08-10 21:40:07,NHB250810214007.RAWGUSZ,NHB250810214303.RAWGUT3,NHB250810215007.RAWGUT6,NHB250810215304.RAWGUTA,2025-08-10 21:40:07,2025-08-10 21:40:07,NHB250810214007.RAWGUSZ,Long Range,0.0,2025-08-10 22:40:07,2025-08-10 22:40:07,NHB250810224007.RAWGUU8,Long Range,0.0,2025-08-10 23:40:07,2025-08-10 23:40:07,NHB250810234007.RAWGUVH,Long Range,0.0,2025-08-11 00:40:07,2025-08-11 00:40:08,NHB250811004008.RAWGUWT,Long Range,1.0
714,2025-08-10 22:00:07,NHB250810220007.RAWGUTD,NHB250810220303.RAWGUTH,NHB250810221008.RAWGUTL,NHB250810221304.RAWGUTR,2025-08-10 22:00:07,2025-08-10 22:00:07,NHB250810220007.RAWGUTD,Long Range,0.0,2025-08-10 23:00:07,2025-08-10 23:00:08,NHB250810230008.RAWGUUN,Long Range,1.0,2025-08-11 00:00:07,2025-08-11 00:00:08,NHB250811000008.RAWGUVY,Long Range,1.0,2025-08-11 01:00:07,2025-08-11 01:00:08,NHB250811010008.RAWGUX7,Long Range,1.0
715,2025-08-10 22:20:08,NHB250810222008.RAWGUTU,NHB250810222303.RAWGUTY,NHB250810223007.RAWGUU1,NHB250810223303.RAWGUU5,2025-08-10 22:20:08,2025-08-10 22:20:08,NHB250810222008.RAWGUTU,Long Range,0.0,2025-08-10 23:20:08,2025-08-10 23:20:07,NHB250810232007.RAWGUV3,Long Range,1.0,2025-08-11 00:20:08,2025-08-11 00:20:08,NHB250811002008.RAWGUWC,Long Range,0.0,2025-08-11 01:20:08,2025-08-11 01:20:08,NHB250811012008.RAWGUXM,Long Range,0.0
716,2025-08-10 22:40:07,NHB250810224007.RAWGUU8,NHB250810224303.RAWGUUC,NHB250810225008.RAWGUUF,NHB250810225303.RAWGUUK,2025-08-10 22:40:07,2025-08-10 22:40:07,NHB250810224007.RAWGUU8,Long Range,0.0,2025-08-10 23:40:07,2025-08-10 23:40:07,NHB250810234007.RAWGUVH,Long Range,0.0,2025-08-11 00:40:07,2025-08-11 00:40:08,NHB250811004008.RAWGUWT,Long Range,1.0,2025-08-11 01:40:07,2025-08-11 01:40:08,NHB250811014008.RAWGUY2,Long Range,1.0
717,2025-08-10 23:00:08,NHB250810230008.RAWGUUN,NHB250810230303.RAWGUUT,NHB250810231007.RAWGUUW,NHB250810231303.RAWGUV0,2025-08-10 23:00:08,2025-08-10 23:00:08,NHB250810230008.RAWGUUN,Long Range,0.0,2025-08-11 00:00:08,2025-08-11 00:00:08,NHB250811000008.RAWGUVY,Long Range,0.0,2025-08-11 01:00:08,2025-08-11 01:00:08,NHB250811010008.RAWGUX7,Long Range,0.0,2025-08-11 02:00:08,2025-08-11 02:00:08,NHB250811020008.RAWGUYG,Long Range,0.0
718,2025-08-10 23:20:07,NHB250810232007.RAWGUV3,NHB250810232304.RAWGUV7,NHB250810233007.RAWGUVA,NHB250810233303.RAWGUVE,2025-08-10 23:20:07,2025-08-10 23:20:07,NHB250810232007.RAWGUV3,Long Range,0.0,2025-08-11 00:20:07,2025-08-11 00:20:08,NHB250811002008.RAWGUWC,Long Range,1.0,2025-08-11 01:20:07,2025-08-11 01:20:08,NHB250811012008.RAWGUXM,Long Range,1.0,2025-08-11 02:20:07,2025-08-11 02:20:08,NHB250811022008.RAWGUYX,Long Range,1.0
719,2025-08-10 23:40:07,NHB250810234007.RAWGUVH,NHB250810234304.RAWGUVM,NHB250810235008.RAWGUVR,NHB250810235304.RAWGUVV,2025-08-10 23:40:07,2025-08-10 23:40:07,NHB250810234007.RAWGUVH,Long Range,0.0,2025-08-11 00:40:07,2025-08-11 00:40:08,NHB250811004008.RAWGUWT,Long Range,1.0,2025-08-11 01:40:07,2025-08-11 01:40:08,NHB250811014008.RAWGUY2,Long Range,1.0,2025-08-11 02:40:07,2025-08-11 02:40:08,NHB250811024008.RAWGUZB,Long Range,1.0
720,2025-08-11 00:00:08,NHB250811000008.RAWGUVY,NHB250811000304.RAWGUW2,NHB250811001007.RAWGUW5,NHB250811001304.RAWGUW9,2025-08-11 00:00:08,2025-08-11 00:00:08,NHB250811000008.RAWGUVY,Long Range,0.0,2025-08-11 01:00:08,2025-08-11 01:00:08,NHB250811010008.RAWGUX7,Long Range,0.0,2025-08-11 02:00:08,2025-08-11 02:00:08,NHB250811020008.RAWGUYG,Long Range,0.0,2025-08-11 03:00:08,2025-08-11 03:00:08,NHB250811030008.RAWGUZS,Long Range,0.0
721,2025-08-11 00:20:08,NHB250811002008.RAWGUWC,NHB250811002303.RAWGUWG,NHB250811003008.RAWGUWK,NHB250811003304.RAWGUWP,2025-08-11 00:20:08,2025-08-11 00:20:08,NHB250811002008.RAWGUWC,Long Range,0.0,2025-08-11 01:20:08,2025-08-11 01:20:08,NHB250811012008.RAWGUXM,Long Range,0.0,2025-08-11 02:20:08,2025-08-11 02:20:08,NHB250811022008.RAWGUYX,Long Range,0.0,2025-08-11 03:20:08,2025-08-11 03:20:07,NHB250811032007.RAWGV06,Long Range,1.0
722,2025-08-11 00:40:08,NHB250811004008.RAWGUWT,NHB250811004304.RAWGUWX,NHB250811005008.RAWGUX0,NHB250811005303.RAWGUX4,2025-08-11 00:40:08,2025-08-11 00:40:08,NHB250811004008.RAWGUWT,Long Range,0.0,2025-08-11 01:40:08,2025-08-11 01:40:08,NHB250811014008.RAWGUY2,Long Range,0.0,2025-08-11 02:40:08,2025-08-11 02:40:08,NHB250811024008.RAWGUZB,Long Range,0.0,2025-08-11 03:40:08,2025-08-11 03:40:08,NHB250811034008.RAWGV0L,Long Range,0.0
723,2025-08-11 01:00:08,NHB250811010008.RAWGUX7,NHB250811010303.RAWGUXB,NHB250811011008.RAWGUXE,NHB250811011304.RAWGUXJ,2025-08-11 01:00:08,2025-08-11 01:00:08,NHB250811010008.RAWGUX7,Long Range,0.0,2025-08-11 02:00:08,2025-08-11 02:00:08,NHB250811020008.RAWGUYG,Long Range,0.0,2025-08-11 03:00:08,2025-08-11 03:00:08,NHB250811030008.RAWGUZS,Long Range,0.0,2025-08-11 04:00:08,2025-08-11 04:00:08,NHB250811040008.RAWGV11,Long Range,0.0
724,2025-08-11 01:20:08,NHB250811012008.RAWGUXM,NHB250811012303.RAWGUXS,NHB250811013007.RAWGUXV,NHB250811013303.RAWGUXZ,2025-08-11 01:20:08,2025-08-11 01:20:08,NHB250811012008.RAWGUXM,Long Range,0.0,2025-08-11 02:20:08,2025-08-11 02:20:08,NHB250811022008.RAWGUYX,Long Range,0.0,2025-08-11 03:20:08,2025-08-11 03:20:07,NHB250811032007.RAWGV06,Long Range,1.0,2025-08-11 04:20:08,2025-08-11 04:20:08,NHB250811042008.RAWGV1F,Long Range,0.0
725,2025-08-11 01:40:08,NHB250811014008.RAWGUY2,NHB250811014303.RAWGUY6,NHB250811015008.RAWGUY9,NHB250811015304.RAWGUYD,2025-08-11 01:40:08,2025-08-11 01:40:08,NHB250811014008.RAWGUY2,Long Range,0.0,2025-08-11 02:40:08,2025-08-11 02:40:08,NHB250811024008.RAWGUZB,Long Range,0.0,2025-08-11 03:40:08,2025-08-11 03:40:08,NHB250811034008.RAWGV0L,Long Range,0.0,2025-08-11 04:40:08,2025-08-11 04:40:07,NHB250811044007.RAWGV1W,Long Range,1.0
726,2025-08-11 02:00:08,NHB250811020008.RAWGUYG,NHB250811020303.RAWGUYL,NHB250811021007.RAWGUYP,NHB250811021304.RAWGUYU,2025-08-11 02:00:08,2025-08-11 02:00:08,NHB250811020008.RAWGUYG,Long Range,0.0,2025-08-11 03:00:08,2025-08-11 03:00:08,NHB250811030008.RAWGUZS,Long Range,0.0,2025-08-11 04:00:08,2025-08-11 04:00:08,NHB250811040008.RAWGV11,Long Range,0.0,2025-08-11 05:00:08,2025-08-11 05:00:07,NHB250811050007.RAWGV2A,Long Range,1.0
727,2025-08-11 02:20:08,NHB250811022008.RAWGUYX,NHB250811022303.RAWGUZ1,NHB250811023008.RAWGUZ4,NHB250811023303.RAWGUZ8,2025-08-11 02:20:08,2025-08-11 02:20:08,NHB250811022008.RAWGUYX,Long Range,0.0,2025-08-11 03:20:08,2025-08-11 03:20:07,NHB250811032007.RAWGV06,Long Range,1.0,2025-08-11 04:20:08,2025-08-11 04:20:08,NHB250811042008.RAWGV1F,Long Range,0.0,2025-08-11 05:20:08,2025-08-11 05:20:07,NHB250811052007.RAWGV2R,Long Range,1.0
728,2025-08-11 02:40:08,NHB250811024008.RAWGUZB,NHB250811024304.RAWGUZF,NHB250811025008.RAWGUZJ,NHB250811025304.RAWGUZN,2025-08-11 02:40:08,2025-08-11 02:40:08,NHB250811024008.RAWGUZB,Long Range,0.0,2025-08-11 03:40:08,2025-08-11 03:40:08,NHB250811034008.RAWGV0L,Long Range,0.0,2025-08-11 04:40:08,2025-08-11 04:40:07,NHB250811044007.RAWGV1W,Long Range,1.0,2025-08-11 05:40:08,2025-08-11 05:40:07,NHB250811054007.RAWGV35,Long Range,1.0
729,2025-08-11 03:00:08,NHB250811030008.RAWGUZS,NHB250811030303.RAWGUZW,NHB250811031007.RAWGUZZ,NHB250811031303.RAWGV03,2025-08-11 03:00:08,2025-08-11 03:00:08,NHB250811030008.RAWGUZS,Long Range,0.0,2025-08-11 04:00:08,2025-08-11 04:00:08,NHB250811040008.RAWGV11,Long Range,0.0,2025-08-11 05:00:08,2025-08-11 05:00:07,NHB250811050007.RAWGV2A,Long Range,1.0,2025-08-11 06:00:08,2025-08-11 06:00:07,NHB250811060007.RAWGV3K,Long Range,1.0
730,2025-08-11 03:20:07,NHB250811032007.RAWGV06,NHB250811032303.RAWGV0A,NHB250811033008.RAWGV0D,NHB250811033303.RAWGV0H,2025-08-11 03:20:07,2025-08-11 03:20:07,NHB250811032007.RAWGV06,Long Range,0.0,2025-08-11 04:20:07,2025-08-11 04:20:08,NHB250811042008.RAWGV1F,Long Range,1.0,2025-08-11 05:20:07,2025-08-11 05:20:07,NHB250811052007.RAWGV2R,Long Range,0.0,2025-08-11 06:20:07,2025-08-11 06:20:07,NHB250811062007.RAWGV40,Long Range,0.0
731,2025-08-11 03:40:08,NHB250811034008.RAWGV0L,NHB250811034303.RAWGV0R,NHB250811035008.RAWGV0U,NHB250811035304.RAWGV0Y,2025-08-11 03:40:08,2025-08-11 03:40:08,NHB250811034008.RAWGV0L,Long Range,0.0,2025-08-11 04:40:08,2025-08-11 04:40:07,NHB250811044007.RAWGV1W,Long Range,1.0,2025-08-11 05:40:08,2025-08-11 05:40:07,NHB250811054007.RAWGV35,Long Range,1.0,2025-08-11 06:40:08,2025-08-11 06:40:08,NHB250811064008.RAWGV4E,Long Range,0.0
732,2025-08-11 04:00:08,NHB250811040008.RAWGV11,NHB250811040304.RAWGV15,NHB250811041007.RAWGV18,NHB250811041303.RAWGV1C,2025-08-11 04:00:08,2025-08-11 04:00:08,NHB250811040008.RAWGV11,Long Range,0.0,2025-08-11 05:00:08,2025-08-11 05:00:07,NHB250811050007.RAWGV2A,Long Range,1.0,2025-08-11 06:00:08,2025-08-11 06:00:07,NHB250811060007.RAWGV3K,Long Range,1.0,2025-08-11 07:00:08,2025-08-11 07:00:07,NHB250811070007.RAWGV4V,Long Range,1.0
733,2025-08-11 04:20:08,NHB250811042008.RAWGV1F,NHB250811042304.RAWGV1K,NHB250811043009.RAWGV1N,NHB250811043303.RAWGV1T,2025-08-11 04:20:08,2025-08-11 04:20:08,NHB250811042008.RAWGV1F,Long Range,0.0,2025-08-11 05:20:08,2025-08-11 05:20:07,NHB250811052007.RAWGV2R,Long Range,1.0,2025-08-11 06:20:08,2025-08-11 06:20:07,NHB250811062007.RAWGV40,Long Range,1.0,2025-08-11 07:20:08,2025-08-11 07:20:08,NHB250811072008.RAWGV59,Long Range,0.0
734,2025-08-11 04:40:07,NHB250811044007.RAWGV1W,NHB250811044304.RAWGV20,NHB250811045007.RAWGV23,NHB250811045303.RAWGV27,2025-08-11 04:40:07,2025-08-11 04:40:07,NHB250811044007.RAWGV1W,Long Range,0.0,2025-08-11 05:40:07,2025-08-11 05:40:07,NHB250811054007.RAWGV35,Long Range,0.0,2025-08-11 06:40:07,2025-08-11 06:40:08,NHB250811064008.RAWGV4E,Long Range,1.0,2025-08-11 07:40:07,2025-08-11 07:40:08,NHB250811074008.RAWGV5P,Long Range,1.0
735,2025-08-11 05:00:07,NHB250811050007.RAWGV2A,NHB250811050303.RAWGV2E,NHB250811051007.RAWGV2H,NHB250811051303.RAWGV2M,2025-08-11 05:00:07,2025-08-11 05:00:07,NHB250811050007.RAWGV2A,Long Range,0.0,2025-08-11 06:00:07,2025-08-11 06:00:07,NHB250811060007.RAWGV3K,Long Range,0.0,2025-08-11 07:00:07,2025-08-11 07:00:07,NHB250811070007.RAWGV4V,Long Range,0.0,2025-08-11 08:00:07,2025-08-11 08:00:08,NHB250811080008.RAWGV64,Long Range,1.0
736,2025-08-11 05:20:07,NHB250811052007.RAWGV2R,NHB250811052304.RAWGV2V,NHB250811053008.RAWGV2Y,NHB250811053304.RAWGV32,2025-08-11 05:20:07,2025-08-11 05:20:07,NHB250811052007.RAWGV2R,Long Range,0.0,2025-08-11 06:20:07,2025-08-11 06:20:07,NHB250811062007.RAWGV40,Long Range,0.0,2025-08-11 07:20:07,2025-08-11 07:20:08,NHB250811072008.RAWGV59,Long Range,1.0,2025-08-11 08:20:07,2025-08-11 08:20:07,NHB250811082007.RAWGV6J,Long Range,0.0
737,2025-08-11 05:40:07,NHB250811054007.RAWGV35,NHB250811054304.RAWGV39,NHB250811055009.RAWGV3C,NHB250811055303.RAWGV3G,2025-08-11 05:40:07,2025-08-11 05:40:07,NHB250811054007.RAWGV35,Long Range,0.0,2025-08-11 06:40:07,2025-08-11 06:40:08,NHB250811064008.RAWGV4E,Long Range,1.0,2025-08-11 07:40:07,2025-08-11 07:40:08,NHB250811074008.RAWGV5P,Long Range,1.0,2025-08-11 08:40:07,2025-08-11 08:40:07,NHB250811084007.RAWGV6Z,Long Range,0.0
738,2025-08-11 06:00:07,NHB250811060007.RAWGV3K,NHB250811060304.RAWGV3P,NHB250811061008.RAWGV3T,NHB250811061303.RAWGV3X,2025-08-11 06:00:07,2025-08-11 06:00:07,NHB250811060007.RAWGV3K,Long Range,0.0,2025-08-11 07:00:07,2025-08-11 07:00:07,NHB250811070007.RAWGV4V,Long Range,0.0,2025-08-11 08:00:07,2025-08-11 08:00:08,NHB250811080008.RAWGV64,Long Range,1.0,2025-08-11 09:00:07,2025-08-11 09:00:08,NHB250811090008.RAWGV7D,Long Range,1.0
739,2025-08-11 06:20:07,NHB250811062007.RAWGV40,NHB250811062303.RAWGV44,NHB250811063008.RAWGV47,NHB250811063304.RAWGV4B,2025-08-11 06:20:07,2025-08-11 06:20:07,NHB250811062007.RAWGV40,Long Range,0.0,2025-08-11 07:20:07,2025-08-11 07:20:08,NHB250811072008.RAWGV59,Long Range,1.0,2025-08-11 08:20:07,2025-08-11 08:20:07,NHB250811082007.RAWGV6J,Long Range,0.0,2025-08-11 09:20:07,2025-08-11 09:20:08,NHB250811092008.RAWGV7U,Long Range,1.0
740,2025-08-11 06:40:08,NHB250811064008.RAWGV4E,NHB250811064303.RAWGV4J,NHB250811065008.RAWGV4M,NHB250811065303.RAWGV4S,2025-08-11 06:40:08,2025-08-11 06:40:08,NHB250811064008.RAWGV4E,Long Range,0.0,2025-08-11 07:40:08,2025-08-11 07:40:08,NHB250811074008.RAWGV5P,Long Range,0.0,2025-08-11 08:40:08,2025-08-11 08:40:07,NHB250811084007.RAWGV6Z,Long Range,1.0,2025-08-11 09:40:08,2025-08-11 09:40:08,NHB250811094008.RAWGV88,Long Range,0.0
741,2025-08-11 07:00:07,NHB250811070007.RAWGV4V,NHB250811070304.RAWGV4Z,NHB250811071008.RAWGV52,NHB250811071304.RAWGV56,2025-08-11 07:00:07,2025-08-11 07:00:07,NHB250811070007.RAWGV4V,Long Range,0.0,2025-08-11 08:00:07,2025-08-11 08:00:08,NHB250811080008.RAWGV64,Long Range,1.0,2025-08-11 09:00:07,2025-08-11 09:00:08,NHB250811090008.RAWGV7D,Long Range,1.0,2025-08-11 10:00:07,2025-08-11 10:00:08,NHB250811100008.RAWGV8N,Long Range,1.0
742,2025-08-11 07:20:08,NHB250811072008.RAWGV59,NHB250811072303.RAWGV5D,NHB250811073007.RAWGV5G,NHB250811073304.RAWGV5L,2025-08-11 07:20:08,2025-08-11 07:20:08,NHB250811072008.RAWGV59,Long Range,0.0,2025-08-11 08:20:08,2025-08-11 08:20:07,NHB250811082007.RAWGV6J,Long Range,1.0,2025-08-11 09:20:08,2025-08-11 09:20:08,NHB250811092008.RAWGV7U,Long Range,0.0,2025-08-11 10:20:08,2025-08-11 10:20:07,NHB250811102007.RAWGV93,Long Range,1.0
743,2025-08-11 07:40:08,NHB250811074008.RAWGV5P,NHB250811074303.RAWGV5U,NHB250811075008.RAWGV5X,NHB250811075304.RAWGV61,2025-08-11 07:40:08,2025-08-11 07:40:08,NHB250811074008.RAWGV5P,Long Range,0.0,2025-08-11 08:40:08,2025-08-11 08:40:07,NHB250811084007.RAWGV6Z,Long Range,1.0,2025-08-11 09:40:08,2025-08-11 09:40:08,NHB250811094008.RAWGV88,Long Range,0.0,2025-08-11 10:40:08,2025-08-11 10:40:08,NHB250811104008.RAWGV9H,Long Range,0.0
744,2025-08-11 08:00:08,NHB250811080008.RAWGV64,NHB250811080303.RAWGV68,NHB250811081007.RAWGV6B,NHB250811081304.RAWGV6F,2025-08-11 08:00:08,2025-08-11 08:00:08,NHB250811080008.RAWGV64,Long Range,0.0,2025-08-11 09:00:08,2025-08-11 09:00:08,NHB250811090008.RAWGV7D,Long Range,0.0,2025-08-11 10:00:08,2025-08-11 10:00:08,NHB250811100008.RAWGV8N,Long Range,0.0,2025-08-11 11:00:08,2025-08-11 11:00:08,NHB250811110008.RAWGV9Y,Long Range,0.0
745,2025-08-11 08:20:07,NHB250811082007.RAWGV6J,NHB250811082304.RAWGV6N,NHB250811083008.RAWGV6S,NHB250811083303.RAWGV6W,2025-08-11 08:20:07,2025-08-11 08:20:07,NHB250811082007.RAWGV6J,Long Range,0.0,2025-08-11 09:20:07,2025-08-11 09:20:08,NHB250811092008.RAWGV7U,Long Range,1.0,2025-08-11 10:20:07,2025-08-11 10:20:07,NHB250811102007.RAWGV93,Long Range,0.0,2025-08-11 11:20:07,2025-08-11 11:20:07,NHB250811112007.RAWGVAC,Long Range,0.0
746,2025-08-11 08:40:07,NHB250811084007.RAWGV6Z,NHB250811084303.RAWGV73,NHB250811085007.RAWGV76,NHB250811085304.RAWGV7A,2025-08-11 08:40:07,2025-08-11 08:40:07,NHB250811084007.RAWGV6Z,Long Range,0.0,2025-08-11 09:40:07,2025-08-11 09:40:08,NHB250811094008.RAWGV88,Long Range,1.0,2025-08-11 10:40:07,2025-08-11 10:40:08,NHB250811104008.RAWGV9H,Long Range,1.0,2025-08-11 11:40:07,2025-08-11 11:40:08,NHB250811114008.RAWGVAT,Long Range,1.0
747,2025-08-11 09:00:08,NHB250811090008.RAWGV7D,NHB250811090303.RAWGV7H,NHB250811091008.RAWGV7L,NHB250811091304.RAWGV7R,2025-08-11 09:00:08,2025-08-11 09:00:08,NHB250811090008.RAWGV7D,Long Range,0.0,2025-08-11 10:00:08,2025-08-11 10:00:08,NHB250811100008.RAWGV8N,Long Range,0.0,2025-08-11 11:00:08,2025-08-11 11:00:08,NHB250811110008.RAWGV9Y,Long Range,0.0,2025-08-11 12:00:08,2025-08-11 12:00:08,NHB250811120008.RAWGVB7,Long Range,0.0
748,2025-08-11 09:20:08,NHB250811092008.RAWGV7U,NHB250811092304.RAWGV7Y,NHB250811093007.RAWGV81,NHB250811093303.RAWGV85,2025-08-11 09:20:08,2025-08-11 09:20:08,NHB250811092008.RAWGV7U,Long Range,0.0,2025-08-11 10:20:08,2025-08-11 10:20:07,NHB250811102007.RAWGV93,Long Range,1.0,2025-08-11 11:20:08,2025-08-11 11:20:07,NHB250811112007.RAWGVAC,Long Range,1.0,2025-08-11 12:20:08,2025-08-11 12:20:07,NHB250811122007.RAWGVBM,Long Range,1.0
749,2025-08-11 09:40:08,NHB250811094008.RAWGV88,NHB250811094304.RAWGV8C,NHB250811095007.RAWGV8F,NHB250811095304.RAWGV8K,2025-08-11 09:40:08,2025-08-11 09:40:08,NHB250811094008.RAWGV88,Long Range,0.0,2025-08-11 10:40:08,2025-08-11 10:40:08,NHB250811104008.RAWGV9H,Long Range,0.0,2025-08-11 11:40:08,2025-08-11 11:40:08,NHB250811114008.RAWGVAT,Long Range,0.0,2025-08-11 12:40:08,2025-08-11 12:40:08,NHB250811124008.RAWGVC2,Long Range,0.0
750,2025-08-11 10:00:08,NHB250811100008.RAWGV8N,NHB250811100304.RAWGV8T,NHB250811101007.RAWGV8W,NHB250811101303.RAWGV90,2025-08-11 10:00:08,2025-08-11 10:00:08,NHB250811100008.RAWGV8N,Long Range,0.0,2025-08-11 11:00:08,2025-08-11 11:00:08,NHB250811110008.RAWGV9Y,Long Range,0.0,2025-08-11 12:00:08,2025-08-11 12:00:08,NHB250811120008.RAWGVB7,Long Range,0.0,2025-08-11 13:00:08,2025-08-11 13:00:07,NHB250811130007.RAWGVCG,Long Range,1.0
751,2025-08-11 10:20:07,NHB250811102007.RAWGV93,NHB250811102303.RAWGV97,NHB250811103008.RAWGV9A,NHB250811103303.RAWGV9E,2025-08-11 10:20:07,2025-08-11 10:20:07,NHB250811102007.RAWGV93,Long Range,0.0,2025-08-11 11:20:07,2025-08-11 11:20:07,NHB250811112007.RAWGVAC,Long Range,0.0,2025-08-11 12:20:07,2025-08-11 12:20:07,NHB250811122007.RAWGVBM,Long Range,0.0,2025-08-11 13:20:07,2025-08-11 13:20:07,NHB250811132007.RAWGVCX,Long Range,0.0
752,2025-08-11 10:40:08,NHB250811104008.RAWGV9H,NHB250811104304.RAWGV9M,NHB250811105008.RAWGV9R,NHB250811105304.RAWGV9V,2025-08-11 10:40:08,2025-08-11 10:40:08,NHB250811104008.RAWGV9H,Long Range,0.0,2025-08-11 11:40:08,2025-08-11 11:40:08,NHB250811114008.RAWGVAT,Long Range,0.0,2025-08-11 12:40:08,2025-08-11 12:40:08,NHB250811124008.RAWGVC2,Long Range,0.0,2025-08-11 13:40:08,2025-08-11 13:40:07,NHB250811134007.RAWGVDB,Long Range,1.0
753,2025-08-11 11:00:08,NHB250811110008.RAWGV9Y,NHB250811110303.RAWGVA2,NHB250811111007.RAWGVA5,NHB250811111304.RAWGVA9,2025-08-11 11:00:08,2025-08-11 11:00:08,NHB250811110008.RAWGV9Y,Long Range,0.0,2025-08-11 12:00:08,2025-08-11 12:00:08,NHB250811120008.RAWGVB7,Long Range,0.0,2025-08-11 13:00:08,2025-08-11 13:00:07,NHB250811130007.RAWGVCG,Long Range,1.0,2025-08-11 14:00:08,2025-08-11 14:00:07,NHB250811140007.RAWGVDS,Long Range,1.0
754,2025-08-11 11:20:07,NHB250811112007.RAWGVAC,NHB250811112303.RAWGVAG,NHB250811113007.RAWGVAK,NHB250811113303.RAWGVAP,2025-08-11 11:20:07,2025-08-11 11:20:07,NHB250811112007.RAWGVAC,Long Range,0.0,2025-08-11 12:20:07,2025-08-11 12:20:07,NHB250811122007.RAWGVBM,Long Range,0.0,2025-08-11 13:20:07,2025-08-11 13:20:07,NHB250811132007.RAWGVCX,Long Range,0.0,2025-08-11 14:20:07,2025-08-11 14:20:07,NHB250811142007.RAWGVE6,Long Range,0.0
755,2025-08-11 11:40:08,NHB250811114008.RAWGVAT,NHB250811114304.RAWGVAX,NHB250811115008.RAWGVB0,NHB250811115304.RAWGVB4,2025-08-11 11:40:08,2025-08-11 11:40:08,NHB250811114008.RAWGVAT,Long Range,0.0,2025-08-11 12:40:08,2025-08-11 12:40:08,NHB250811124008.RAWGVC2,Long Range,0.0,2025-08-11 13:40:08,2025-08-11 13:40:07,NHB250811134007.RAWGVDB,Long Range,1.0,2025-08-11 14:40:08,2025-08-11 14:40:07,NHB250811144007.RAWGVEL,Long Range,1.0
756,2025-08-11 12:00:08,NHB250811120008.RAWGVB7,NHB250811120303.RAWGVBB,NHB250811121007.RAWGVBE,NHB250811121304.RAWGVBJ,2025-08-11 12:00:08,2025-08-11 12:00:08,NHB250811120008.RAWGVB7,Long Range,0.0,2025-08-11 13:00:08,2025-08-11 13:00:07,NHB250811130007.RAWGVCG,Long Range,1.0,2025-08-11 14:00:08,2025-08-11 14:00:07,NHB250811140007.RAWGVDS,Long Range,1.0,2025-08-11 15:00:08,2025-08-11 15:00:08,NHB250811150008.RAWGVF1,Long Range,0.0
757,2025-08-11 12:20:07,NHB250811122007.RAWGVBM,NHB250811122304.RAWGVBS,NHB250811123008.RAWGVBV,NHB250811123304.RAWGVBZ,2025-08-11 12:20:07,2025-08-11 12:20:07,NHB250811122007.RAWGVBM,Long Range,0.0,2025-08-11 13:20:07,2025-08-11 13:20:07,NHB250811132007.RAWGVCX,Long Range,0.0,2025-08-11 14:20:07,2025-08-11 14:20:07,NHB250811142007.RAWGVE6,Long Range,0.0,2025-08-11 15:20:07,2025-08-11 15:20:08,NHB250811152008.RAWGVFF,Long Range,1.0
758,2025-08-11 12:40:08,NHB250811124008.RAWGVC2,NHB250811124304.RAWGVC6,NHB250811125008.RAWGVC9,NHB250811125303.RAWGVCD,2025-08-11 12:40:08,2025-08-11 12:40:08,NHB250811124008.RAWGVC2,Long Range,0.0,2025-08-11 13:40:08,2025-08-11 13:40:07,NHB250811134007.RAWGVDB,Long Range,1.0,2025-08-11 14:40:08,2025-08-11 14:40:07,NHB250811144007.RAWGVEL,Long Range,1.0,2025-08-11 15:40:08,2025-08-11 15:40:08,NHB250811154008.RAWGVFW,Long Range,0.0
759,2025-08-11 13:00:07,NHB250811130007.RAWGVCG,NHB250811130303.RAWGVCL,NHB250811131008.RAWGVCP,NHB250811131303.RAWGVCU,2025-08-11 13:00:07,2025-08-11 13:00:07,NHB250811130007.RAWGVCG,Long Range,0.0,2025-08-11 14:00:07,2025-08-11 14:00:07,NHB250811140007.RAWGVDS,Long Range,0.0,2025-08-11 15:00:07,2025-08-11 15:00:08,NHB250811150008.RAWGVF1,Long Range,1.0,2025-08-11 16:00:07,2025-08-11 16:00:07,NHB250811160007.RAWGVGA,Long Range,0.0
760,2025-08-11 13:20:07,NHB250811132007.RAWGVCX,NHB250811132303.RAWGVD1,NHB250811133008.RAWGVD4,NHB250811133304.RAWGVD8,2025-08-11 13:20:07,2025-08-11 13:20:07,NHB250811132007.RAWGVCX,Long Range,0.0,2025-08-11 14:20:07,2025-08-11 14:20:07,NHB250811142007.RAWGVE6,Long Range,0.0,2025-08-11 15:20:07,2025-08-11 15:20:08,NHB250811152008.RAWGVFF,Long Range,1.0,2025-08-11 16:20:07,2025-08-11 16:20:07,NHB250811162007.RAWGVGR,Long Range,0.0
761,2025-08-11 13:40:07,NHB250811134007.RAWGVDB,NHB250811134304.RAWGVDF,NHB250811135007.RAWGVDJ,NHB250811135304.RAWGVDN,2025-08-11 13:40:07,2025-08-11 13:40:07,NHB250811134007.RAWGVDB,Long Range,0.0,2025-08-11 14:40:07,2025-08-11 14:40:07,NHB250811144007.RAWGVEL,Long Range,0.0,2025-08-11 15:40:07,2025-08-11 15:40:08,NHB250811154008.RAWGVFW,Long Range,1.0,2025-08-11 16:40:07,2025-08-11 16:40:08,NHB250811164008.RAWGVH5,Long Range,1.0
762,2025-08-11 14:00:07,NHB250811140007.RAWGVDS,NHB250811140303.RAWGVDW,NHB250811141008.RAWGVDZ,NHB250811141303.RAWGVE3,2025-08-11 14:00:07,2025-08-11 14:00:07,NHB250811140007.RAWGVDS,Long Range,0.0,2025-08-11 15:00:07,2025-08-11 15:00:08,NHB250811150008.RAWGVF1,Long Range,1.0,2025-08-11 16:00:07,2025-08-11 16:00:07,NHB250811160007.RAWGVGA,Long Range,0.0,2025-08-11 17:00:07,2025-08-11 17:00:08,NHB250811170008.RAWGVHK,Long Range,1.0
763,2025-08-11 14:20:07,NHB250811142007.RAWGVE6,NHB250811142303.RAWGVEA,NHB250811143008.RAWGVED,NHB250811143303.RAWGVEH,2025-08-11 14:20:07,2025-08-11 14:20:07,NHB250811142007.RAWGVE6,Long Range,0.0,2025-08-11 15:20:07,2025-08-11 15:20:08,NHB250811152008.RAWGVFF,Long Range,1.0,2025-08-11 16:20:07,2025-08-11 16:20:07,NHB250811162007.RAWGVGR,Long Range,0.0,2025-08-11 17:20:07,2025-08-11 17:20:07,NHB250811172007.RAWGVJ0,Long Range,0.0
764,2025-08-11 14:40:07,NHB250811144007.RAWGVEL,NHB250811144303.RAWGVER,NHB250811145007.RAWGVEU,NHB250811145304.RAWGVEY,2025-08-11 14:40:07,2025-08-11 14:40:07,NHB250811144007.RAWGVEL,Long Range,0.0,2025-08-11 15:40:07,2025-08-11 15:40:08,NHB250811154008.RAWGVFW,Long Range,1.0,2025-08-11 16:40:07,2025-08-11 16:40:08,NHB250811164008.RAWGVH5,Long Range,1.0,2025-08-11 17:40:07,2025-08-11 17:40:07,NHB250811174007.RAWGVJE,Long Range,0.0
765,2025-08-11 15:00:08,NHB250811150008.RAWGVF1,NHB250811150303.RAWGVF5,NHB250811151007.RAWGVF8,NHB250811151303.RAWGVFC,2025-08-11 15:00:08,2025-08-11 15:00:08,NHB250811150008.RAWGVF1,Long Range,0.0,2025-08-11 16:00:08,2025-08-11 16:00:07,NHB250811160007.RAWGVGA,Long Range,1.0,2025-08-11 17:00:08,2025-08-11 17:00:08,NHB250811170008.RAWGVHK,Long Range,0.0,2025-08-11 18:00:08,2025-08-11 18:00:07,NHB250811180007.RAWGVJV,Long Range,1.0
766,2025-08-11 15:20:08,NHB250811152008.RAWGVFF,NHB250811152304.RAWGVFK,NHB250811153008.RAWGVFN,NHB250811153304.RAWGVFT,2025-08-11 15:20:08,2025-08-11 15:20:08,NHB250811152008.RAWGVFF,Long Range,0.0,2025-08-11 16:20:08,2025-08-11 16:20:07,NHB250811162007.RAWGVGR,Long Range,1.0,2025-08-11 17:20:08,2025-08-11 17:20:07,NHB250811172007.RAWGVJ0,Long Range,1.0,2025-08-11 18:20:08,2025-08-11 18:20:07,NHB250811182007.RAWGVK9,Long Range,1.0
767,2025-08-11 15:40:08,NHB250811154008.RAWGVFW,NHB250811154304.RAWGVG0,NHB250811155008.RAWGVG3,NHB250811155304.RAWGVG7,2025-08-11 15:40:08,2025-08-11 15:40:08,NHB250811154008.RAWGVFW,Long Range,0.0,2025-08-11 16:40:08,2025-08-11 16:40:08,NHB250811164008.RAWGVH5,Long Range,0.0,2025-08-11 17:40:08,2025-08-11 17:40:07,NHB250811174007.RAWGVJE,Long Range,1.0,2025-08-11 18:40:08,2025-08-11 18:40:07,NHB250811184007.RAWGVKP,Long Range,1.0
768,2025-08-11 16:00:07,NHB250811160007.RAWGVGA,NHB250811160303.RAWGVGE,NHB250811161007.RAWGVGH,NHB250811161304.RAWGVGM,2025-08-11 16:00:07,2025-08-11 16:00:07,NHB250811160007.RAWGVGA,Long Range,0.0,2025-08-11 17:00:07,2025-08-11 17:00:08,NHB250811170008.RAWGVHK,Long Range,1.0,2025-08-11 18:00:07,2025-08-11 18:00:07,NHB250811180007.RAWGVJV,Long Range,0.0,2025-08-11 19:00:07,2025-08-11 19:00:07,NHB250811190007.RAWGVL4,Long Range,0.0
769,2025-08-11 16:20:07,NHB250811162007.RAWGVGR,NHB250811162305.RAWGVGV,NHB250811163008.RAWGVGY,NHB250811163303.RAWGVH2,2025-08-11 16:20:07,2025-08-11 16:20:07,NHB250811162007.RAWGVGR,Long Range,0.0,2025-08-11 17:20:07,2025-08-11 17:20:07,NHB250811172007.RAWGVJ0,Long Range,0.0,2025-08-11 18:20:07,2025-08-11 18:20:07,NHB250811182007.RAWGVK9,Long Range,0.0,2025-08-11 19:20:07,2025-08-11 19:20:08,NHB250811192008.RAWGVLJ,Long Range,1.0
770,2025-08-11 16:40:08,NHB250811164008.RAWGVH5,NHB250811164304.RAWGVH9,NHB250811165008.RAWGVHC,NHB250811165303.RAWGVHG,2025-08-11 16:40:08,2025-08-11 16:40:08,NHB250811164008.RAWGVH5,Long Range,0.0,2025-08-11 17:40:08,2025-08-11 17:40:07,NHB250811174007.RAWGVJE,Long Range,1.0,2025-08-11 18:40:08,2025-08-11 18:40:07,NHB250811184007.RAWGVKP,Long Range,1.0,2025-08-11 19:40:08,2025-08-11 19:40:08,NHB250811194008.RAWGVLZ,Long Range,0.0
771,2025-08-11 17:00:08,NHB250811170008.RAWGVHK,NHB250811170303.RAWGVHP,NHB250811171008.RAWGVHT,NHB250811171303.RAWGVHX,2025-08-11 17:00:08,2025-08-11 17:00:08,NHB250811170008.RAWGVHK,Long Range,0.0,2025-08-11 18:00:08,2025-08-11 18:00:07,NHB250811180007.RAWGVJV,Long Range,1.0,2025-08-11 19:00:08,2025-08-11 19:00:07,NHB250811190007.RAWGVL4,Long Range,1.0,2025-08-11 20:00:08,2025-08-11 20:00:07,NHB250811200007.RAWGVMD,Long Range,1.0
772,2025-08-11 17:20:07,NHB250811172007.RAWGVJ0,NHB250811172303.RAWGVJ4,NHB250811173007.RAWGVJ7,NHB250811173303.RAWGVJB,2025-08-11 17:20:07,2025-08-11 17:20:07,NHB250811172007.RAWGVJ0,Long Range,0.0,2025-08-11 18:20:07,2025-08-11 18:20:07,NHB250811182007.RAWGVK9,Long Range,0.0,2025-08-11 19:20:07,2025-08-11 19:20:08,NHB250811192008.RAWGVLJ,Long Range,1.0,2025-08-11 20:20:07,2025-08-11 20:20:07,NHB250811202007.RAWGVMU,Long Range,0.0
773,2025-08-11 17:40:07,NHB250811174007.RAWGVJE,NHB250811174303.RAWGVJJ,NHB250811175007.RAWGVJM,NHB250811175303.RAWGVJS,2025-08-11 17:40:07,2025-08-11 17:40:07,NHB250811174007.RAWGVJE,Long Range,0.0,2025-08-11 18:40:07,2025-08-11 18:40:07,NHB250811184007.RAWGVKP,Long Range,0.0,2025-08-11 19:40:07,2025-08-11 19:40:08,NHB250811194008.RAWGVLZ,Long Range,1.0,2025-08-11 20:40:07,2025-08-11 20:40:07,NHB250811204007.RAWGVN8,Long Range,0.0
774,2025-08-11 18:00:07,NHB250811180007.RAWGVJV,NHB250811180304.RAWGVJZ,NHB250811181007.RAWGVK2,NHB250811181304.RAWGVK6,2025-08-11 18:00:07,2025-08-11 18:00:07,NHB250811180007.RAWGVJV,Long Range,0.0,2025-08-11 19:00:07,2025-08-11 19:00:07,NHB250811190007.RAWGVL4,Long Range,0.0,2025-08-11 20:00:07,2025-08-11 20:00:07,NHB250811200007.RAWGVMD,Long Range,0.0,2025-08-11 21:00:07,2025-08-11 21:00:08,NHB250811210008.RAWGVNN,Long Range,1.0
775,2025-08-11 18:20:07,NHB250811182007.RAWGVK9,NHB250811182303.RAWGVKD,NHB250811183007.RAWGVKG,NHB250811183303.RAWGVKL,2025-08-11 18:20:07,2025-08-11 18:20:07,NHB250811182007.RAWGVK9,Long Range,0.0,2025-08-11 19:20:07,2025-08-11 19:20:08,NHB250811192008.RAWGVLJ,Long Range,1.0,2025-08-11 20:20:07,2025-08-11 20:20:07,NHB250811202007.RAWGVMU,Long Range,0.0,2025-08-11 21:20:07,2025-08-11 21:20:07,NHB250811212007.RAWGVP3,Long Range,0.0
776,2025-08-11 18:40:07,NHB250811184007.RAWGVKP,NHB250811184303.RAWGVKU,NHB250811185007.RAWGVKX,NHB250811185304.RAWGVL1,2025-08-11 18:40:07,2025-08-11 18:40:07,NHB250811184007.RAWGVKP,Long Range,0.0,2025-08-11 19:40:07,2025-08-11 19:40:08,NHB250811194008.RAWGVLZ,Long Range,1.0,2025-08-11 20:40:07,2025-08-11 20:40:07,NHB250811204007.RAWGVN8,Long Range,0.0,2025-08-11 21:40:07,2025-08-11 21:40:08,NHB250811214008.RAWGVPH,Long Range,1.0
777,2025-08-11 19:00:07,NHB250811190007.RAWGVL4,NHB250811190303.RAWGVL8,NHB250811191008.RAWGVLB,NHB250811191304.RAWGVLF,2025-08-11 19:00:07,2025-08-11 19:00:07,NHB250811190007.RAWGVL4,Long Range,0.0,2025-08-11 20:00:07,2025-08-11 20:00:07,NHB250811200007.RAWGVMD,Long Range,0.0,2025-08-11 21:00:07,2025-08-11 21:00:08,NHB250811210008.RAWGVNN,Long Range,1.0,2025-08-11 22:00:07,2025-08-11 22:00:07,NHB250811220007.RAWGVPY,Long Range,0.0
778,2025-08-11 19:20:08,NHB250811192008.RAWGVLJ,NHB250811192304.RAWGVLN,NHB250811193007.RAWGVLS,NHB250811193304.RAWGVLW,2025-08-11 19:20:08,2025-08-11 19:20:08,NHB250811192008.RAWGVLJ,Long Range,0.0,2025-08-11 20:20:08,2025-08-11 20:20:07,NHB250811202007.RAWGVMU,Long Range,1.0,2025-08-11 21:20:08,2025-08-11 21:20:07,NHB250811212007.RAWGVP3,Long Range,1.0,2025-08-11 22:20:08,2025-08-11 22:20:09,NHB250811222009.RAWGVRC,Long Range,1.0
779,2025-08-11 19:40:08,NHB250811194008.RAWGVLZ,NHB250811194303.RAWGVM3,NHB250811195007.RAWGVM6,NHB250811195304.RAWGVMA,2025-08-11 19:40:08,2025-08-11 19:40:08,NHB250811194008.RAWGVLZ,Long Range,0.0,2025-08-11 20:40:08,2025-08-11 20:40:07,NHB250811204007.RAWGVN8,Long Range,1.0,2025-08-11 21:40:08,2025-08-11 21:40:08,NHB250811214008.RAWGVPH,Long Range,0.0,2025-08-11 22:40:08,2025-08-11 22:40:07,NHB250811224007.RAWGVRT,Long Range,1.0
780,2025-08-11 20:00:07,NHB250811200007.RAWGVMD,NHB250811200304.RAWGVMH,NHB250811201008.RAWGVML,NHB250811201303.RAWGVMR,2025-08-11 20:00:07,2025-08-11 20:00:07,NHB250811200007.RAWGVMD,Long Range,0.0,2025-08-11 21:00:07,2025-08-11 21:00:08,NHB250811210008.RAWGVNN,Long Range,1.0,2025-08-11 22:00:07,2025-08-11 22:00:07,NHB250811220007.RAWGVPY,Long Range,0.0,2025-08-11 23:00:07,2025-08-11 23:00:08,NHB250811230008.RAWGVS7,Long Range,1.0
781,2025-08-11 20:20:07,NHB250811202007.RAWGVMU,NHB250811202303.RAWGVMY,NHB250811203008.RAWGVN1,NHB250811203303.RAWGVN5,2025-08-11 20:20:07,2025-08-11 20:20:07,NHB250811202007.RAWGVMU,Long Range,0.0,2025-08-11 21:20:07,2025-08-11 21:20:07,NHB250811212007.RAWGVP3,Long Range,0.0,2025-08-11 22:20:07,2025-08-11 22:20:09,NHB250811222009.RAWGVRC,Long Range,2.0,2025-08-11 23:20:07,2025-08-11 23:20:07,NHB250811232007.RAWGVSM,Long Range,0.0
782,2025-08-11 20:40:07,NHB250811204007.RAWGVN8,NHB250811204303.RAWGVNC,NHB250811205008.RAWGVNF,NHB250811205303.RAWGVNK,2025-08-11 20:40:07,2025-08-11 20:40:07,NHB250811204007.RAWGVN8,Long Range,0.0,2025-08-11 21:40:07,2025-08-11 21:40:08,NHB250811214008.RAWGVPH,Long Range,1.0,2025-08-11 22:40:07,2025-08-11 22:40:07,NHB250811224007.RAWGVRT,Long Range,0.0,2025-08-11 23:40:07,2025-08-11 23:40:08,NHB250811234008.RAWGVT2,Long Range,1.0
783,2025-08-11 21:00:08,NHB250811210008.RAWGVNN,NHB250811210303.RAWGVNT,NHB250811211007.RAWGVNW,NHB250811211304.RAWGVP0,2025-08-11 21:00:08,2025-08-11 21:00:08,NHB250811210008.RAWGVNN,Long Range,0.0,2025-08-11 22:00:08,2025-08-11 22:00:07,NHB250811220007.RAWGVPY,Long Range,1.0,2025-08-11 23:00:08,2025-08-11 23:00:08,NHB250811230008.RAWGVS7,Long Range,0.0,2025-08-12 00:00:08,2025-08-12 00:00:08,NHB250812000008.RAWGVTG,Long Range,0.0
784,2025-08-11 21:20:07,NHB250811212007.RAWGVP3,NHB250811212303.RAWGVP7,NHB250811213008.RAWGVPA,NHB250811213303.RAWGVPE,2025-08-11 21:20:07,2025-08-11 21:20:07,NHB250811212007.RAWGVP3,Long Range,0.0,2025-08-11 22:20:07,2025-08-11 22:20:09,NHB250811222009.RAWGVRC,Long Range,2.0,2025-08-11 23:20:07,2025-08-11 23:20:07,NHB250811232007.RAWGVSM,Long Range,0.0,2025-08-12 00:20:07,2025-08-12 00:20:08,NHB250812002008.RAWGVTX,Long Range,1.0
785,2025-08-11 21:40:08,NHB250811214008.RAWGVPH,NHB250811214303.RAWGVPM,NHB250811215008.RAWGVPR,NHB250811215304.RAWGVPV,2025-08-11 21:40:08,2025-08-11 21:40:08,NHB250811214008.RAWGVPH,Long Range,0.0,2025-08-11 22:40:08,2025-08-11 22:40:07,NHB250811224007.RAWGVRT,Long Range,1.0,2025-08-11 23:40:08,2025-08-11 23:40:08,NHB250811234008.RAWGVT2,Long Range,0.0,2025-08-12 00:40:08,2025-08-12 00:40:08,NHB250812004008.RAWGVUB,Long Range,0.0
786,2025-08-11 22:00:07,NHB250811220007.RAWGVPY,NHB250811220304.RAWGVR2,NHB250811221008.RAWGVR5,NHB250811221304.RAWGVR9,2025-08-11 22:00:07,2025-08-11 22:00:07,NHB250811220007.RAWGVPY,Long Range,0.0,2025-08-11 23:00:07,2025-08-11 23:00:08,NHB250811230008.RAWGVS7,Long Range,1.0,2025-08-12 00:00:07,2025-08-12 00:00:08,NHB250812000008.RAWGVTG,Long Range,1.0,2025-08-12 01:00:07,2025-08-12 01:00:08,NHB250812010008.RAWGVUS,Long Range,1.0
787,2025-08-11 22:20:09,NHB250811222009.RAWGVRC,NHB250811222303.RAWGVRG,NHB250811223008.RAWGVRK,NHB250811223303.RAWGVRP,2025-08-11 22:20:09,2025-08-11 22:20:09,NHB250811222009.RAWGVRC,Long Range,0.0,2025-08-11 23:20:09,2025-08-11 23:20:07,NHB250811232007.RAWGVSM,Long Range,2.0,2025-08-12 00:20:09,2025-08-12 00:20:08,NHB250812002008.RAWGVTX,Long Range,1.0,2025-08-12 01:20:09,2025-08-12 01:20:07,NHB250812012007.RAWGVV6,Long Range,2.0
788,2025-08-11 22:40:07,NHB250811224007.RAWGVRT,NHB250811224304.RAWGVRX,NHB250811225007.RAWGVS0,NHB250811225303.RAWGVS4,2025-08-11 22:40:07,2025-08-11 22:40:07,NHB250811224007.RAWGVRT,Long Range,0.0,2025-08-11 23:40:07,2025-08-11 23:40:08,NHB250811234008.RAWGVT2,Long Range,1.0,2025-08-12 00:40:07,2025-08-12 00:40:08,NHB250812004008.RAWGVUB,Long Range,1.0,2025-08-12 01:40:07,2025-08-12 01:40:08,NHB250812014008.RAWGVVL,Long Range,1.0
789,2025-08-11 23:00:08,NHB250811230008.RAWGVS7,NHB250811230303.RAWGVSB,NHB250811231008.RAWGVSE,NHB250811231303.RAWGVSJ,2025-08-11 23:00:08,2025-08-11 23:00:08,NHB250811230008.RAWGVS7,Long Range,0.0,2025-08-12 00:00:08,2025-08-12 00:00:08,NHB250812000008.RAWGVTG,Long Range,0.0,2025-08-12 01:00:08,2025-08-12 01:00:08,NHB250812010008.RAWGVUS,Long Range,0.0,2025-08-12 02:00:08,2025-08-12 02:00:08,NHB250812020008.RAWGVW1,Long Range,0.0
790,2025-08-11 23:20:07,NHB250811232007.RAWGVSM,NHB250811232303.RAWGVSS,NHB250811233008.RAWGVSV,NHB250811233304.RAWGVSZ,2025-08-11 23:20:07,2025-08-11 23:20:07,NHB250811232007.RAWGVSM,Long Range,0.0,2025-08-12 00:20:07,2025-08-12 00:20:08,NHB250812002008.RAWGVTX,Long Range,1.0,2025-08-12 01:20:07,2025-08-12 01:20:07,NHB250812012007.RAWGVV6,Long Range,0.0,2025-08-12 02:20:07,2025-08-12 02:20:07,NHB250812022007.RAWGVWF,Long Range,0.0
791,2025-08-11 23:40:08,NHB250811234008.RAWGVT2,NHB250811234303.RAWGVT6,NHB250811235008.RAWGVT9,NHB250811235303.RAWGVTD,2025-08-11 23:40:08,2025-08-11 23:40:08,NHB250811234008.RAWGVT2,Long Range,0.0,2025-08-12 00:40:08,2025-08-12 00:40:08,NHB250812004008.RAWGVUB,Long Range,0.0,2025-08-12 01:40:08,2025-08-12 01:40:08,NHB250812014008.RAWGVVL,Long Range,0.0,2025-08-12 02:40:08,2025-08-12 02:40:08,NHB250812024008.RAWGVWW,Long Range,0.0
792,2025-08-12 00:00:08,NHB250812000008.RAWGVTG,NHB250812000305.RAWGVTL,NHB250812001007.RAWGVTP,NHB250812001304.RAWGVTU,2025-08-12 00:00:08,2025-08-12 00:00:08,NHB250812000008.RAWGVTG,Long Range,0.0,2025-08-12 01:00:08,2025-08-12 01:00:08,NHB250812010008.RAWGVUS,Long Range,0.0,2025-08-12 02:00:08,2025-08-12 02:00:08,NHB250812020008.RAWGVW1,Long Range,0.0,2025-08-12 03:00:08,2025-08-12 03:00:07,NHB250812030007.RAWLE8R,Long Range,1.0
793,2025-08-12 00:20:08,NHB250812002008.RAWGVTX,NHB250812002303.RAWGVU1,NHB250812003007.RAWGVU4,NHB250812003304.RAWGVU8,2025-08-12 00:20:08,2025-08-12 00:20:08,NHB250812002008.RAWGVTX,Long Range,0.0,2025-08-12 01:20:08,2025-08-12 01:20:07,NHB250812012007.RAWGVV6,Long Range,1.0,2025-08-12 02:20:08,2025-08-12 02:20:07,NHB250812022007.RAWGVWF,Long Range,1.0,2025-08-12 03:20:08,2025-08-12 03:20:08,NHB250812032008.RAWLE95,Long Range,0.0
794,2025-08-12 00:40:08,NHB250812004008.RAWGVUB,NHB250812004303.RAWGVUF,NHB250812005008.RAWGVUJ,NHB250812005304.RAWGVUN,2025-08-12 00:40:08,2025-08-12 00:40:08,NHB250812004008.RAWGVUB,Long Range,0.0,2025-08-12 01:40:08,2025-08-12 01:40:08,NHB250812014008.RAWGVVL,Long Range,0.0,2025-08-12 02:40:08,2025-08-12 02:40:08,NHB250812024008.RAWGVWW,Long Range,0.0,2025-08-12 03:40:08,2025-08-12 03:40:08,NHB250812034008.RAWLE9K,Long Range,0.0
795,2025-08-12 01:00:08,NHB250812010008.RAWGVUS,NHB250812010304.RAWGVUW,NHB250812011008.RAWGVUZ,NHB250812011304.RAWGVV3,2025-08-12 01:00:08,2025-08-12 01:00:08,NHB250812010008.RAWGVUS,Long Range,0.0,2025-08-12 02:00:08,2025-08-12 02:00:08,NHB250812020008.RAWGVW1,Long Range,0.0,2025-08-12 03:00:08,2025-08-12 03:00:07,NHB250812030007.RAWLE8R,Long Range,1.0,2025-08-12 04:00:08,2025-08-12 04:00:08,NHB250812040008.RAWLEA0,Long Range,0.0
796,2025-08-12 01:20:07,NHB250812012007.RAWGVV6,NHB250812012303.RAWGVVA,NHB250812013008.RAWGVVD,NHB250812013303.RAWGVVH,2025-08-12 01:20:07,2025-08-12 01:20:07,NHB250812012007.RAWGVV6,Long Range,0.0,2025-08-12 02:20:07,2025-08-12 02:20:07,NHB250812022007.RAWGVWF,Long Range,0.0,2025-08-12 03:20:07,2025-08-12 03:20:08,NHB250812032008.RAWLE95,Long Range,1.0,2025-08-12 04:20:07,2025-08-12 04:20:08,NHB250812042008.RAWLEAE,Long Range,1.0
797,2025-08-12 01:40:08,NHB250812014008.RAWGVVL,NHB250812014303.RAWGVVR,NHB250812015007.RAWGVVU,NHB250812015304.RAWGVVY,2025-08-12 01:40:08,2025-08-12 01:40:08,NHB250812014008.RAWGVVL,Long Range,0.0,2025-08-12 02:40:08,2025-08-12 02:40:08,NHB250812024008.RAWGVWW,Long Range,0.0,2025-08-12 03:40:08,2025-08-12 03:40:08,NHB250812034008.RAWLE9K,Long Range,0.0,2025-08-12 04:40:08,2025-08-12 04:40:07,NHB250812044007.RAWLEAV,Long Range,1.0
798,2025-08-12 02:00:08,NHB250812020008.RAWGVW1,NHB250812020303.RAWGVW5,NHB250812021007.RAWGVW8,NHB250812021304.RAWGVWC,2025-08-12 02:00:08,2025-08-12 02:00:08,NHB250812020008.RAWGVW1,Long Range,0.0,2025-08-12 03:00:08,2025-08-12 03:00:07,NHB250812030007.RAWLE8R,Long Range,1.0,2025-08-12 04:00:08,2025-08-12 04:00:08,NHB250812040008.RAWLEA0,Long Range,0.0,2025-08-12 05:00:08,2025-08-12 05:00:08,NHB250812050008.RAWLEB9,Long Range,0.0
799,2025-08-12 02:20:07,NHB250812022007.RAWGVWF,NHB250812022304.RAWGVWK,NHB250812023008.RAWGVWN,NHB250812023303.RAWGVWT,2025-08-12 02:20:07,2025-08-12 02:20:07,NHB250812022007.RAWGVWF,Long Range,0.0,2025-08-12 03:20:07,2025-08-12 03:20:08,NHB250812032008.RAWLE95,Long Range,1.0,2025-08-12 04:20:07,2025-08-12 04:20:08,NHB250812042008.RAWLEAE,Long Range,1.0,2025-08-12 05:20:07,2025-08-12 05:20:08,NHB250812052008.RAWLEBP,Long Range,1.0
800,2025-08-12 02:40:08,NHB250812024008.RAWGVWW,NHB250812024304.RAWGVX0,NHB250812025008.RAWGVX3,NHB250812025303.RAWLE8M,2025-08-12 02:40:08,2025-08-12 02:40:08,NHB250812024008.RAWGVWW,Long Range,0.0,2025-08-12 03:40:08,2025-08-12 03:40:08,NHB250812034008.RAWLE9K,Long Range,0.0,2025-08-12 04:40:08,2025-08-12 04:40:07,NHB250812044007.RAWLEAV,Long Range,1.0,2025-08-12 05:40:08,2025-08-12 05:40:07,NHB250812054007.RAWLEC4,Long Range,1.0
801,2025-08-12 03:00:07,NHB250812030007.RAWLE8R,NHB250812030303.RAWLE8V,NHB250812031007.RAWLE8Y,NHB250812031304.RAWLE92,2025-08-12 03:00:07,2025-08-12 03:00:07,NHB250812030007.RAWLE8R,Long Range,0.0,2025-08-12 04:00:07,2025-08-12 04:00:08,NHB250812040008.RAWLEA0,Long Range,1.0,2025-08-12 05:00:07,2025-08-12 05:00:08,NHB250812050008.RAWLEB9,Long Range,1.0,2025-08-12 06:00:07,2025-08-12 06:00:08,NHB250812060008.RAWLECJ,Long Range,1.0
802,2025-08-12 03:20:08,NHB250812032008.RAWLE95,NHB250812032303.RAWLE99,NHB250812033008.RAWLE9C,NHB250812033304.RAWLE9G,2025-08-12 03:20:08,2025-08-12 03:20:08,NHB250812032008.RAWLE95,Long Range,0.0,2025-08-12 04:20:08,2025-08-12 04:20:08,NHB250812042008.RAWLEAE,Long Range,0.0,2025-08-12 05:20:08,2025-08-12 05:20:08,NHB250812052008.RAWLEBP,Long Range,0.0,2025-08-12 06:20:08,2025-08-12 06:20:08,NHB250812062008.RAWLECZ,Long Range,0.0
803,2025-08-12 03:40:08,NHB250812034008.RAWLE9K,NHB250812034304.RAWLE9P,NHB250812035007.RAWLE9T,NHB250812035304.RAWLE9X,2025-08-12 03:40:08,2025-08-12 03:40:08,NHB250812034008.RAWLE9K,Long Range,0.0,2025-08-12 04:40:08,2025-08-12 04:40:07,NHB250812044007.RAWLEAV,Long Range,1.0,2025-08-12 05:40:08,2025-08-12 05:40:07,NHB250812054007.RAWLEC4,Long Range,1.0,2025-08-12 06:40:08,2025-08-12 06:40:08,NHB250812064008.RAWLEDD,Long Range,0.0
804,2025-08-12 04:00:08,NHB250812040008.RAWLEA0,NHB250812040304.RAWLEA4,NHB250812041008.RAWLEA7,NHB250812041304.RAWLEAB,2025-08-12 04:00:08,2025-08-12 04:00:08,NHB250812040008.RAWLEA0,Long Range,0.0,2025-08-12 05:00:08,2025-08-12 05:00:08,NHB250812050008.RAWLEB9,Long Range,0.0,2025-08-12 06:00:08,2025-08-12 06:00:08,NHB250812060008.RAWLECJ,Long Range,0.0,2025-08-12 07:00:08,2025-08-12 07:00:07,NHB250812070007.RAWLEDU,Long Range,1.0
805,2025-08-12 04:20:08,NHB250812042008.RAWLEAE,NHB250812042303.RAWLEAJ,NHB250812043007.RAWLEAM,NHB250812043303.RAWLEAS,2025-08-12 04:20:08,2025-08-12 04:20:08,NHB250812042008.RAWLEAE,Long Range,0.0,2025-08-12 05:20:08,2025-08-12 05:20:08,NHB250812052008.RAWLEBP,Long Range,0.0,2025-08-12 06:20:08,2025-08-12 06:20:08,NHB250812062008.RAWLECZ,Long Range,0.0,2025-08-12 07:20:08,2025-08-12 07:20:08,NHB250812072008.RAWLEE8,Long Range,0.0
806,2025-08-12 04:40:07,NHB250812044007.RAWLEAV,NHB250812044303.RAWLEAZ,NHB250812045008.RAWLEB2,NHB250812045304.RAWLEB6,2025-08-12 04:40:07,2025-08-12 04:40:07,NHB250812044007.RAWLEAV,Long Range,0.0,2025-08-12 05:40:07,2025-08-12 05:40:07,NHB250812054007.RAWLEC4,Long Range,0.0,2025-08-12 06:40:07,2025-08-12 06:40:08,NHB250812064008.RAWLEDD,Long Range,1.0,2025-08-12 07:40:07,2025-08-12 07:40:07,NHB250812074007.RAWLEEN,Long Range,0.0
807,2025-08-12 05:00:08,NHB250812050008.RAWLEB9,NHB250812050304.RAWLEBD,NHB250812051008.RAWLEBG,NHB250812051303.RAWLEBL,2025-08-12 05:00:08,2025-08-12 05:00:08,NHB250812050008.RAWLEB9,Long Range,0.0,2025-08-12 06:00:08,2025-08-12 06:00:08,NHB250812060008.RAWLECJ,Long Range,0.0,2025-08-12 07:00:08,2025-08-12 07:00:07,NHB250812070007.RAWLEDU,Long Range,1.0,2025-08-12 08:00:08,2025-08-12 08:00:08,NHB250812080008.RAWLEF3,Long Range,0.0
808,2025-08-12 05:20:08,NHB250812052008.RAWLEBP,NHB250812052303.RAWLEBU,NHB250812053008.RAWLEBX,NHB250812053303.RAWLEC1,2025-08-12 05:20:08,2025-08-12 05:20:08,NHB250812052008.RAWLEBP,Long Range,0.0,2025-08-12 06:20:08,2025-08-12 06:20:08,NHB250812062008.RAWLECZ,Long Range,0.0,2025-08-12 07:20:08,2025-08-12 07:20:08,NHB250812072008.RAWLEE8,Long Range,0.0,2025-08-12 08:20:08,2025-08-12 08:20:08,NHB250812082008.RAWLEFH,Long Range,0.0
809,2025-08-12 05:40:07,NHB250812054007.RAWLEC4,NHB250812054304.RAWLEC8,NHB250812055008.RAWLECB,NHB250812055304.RAWLECF,2025-08-12 05:40:07,2025-08-12 05:40:07,NHB250812054007.RAWLEC4,Long Range,0.0,2025-08-12 06:40:07,2025-08-12 06:40:08,NHB250812064008.RAWLEDD,Long Range,1.0,2025-08-12 07:40:07,2025-08-12 07:40:07,NHB250812074007.RAWLEEN,Long Range,0.0,2025-08-12 08:40:07,2025-08-12 08:40:08,NHB250812084008.RAWLEFY,Long Range,1.0
810,2025-08-12 06:00:08,NHB250812060008.RAWLECJ,NHB250812060304.RAWLECN,NHB250812061008.RAWLECS,NHB250812061303.RAWLECW,2025-08-12 06:00:08,2025-08-12 06:00:08,NHB250812060008.RAWLECJ,Long Range,0.0,2025-08-12 07:00:08,2025-08-12 07:00:07,NHB250812070007.RAWLEDU,Long Range,1.0,2025-08-12 08:00:08,2025-08-12 08:00:08,NHB250812080008.RAWLEF3,Long Range,0.0,2025-08-12 09:00:08,2025-08-12 09:00:08,NHB250812090008.RAWLEGC,Long Range,0.0
811,2025-08-12 06:20:08,NHB250812062008.RAWLECZ,NHB250812062303.RAWLED3,NHB250812063008.RAWLED6,NHB250812063303.RAWLEDA,2025-08-12 06:20:08,2025-08-12 06:20:08,NHB250812062008.RAWLECZ,Long Range,0.0,2025-08-12 07:20:08,2025-08-12 07:20:08,NHB250812072008.RAWLEE8,Long Range,0.0,2025-08-12 08:20:08,2025-08-12 08:20:08,NHB250812082008.RAWLEFH,Long Range,0.0,2025-08-12 09:20:08,2025-08-12 09:20:08,NHB250812092008.RAWLEGT,Long Range,0.0
812,2025-08-12 06:40:08,NHB250812064008.RAWLEDD,NHB250812064304.RAWLEDH,NHB250812065008.RAWLEDL,NHB250812065304.RAWLEDR,2025-08-12 06:40:08,2025-08-12 06:40:08,NHB250812064008.RAWLEDD,Long Range,0.0,2025-08-12 07:40:08,2025-08-12 07:40:07,NHB250812074007.RAWLEEN,Long Range,1.0,2025-08-12 08:40:08,2025-08-12 08:40:08,NHB250812084008.RAWLEFY,Long Range,0.0,2025-08-12 09:40:08,2025-08-12 09:40:08,NHB250812094008.RAWLEH7,Long Range,0.0
813,2025-08-12 07:00:07,NHB250812070007.RAWLEDU,NHB250812070304.RAWLEDY,NHB250812071008.RAWLEE1,NHB250812071303.RAWLEE5,2025-08-12 07:00:07,2025-08-12 07:00:07,NHB250812070007.RAWLEDU,Long Range,0.0,2025-08-12 08:00:07,2025-08-12 08:00:08,NHB250812080008.RAWLEF3,Long Range,1.0,2025-08-12 09:00:07,2025-08-12 09:00:08,NHB250812090008.RAWLEGC,Long Range,1.0,2025-08-12 10:00:07,2025-08-12 10:00:08,NHB250812100008.RAWLEHM,Long Range,1.0
814,2025-08-12 07:20:08,NHB250812072008.RAWLEE8,NHB250812072303.RAWLEEC,NHB250812073008.RAWLEEF,NHB250812073303.RAWLEEK,2025-08-12 07:20:08,2025-08-12 07:20:08,NHB250812072008.RAWLEE8,Long Range,0.0,2025-08-12 08:20:08,2025-08-12 08:20:08,NHB250812082008.RAWLEFH,Long Range,0.0,2025-08-12 09:20:08,2025-08-12 09:20:08,NHB250812092008.RAWLEGT,Long Range,0.0,2025-08-12 10:20:08,2025-08-12 10:20:07,NHB250812102007.RAWLEJ2,Long Range,1.0
815,2025-08-12 07:40:07,NHB250812074007.RAWLEEN,NHB250812074304.RAWLEET,NHB250812075007.RAWLEEW,NHB250812075303.RAWLEF0,2025-08-12 07:40:07,2025-08-12 07:40:07,NHB250812074007.RAWLEEN,Long Range,0.0,2025-08-12 08:40:07,2025-08-12 08:40:08,NHB250812084008.RAWLEFY,Long Range,1.0,2025-08-12 09:40:07,2025-08-12 09:40:08,NHB250812094008.RAWLEH7,Long Range,1.0,2025-08-12 10:40:07,2025-08-12 10:40:08,NHB250812104008.RAWLEJG,Long Range,1.0
816,2025-08-12 08:00:08,NHB250812080008.RAWLEF3,NHB250812080303.RAWLEF7,NHB250812081007.RAWLEFA,NHB250812081303.RAWLEFE,2025-08-12 08:00:08,2025-08-12 08:00:08,NHB250812080008.RAWLEF3,Long Range,0.0,2025-08-12 09:00:08,2025-08-12 09:00:08,NHB250812090008.RAWLEGC,Long Range,0.0,2025-08-12 10:00:08,2025-08-12 10:00:08,NHB250812100008.RAWLEHM,Long Range,0.0,2025-08-12 11:00:08,2025-08-12 11:00:08,NHB250812110008.RAWLEJX,Long Range,0.0
817,2025-08-12 08:20:08,NHB250812082008.RAWLEFH,NHB250812082304.RAWLEFM,NHB250812083007.RAWLEFR,NHB250812083304.RAWLEFV,2025-08-12 08:20:08,2025-08-12 08:20:08,NHB250812082008.RAWLEFH,Long Range,0.0,2025-08-12 09:20:08,2025-08-12 09:20:08,NHB250812092008.RAWLEGT,Long Range,0.0,2025-08-12 10:20:08,2025-08-12 10:20:07,NHB250812102007.RAWLEJ2,Long Range,1.0,2025-08-12 11:20:08,2025-08-12 11:20:08,NHB250812112008.RAWLEKB,Long Range,0.0
818,2025-08-12 08:40:08,NHB250812084008.RAWLEFY,NHB250812084303.RAWLEG2,NHB250812085007.RAWLEG5,NHB250812085303.RAWLEG9,2025-08-12 08:40:08,2025-08-12 08:40:08,NHB250812084008.RAWLEFY,Long Range,0.0,2025-08-12 09:40:08,2025-08-12 09:40:08,NHB250812094008.RAWLEH7,Long Range,0.0,2025-08-12 10:40:08,2025-08-12 10:40:08,NHB250812104008.RAWLEJG,Long Range,0.0,2025-08-12 11:40:08,2025-08-12 11:40:08,NHB250812114008.RAWLEKS,Long Range,0.0
819,2025-08-12 09:00:08,NHB250812090008.RAWLEGC,NHB250812090304.RAWLEGG,NHB250812091008.RAWLEGK,NHB250812091304.RAWLEGP,2025-08-12 09:00:08,2025-08-12 09:00:08,NHB250812090008.RAWLEGC,Long Range,0.0,2025-08-12 10:00:08,2025-08-12 10:00:08,NHB250812100008.RAWLEHM,Long Range,0.0,2025-08-12 11:00:08,2025-08-12 11:00:08,NHB250812110008.RAWLEJX,Long Range,0.0,2025-08-12 12:00:08,2025-08-12 12:00:07,NHB250812120007.RAWLEL6,Long Range,1.0
820,2025-08-12 09:20:08,NHB250812092008.RAWLEGT,NHB250812092303.RAWLEGX,NHB250812093008.RAWLEH0,NHB250812093303.RAWLEH4,2025-08-12 09:20:08,2025-08-12 09:20:08,NHB250812092008.RAWLEGT,Long Range,0.0,2025-08-12 10:20:08,2025-08-12 10:20:07,NHB250812102007.RAWLEJ2,Long Range,1.0,2025-08-12 11:20:08,2025-08-12 11:20:08,NHB250812112008.RAWLEKB,Long Range,0.0,2025-08-12 12:20:08,2025-08-12 12:20:08,NHB250812122008.RAWLELL,Long Range,0.0
821,2025-08-12 09:40:08,NHB250812094008.RAWLEH7,NHB250812094304.RAWLEHB,NHB250812095008.RAWLEHE,NHB250812095304.RAWLEHJ,2025-08-12 09:40:08,2025-08-12 09:40:08,NHB250812094008.RAWLEH7,Long Range,0.0,2025-08-12 10:40:08,2025-08-12 10:40:08,NHB250812104008.RAWLEJG,Long Range,0.0,2025-08-12 11:40:08,2025-08-12 11:40:08,NHB250812114008.RAWLEKS,Long Range,0.0,2025-08-12 12:40:08,2025-08-12 12:40:09,NHB250812124009.RAWLEM1,Long Range,1.0
822,2025-08-12 10:00:08,NHB250812100008.RAWLEHM,NHB250812100303.RAWLEHS,NHB250812101008.RAWLEHV,NHB250812101303.RAWLEHZ,2025-08-12 10:00:08,2025-08-12 10:00:08,NHB250812100008.RAWLEHM,Long Range,0.0,2025-08-12 11:00:08,2025-08-12 11:00:08,NHB250812110008.RAWLEJX,Long Range,0.0,2025-08-12 12:00:08,2025-08-12 12:00:07,NHB250812120007.RAWLEL6,Long Range,1.0,2025-08-12 13:00:08,2025-08-12 13:00:08,NHB250812130008.RAWLEMF,Long Range,0.0
823,2025-08-12 10:20:07,NHB250812102007.RAWLEJ2,NHB250812102303.RAWLEJ6,NHB250812103007.RAWLEJ9,NHB250812103304.RAWLEJD,2025-08-12 10:20:07,2025-08-12 10:20:07,NHB250812102007.RAWLEJ2,Long Range,0.0,2025-08-12 11:20:07,2025-08-12 11:20:08,NHB250812112008.RAWLEKB,Long Range,1.0,2025-08-12 12:20:07,2025-08-12 12:20:08,NHB250812122008.RAWLELL,Long Range,1.0,2025-08-12 13:20:07,2025-08-12 13:20:08,NHB250812132008.RAWLEMW,Long Range,1.0
824,2025-08-12 10:40:08,NHB250812104008.RAWLEJG,NHB250812104303.RAWLEJL,NHB250812105007.RAWLEJP,NHB250812105303.RAWLEJU,2025-08-12 10:40:08,2025-08-12 10:40:08,NHB250812104008.RAWLEJG,Long Range,0.0,2025-08-12 11:40:08,2025-08-12 11:40:08,NHB250812114008.RAWLEKS,Long Range,0.0,2025-08-12 12:40:08,2025-08-12 12:40:09,NHB250812124009.RAWLEM1,Long Range,1.0,2025-08-12 13:40:08,2025-08-12 13:40:08,NHB250812134008.RAWLENA,Long Range,0.0
825,2025-08-12 11:00:08,NHB250812110008.RAWLEJX,NHB250812110304.RAWLEK1,NHB250812111007.RAWLEK4,NHB250812111305.RAWLEK8,2025-08-12 11:00:08,2025-08-12 11:00:08,NHB250812110008.RAWLEJX,Long Range,0.0,2025-08-12 12:00:08,2025-08-12 12:00:07,NHB250812120007.RAWLEL6,Long Range,1.0,2025-08-12 13:00:08,2025-08-12 13:00:08,NHB250812130008.RAWLEMF,Long Range,0.0,2025-08-12 14:00:08,2025-08-12 14:00:07,NHB250812140007.RAWLENR,Long Range,1.0
826,2025-08-12 11:20:08,NHB250812112008.RAWLEKB,NHB250812112304.RAWLEKF,NHB250812113008.RAWLEKJ,NHB250812113304.RAWLEKN,2025-08-12 11:20:08,2025-08-12 11:20:08,NHB250812112008.RAWLEKB,Long Range,0.0,2025-08-12 12:20:08,2025-08-12 12:20:08,NHB250812122008.RAWLELL,Long Range,0.0,2025-08-12 13:20:08,2025-08-12 13:20:08,NHB250812132008.RAWLEMW,Long Range,0.0,2025-08-12 14:20:08,2025-08-12 14:20:07,NHB250812142007.RAWLEP5,Long Range,1.0
827,2025-08-12 11:40:08,NHB250812114008.RAWLEKS,NHB250812114304.RAWLEKW,NHB250812115008.RAWLEKZ,NHB250812115303.RAWLEL3,2025-08-12 11:40:08,2025-08-12 11:40:08,NHB250812114008.RAWLEKS,Long Range,0.0,2025-08-12 12:40:08,2025-08-12 12:40:09,NHB250812124009.RAWLEM1,Long Range,1.0,2025-08-12 13:40:08,2025-08-12 13:40:08,NHB250812134008.RAWLENA,Long Range,0.0,2025-08-12 14:40:08,2025-08-12 14:40:08,NHB250812144008.RAWLEPK,Long Range,0.0
828,2025-08-12 12:00:07,NHB250812120007.RAWLEL6,NHB250812120303.RAWLELA,NHB250812121007.RAWLELD,NHB250812121303.RAWLELH,2025-08-12 12:00:07,2025-08-12 12:00:07,NHB250812120007.RAWLEL6,Long Range,0.0,2025-08-12 13:00:07,2025-08-12 13:00:08,NHB250812130008.RAWLEMF,Long Range,1.0,2025-08-12 14:00:07,2025-08-12 14:00:07,NHB250812140007.RAWLENR,Long Range,0.0,2025-08-12 15:00:07,2025-08-12 15:00:08,NHB250812150008.RAWLER0,Long Range,1.0
829,2025-08-12 12:20:08,NHB250812122008.RAWLELL,NHB250812122303.RAWLELR,NHB250812123007.RAWLELU,NHB250812123304.RAWLELY,2025-08-12 12:20:08,2025-08-12 12:20:08,NHB250812122008.RAWLELL,Long Range,0.0,2025-08-12 13:20:08,2025-08-12 13:20:08,NHB250812132008.RAWLEMW,Long Range,0.0,2025-08-12 14:20:08,2025-08-12 14:20:07,NHB250812142007.RAWLEP5,Long Range,1.0,2025-08-12 15:20:08,2025-08-12 15:20:08,NHB250812152008.RAWLERE,Long Range,0.0
830,2025-08-12 12:40:09,NHB250812124009.RAWLEM1,NHB250812124303.RAWLEM5,NHB250812125008.RAWLEM8,NHB250812125303.RAWLEMC,2025-08-12 12:40:09,2025-08-12 12:40:09,NHB250812124009.RAWLEM1,Long Range,0.0,2025-08-12 13:40:09,2025-08-12 13:40:08,NHB250812134008.RAWLENA,Long Range,1.0,2025-08-12 14:40:09,2025-08-12 14:40:08,NHB250812144008.RAWLEPK,Long Range,1.0,2025-08-12 15:40:09,2025-08-12 15:40:07,NHB250812154007.RAWLERV,Long Range,2.0
831,2025-08-12 13:00:08,NHB250812130008.RAWLEMF,NHB250812130304.RAWLEMK,NHB250812131008.RAWLEMN,NHB250812131304.RAWLEMT,2025-08-12 13:00:08,2025-08-12 13:00:08,NHB250812130008.RAWLEMF,Long Range,0.0,2025-08-12 14:00:08,2025-08-12 14:00:07,NHB250812140007.RAWLENR,Long Range,1.0,2025-08-12 15:00:08,2025-08-12 15:00:08,NHB250812150008.RAWLER0,Long Range,0.0,2025-08-12 16:00:08,2025-08-12 16:00:07,NHB250812160007.RAWLES9,Long Range,1.0
832,2025-08-12 13:20:08,NHB250812132008.RAWLEMW,NHB250812132304.RAWLEN0,NHB250812133007.RAWLEN3,NHB250812133305.RAWLEN7,2025-08-12 13:20:08,2025-08-12 13:20:08,NHB250812132008.RAWLEMW,Long Range,0.0,2025-08-12 14:20:08,2025-08-12 14:20:07,NHB250812142007.RAWLEP5,Long Range,1.0,2025-08-12 15:20:08,2025-08-12 15:20:08,NHB250812152008.RAWLERE,Long Range,0.0,2025-08-12 16:20:08,2025-08-12 16:20:07,NHB250812162007.RAWLESP,Long Range,1.0
833,2025-08-12 13:40:08,NHB250812134008.RAWLENA,NHB250812134304.RAWLENE,NHB250812135008.RAWLENH,NHB250812135303.RAWLENM,2025-08-12 13:40:08,2025-08-12 13:40:08,NHB250812134008.RAWLENA,Long Range,0.0,2025-08-12 14:40:08,2025-08-12 14:40:08,NHB250812144008.RAWLEPK,Long Range,0.0,2025-08-12 15:40:08,2025-08-12 15:40:07,NHB250812154007.RAWLERV,Long Range,1.0,2025-08-12 16:40:08,2025-08-12 16:40:08,NHB250812164008.RAWLET4,Long Range,0.0
834,2025-08-12 14:00:07,NHB250812140007.RAWLENR,NHB250812140303.RAWLENV,NHB250812141007.RAWLENY,NHB250812141303.RAWLEP2,2025-08-12 14:00:07,2025-08-12 14:00:07,NHB250812140007.RAWLENR,Long Range,0.0,2025-08-12 15:00:07,2025-08-12 15:00:08,NHB250812150008.RAWLER0,Long Range,1.0,2025-08-12 16:00:07,2025-08-12 16:00:07,NHB250812160007.RAWLES9,Long Range,0.0,2025-08-12 17:00:07,2025-08-12 17:00:08,NHB250812170008.RAWLETJ,Long Range,1.0
835,2025-08-12 14:20:07,NHB250812142007.RAWLEP5,NHB250812142303.RAWLEP9,NHB250812143007.RAWLEPC,NHB250812143304.RAWLEPG,2025-08-12 14:20:07,2025-08-12 14:20:07,NHB250812142007.RAWLEP5,Long Range,0.0,2025-08-12 15:20:07,2025-08-12 15:20:08,NHB250812152008.RAWLERE,Long Range,1.0,2025-08-12 16:20:07,2025-08-12 16:20:07,NHB250812162007.RAWLESP,Long Range,0.0,2025-08-12 17:20:07,2025-08-12 17:20:09,NHB250812172009.RAWLETZ,Long Range,2.0
836,2025-08-12 14:40:08,NHB250812144008.RAWLEPK,NHB250812144304.RAWLEPP,NHB250812145008.RAWLEPT,NHB250812145303.RAWLEPX,2025-08-12 14:40:08,2025-08-12 14:40:08,NHB250812144008.RAWLEPK,Long Range,0.0,2025-08-12 15:40:08,2025-08-12 15:40:07,NHB250812154007.RAWLERV,Long Range,1.0,2025-08-12 16:40:08,2025-08-12 16:40:08,NHB250812164008.RAWLET4,Long Range,0.0,2025-08-12 17:40:08,2025-08-12 17:40:07,NHB250812174007.RAWLEUD,Long Range,1.0
837,2025-08-12 15:00:08,NHB250812150008.RAWLER0,NHB250812150303.RAWLER4,NHB250812151008.RAWLER7,NHB250812151303.RAWLERB,2025-08-12 15:00:08,2025-08-12 15:00:08,NHB250812150008.RAWLER0,Long Range,0.0,2025-08-12 16:00:08,2025-08-12 16:00:07,NHB250812160007.RAWLES9,Long Range,1.0,2025-08-12 17:00:08,2025-08-12 17:00:08,NHB250812170008.RAWLETJ,Long Range,0.0,2025-08-12 18:00:08,2025-08-12 18:00:08,NHB250812180008.RAWLEUU,Long Range,0.0
838,2025-08-12 15:20:08,NHB250812152008.RAWLERE,NHB250812152303.RAWLERJ,NHB250812153008.RAWLERM,NHB250812153303.RAWLERS,2025-08-12 15:20:08,2025-08-12 15:20:08,NHB250812152008.RAWLERE,Long Range,0.0,2025-08-12 16:20:08,2025-08-12 16:20:07,NHB250812162007.RAWLESP,Long Range,1.0,2025-08-12 17:20:08,2025-08-12 17:20:09,NHB250812172009.RAWLETZ,Long Range,1.0,2025-08-12 18:20:08,2025-08-12 18:20:07,NHB250812182007.RAWLEV8,Long Range,1.0
839,2025-08-12 15:40:07,NHB250812154007.RAWLERV,NHB250812154303.RAWLERZ,NHB250812155007.RAWLES2,NHB250812155303.RAWLES6,2025-08-12 15:40:07,2025-08-12 15:40:07,NHB250812154007.RAWLERV,Long Range,0.0,2025-08-12 16:40:07,2025-08-12 16:40:08,NHB250812164008.RAWLET4,Long Range,1.0,2025-08-12 17:40:07,2025-08-12 17:40:07,NHB250812174007.RAWLEUD,Long Range,0.0,2025-08-12 18:40:07,2025-08-12 18:40:07,NHB250812184007.RAWLEVN,Long Range,0.0
840,2025-08-12 16:00:07,NHB250812160007.RAWLES9,NHB250812160304.RAWLESD,NHB250812161008.RAWLESG,NHB250812161303.RAWLESL,2025-08-12 16:00:07,2025-08-12 16:00:07,NHB250812160007.RAWLES9,Long Range,0.0,2025-08-12 17:00:07,2025-08-12 17:00:08,NHB250812170008.RAWLETJ,Long Range,1.0,2025-08-12 18:00:07,2025-08-12 18:00:08,NHB250812180008.RAWLEUU,Long Range,1.0,2025-08-12 19:00:07,2025-08-12 19:00:08,NHB250812190008.RAWLEW3,Long Range,1.0
841,2025-08-12 16:20:07,NHB250812162007.RAWLESP,NHB250812162303.RAWLESU,NHB250812163008.RAWLESX,NHB250812163304.RAWLET1,2025-08-12 16:20:07,2025-08-12 16:20:07,NHB250812162007.RAWLESP,Long Range,0.0,2025-08-12 17:20:07,2025-08-12 17:20:09,NHB250812172009.RAWLETZ,Long Range,2.0,2025-08-12 18:20:07,2025-08-12 18:20:07,NHB250812182007.RAWLEV8,Long Range,0.0,2025-08-12 19:20:07,2025-08-12 19:20:08,NHB250812192008.RAWLEWH,Long Range,1.0
842,2025-08-12 16:40:08,NHB250812164008.RAWLET4,NHB250812164303.RAWLET8,NHB250812165008.RAWLETB,NHB250812165304.RAWLETF,2025-08-12 16:40:08,2025-08-12 16:40:08,NHB250812164008.RAWLET4,Long Range,0.0,2025-08-12 17:40:08,2025-08-12 17:40:07,NHB250812174007.RAWLEUD,Long Range,1.0,2025-08-12 18:40:08,2025-08-12 18:40:07,NHB250812184007.RAWLEVN,Long Range,1.0,2025-08-12 19:40:08,2025-08-12 19:40:07,NHB250812194007.RAWLEWY,Long Range,1.0
843,2025-08-12 17:00:08,NHB250812170008.RAWLETJ,NHB250812170305.RAWLETN,NHB250812171009.RAWLETS,NHB250812171304.RAWLETW,2025-08-12 17:00:08,2025-08-12 17:00:08,NHB250812170008.RAWLETJ,Long Range,0.0,2025-08-12 18:00:08,2025-08-12 18:00:08,NHB250812180008.RAWLEUU,Long Range,0.0,2025-08-12 19:00:08,2025-08-12 19:00:08,NHB250812190008.RAWLEW3,Long Range,0.0,2025-08-12 20:00:08,2025-08-12 20:00:08,NHB250812200008.RAWLEXC,Long Range,0.0
844,2025-08-12 17:20:09,NHB250812172009.RAWLETZ,NHB250812172303.RAWLEU3,NHB250812173008.RAWLEU6,NHB250812173304.RAWLEUA,2025-08-12 17:20:09,2025-08-12 17:20:09,NHB250812172009.RAWLETZ,Long Range,0.0,2025-08-12 18:20:09,2025-08-12 18:20:07,NHB250812182007.RAWLEV8,Long Range,2.0,2025-08-12 19:20:09,2025-08-12 19:20:08,NHB250812192008.RAWLEWH,Long Range,1.0,2025-08-12 20:20:09,2025-08-12 20:20:08,NHB250812202008.RAWLEXT,Long Range,1.0
845,2025-08-12 17:40:07,NHB250812174007.RAWLEUD,NHB250812174304.RAWLEUH,NHB250812175007.RAWLEUL,NHB250812175304.RAWLEUR,2025-08-12 17:40:07,2025-08-12 17:40:07,NHB250812174007.RAWLEUD,Long Range,0.0,2025-08-12 18:40:07,2025-08-12 18:40:07,NHB250812184007.RAWLEVN,Long Range,0.0,2025-08-12 19:40:07,2025-08-12 19:40:07,NHB250812194007.RAWLEWY,Long Range,0.0,2025-08-12 20:40:07,2025-08-12 20:40:08,NHB250812204008.RAWLEY7,Long Range,1.0
846,2025-08-12 18:00:08,NHB250812180008.RAWLEUU,NHB250812180303.RAWLEUY,NHB250812181008.RAWLEV1,NHB250812181304.RAWLEV5,2025-08-12 18:00:08,2025-08-12 18:00:08,NHB250812180008.RAWLEUU,Long Range,0.0,2025-08-12 19:00:08,2025-08-12 19:00:08,NHB250812190008.RAWLEW3,Long Range,0.0,2025-08-12 20:00:08,2025-08-12 20:00:08,NHB250812200008.RAWLEXC,Long Range,0.0,2025-08-12 21:00:08,2025-08-12 21:00:09,NHB250812210009.RAWLEYM,Long Range,1.0
847,2025-08-12 18:20:07,NHB250812182007.RAWLEV8,NHB250812182303.RAWLEVC,NHB250812183008.RAWLEVF,NHB250812183303.RAWLEVK,2025-08-12 18:20:07,2025-08-12 18:20:07,NHB250812182007.RAWLEV8,Long Range,0.0,2025-08-12 19:20:07,2025-08-12 19:20:08,NHB250812192008.RAWLEWH,Long Range,1.0,2025-08-12 20:20:07,2025-08-12 20:20:08,NHB250812202008.RAWLEXT,Long Range,1.0,2025-08-12 21:20:07,2025-08-12 21:20:07,NHB250812212007.RAWLEZ2,Long Range,0.0
848,2025-08-12 18:40:07,NHB250812184007.RAWLEVN,NHB250812184304.RAWLEVT,NHB250812185007.RAWLEVW,NHB250812185303.RAWLEW0,2025-08-12 18:40:07,2025-08-12 18:40:07,NHB250812184007.RAWLEVN,Long Range,0.0,2025-08-12 19:40:07,2025-08-12 19:40:07,NHB250812194007.RAWLEWY,Long Range,0.0,2025-08-12 20:40:07,2025-08-12 20:40:08,NHB250812204008.RAWLEY7,Long Range,1.0,2025-08-12 21:40:07,2025-08-12 21:40:08,NHB250812214008.RAWLEZG,Long Range,1.0
849,2025-08-12 19:00:08,NHB250812190008.RAWLEW3,NHB250812190303.RAWLEW7,NHB250812191008.RAWLEWA,NHB250812191304.RAWLEWE,2025-08-12 19:00:08,2025-08-12 19:00:08,NHB250812190008.RAWLEW3,Long Range,0.0,2025-08-12 20:00:08,2025-08-12 20:00:08,NHB250812200008.RAWLEXC,Long Range,0.0,2025-08-12 21:00:08,2025-08-12 21:00:09,NHB250812210009.RAWLEYM,Long Range,1.0,2025-08-12 22:00:08,2025-08-12 22:00:09,NHB250812220009.RAWLEZX,Long Range,1.0
850,2025-08-12 19:20:08,NHB250812192008.RAWLEWH,NHB250812192303.RAWLEWM,NHB250812193008.RAWLEWR,NHB250812193304.RAWLEWV,2025-08-12 19:20:08,2025-08-12 19:20:08,NHB250812192008.RAWLEWH,Long Range,0.0,2025-08-12 20:20:08,2025-08-12 20:20:08,NHB250812202008.RAWLEXT,Long Range,0.0,2025-08-12 21:20:08,2025-08-12 21:20:07,NHB250812212007.RAWLEZ2,Long Range,1.0,2025-08-12 22:20:08,2025-08-12 22:20:08,NHB250812222008.RAWLF0B,Long Range,0.0
851,2025-08-12 19:40:07,NHB250812194007.RAWLEWY,NHB250812194303.RAWLEX2,NHB250812195007.RAWLEX5,NHB250812195304.RAWLEX9,2025-08-12 19:40:07,2025-08-12 19:40:07,NHB250812194007.RAWLEWY,Long Range,0.0,2025-08-12 20:40:07,2025-08-12 20:40:08,NHB250812204008.RAWLEY7,Long Range,1.0,2025-08-12 21:40:07,2025-08-12 21:40:08,NHB250812214008.RAWLEZG,Long Range,1.0,2025-08-12 22:40:07,2025-08-12 22:40:08,NHB250812224008.RAWLF0S,Long Range,1.0
852,2025-08-12 20:00:08,NHB250812200008.RAWLEXC,NHB250812200304.RAWLEXG,NHB250812201007.RAWLEXK,NHB250812201304.RAWLEXP,2025-08-12 20:00:08,2025-08-12 20:00:08,NHB250812200008.RAWLEXC,Long Range,0.0,2025-08-12 21:00:08,2025-08-12 21:00:09,NHB250812210009.RAWLEYM,Long Range,1.0,2025-08-12 22:00:08,2025-08-12 22:00:09,NHB250812220009.RAWLEZX,Long Range,1.0,2025-08-12 23:00:08,2025-08-12 23:00:08,NHB250812230008.RAWLF16,Long Range,0.0
853,2025-08-12 20:20:08,NHB250812202008.RAWLEXT,NHB250812202304.RAWLEXX,NHB250812203008.RAWLEY0,NHB250812203304.RAWLEY4,2025-08-12 20:20:08,2025-08-12 20:20:08,NHB250812202008.RAWLEXT,Long Range,0.0,2025-08-12 21:20:08,2025-08-12 21:20:07,NHB250812212007.RAWLEZ2,Long Range,1.0,2025-08-12 22:20:08,2025-08-12 22:20:08,NHB250812222008.RAWLF0B,Long Range,0.0,2025-08-12 23:20:08,2025-08-12 23:20:07,NHB250812232007.RAWLF1L,Long Range,1.0
854,2025-08-12 20:40:08,NHB250812204008.RAWLEY7,NHB250812204303.RAWLEYB,NHB250812205008.RAWLEYE,NHB250812205303.RAWLEYJ,2025-08-12 20:40:08,2025-08-12 20:40:08,NHB250812204008.RAWLEY7,Long Range,0.0,2025-08-12 21:40:08,2025-08-12 21:40:08,NHB250812214008.RAWLEZG,Long Range,0.0,2025-08-12 22:40:08,2025-08-12 22:40:08,NHB250812224008.RAWLF0S,Long Range,0.0,2025-08-12 23:40:08,2025-08-12 23:40:08,NHB250812234008.RAWLF21,Long Range,0.0
855,2025-08-12 21:00:09,NHB250812210009.RAWLEYM,NHB250812210303.RAWLEYS,NHB250812211007.RAWLEYV,NHB250812211303.RAWLEYZ,2025-08-12 21:00:09,2025-08-12 21:00:09,NHB250812210009.RAWLEYM,Long Range,0.0,2025-08-12 22:00:09,2025-08-12 22:00:09,NHB250812220009.RAWLEZX,Long Range,0.0,2025-08-12 23:00:09,2025-08-12 23:00:08,NHB250812230008.RAWLF16,Long Range,1.0,2025-08-13 00:00:09,2025-08-13 00:00:08,NHB250813000008.RAWLF2F,Long Range,1.0
856,2025-08-12 21:20:07,NHB250812212007.RAWLEZ2,NHB250812212304.RAWLEZ6,NHB250812213008.RAWLEZ9,NHB250812213303.RAWLEZD,2025-08-12 21:20:07,2025-08-12 21:20:07,NHB250812212007.RAWLEZ2,Long Range,0.0,2025-08-12 22:20:07,2025-08-12 22:20:08,NHB250812222008.RAWLF0B,Long Range,1.0,2025-08-12 23:20:07,2025-08-12 23:20:07,NHB250812232007.RAWLF1L,Long Range,0.0,2025-08-13 00:20:07,2025-08-13 00:20:08,NHB250813002008.RAWLF2W,Long Range,1.0
857,2025-08-12 21:40:08,NHB250812214008.RAWLEZG,NHB250812214303.RAWLEZL,NHB250812215007.RAWLEZP,NHB250812215303.RAWLEZU,2025-08-12 21:40:08,2025-08-12 21:40:08,NHB250812214008.RAWLEZG,Long Range,0.0,2025-08-12 22:40:08,2025-08-12 22:40:08,NHB250812224008.RAWLF0S,Long Range,0.0,2025-08-12 23:40:08,2025-08-12 23:40:08,NHB250812234008.RAWLF21,Long Range,0.0,2025-08-13 00:40:08,2025-08-13 00:40:08,NHB250813004008.RAWLF3A,Long Range,0.0
858,2025-08-12 22:00:09,NHB250812220009.RAWLEZX,NHB250812220303.RAWLF01,NHB250812221008.RAWLF04,NHB250812221304.RAWLF08,2025-08-12 22:00:09,2025-08-12 22:00:09,NHB250812220009.RAWLEZX,Long Range,0.0,2025-08-12 23:00:09,2025-08-12 23:00:08,NHB250812230008.RAWLF16,Long Range,1.0,2025-08-13 00:00:09,2025-08-13 00:00:08,NHB250813000008.RAWLF2F,Long Range,1.0,2025-08-13 01:00:09,2025-08-13 01:00:08,NHB250813010008.RAWLF3R,Long Range,1.0
859,2025-08-12 22:20:08,NHB250812222008.RAWLF0B,NHB250812222304.RAWLF0F,NHB250812223007.RAWLF0J,NHB250812223303.RAWLF0N,2025-08-12 22:20:08,2025-08-12 22:20:08,NHB250812222008.RAWLF0B,Long Range,0.0,2025-08-12 23:20:08,2025-08-12 23:20:07,NHB250812232007.RAWLF1L,Long Range,1.0,2025-08-13 00:20:08,2025-08-13 00:20:08,NHB250813002008.RAWLF2W,Long Range,0.0,2025-08-13 01:20:08,2025-08-13 01:20:07,NHB250813012007.RAWLF45,Long Range,1.0
860,2025-08-12 22:40:08,NHB250812224008.RAWLF0S,NHB250812224303.RAWLF0W,NHB250812225008.RAWLF0Z,NHB250812225303.RAWLF13,2025-08-12 22:40:08,2025-08-12 22:40:08,NHB250812224008.RAWLF0S,Long Range,0.0,2025-08-12 23:40:08,2025-08-12 23:40:08,NHB250812234008.RAWLF21,Long Range,0.0,2025-08-13 00:40:08,2025-08-13 00:40:08,NHB250813004008.RAWLF3A,Long Range,0.0,2025-08-13 01:40:08,2025-08-13 01:40:07,NHB250813014007.RAWLF4K,Long Range,1.0
861,2025-08-12 23:00:08,NHB250812230008.RAWLF16,NHB250812230303.RAWLF1A,NHB250812231007.RAWLF1D,NHB250812231303.RAWLF1H,2025-08-12 23:00:08,2025-08-12 23:00:08,NHB250812230008.RAWLF16,Long Range,0.0,2025-08-13 00:00:08,2025-08-13 00:00:08,NHB250813000008.RAWLF2F,Long Range,0.0,2025-08-13 01:00:08,2025-08-13 01:00:08,NHB250813010008.RAWLF3R,Long Range,0.0,2025-08-13 02:00:08,2025-08-13 02:00:08,NHB250813020008.RAWLF50,Long Range,0.0
862,2025-08-12 23:20:07,NHB250812232007.RAWLF1L,NHB250812232303.RAWLF1R,NHB250812233008.RAWLF1U,NHB250812233303.RAWLF1Y,2025-08-12 23:20:07,2025-08-12 23:20:07,NHB250812232007.RAWLF1L,Long Range,0.0,2025-08-13 00:20:07,2025-08-13 00:20:08,NHB250813002008.RAWLF2W,Long Range,1.0,2025-08-13 01:20:07,2025-08-13 01:20:07,NHB250813012007.RAWLF45,Long Range,0.0,2025-08-13 02:20:07,2025-08-13 02:20:07,NHB250813022007.RAWLF5E,Long Range,0.0
863,2025-08-12 23:40:08,NHB250812234008.RAWLF21,NHB250812234303.RAWLF25,NHB250812235009.RAWLF28,NHB250812235304.RAWLF2C,2025-08-12 23:40:08,2025-08-12 23:40:08,NHB250812234008.RAWLF21,Long Range,0.0,2025-08-13 00:40:08,2025-08-13 00:40:08,NHB250813004008.RAWLF3A,Long Range,0.0,2025-08-13 01:40:08,2025-08-13 01:40:07,NHB250813014007.RAWLF4K,Long Range,1.0,2025-08-13 02:40:08,2025-08-13 02:40:09,NHB250813024009.RAWLF5V,Long Range,1.0
864,2025-08-13 00:00:08,NHB250813000008.RAWLF2F,NHB250813000304.RAWLF2K,NHB250813001007.RAWLF2N,NHB250813001303.RAWLF2T,2025-08-13 00:00:08,2025-08-13 00:00:08,NHB250813000008.RAWLF2F,Long Range,0.0,2025-08-13 01:00:08,2025-08-13 01:00:08,NHB250813010008.RAWLF3R,Long Range,0.0,2025-08-13 02:00:08,2025-08-13 02:00:08,NHB250813020008.RAWLF50,Long Range,0.0,2025-08-13 03:00:08,2025-08-13 03:00:09,NHB250813030009.RAWLF69,Long Range,1.0
865,2025-08-13 00:20:08,NHB250813002008.RAWLF2W,NHB250813002303.RAWLF30,NHB250813003008.RAWLF33,NHB250813003303.RAWLF37,2025-08-13 00:20:08,2025-08-13 00:20:08,NHB250813002008.RAWLF2W,Long Range,0.0,2025-08-13 01:20:08,2025-08-13 01:20:07,NHB250813012007.RAWLF45,Long Range,1.0,2025-08-13 02:20:08,2025-08-13 02:20:07,NHB250813022007.RAWLF5E,Long Range,1.0,2025-08-13 03:20:08,2025-08-13 03:20:08,NHB250813032008.RAWLF6P,Long Range,0.0
866,2025-08-13 00:40:08,NHB250813004008.RAWLF3A,NHB250813004304.RAWLF3E,NHB250813005008.RAWLF3H,NHB250813005303.RAWLF3M,2025-08-13 00:40:08,2025-08-13 00:40:08,NHB250813004008.RAWLF3A,Long Range,0.0,2025-08-13 01:40:08,2025-08-13 01:40:07,NHB250813014007.RAWLF4K,Long Range,1.0,2025-08-13 02:40:08,2025-08-13 02:40:09,NHB250813024009.RAWLF5V,Long Range,1.0,2025-08-13 03:40:08,2025-08-13 03:40:08,NHB250813034008.RAWLF74,Long Range,0.0
867,2025-08-13 01:00:08,NHB250813010008.RAWLF3R,NHB250813010304.RAWLF3V,NHB250813011007.RAWLF3Y,NHB250813011303.RAWLF42,2025-08-13 01:00:08,2025-08-13 01:00:08,NHB250813010008.RAWLF3R,Long Range,0.0,2025-08-13 02:00:08,2025-08-13 02:00:08,NHB250813020008.RAWLF50,Long Range,0.0,2025-08-13 03:00:08,2025-08-13 03:00:09,NHB250813030009.RAWLF69,Long Range,1.0,2025-08-13 04:00:08,2025-08-13 04:00:08,NHB250813040008.RAWLF7J,Long Range,0.0
868,2025-08-13 01:20:07,NHB250813012007.RAWLF45,NHB250813012303.RAWLF49,NHB250813013008.RAWLF4C,NHB250813013303.RAWLF4G,2025-08-13 01:20:07,2025-08-13 01:20:07,NHB250813012007.RAWLF45,Long Range,0.0,2025-08-13 02:20:07,2025-08-13 02:20:07,NHB250813022007.RAWLF5E,Long Range,0.0,2025-08-13 03:20:07,2025-08-13 03:20:08,NHB250813032008.RAWLF6P,Long Range,1.0,2025-08-13 04:20:07,2025-08-13 04:20:08,NHB250813042008.RAWLF7Z,Long Range,1.0
869,2025-08-13 01:40:07,NHB250813014007.RAWLF4K,NHB250813014303.RAWLF4P,NHB250813015008.RAWLF4T,NHB250813015303.RAWLF4X,2025-08-13 01:40:07,2025-08-13 01:40:07,NHB250813014007.RAWLF4K,Long Range,0.0,2025-08-13 02:40:07,2025-08-13 02:40:09,NHB250813024009.RAWLF5V,Long Range,2.0,2025-08-13 03:40:07,2025-08-13 03:40:08,NHB250813034008.RAWLF74,Long Range,1.0,2025-08-13 04:40:07,2025-08-13 04:40:08,NHB250813044008.RAWLF8D,Long Range,1.0
870,2025-08-13 02:00:08,NHB250813020008.RAWLF50,NHB250813020303.RAWLF54,NHB250813021008.RAWLF57,NHB250813021303.RAWLF5B,2025-08-13 02:00:08,2025-08-13 02:00:08,NHB250813020008.RAWLF50,Long Range,0.0,2025-08-13 03:00:08,2025-08-13 03:00:09,NHB250813030009.RAWLF69,Long Range,1.0,2025-08-13 04:00:08,2025-08-13 04:00:08,NHB250813040008.RAWLF7J,Long Range,0.0,2025-08-13 05:00:08,2025-08-13 05:00:07,NHB250813050007.RAWLF8U,Long Range,1.0
871,2025-08-13 02:20:07,NHB250813022007.RAWLF5E,NHB250813022304.RAWLF5J,NHB250813023007.RAWLF5M,NHB250813023303.RAWLF5S,2025-08-13 02:20:07,2025-08-13 02:20:07,NHB250813022007.RAWLF5E,Long Range,0.0,2025-08-13 03:20:07,2025-08-13 03:20:08,NHB250813032008.RAWLF6P,Long Range,1.0,2025-08-13 04:20:07,2025-08-13 04:20:08,NHB250813042008.RAWLF7Z,Long Range,1.0,2025-08-13 05:20:07,2025-08-13 05:20:08,NHB250813052008.RAWLF98,Long Range,1.0
872,2025-08-13 02:40:09,NHB250813024009.RAWLF5V,NHB250813024303.RAWLF5Z,NHB250813025008.RAWLF62,NHB250813025304.RAWLF66,2025-08-13 02:40:09,2025-08-13 02:40:09,NHB250813024009.RAWLF5V,Long Range,0.0,2025-08-13 03:40:09,2025-08-13 03:40:08,NHB250813034008.RAWLF74,Long Range,1.0,2025-08-13 04:40:09,2025-08-13 04:40:08,NHB250813044008.RAWLF8D,Long Range,1.0,2025-08-13 05:40:09,2025-08-13 05:40:07,NHB250813054007.RAWLF9N,Long Range,2.0
873,2025-08-13 03:00:09,NHB250813030009.RAWLF69,NHB250813030304.RAWLF6D,NHB250813031007.RAWLF6G,NHB250813031304.RAWLF6L,2025-08-13 03:00:09,2025-08-13 03:00:09,NHB250813030009.RAWLF69,Long Range,0.0,2025-08-13 04:00:09,2025-08-13 04:00:08,NHB250813040008.RAWLF7J,Long Range,1.0,2025-08-13 05:00:09,2025-08-13 05:00:07,NHB250813050007.RAWLF8U,Long Range,2.0,2025-08-13 06:00:09,2025-08-13 06:00:08,NHB250813060008.RAWLFA3,Long Range,1.0
874,2025-08-13 03:20:08,NHB250813032008.RAWLF6P,NHB250813032304.RAWLF6U,NHB250813033007.RAWLF6X,NHB250813033304.RAWLF71,2025-08-13 03:20:08,2025-08-13 03:20:08,NHB250813032008.RAWLF6P,Long Range,0.0,2025-08-13 04:20:08,2025-08-13 04:20:08,NHB250813042008.RAWLF7Z,Long Range,0.0,2025-08-13 05:20:08,2025-08-13 05:20:08,NHB250813052008.RAWLF98,Long Range,0.0,2025-08-13 06:20:08,2025-08-13 06:20:08,NHB250813062008.RAWLFAH,Long Range,0.0
875,2025-08-13 03:40:08,NHB250813034008.RAWLF74,NHB250813034303.RAWLF78,NHB250813035008.RAWLF7B,NHB250813035304.RAWLF7F,2025-08-13 03:40:08,2025-08-13 03:40:08,NHB250813034008.RAWLF74,Long Range,0.0,2025-08-13 04:40:08,2025-08-13 04:40:08,NHB250813044008.RAWLF8D,Long Range,0.0,2025-08-13 05:40:08,2025-08-13 05:40:07,NHB250813054007.RAWLF9N,Long Range,1.0,2025-08-13 06:40:08,2025-08-13 06:40:08,NHB250813064008.RAWLFAY,Long Range,0.0
876,2025-08-13 04:00:08,NHB250813040008.RAWLF7J,NHB250813040303.RAWLF7N,NHB250813041007.RAWLF7S,NHB250813041304.RAWLF7W,2025-08-13 04:00:08,2025-08-13 04:00:08,NHB250813040008.RAWLF7J,Long Range,0.0,2025-08-13 05:00:08,2025-08-13 05:00:07,NHB250813050007.RAWLF8U,Long Range,1.0,2025-08-13 06:00:08,2025-08-13 06:00:08,NHB250813060008.RAWLFA3,Long Range,0.0,2025-08-13 07:00:08,2025-08-13 07:00:07,NHB250813070007.RAWLFBC,Long Range,1.0
877,2025-08-13 04:20:08,NHB250813042008.RAWLF7Z,NHB250813042304.RAWLF83,NHB250813043008.RAWLF86,NHB250813043304.RAWLF8A,2025-08-13 04:20:08,2025-08-13 04:20:08,NHB250813042008.RAWLF7Z,Long Range,0.0,2025-08-13 05:20:08,2025-08-13 05:20:08,NHB250813052008.RAWLF98,Long Range,0.0,2025-08-13 06:20:08,2025-08-13 06:20:08,NHB250813062008.RAWLFAH,Long Range,0.0,2025-08-13 07:20:08,2025-08-13 07:20:07,NHB250813072007.RAWLFBT,Long Range,1.0
878,2025-08-13 04:40:08,NHB250813044008.RAWLF8D,NHB250813044304.RAWLF8H,NHB250813045008.RAWLF8L,NHB250813045304.RAWLF8R,2025-08-13 04:40:08,2025-08-13 04:40:08,NHB250813044008.RAWLF8D,Long Range,0.0,2025-08-13 05:40:08,2025-08-13 05:40:07,NHB250813054007.RAWLF9N,Long Range,1.0,2025-08-13 06:40:08,2025-08-13 06:40:08,NHB250813064008.RAWLFAY,Long Range,0.0,2025-08-13 07:40:08,2025-08-13 07:40:08,NHB250813074008.RAWLFC7,Long Range,0.0
879,2025-08-13 05:00:07,NHB250813050007.RAWLF8U,NHB250813050303.RAWLF8Y,NHB250813051008.RAWLF91,NHB250813051303.RAWLF95,2025-08-13 05:00:07,2025-08-13 05:00:07,NHB250813050007.RAWLF8U,Long Range,0.0,2025-08-13 06:00:07,2025-08-13 06:00:08,NHB250813060008.RAWLFA3,Long Range,1.0,2025-08-13 07:00:07,2025-08-13 07:00:07,NHB250813070007.RAWLFBC,Long Range,0.0,2025-08-13 08:00:07,2025-08-13 08:00:08,NHB250813080008.RAWLFCM,Long Range,1.0
880,2025-08-13 05:20:08,NHB250813052008.RAWLF98,NHB250813052304.RAWLF9C,NHB250813053008.RAWLF9F,NHB250813053303.RAWLF9K,2025-08-13 05:20:08,2025-08-13 05:20:08,NHB250813052008.RAWLF98,Long Range,0.0,2025-08-13 06:20:08,2025-08-13 06:20:08,NHB250813062008.RAWLFAH,Long Range,0.0,2025-08-13 07:20:08,2025-08-13 07:20:07,NHB250813072007.RAWLFBT,Long Range,1.0,2025-08-13 08:20:08,2025-08-13 08:20:08,NHB250813082008.RAWLFD2,Long Range,0.0
881,2025-08-13 05:40:07,NHB250813054007.RAWLF9N,NHB250813054303.RAWLF9T,NHB250813055008.RAWLF9W,NHB250813055303.RAWLFA0,2025-08-13 05:40:07,2025-08-13 05:40:07,NHB250813054007.RAWLF9N,Long Range,0.0,2025-08-13 06:40:07,2025-08-13 06:40:08,NHB250813064008.RAWLFAY,Long Range,1.0,2025-08-13 07:40:07,2025-08-13 07:40:08,NHB250813074008.RAWLFC7,Long Range,1.0,2025-08-13 08:40:07,2025-08-13 08:40:07,NHB250813084007.RAWLFDG,Long Range,0.0
882,2025-08-13 06:00:08,NHB250813060008.RAWLFA3,NHB250813060304.RAWLFA7,NHB250813061008.RAWLFAA,NHB250813061303.RAWLFAE,2025-08-13 06:00:08,2025-08-13 06:00:08,NHB250813060008.RAWLFA3,Long Range,0.0,2025-08-13 07:00:08,2025-08-13 07:00:07,NHB250813070007.RAWLFBC,Long Range,1.0,2025-08-13 08:00:08,2025-08-13 08:00:08,NHB250813080008.RAWLFCM,Long Range,0.0,2025-08-13 09:00:08,2025-08-13 09:00:09,NHB250813090009.RAWLFDX,Long Range,1.0
883,2025-08-13 06:20:08,NHB250813062008.RAWLFAH,NHB250813062304.RAWLFAM,NHB250813063008.RAWLFAR,NHB250813063303.RAWLFAV,2025-08-13 06:20:08,2025-08-13 06:20:08,NHB250813062008.RAWLFAH,Long Range,0.0,2025-08-13 07:20:08,2025-08-13 07:20:07,NHB250813072007.RAWLFBT,Long Range,1.0,2025-08-13 08:20:08,2025-08-13 08:20:08,NHB250813082008.RAWLFD2,Long Range,0.0,2025-08-13 09:20:08,2025-08-13 09:20:07,NHB250813092007.RAWLFEB,Long Range,1.0
884,2025-08-13 06:40:08,NHB250813064008.RAWLFAY,NHB250813064303.RAWLFB2,NHB250813065008.RAWLFB5,NHB250813065304.RAWLFB9,2025-08-13 06:40:08,2025-08-13 06:40:08,NHB250813064008.RAWLFAY,Long Range,0.0,2025-08-13 07:40:08,2025-08-13 07:40:08,NHB250813074008.RAWLFC7,Long Range,0.0,2025-08-13 08:40:08,2025-08-13 08:40:07,NHB250813084007.RAWLFDG,Long Range,1.0,2025-08-13 09:40:08,2025-08-13 09:40:08,NHB250813094008.RAWLFES,Long Range,0.0
885,2025-08-13 07:00:07,NHB250813070007.RAWLFBC,NHB250813070303.RAWLFBG,NHB250813071007.RAWLFBK,NHB250813071303.RAWLFBP,2025-08-13 07:00:07,2025-08-13 07:00:07,NHB250813070007.RAWLFBC,Long Range,0.0,2025-08-13 08:00:07,2025-08-13 08:00:08,NHB250813080008.RAWLFCM,Long Range,1.0,2025-08-13 09:00:07,2025-08-13 09:00:09,NHB250813090009.RAWLFDX,Long Range,2.0,2025-08-13 10:00:07,2025-08-13 10:00:08,NHB250813100008.RAWLFF6,Long Range,1.0
886,2025-08-13 07:20:07,NHB250813072007.RAWLFBT,NHB250813072304.RAWLFBX,NHB250813073008.RAWLFC0,NHB250813073304.RAWLFC4,2025-08-13 07:20:07,2025-08-13 07:20:07,NHB250813072007.RAWLFBT,Long Range,0.0,2025-08-13 08:20:07,2025-08-13 08:20:08,NHB250813082008.RAWLFD2,Long Range,1.0,2025-08-13 09:20:07,2025-08-13 09:20:07,NHB250813092007.RAWLFEB,Long Range,0.0,2025-08-13 10:20:07,2025-08-13 10:20:07,NHB250813102007.RAWLFFL,Long Range,0.0
887,2025-08-13 07:40:08,NHB250813074008.RAWLFC7,NHB250813074303.RAWLFCB,NHB250813075008.RAWLFCE,NHB250813075303.RAWLFCJ,2025-08-13 07:40:08,2025-08-13 07:40:08,NHB250813074008.RAWLFC7,Long Range,0.0,2025-08-13 08:40:08,2025-08-13 08:40:07,NHB250813084007.RAWLFDG,Long Range,1.0,2025-08-13 09:40:08,2025-08-13 09:40:08,NHB250813094008.RAWLFES,Long Range,0.0,2025-08-13 10:40:08,2025-08-13 10:40:08,NHB250813104008.RAWLFG1,Long Range,0.0
888,2025-08-13 08:00:08,NHB250813080008.RAWLFCM,NHB250813080304.RAWLFCS,NHB250813081008.RAWLFCV,NHB250813081304.RAWLFCZ,2025-08-13 08:00:08,2025-08-13 08:00:08,NHB250813080008.RAWLFCM,Long Range,0.0,2025-08-13 09:00:08,2025-08-13 09:00:09,NHB250813090009.RAWLFDX,Long Range,1.0,2025-08-13 10:00:08,2025-08-13 10:00:08,NHB250813100008.RAWLFF6,Long Range,0.0,2025-08-13 11:00:08,2025-08-13 11:00:08,NHB250813110008.RAWLFGF,Long Range,0.0
889,2025-08-13 08:20:08,NHB250813082008.RAWLFD2,NHB250813082303.RAWLFD6,NHB250813083008.RAWLFD9,NHB250813083303.RAWLFDD,2025-08-13 08:20:08,2025-08-13 08:20:08,NHB250813082008.RAWLFD2,Long Range,0.0,2025-08-13 09:20:08,2025-08-13 09:20:07,NHB250813092007.RAWLFEB,Long Range,1.0,2025-08-13 10:20:08,2025-08-13 10:20:07,NHB250813102007.RAWLFFL,Long Range,1.0,2025-08-13 11:20:08,2025-08-13 11:20:08,NHB250813112008.RAWLFGW,Long Range,0.0
890,2025-08-13 08:40:07,NHB250813084007.RAWLFDG,NHB250813084304.RAWLFDL,NHB250813085008.RAWLFDP,NHB250813085303.RAWLFDU,2025-08-13 08:40:07,2025-08-13 08:40:07,NHB250813084007.RAWLFDG,Long Range,0.0,2025-08-13 09:40:07,2025-08-13 09:40:08,NHB250813094008.RAWLFES,Long Range,1.0,2025-08-13 10:40:07,2025-08-13 10:40:08,NHB250813104008.RAWLFG1,Long Range,1.0,2025-08-13 11:40:07,2025-08-13 11:40:08,NHB250813114008.RAWLFHA,Long Range,1.0
891,2025-08-13 09:00:09,NHB250813090009.RAWLFDX,NHB250813090303.RAWLFE1,NHB250813091008.RAWLFE4,NHB250813091304.RAWLFE8,2025-08-13 09:00:09,2025-08-13 09:00:09,NHB250813090009.RAWLFDX,Long Range,0.0,2025-08-13 10:00:09,2025-08-13 10:00:08,NHB250813100008.RAWLFF6,Long Range,1.0,2025-08-13 11:00:09,2025-08-13 11:00:08,NHB250813110008.RAWLFGF,Long Range,1.0,2025-08-13 12:00:09,2025-08-13 12:00:07,NHB250813120007.RAWLFHR,Long Range,2.0
892,2025-08-13 09:20:07,NHB250813092007.RAWLFEB,NHB250813092303.RAWLFEF,NHB250813093008.RAWLFEJ,NHB250813093304.RAWLFEN,2025-08-13 09:20:07,2025-08-13 09:20:07,NHB250813092007.RAWLFEB,Long Range,0.0,2025-08-13 10:20:07,2025-08-13 10:20:07,NHB250813102007.RAWLFFL,Long Range,0.0,2025-08-13 11:20:07,2025-08-13 11:20:08,NHB250813112008.RAWLFGW,Long Range,1.0,2025-08-13 12:20:07,2025-08-13 12:20:07,NHB250813122007.RAWLFJ5,Long Range,0.0
893,2025-08-13 09:40:08,NHB250813094008.RAWLFES,NHB250813094303.RAWLFEW,NHB250813095007.RAWLFEZ,NHB250813095303.RAWLFF3,2025-08-13 09:40:08,2025-08-13 09:40:08,NHB250813094008.RAWLFES,Long Range,0.0,2025-08-13 10:40:08,2025-08-13 10:40:08,NHB250813104008.RAWLFG1,Long Range,0.0,2025-08-13 11:40:08,2025-08-13 11:40:08,NHB250813114008.RAWLFHA,Long Range,0.0,2025-08-13 12:40:08,2025-08-13 12:40:08,NHB250813124008.RAWLFJK,Long Range,0.0
894,2025-08-13 10:00:08,NHB250813100008.RAWLFF6,NHB250813100303.RAWLFFA,NHB250813101007.RAWLFFD,NHB250813101304.RAWLFFH,2025-08-13 10:00:08,2025-08-13 10:00:08,NHB250813100008.RAWLFF6,Long Range,0.0,2025-08-13 11:00:08,2025-08-13 11:00:08,NHB250813110008.RAWLFGF,Long Range,0.0,2025-08-13 12:00:08,2025-08-13 12:00:07,NHB250813120007.RAWLFHR,Long Range,1.0,2025-08-13 13:00:08,2025-08-13 13:00:08,NHB250813130008.RAWLFK0,Long Range,0.0
895,2025-08-13 10:20:07,NHB250813102007.RAWLFFL,NHB250813102303.RAWLFFR,NHB250813103007.RAWLFFU,NHB250813103303.RAWLFFY,2025-08-13 10:20:07,2025-08-13 10:20:07,NHB250813102007.RAWLFFL,Long Range,0.0,2025-08-13 11:20:07,2025-08-13 11:20:08,NHB250813112008.RAWLFGW,Long Range,1.0,2025-08-13 12:20:07,2025-08-13 12:20:07,NHB250813122007.RAWLFJ5,Long Range,0.0,2025-08-13 13:20:07,2025-08-13 13:20:08,NHB250813132008.RAWLFKE,Long Range,1.0
896,2025-08-13 10:40:08,NHB250813104008.RAWLFG1,NHB250813104304.RAWLFG5,NHB250813105008.RAWLFG8,NHB250813105304.RAWLFGC,2025-08-13 10:40:08,2025-08-13 10:40:08,NHB250813104008.RAWLFG1,Long Range,0.0,2025-08-13 11:40:08,2025-08-13 11:40:08,NHB250813114008.RAWLFHA,Long Range,0.0,2025-08-13 12:40:08,2025-08-13 12:40:08,NHB250813124008.RAWLFJK,Long Range,0.0,2025-08-13 13:40:08,2025-08-13 13:40:08,NHB250813134008.RAWLFKV,Long Range,0.0
897,2025-08-13 11:00:08,NHB250813110008.RAWLFGF,NHB250813110303.RAWLFGK,NHB250813111008.RAWLFGN,NHB250813111303.RAWLFGT,2025-08-13 11:00:08,2025-08-13 11:00:08,NHB250813110008.RAWLFGF,Long Range,0.0,2025-08-13 12:00:08,2025-08-13 12:00:07,NHB250813120007.RAWLFHR,Long Range,1.0,2025-08-13 13:00:08,2025-08-13 13:00:08,NHB250813130008.RAWLFK0,Long Range,0.0,2025-08-13 14:00:08,2025-08-13 14:00:07,NHB250813140007.RAWLFL9,Long Range,1.0
898,2025-08-13 11:20:08,NHB250813112008.RAWLFGW,NHB250813112303.RAWLFH0,NHB250813113008.RAWLFH3,NHB250813113303.RAWLFH7,2025-08-13 11:20:08,2025-08-13 11:20:08,NHB250813112008.RAWLFGW,Long Range,0.0,2025-08-13 12:20:08,2025-08-13 12:20:07,NHB250813122007.RAWLFJ5,Long Range,1.0,2025-08-13 13:20:08,2025-08-13 13:20:08,NHB250813132008.RAWLFKE,Long Range,0.0,2025-08-13 14:20:08,2025-08-13 14:20:07,NHB250813142007.RAWLFLP,Long Range,1.0
899,2025-08-13 11:40:08,NHB250813114008.RAWLFHA,NHB250813114303.RAWLFHE,NHB250813115007.RAWLFHH,NHB250813115303.RAWLFHM,2025-08-13 11:40:08,2025-08-13 11:40:08,NHB250813114008.RAWLFHA,Long Range,0.0,2025-08-13 12:40:08,2025-08-13 12:40:08,NHB250813124008.RAWLFJK,Long Range,0.0,2025-08-13 13:40:08,2025-08-13 13:40:08,NHB250813134008.RAWLFKV,Long Range,0.0,2025-08-13 14:40:08,2025-08-13 14:40:08,NHB250813144008.RAWLFM4,Long Range,0.0
900,2025-08-13 12:00:07,NHB250813120007.RAWLFHR,NHB250813120303.RAWLFHV,NHB250813121008.RAWLFHY,NHB250813121303.RAWLFJ2,2025-08-13 12:00:07,2025-08-13 12:00:07,NHB250813120007.RAWLFHR,Long Range,0.0,2025-08-13 13:00:07,2025-08-13 13:00:08,NHB250813130008.RAWLFK0,Long Range,1.0,2025-08-13 14:00:07,2025-08-13 14:00:07,NHB250813140007.RAWLFL9,Long Range,0.0,2025-08-13 15:00:07,2025-08-13 15:00:07,NHB250813150007.RAWLFMJ,Long Range,0.0
901,2025-08-13 12:20:07,NHB250813122007.RAWLFJ5,NHB250813122304.RAWLFJ9,NHB250813123007.RAWLFJC,NHB250813123304.RAWLFJG,2025-08-13 12:20:07,2025-08-13 12:20:07,NHB250813122007.RAWLFJ5,Long Range,0.0,2025-08-13 13:20:07,2025-08-13 13:20:08,NHB250813132008.RAWLFKE,Long Range,1.0,2025-08-13 14:20:07,2025-08-13 14:20:07,NHB250813142007.RAWLFLP,Long Range,0.0,2025-08-13 15:20:07,2025-08-13 15:20:08,NHB250813152008.RAWLFMZ,Long Range,1.0
902,2025-08-13 12:40:08,NHB250813124008.RAWLFJK,NHB250813124304.RAWLFJP,NHB250813125008.RAWLFJT,NHB250813125303.RAWLFJX,2025-08-13 12:40:08,2025-08-13 12:40:08,NHB250813124008.RAWLFJK,Long Range,0.0,2025-08-13 13:40:08,2025-08-13 13:40:08,NHB250813134008.RAWLFKV,Long Range,0.0,2025-08-13 14:40:08,2025-08-13 14:40:08,NHB250813144008.RAWLFM4,Long Range,0.0,2025-08-13 15:40:08,2025-08-13 15:40:08,NHB250813154008.RAWLFND,Long Range,0.0
903,2025-08-13 13:00:08,NHB250813130008.RAWLFK0,NHB250813130304.RAWLFK4,NHB250813131008.RAWLFK7,NHB250813131303.RAWLFKB,2025-08-13 13:00:08,2025-08-13 13:00:08,NHB250813130008.RAWLFK0,Long Range,0.0,2025-08-13 14:00:08,2025-08-13 14:00:07,NHB250813140007.RAWLFL9,Long Range,1.0,2025-08-13 15:00:08,2025-08-13 15:00:07,NHB250813150007.RAWLFMJ,Long Range,1.0,2025-08-13 16:00:08,2025-08-13 16:00:08,NHB250813160008.RAWLFNU,Long Range,0.0
904,2025-08-13 13:20:08,NHB250813132008.RAWLFKE,NHB250813132303.RAWLFKJ,NHB250813133007.RAWLFKM,NHB250813133303.RAWLFKS,2025-08-13 13:20:08,2025-08-13 13:20:08,NHB250813132008.RAWLFKE,Long Range,0.0,2025-08-13 14:20:08,2025-08-13 14:20:07,NHB250813142007.RAWLFLP,Long Range,1.0,2025-08-13 15:20:08,2025-08-13 15:20:08,NHB250813152008.RAWLFMZ,Long Range,0.0,2025-08-13 16:20:08,2025-08-13 16:20:07,NHB250813162007.RAWLFP8,Long Range,1.0
905,2025-08-13 13:40:08,NHB250813134008.RAWLFKV,NHB250813134304.RAWLFKZ,NHB250813135007.RAWLFL2,NHB250813135303.RAWLFL6,2025-08-13 13:40:08,2025-08-13 13:40:08,NHB250813134008.RAWLFKV,Long Range,0.0,2025-08-13 14:40:08,2025-08-13 14:40:08,NHB250813144008.RAWLFM4,Long Range,0.0,2025-08-13 15:40:08,2025-08-13 15:40:08,NHB250813154008.RAWLFND,Long Range,0.0,2025-08-13 16:40:08,2025-08-13 16:40:08,NHB250813164008.RAWLFPN,Long Range,0.0
906,2025-08-13 14:00:07,NHB250813140007.RAWLFL9,NHB250813140304.RAWLFLD,NHB250813141008.RAWLFLG,NHB250813141303.RAWLFLL,2025-08-13 14:00:07,2025-08-13 14:00:07,NHB250813140007.RAWLFL9,Long Range,0.0,2025-08-13 15:00:07,2025-08-13 15:00:07,NHB250813150007.RAWLFMJ,Long Range,0.0,2025-08-13 16:00:07,2025-08-13 16:00:08,NHB250813160008.RAWLFNU,Long Range,1.0,2025-08-13 17:00:07,2025-08-13 17:00:08,NHB250813170008.RAWLFR3,Long Range,1.0
907,2025-08-13 14:20:07,NHB250813142007.RAWLFLP,NHB250813142304.RAWLFLU,NHB250813143008.RAWLFLX,NHB250813143303.RAWLFM1,2025-08-13 14:20:07,2025-08-13 14:20:07,NHB250813142007.RAWLFLP,Long Range,0.0,2025-08-13 15:20:07,2025-08-13 15:20:08,NHB250813152008.RAWLFMZ,Long Range,1.0,2025-08-13 16:20:07,2025-08-13 16:20:07,NHB250813162007.RAWLFP8,Long Range,0.0,2025-08-13 17:20:07,2025-08-13 17:20:07,NHB250813172007.RAWLFRH,Long Range,0.0
908,2025-08-13 14:40:08,NHB250813144008.RAWLFM4,NHB250813144304.RAWLFM8,NHB250813145007.RAWLFMB,NHB250813145304.RAWLFMF,2025-08-13 14:40:08,2025-08-13 14:40:08,NHB250813144008.RAWLFM4,Long Range,0.0,2025-08-13 15:40:08,2025-08-13 15:40:08,NHB250813154008.RAWLFND,Long Range,0.0,2025-08-13 16:40:08,2025-08-13 16:40:08,NHB250813164008.RAWLFPN,Long Range,0.0,2025-08-13 17:40:08,2025-08-13 17:40:08,NHB250813174008.RAWLFRY,Long Range,0.0
909,2025-08-13 15:00:07,NHB250813150007.RAWLFMJ,NHB250813150303.RAWLFMN,NHB250813151008.RAWLFMS,NHB250813151304.RAWLFMW,2025-08-13 15:00:07,2025-08-13 15:00:07,NHB250813150007.RAWLFMJ,Long Range,0.0,2025-08-13 16:00:07,2025-08-13 16:00:08,NHB250813160008.RAWLFNU,Long Range,1.0,2025-08-13 17:00:07,2025-08-13 17:00:08,NHB250813170008.RAWLFR3,Long Range,1.0,2025-08-13 18:00:07,2025-08-13 18:00:07,NHB250813180007.RAWLFSC,Long Range,0.0
910,2025-08-13 15:20:08,NHB250813152008.RAWLFMZ,NHB250813152304.RAWLFN3,NHB250813153009.RAWLFN6,NHB250813153304.RAWLFNA,2025-08-13 15:20:08,2025-08-13 15:20:08,NHB250813152008.RAWLFMZ,Long Range,0.0,2025-08-13 16:20:08,2025-08-13 16:20:07,NHB250813162007.RAWLFP8,Long Range,1.0,2025-08-13 17:20:08,2025-08-13 17:20:07,NHB250813172007.RAWLFRH,Long Range,1.0,2025-08-13 18:20:08,2025-08-13 18:20:08,NHB250813182008.RAWLFST,Long Range,0.0
911,2025-08-13 15:40:08,NHB250813154008.RAWLFND,NHB250813154304.RAWLFNH,NHB250813155007.RAWLFNL,NHB250813155304.RAWLFNR,2025-08-13 15:40:08,2025-08-13 15:40:08,NHB250813154008.RAWLFND,Long Range,0.0,2025-08-13 16:40:08,2025-08-13 16:40:08,NHB250813164008.RAWLFPN,Long Range,0.0,2025-08-13 17:40:08,2025-08-13 17:40:08,NHB250813174008.RAWLFRY,Long Range,0.0,2025-08-13 18:40:08,2025-08-13 18:40:07,NHB250813184007.RAWLFT7,Long Range,1.0
912,2025-08-13 16:00:08,NHB250813160008.RAWLFNU,NHB250813160304.RAWLFNY,NHB250813161007.RAWLFP1,NHB250813161303.RAWLFP5,2025-08-13 16:00:08,2025-08-13 16:00:08,NHB250813160008.RAWLFNU,Long Range,0.0,2025-08-13 17:00:08,2025-08-13 17:00:08,NHB250813170008.RAWLFR3,Long Range,0.0,2025-08-13 18:00:08,2025-08-13 18:00:07,NHB250813180007.RAWLFSC,Long Range,1.0,2025-08-13 19:00:08,2025-08-13 19:00:08,NHB250813190008.RAWLFTM,Long Range,0.0
913,2025-08-13 16:20:07,NHB250813162007.RAWLFP8,NHB250813162303.RAWLFPC,NHB250813163008.RAWLFPF,NHB250813163303.RAWLFPK,2025-08-13 16:20:07,2025-08-13 16:20:07,NHB250813162007.RAWLFP8,Long Range,0.0,2025-08-13 17:20:07,2025-08-13 17:20:07,NHB250813172007.RAWLFRH,Long Range,0.0,2025-08-13 18:20:07,2025-08-13 18:20:08,NHB250813182008.RAWLFST,Long Range,1.0,2025-08-13 19:20:07,2025-08-13 19:20:08,NHB250813192008.RAWLFU2,Long Range,1.0
914,2025-08-13 16:40:08,NHB250813164008.RAWLFPN,NHB250813164303.RAWLFPT,NHB250813165007.RAWLFPW,NHB250813165303.RAWLFR0,2025-08-13 16:40:08,2025-08-13 16:40:08,NHB250813164008.RAWLFPN,Long Range,0.0,2025-08-13 17:40:08,2025-08-13 17:40:08,NHB250813174008.RAWLFRY,Long Range,0.0,2025-08-13 18:40:08,2025-08-13 18:40:07,NHB250813184007.RAWLFT7,Long Range,1.0,2025-08-13 19:40:08,2025-08-13 19:40:07,NHB250813194007.RAWLFUG,Long Range,1.0
915,2025-08-13 17:00:08,NHB250813170008.RAWLFR3,NHB250813170303.RAWLFR7,NHB250813171008.RAWLFRA,NHB250813171303.RAWLFRE,2025-08-13 17:00:08,2025-08-13 17:00:08,NHB250813170008.RAWLFR3,Long Range,0.0,2025-08-13 18:00:08,2025-08-13 18:00:07,NHB250813180007.RAWLFSC,Long Range,1.0,2025-08-13 19:00:08,2025-08-13 19:00:08,NHB250813190008.RAWLFTM,Long Range,0.0,2025-08-13 20:00:08,2025-08-13 20:00:07,NHB250813200007.RAWLFUX,Long Range,1.0
916,2025-08-13 17:20:07,NHB250813172007.RAWLFRH,NHB250813172304.RAWLFRM,NHB250813173008.RAWLFRR,NHB250813173303.RAWLFRV,2025-08-13 17:20:07,2025-08-13 17:20:07,NHB250813172007.RAWLFRH,Long Range,0.0,2025-08-13 18:20:07,2025-08-13 18:20:08,NHB250813182008.RAWLFST,Long Range,1.0,2025-08-13 19:20:07,2025-08-13 19:20:08,NHB250813192008.RAWLFU2,Long Range,1.0,2025-08-13 20:20:07,2025-08-13 20:20:08,NHB250813202008.RAWLFVB,Long Range,1.0
917,2025-08-13 17:40:08,NHB250813174008.RAWLFRY,NHB250813174303.RAWLFS2,NHB250813175007.RAWLFS5,NHB250813175304.RAWLFS9,2025-08-13 17:40:08,2025-08-13 17:40:08,NHB250813174008.RAWLFRY,Long Range,0.0,2025-08-13 18:40:08,2025-08-13 18:40:07,NHB250813184007.RAWLFT7,Long Range,1.0,2025-08-13 19:40:08,2025-08-13 19:40:07,NHB250813194007.RAWLFUG,Long Range,1.0,2025-08-13 20:40:08,2025-08-13 20:40:07,NHB250813204007.RAWLFVS,Long Range,1.0
918,2025-08-13 18:00:07,NHB250813180007.RAWLFSC,NHB250813180304.RAWLFSG,NHB250813181008.RAWLFSK,NHB250813181304.RAWLFSP,2025-08-13 18:00:07,2025-08-13 18:00:07,NHB250813180007.RAWLFSC,Long Range,0.0,2025-08-13 19:00:07,2025-08-13 19:00:08,NHB250813190008.RAWLFTM,Long Range,1.0,2025-08-13 20:00:07,2025-08-13 20:00:07,NHB250813200007.RAWLFUX,Long Range,0.0,2025-08-13 21:00:07,2025-08-13 21:00:08,NHB250813210008.RAWLFW6,Long Range,1.0
919,2025-08-13 18:20:08,NHB250813182008.RAWLFST,NHB250813182303.RAWLFSX,NHB250813183007.RAWLFT0,NHB250813183303.RAWLFT4,2025-08-13 18:20:08,2025-08-13 18:20:08,NHB250813182008.RAWLFST,Long Range,0.0,2025-08-13 19:20:08,2025-08-13 19:20:08,NHB250813192008.RAWLFU2,Long Range,0.0,2025-08-13 20:20:08,2025-08-13 20:20:08,NHB250813202008.RAWLFVB,Long Range,0.0,2025-08-13 21:20:08,2025-08-13 21:20:08,NHB250813212008.RAWLFWL,Long Range,0.0
920,2025-08-13 18:40:07,NHB250813184007.RAWLFT7,NHB250813184304.RAWLFTB,NHB250813185008.RAWLFTE,NHB250813185304.RAWLFTJ,2025-08-13 18:40:07,2025-08-13 18:40:07,NHB250813184007.RAWLFT7,Long Range,0.0,2025-08-13 19:40:07,2025-08-13 19:40:07,NHB250813194007.RAWLFUG,Long Range,0.0,2025-08-13 20:40:07,2025-08-13 20:40:07,NHB250813204007.RAWLFVS,Long Range,0.0,2025-08-13 21:40:07,2025-08-13 21:40:08,NHB250813214008.RAWLFX1,Long Range,1.0
921,2025-08-13 19:00:08,NHB250813190008.RAWLFTM,NHB250813190304.RAWLFTS,NHB250813191008.RAWLFTV,NHB250813191304.RAWLFTZ,2025-08-13 19:00:08,2025-08-13 19:00:08,NHB250813190008.RAWLFTM,Long Range,0.0,2025-08-13 20:00:08,2025-08-13 20:00:07,NHB250813200007.RAWLFUX,Long Range,1.0,2025-08-13 21:00:08,2025-08-13 21:00:08,NHB250813210008.RAWLFW6,Long Range,0.0,2025-08-13 22:00:08,2025-08-13 22:00:07,NHB250813220007.RAWLFXF,Long Range,1.0
922,2025-08-13 19:20:08,NHB250813192008.RAWLFU2,NHB250813192304.RAWLFU6,NHB250813193008.RAWLFU9,NHB250813193304.RAWLFUD,2025-08-13 19:20:08,2025-08-13 19:20:08,NHB250813192008.RAWLFU2,Long Range,0.0,2025-08-13 20:20:08,2025-08-13 20:20:08,NHB250813202008.RAWLFVB,Long Range,0.0,2025-08-13 21:20:08,2025-08-13 21:20:08,NHB250813212008.RAWLFWL,Long Range,0.0,2025-08-13 22:20:08,2025-08-13 22:20:08,NHB250813222008.RAWLFXW,Long Range,0.0
923,2025-08-13 19:40:07,NHB250813194007.RAWLFUG,NHB250813194304.RAWLFUL,NHB250813195008.RAWLFUP,NHB250813195303.RAWLFUU,2025-08-13 19:40:07,2025-08-13 19:40:07,NHB250813194007.RAWLFUG,Long Range,0.0,2025-08-13 20:40:07,2025-08-13 20:40:07,NHB250813204007.RAWLFVS,Long Range,0.0,2025-08-13 21:40:07,2025-08-13 21:40:08,NHB250813214008.RAWLFX1,Long Range,1.0,2025-08-13 22:40:07,2025-08-13 22:40:08,NHB250813224008.RAWLFYA,Long Range,1.0
924,2025-08-13 20:00:07,NHB250813200007.RAWLFUX,NHB250813200303.RAWLFV1,NHB250813201008.RAWLFV4,NHB250813201303.RAWLFV8,2025-08-13 20:00:07,2025-08-13 20:00:07,NHB250813200007.RAWLFUX,Long Range,0.0,2025-08-13 21:00:07,2025-08-13 21:00:08,NHB250813210008.RAWLFW6,Long Range,1.0,2025-08-13 22:00:07,2025-08-13 22:00:07,NHB250813220007.RAWLFXF,Long Range,0.0,2025-08-13 23:00:07,2025-08-13 23:00:07,NHB250813230007.RAWLFYR,Long Range,0.0
925,2025-08-13 20:20:08,NHB250813202008.RAWLFVB,NHB250813202304.RAWLFVF,NHB250813203008.RAWLFVJ,NHB250813203304.RAWLFVN,2025-08-13 20:20:08,2025-08-13 20:20:08,NHB250813202008.RAWLFVB,Long Range,0.0,2025-08-13 21:20:08,2025-08-13 21:20:08,NHB250813212008.RAWLFWL,Long Range,0.0,2025-08-13 22:20:08,2025-08-13 22:20:08,NHB250813222008.RAWLFXW,Long Range,0.0,2025-08-13 23:20:08,2025-08-13 23:20:08,NHB250813232008.RAWLFZ5,Long Range,0.0
926,2025-08-13 20:40:07,NHB250813204007.RAWLFVS,NHB250813204303.RAWLFVW,NHB250813205007.RAWLFVZ,NHB250813205303.RAWLFW3,2025-08-13 20:40:07,2025-08-13 20:40:07,NHB250813204007.RAWLFVS,Long Range,0.0,2025-08-13 21:40:07,2025-08-13 21:40:08,NHB250813214008.RAWLFX1,Long Range,1.0,2025-08-13 22:40:07,2025-08-13 22:40:08,NHB250813224008.RAWLFYA,Long Range,1.0,2025-08-13 23:40:07,2025-08-13 23:40:08,NHB250813234008.RAWLFZK,Long Range,1.0
927,2025-08-13 21:00:08,NHB250813210008.RAWLFW6,NHB250813210303.RAWLFWA,NHB250813211007.RAWLFWD,NHB250813211304.RAWLFWH,2025-08-13 21:00:08,2025-08-13 21:00:08,NHB250813210008.RAWLFW6,Long Range,0.0,2025-08-13 22:00:08,2025-08-13 22:00:07,NHB250813220007.RAWLFXF,Long Range,1.0,2025-08-13 23:00:08,2025-08-13 23:00:07,NHB250813230007.RAWLFYR,Long Range,1.0,2025-08-14 00:00:08,2025-08-14 00:00:07,NHB250814000007.RAWLG00,Long Range,1.0
928,2025-08-13 21:20:08,NHB250813212008.RAWLFWL,NHB250813212303.RAWLFWR,NHB250813213008.RAWLFWU,NHB250813213303.RAWLFWY,2025-08-13 21:20:08,2025-08-13 21:20:08,NHB250813212008.RAWLFWL,Long Range,0.0,2025-08-13 22:20:08,2025-08-13 22:20:08,NHB250813222008.RAWLFXW,Long Range,0.0,2025-08-13 23:20:08,2025-08-13 23:20:08,NHB250813232008.RAWLFZ5,Long Range,0.0,2025-08-14 00:20:08,2025-08-14 00:20:07,NHB250814002007.RAWLG0E,Long Range,1.0
929,2025-08-13 21:40:08,NHB250813214008.RAWLFX1,NHB250813214303.RAWLFX5,NHB250813215008.RAWLFX8,NHB250813215303.RAWLFXC,2025-08-13 21:40:08,2025-08-13 21:40:08,NHB250813214008.RAWLFX1,Long Range,0.0,2025-08-13 22:40:08,2025-08-13 22:40:08,NHB250813224008.RAWLFYA,Long Range,0.0,2025-08-13 23:40:08,2025-08-13 23:40:08,NHB250813234008.RAWLFZK,Long Range,0.0,2025-08-14 00:40:08,2025-08-14 00:40:08,NHB250814004008.RAWLG0V,Long Range,0.0
930,2025-08-13 22:00:07,NHB250813220007.RAWLFXF,NHB250813220303.RAWLFXK,NHB250813221008.RAWLFXN,NHB250813221303.RAWLFXT,2025-08-13 22:00:07,2025-08-13 22:00:07,NHB250813220007.RAWLFXF,Long Range,0.0,2025-08-13 23:00:07,2025-08-13 23:00:07,NHB250813230007.RAWLFYR,Long Range,0.0,2025-08-14 00:00:07,2025-08-14 00:00:07,NHB250814000007.RAWLG00,Long Range,0.0,2025-08-14 01:00:07,2025-08-14 01:00:08,NHB250814010008.RAWLG19,Long Range,1.0
931,2025-08-13 22:20:08,NHB250813222008.RAWLFXW,NHB250813222304.RAWLFY0,NHB250813223008.RAWLFY3,NHB250813223304.RAWLFY7,2025-08-13 22:20:08,2025-08-13 22:20:08,NHB250813222008.RAWLFXW,Long Range,0.0,2025-08-13 23:20:08,2025-08-13 23:20:08,NHB250813232008.RAWLFZ5,Long Range,0.0,2025-08-14 00:20:08,2025-08-14 00:20:07,NHB250814002007.RAWLG0E,Long Range,1.0,2025-08-14 01:20:08,2025-08-14 01:20:07,NHB250814012007.RAWLG1P,Long Range,1.0
932,2025-08-13 22:40:08,NHB250813224008.RAWLFYA,NHB250813224304.RAWLFYE,NHB250813225007.RAWLFYH,NHB250813225303.RAWLFYM,2025-08-13 22:40:08,2025-08-13 22:40:08,NHB250813224008.RAWLFYA,Long Range,0.0,2025-08-13 23:40:08,2025-08-13 23:40:08,NHB250813234008.RAWLFZK,Long Range,0.0,2025-08-14 00:40:08,2025-08-14 00:40:08,NHB250814004008.RAWLG0V,Long Range,0.0,2025-08-14 01:40:08,2025-08-14 01:40:08,NHB250814014008.RAWLG24,Long Range,0.0
933,2025-08-13 23:00:07,NHB250813230007.RAWLFYR,NHB250813230303.RAWLFYV,NHB250813231008.RAWLFYY,NHB250813231304.RAWLFZ2,2025-08-13 23:00:07,2025-08-13 23:00:07,NHB250813230007.RAWLFYR,Long Range,0.0,2025-08-14 00:00:07,2025-08-14 00:00:07,NHB250814000007.RAWLG00,Long Range,0.0,2025-08-14 01:00:07,2025-08-14 01:00:08,NHB250814010008.RAWLG19,Long Range,1.0,2025-08-14 02:00:07,2025-08-14 02:00:08,NHB250814020008.RAWLG2J,Long Range,1.0
934,2025-08-13 23:20:08,NHB250813232008.RAWLFZ5,NHB250813232304.RAWLFZ9,NHB250813233008.RAWLFZC,NHB250813233304.RAWLFZG,2025-08-13 23:20:08,2025-08-13 23:20:08,NHB250813232008.RAWLFZ5,Long Range,0.0,2025-08-14 00:20:08,2025-08-14 00:20:07,NHB250814002007.RAWLG0E,Long Range,1.0,2025-08-14 01:20:08,2025-08-14 01:20:07,NHB250814012007.RAWLG1P,Long Range,1.0,2025-08-14 02:20:08,2025-08-14 02:20:09,NHB250814022009.RAWLG2Z,Long Range,1.0
935,2025-08-13 23:40:08,NHB250813234008.RAWLFZK,NHB250813234303.RAWLFZP,NHB250813235008.RAWLFZT,NHB250813235304.RAWLFZX,2025-08-13 23:40:08,2025-08-13 23:40:08,NHB250813234008.RAWLFZK,Long Range,0.0,2025-08-14 00:40:08,2025-08-14 00:40:08,NHB250814004008.RAWLG0V,Long Range,0.0,2025-08-14 01:40:08,2025-08-14 01:40:08,NHB250814014008.RAWLG24,Long Range,0.0,2025-08-14 02:40:08,2025-08-14 02:40:08,NHB250814024008.RAWLG3D,Long Range,0.0
936,2025-08-14 00:00:07,NHB250814000007.RAWLG00,NHB250814000304.RAWLG04,NHB250814001007.RAWLG07,NHB250814001303.RAWLG0B,2025-08-14 00:00:07,2025-08-14 00:00:07,NHB250814000007.RAWLG00,Long Range,0.0,2025-08-14 01:00:07,2025-08-14 01:00:08,NHB250814010008.RAWLG19,Long Range,1.0,2025-08-14 02:00:07,2025-08-14 02:00:08,NHB250814020008.RAWLG2J,Long Range,1.0,2025-08-14 03:00:07,2025-08-14 03:00:07,NHB250814030007.RAWLG3U,Long Range,0.0
937,2025-08-14 00:20:07,NHB250814002007.RAWLG0E,NHB250814002304.RAWLG0J,NHB250814003008.RAWLG0M,NHB250814003303.RAWLG0S,2025-08-14 00:20:07,2025-08-14 00:20:07,NHB250814002007.RAWLG0E,Long Range,0.0,2025-08-14 01:20:07,2025-08-14 01:20:07,NHB250814012007.RAWLG1P,Long Range,0.0,2025-08-14 02:20:07,2025-08-14 02:20:09,NHB250814022009.RAWLG2Z,Long Range,2.0,2025-08-14 03:20:07,2025-08-14 03:20:07,NHB250814032007.RAWLG48,Long Range,0.0
938,2025-08-14 00:40:08,NHB250814004008.RAWLG0V,NHB250814004304.RAWLG0Z,NHB250814005008.RAWLG12,NHB250814005304.RAWLG16,2025-08-14 00:40:08,2025-08-14 00:40:08,NHB250814004008.RAWLG0V,Long Range,0.0,2025-08-14 01:40:08,2025-08-14 01:40:08,NHB250814014008.RAWLG24,Long Range,0.0,2025-08-14 02:40:08,2025-08-14 02:40:08,NHB250814024008.RAWLG3D,Long Range,0.0,2025-08-14 03:40:08,2025-08-14 03:40:08,NHB250814034008.RAWLG4N,Long Range,0.0
939,2025-08-14 01:00:08,NHB250814010008.RAWLG19,NHB250814010304.RAWLG1D,NHB250814011008.RAWLG1G,NHB250814011304.RAWLG1L,2025-08-14 01:00:08,2025-08-14 01:00:08,NHB250814010008.RAWLG19,Long Range,0.0,2025-08-14 02:00:08,2025-08-14 02:00:08,NHB250814020008.RAWLG2J,Long Range,0.0,2025-08-14 03:00:08,2025-08-14 03:00:07,NHB250814030007.RAWLG3U,Long Range,1.0,2025-08-14 04:00:08,2025-08-14 04:00:08,NHB250814040008.RAWLG53,Long Range,0.0
940,2025-08-14 01:20:07,NHB250814012007.RAWLG1P,NHB250814012303.RAWLG1U,NHB250814013007.RAWLG1X,NHB250814013304.RAWLG21,2025-08-14 01:20:07,2025-08-14 01:20:07,NHB250814012007.RAWLG1P,Long Range,0.0,2025-08-14 02:20:07,2025-08-14 02:20:09,NHB250814022009.RAWLG2Z,Long Range,2.0,2025-08-14 03:20:07,2025-08-14 03:20:07,NHB250814032007.RAWLG48,Long Range,0.0,2025-08-14 04:20:07,2025-08-14 04:20:07,NHB250814042007.RAWLG5H,Long Range,0.0
941,2025-08-14 01:40:08,NHB250814014008.RAWLG24,NHB250814014304.RAWLG28,NHB250814015007.RAWLG2B,NHB250814015304.RAWLG2F,2025-08-14 01:40:08,2025-08-14 01:40:08,NHB250814014008.RAWLG24,Long Range,0.0,2025-08-14 02:40:08,2025-08-14 02:40:08,NHB250814024008.RAWLG3D,Long Range,0.0,2025-08-14 03:40:08,2025-08-14 03:40:08,NHB250814034008.RAWLG4N,Long Range,0.0,2025-08-14 04:40:08,2025-08-14 04:40:08,NHB250814044008.RAWLG5Y,Long Range,0.0
942,2025-08-14 02:00:08,NHB250814020008.RAWLG2J,NHB250814020303.RAWLG2N,NHB250814021007.RAWLG2S,NHB250814021303.RAWLG2W,2025-08-14 02:00:08,2025-08-14 02:00:08,NHB250814020008.RAWLG2J,Long Range,0.0,2025-08-14 03:00:08,2025-08-14 03:00:07,NHB250814030007.RAWLG3U,Long Range,1.0,2025-08-14 04:00:08,2025-08-14 04:00:08,NHB250814040008.RAWLG53,Long Range,0.0,2025-08-14 05:00:08,2025-08-14 05:00:08,NHB250814050008.RAWLG6C,Long Range,0.0
943,2025-08-14 02:20:09,NHB250814022009.RAWLG2Z,NHB250814022303.RAWLG33,NHB250814023009.RAWLG36,NHB250814023304.RAWLG3A,2025-08-14 02:20:09,2025-08-14 02:20:09,NHB250814022009.RAWLG2Z,Long Range,0.0,2025-08-14 03:20:09,2025-08-14 03:20:07,NHB250814032007.RAWLG48,Long Range,2.0,2025-08-14 04:20:09,2025-08-14 04:20:07,NHB250814042007.RAWLG5H,Long Range,2.0,2025-08-14 05:20:09,2025-08-14 05:20:08,NHB250814052008.RAWLG6T,Long Range,1.0
944,2025-08-14 02:40:08,NHB250814024008.RAWLG3D,NHB250814024304.RAWLG3H,NHB250814025008.RAWLG3L,NHB250814025303.RAWLG3R,2025-08-14 02:40:08,2025-08-14 02:40:08,NHB250814024008.RAWLG3D,Long Range,0.0,2025-08-14 03:40:08,2025-08-14 03:40:08,NHB250814034008.RAWLG4N,Long Range,0.0,2025-08-14 04:40:08,2025-08-14 04:40:08,NHB250814044008.RAWLG5Y,Long Range,0.0,2025-08-14 05:40:08,2025-08-14 05:40:07,NHB250814054007.RAWLG77,Long Range,1.0
945,2025-08-14 03:00:07,NHB250814030007.RAWLG3U,NHB250814030303.RAWLG3Y,NHB250814031008.RAWLG41,NHB250814031303.RAWLG45,2025-08-14 03:00:07,2025-08-14 03:00:07,NHB250814030007.RAWLG3U,Long Range,0.0,2025-08-14 04:00:07,2025-08-14 04:00:08,NHB250814040008.RAWLG53,Long Range,1.0,2025-08-14 05:00:07,2025-08-14 05:00:08,NHB250814050008.RAWLG6C,Long Range,1.0,2025-08-14 06:00:07,2025-08-14 06:00:07,NHB250814060007.RAWLG7M,Long Range,0.0
946,2025-08-14 03:20:07,NHB250814032007.RAWLG48,NHB250814032303.RAWLG4C,NHB250814033008.RAWLG4F,NHB250814033303.RAWLG4K,2025-08-14 03:20:07,2025-08-14 03:20:07,NHB250814032007.RAWLG48,Long Range,0.0,2025-08-14 04:20:07,2025-08-14 04:20:07,NHB250814042007.RAWLG5H,Long Range,0.0,2025-08-14 05:20:07,2025-08-14 05:20:08,NHB250814052008.RAWLG6T,Long Range,1.0,2025-08-14 06:20:07,2025-08-14 06:20:07,NHB250814062007.RAWLG82,Long Range,0.0
947,2025-08-14 03:40:08,NHB250814034008.RAWLG4N,NHB250814034304.RAWLG4T,NHB250814035008.RAWLG4W,NHB250814035303.RAWLG50,2025-08-14 03:40:08,2025-08-14 03:40:08,NHB250814034008.RAWLG4N,Long Range,0.0,2025-08-14 04:40:08,2025-08-14 04:40:08,NHB250814044008.RAWLG5Y,Long Range,0.0,2025-08-14 05:40:08,2025-08-14 05:40:07,NHB250814054007.RAWLG77,Long Range,1.0,2025-08-14 06:40:08,2025-08-14 06:40:08,NHB250814064008.RAWLG8G,Long Range,0.0
948,2025-08-14 04:00:08,NHB250814040008.RAWLG53,NHB250814040304.RAWLG57,NHB250814041008.RAWLG5A,NHB250814041303.RAWLG5E,2025-08-14 04:00:08,2025-08-14 04:00:08,NHB250814040008.RAWLG53,Long Range,0.0,2025-08-14 05:00:08,2025-08-14 05:00:08,NHB250814050008.RAWLG6C,Long Range,0.0,2025-08-14 06:00:08,2025-08-14 06:00:07,NHB250814060007.RAWLG7M,Long Range,1.0,2025-08-14 07:00:08,2025-08-14 07:00:08,NHB250814070008.RAWLG8X,Long Range,0.0
949,2025-08-14 04:20:07,NHB250814042007.RAWLG5H,NHB250814042304.RAWLG5M,NHB250814043008.RAWLG5R,NHB250814043303.RAWLG5V,2025-08-14 04:20:07,2025-08-14 04:20:07,NHB250814042007.RAWLG5H,Long Range,0.0,2025-08-14 05:20:07,2025-08-14 05:20:08,NHB250814052008.RAWLG6T,Long Range,1.0,2025-08-14 06:20:07,2025-08-14 06:20:07,NHB250814062007.RAWLG82,Long Range,0.0,2025-08-14 07:20:07,2025-08-14 07:20:07,NHB250814072007.RAWLG9B,Long Range,0.0
950,2025-08-14 04:40:08,NHB250814044008.RAWLG5Y,NHB250814044303.RAWLG62,NHB250814045007.RAWLG65,NHB250814045304.RAWLG69,2025-08-14 04:40:08,2025-08-14 04:40:08,NHB250814044008.RAWLG5Y,Long Range,0.0,2025-08-14 05:40:08,2025-08-14 05:40:07,NHB250814054007.RAWLG77,Long Range,1.0,2025-08-14 06:40:08,2025-08-14 06:40:08,NHB250814064008.RAWLG8G,Long Range,0.0,2025-08-14 07:40:08,2025-08-14 07:40:08,NHB250814074008.RAWLG9S,Long Range,0.0
951,2025-08-14 05:00:08,NHB250814050008.RAWLG6C,NHB250814050303.RAWLG6G,NHB250814051008.RAWLG6K,NHB250814051304.RAWLG6P,2025-08-14 05:00:08,2025-08-14 05:00:08,NHB250814050008.RAWLG6C,Long Range,0.0,2025-08-14 06:00:08,2025-08-14 06:00:07,NHB250814060007.RAWLG7M,Long Range,1.0,2025-08-14 07:00:08,2025-08-14 07:00:08,NHB250814070008.RAWLG8X,Long Range,0.0,2025-08-14 08:00:08,2025-08-14 08:00:08,NHB250814080008.RAWLGA6,Long Range,0.0
952,2025-08-14 05:20:08,NHB250814052008.RAWLG6T,NHB250814052303.RAWLG6X,NHB250814053008.RAWLG70,NHB250814053304.RAWLG74,2025-08-14 05:20:08,2025-08-14 05:20:08,NHB250814052008.RAWLG6T,Long Range,0.0,2025-08-14 06:20:08,2025-08-14 06:20:07,NHB250814062007.RAWLG82,Long Range,1.0,2025-08-14 07:20:08,2025-08-14 07:20:07,NHB250814072007.RAWLG9B,Long Range,1.0,2025-08-14 08:20:08,2025-08-14 08:20:07,NHB250814082007.RAWLGAL,Long Range,1.0
953,2025-08-14 05:40:07,NHB250814054007.RAWLG77,NHB250814054304.RAWLG7B,NHB250814055007.RAWLG7E,NHB250814055304.RAWLG7J,2025-08-14 05:40:07,2025-08-14 05:40:07,NHB250814054007.RAWLG77,Long Range,0.0,2025-08-14 06:40:07,2025-08-14 06:40:08,NHB250814064008.RAWLG8G,Long Range,1.0,2025-08-14 07:40:07,2025-08-14 07:40:08,NHB250814074008.RAWLG9S,Long Range,1.0,2025-08-14 08:40:07,2025-08-14 08:40:08,NHB250814084008.RAWLGB1,Long Range,1.0
954,2025-08-14 06:00:07,NHB250814060007.RAWLG7M,NHB250814060303.RAWLG7S,NHB250814061007.RAWLG7V,NHB250814061303.RAWLG7Z,2025-08-14 06:00:07,2025-08-14 06:00:07,NHB250814060007.RAWLG7M,Long Range,0.0,2025-08-14 07:00:07,2025-08-14 07:00:08,NHB250814070008.RAWLG8X,Long Range,1.0,2025-08-14 08:00:07,2025-08-14 08:00:08,NHB250814080008.RAWLGA6,Long Range,1.0,2025-08-14 09:00:07,2025-08-14 09:00:08,NHB250814090008.RAWLGBF,Long Range,1.0
955,2025-08-14 06:20:07,NHB250814062007.RAWLG82,NHB250814062304.RAWLG86,NHB250814063008.RAWLG89,NHB250814063303.RAWLG8D,2025-08-14 06:20:07,2025-08-14 06:20:07,NHB250814062007.RAWLG82,Long Range,0.0,2025-08-14 07:20:07,2025-08-14 07:20:07,NHB250814072007.RAWLG9B,Long Range,0.0,2025-08-14 08:20:07,2025-08-14 08:20:07,NHB250814082007.RAWLGAL,Long Range,0.0,2025-08-14 09:20:07,2025-08-14 09:20:07,NHB250814092007.RAWLGBW,Long Range,0.0
956,2025-08-14 06:40:08,NHB250814064008.RAWLG8G,NHB250814064303.RAWLG8L,NHB250814065007.RAWLG8P,NHB250814065303.RAWLG8U,2025-08-14 06:40:08,2025-08-14 06:40:08,NHB250814064008.RAWLG8G,Long Range,0.0,2025-08-14 07:40:08,2025-08-14 07:40:08,NHB250814074008.RAWLG9S,Long Range,0.0,2025-08-14 08:40:08,2025-08-14 08:40:08,NHB250814084008.RAWLGB1,Long Range,0.0,2025-08-14 09:40:08,2025-08-14 09:40:07,NHB250814094007.RAWLGCA,Long Range,1.0
957,2025-08-14 07:00:08,NHB250814070008.RAWLG8X,NHB250814070303.RAWLG91,NHB250814071008.RAWLG94,NHB250814071304.RAWLG98,2025-08-14 07:00:08,2025-08-14 07:00:08,NHB250814070008.RAWLG8X,Long Range,0.0,2025-08-14 08:00:08,2025-08-14 08:00:08,NHB250814080008.RAWLGA6,Long Range,0.0,2025-08-14 09:00:08,2025-08-14 09:00:08,NHB250814090008.RAWLGBF,Long Range,0.0,2025-08-14 10:00:08,2025-08-14 10:00:07,NHB250814100007.RAWLGCR,Long Range,1.0
958,2025-08-14 07:20:07,NHB250814072007.RAWLG9B,NHB250814072304.RAWLG9F,NHB250814073007.RAWLG9J,NHB250814073304.RAWLG9N,2025-08-14 07:20:07,2025-08-14 07:20:07,NHB250814072007.RAWLG9B,Long Range,0.0,2025-08-14 08:20:07,2025-08-14 08:20:07,NHB250814082007.RAWLGAL,Long Range,0.0,2025-08-14 09:20:07,2025-08-14 09:20:07,NHB250814092007.RAWLGBW,Long Range,0.0,2025-08-14 10:20:07,2025-08-14 10:20:08,NHB250814102008.RAWLGD5,Long Range,1.0
959,2025-08-14 07:40:08,NHB250814074008.RAWLG9S,NHB250814074304.RAWLG9W,NHB250814075008.RAWLG9Z,NHB250814075304.RAWLGA3,2025-08-14 07:40:08,2025-08-14 07:40:08,NHB250814074008.RAWLG9S,Long Range,0.0,2025-08-14 08:40:08,2025-08-14 08:40:08,NHB250814084008.RAWLGB1,Long Range,0.0,2025-08-14 09:40:08,2025-08-14 09:40:07,NHB250814094007.RAWLGCA,Long Range,1.0,2025-08-14 10:40:08,2025-08-14 10:40:08,NHB250814104008.RAWLGDK,Long Range,0.0
960,2025-08-14 08:00:08,NHB250814080008.RAWLGA6,NHB250814080303.RAWLGAA,NHB250814081008.RAWLGAD,NHB250814081304.RAWLGAH,2025-08-14 08:00:08,2025-08-14 08:00:08,NHB250814080008.RAWLGA6,Long Range,0.0,2025-08-14 09:00:08,2025-08-14 09:00:08,NHB250814090008.RAWLGBF,Long Range,0.0,2025-08-14 10:00:08,2025-08-14 10:00:07,NHB250814100007.RAWLGCR,Long Range,1.0,2025-08-14 11:00:08,2025-08-14 11:00:07,NHB250814110007.RAWLGE0,Long Range,1.0
961,2025-08-14 08:20:07,NHB250814082007.RAWLGAL,NHB250814082304.RAWLGAR,NHB250814083008.RAWLGAU,NHB250814083304.RAWLGAY,2025-08-14 08:20:07,2025-08-14 08:20:07,NHB250814082007.RAWLGAL,Long Range,0.0,2025-08-14 09:20:07,2025-08-14 09:20:07,NHB250814092007.RAWLGBW,Long Range,0.0,2025-08-14 10:20:07,2025-08-14 10:20:08,NHB250814102008.RAWLGD5,Long Range,1.0,2025-08-14 11:20:07,2025-08-14 11:20:08,NHB250814112008.RAWLGEE,Long Range,1.0
962,2025-08-14 08:40:08,NHB250814084008.RAWLGB1,NHB250814084304.RAWLGB5,NHB250814085007.RAWLGB8,NHB250814085304.RAWLGBC,2025-08-14 08:40:08,2025-08-14 08:40:08,NHB250814084008.RAWLGB1,Long Range,0.0,2025-08-14 09:40:08,2025-08-14 09:40:07,NHB250814094007.RAWLGCA,Long Range,1.0,2025-08-14 10:40:08,2025-08-14 10:40:08,NHB250814104008.RAWLGDK,Long Range,0.0,2025-08-14 11:40:08,2025-08-14 11:40:07,NHB250814114007.RAWLGEV,Long Range,1.0
963,2025-08-14 09:00:08,NHB250814090008.RAWLGBF,NHB250814090304.RAWLGBK,NHB250814091007.RAWLGBN,NHB250814091304.RAWLGBT,2025-08-14 09:00:08,2025-08-14 09:00:08,NHB250814090008.RAWLGBF,Long Range,0.0,2025-08-14 10:00:08,2025-08-14 10:00:07,NHB250814100007.RAWLGCR,Long Range,1.0,2025-08-14 11:00:08,2025-08-14 11:00:07,NHB250814110007.RAWLGE0,Long Range,1.0,2025-08-14 12:00:08,2025-08-14 12:00:07,NHB250814120007.RAWLGF9,Long Range,1.0
964,2025-08-14 09:20:07,NHB250814092007.RAWLGBW,NHB250814092304.RAWLGC0,NHB250814093008.RAWLGC3,NHB250814093303.RAWLGC7,2025-08-14 09:20:07,2025-08-14 09:20:07,NHB250814092007.RAWLGBW,Long Range,0.0,2025-08-14 10:20:07,2025-08-14 10:20:08,NHB250814102008.RAWLGD5,Long Range,1.0,2025-08-14 11:20:07,2025-08-14 11:20:08,NHB250814112008.RAWLGEE,Long Range,1.0,2025-08-14 12:20:07,2025-08-14 12:20:07,NHB250814122007.RAWLGFP,Long Range,0.0
965,2025-08-14 09:40:07,NHB250814094007.RAWLGCA,NHB250814094304.RAWLGCE,NHB250814095008.RAWLGCH,NHB250814095303.RAWLGCM,2025-08-14 09:40:07,2025-08-14 09:40:07,NHB250814094007.RAWLGCA,Long Range,0.0,2025-08-14 10:40:07,2025-08-14 10:40:08,NHB250814104008.RAWLGDK,Long Range,1.0,2025-08-14 11:40:07,2025-08-14 11:40:07,NHB250814114007.RAWLGEV,Long Range,0.0,2025-08-14 12:40:07,2025-08-14 12:40:08,NHB250814124008.RAWLGG4,Long Range,1.0
966,2025-08-14 10:00:07,NHB250814100007.RAWLGCR,NHB250814100303.RAWLGCV,NHB250814101007.RAWLGCY,NHB250814101303.RAWLGD2,2025-08-14 10:00:07,2025-08-14 10:00:07,NHB250814100007.RAWLGCR,Long Range,0.0,2025-08-14 11:00:07,2025-08-14 11:00:07,NHB250814110007.RAWLGE0,Long Range,0.0,2025-08-14 12:00:07,2025-08-14 12:00:07,NHB250814120007.RAWLGF9,Long Range,0.0,2025-08-14 13:00:07,2025-08-14 13:00:07,NHB250814130007.RAWLGGJ,Long Range,0.0
967,2025-08-14 10:20:08,NHB250814102008.RAWLGD5,NHB250814102305.RAWLGD9,NHB250814103008.RAWLGDC,NHB250814103304.RAWLGDG,2025-08-14 10:20:08,2025-08-14 10:20:08,NHB250814102008.RAWLGD5,Long Range,0.0,2025-08-14 11:20:08,2025-08-14 11:20:08,NHB250814112008.RAWLGEE,Long Range,0.0,2025-08-14 12:20:08,2025-08-14 12:20:07,NHB250814122007.RAWLGFP,Long Range,1.0,2025-08-14 13:20:08,2025-08-14 13:20:08,NHB250814132008.RAWLGGZ,Long Range,0.0
968,2025-08-14 10:40:08,NHB250814104008.RAWLGDK,NHB250814104304.RAWLGDP,NHB250814105007.RAWLGDT,NHB250814105303.RAWLGDX,2025-08-14 10:40:08,2025-08-14 10:40:08,NHB250814104008.RAWLGDK,Long Range,0.0,2025-08-14 11:40:08,2025-08-14 11:40:07,NHB250814114007.RAWLGEV,Long Range,1.0,2025-08-14 12:40:08,2025-08-14 12:40:08,NHB250814124008.RAWLGG4,Long Range,0.0,2025-08-14 13:40:08,2025-08-14 13:40:08,NHB250814134008.RAWLGHD,Long Range,0.0
969,2025-08-14 11:00:07,NHB250814110007.RAWLGE0,NHB250814110303.RAWLGE4,NHB250814111008.RAWLGE7,NHB250814111303.RAWLGEB,2025-08-14 11:00:07,2025-08-14 11:00:07,NHB250814110007.RAWLGE0,Long Range,0.0,2025-08-14 12:00:07,2025-08-14 12:00:07,NHB250814120007.RAWLGF9,Long Range,0.0,2025-08-14 13:00:07,2025-08-14 13:00:07,NHB250814130007.RAWLGGJ,Long Range,0.0,2025-08-14 14:00:07,2025-08-14 14:00:07,NHB250814140007.RAWLGHU,Long Range,0.0
970,2025-08-14 11:20:08,NHB250814112008.RAWLGEE,NHB250814112304.RAWLGEJ,NHB250814113007.RAWLGEM,NHB250814113303.RAWLGES,2025-08-14 11:20:08,2025-08-14 11:20:08,NHB250814112008.RAWLGEE,Long Range,0.0,2025-08-14 12:20:08,2025-08-14 12:20:07,NHB250814122007.RAWLGFP,Long Range,1.0,2025-08-14 13:20:08,2025-08-14 13:20:08,NHB250814132008.RAWLGGZ,Long Range,0.0,2025-08-14 14:20:08,2025-08-14 14:20:08,NHB250814142008.RAWLGJ8,Long Range,0.0
971,2025-08-14 11:40:07,NHB250814114007.RAWLGEV,NHB250814114303.RAWLGEZ,NHB250814115008.RAWLGF2,NHB250814115305.RAWLGF6,2025-08-14 11:40:07,2025-08-14 11:40:07,NHB250814114007.RAWLGEV,Long Range,0.0,2025-08-14 12:40:07,2025-08-14 12:40:08,NHB250814124008.RAWLGG4,Long Range,1.0,2025-08-14 13:40:07,2025-08-14 13:40:08,NHB250814134008.RAWLGHD,Long Range,1.0,2025-08-14 14:40:07,2025-08-14 14:40:08,NHB250814144008.RAWLGJN,Long Range,1.0
972,2025-08-14 12:00:07,NHB250814120007.RAWLGF9,NHB250814120304.RAWLGFD,NHB250814121008.RAWLGFG,NHB250814121303.RAWLGFL,2025-08-14 12:00:07,2025-08-14 12:00:07,NHB250814120007.RAWLGF9,Long Range,0.0,2025-08-14 13:00:07,2025-08-14 13:00:07,NHB250814130007.RAWLGGJ,Long Range,0.0,2025-08-14 14:00:07,2025-08-14 14:00:07,NHB250814140007.RAWLGHU,Long Range,0.0,2025-08-14 15:00:07,2025-08-14 15:00:07,NHB250814150007.RAWLGK3,Long Range,0.0
973,2025-08-14 12:20:07,NHB250814122007.RAWLGFP,NHB250814122303.RAWLGFU,NHB250814123008.RAWLGFX,NHB250814123304.RAWLGG1,2025-08-14 12:20:07,2025-08-14 12:20:07,NHB250814122007.RAWLGFP,Long Range,0.0,2025-08-14 13:20:07,2025-08-14 13:20:08,NHB250814132008.RAWLGGZ,Long Range,1.0,2025-08-14 14:20:07,2025-08-14 14:20:08,NHB250814142008.RAWLGJ8,Long Range,1.0,2025-08-14 15:20:07,2025-08-14 15:20:07,NHB250814152007.RAWLGKH,Long Range,0.0
974,2025-08-14 12:40:08,NHB250814124008.RAWLGG4,NHB250814124303.RAWLGG8,NHB250814125007.RAWLGGB,NHB250814125303.RAWLGGF,2025-08-14 12:40:08,2025-08-14 12:40:08,NHB250814124008.RAWLGG4,Long Range,0.0,2025-08-14 13:40:08,2025-08-14 13:40:08,NHB250814134008.RAWLGHD,Long Range,0.0,2025-08-14 14:40:08,2025-08-14 14:40:08,NHB250814144008.RAWLGJN,Long Range,0.0,2025-08-14 15:40:08,2025-08-14 15:40:08,NHB250814154008.RAWLGKY,Long Range,0.0
975,2025-08-14 13:00:07,NHB250814130007.RAWLGGJ,NHB250814130303.RAWLGGN,NHB250814131007.RAWLGGS,NHB250814131303.RAWLGGW,2025-08-14 13:00:07,2025-08-14 13:00:07,NHB250814130007.RAWLGGJ,Long Range,0.0,2025-08-14 14:00:07,2025-08-14 14:00:07,NHB250814140007.RAWLGHU,Long Range,0.0,2025-08-14 15:00:07,2025-08-14 15:00:07,NHB250814150007.RAWLGK3,Long Range,0.0,2025-08-14 16:00:07,2025-08-14 16:00:08,NHB250814160008.RAWLGLC,Long Range,1.0
976,2025-08-14 13:20:08,NHB250814132008.RAWLGGZ,NHB250814132303.RAWLGH3,NHB250814133007.RAWLGH6,NHB250814133303.RAWLGHA,2025-08-14 13:20:08,2025-08-14 13:20:08,NHB250814132008.RAWLGGZ,Long Range,0.0,2025-08-14 14:20:08,2025-08-14 14:20:08,NHB250814142008.RAWLGJ8,Long Range,0.0,2025-08-14 15:20:08,2025-08-14 15:20:07,NHB250814152007.RAWLGKH,Long Range,1.0,2025-08-14 16:20:08,2025-08-14 16:20:07,NHB250814162007.RAWLGLT,Long Range,1.0
977,2025-08-14 13:40:08,NHB250814134008.RAWLGHD,NHB250814134304.RAWLGHH,NHB250814135008.RAWLGHL,NHB250814135303.RAWLGHR,2025-08-14 13:40:08,2025-08-14 13:40:08,NHB250814134008.RAWLGHD,Long Range,0.0,2025-08-14 14:40:08,2025-08-14 14:40:08,NHB250814144008.RAWLGJN,Long Range,0.0,2025-08-14 15:40:08,2025-08-14 15:40:08,NHB250814154008.RAWLGKY,Long Range,0.0,2025-08-14 16:40:08,2025-08-14 16:40:08,NHB250814164008.RAWLGM7,Long Range,0.0
978,2025-08-14 14:00:07,NHB250814140007.RAWLGHU,NHB250814140303.RAWLGHY,NHB250814141007.RAWLGJ1,NHB250814141304.RAWLGJ5,2025-08-14 14:00:07,2025-08-14 14:00:07,NHB250814140007.RAWLGHU,Long Range,0.0,2025-08-14 15:00:07,2025-08-14 15:00:07,NHB250814150007.RAWLGK3,Long Range,0.0,2025-08-14 16:00:07,2025-08-14 16:00:08,NHB250814160008.RAWLGLC,Long Range,1.0,2025-08-14 17:00:07,2025-08-14 17:00:08,NHB250814170008.RAWLGMM,Long Range,1.0
979,2025-08-14 14:20:08,NHB250814142008.RAWLGJ8,NHB250814142304.RAWLGJC,NHB250814143008.RAWLGJF,NHB250814143304.RAWLGJK,2025-08-14 14:20:08,2025-08-14 14:20:08,NHB250814142008.RAWLGJ8,Long Range,0.0,2025-08-14 15:20:08,2025-08-14 15:20:07,NHB250814152007.RAWLGKH,Long Range,1.0,2025-08-14 16:20:08,2025-08-14 16:20:07,NHB250814162007.RAWLGLT,Long Range,1.0,2025-08-14 17:20:08,2025-08-14 17:20:08,NHB250814172008.RAWLGN2,Long Range,0.0
980,2025-08-14 14:40:08,NHB250814144008.RAWLGJN,NHB250814144304.RAWLGJT,NHB250814145009.RAWLGJW,NHB250814145303.RAWLGK0,2025-08-14 14:40:08,2025-08-14 14:40:08,NHB250814144008.RAWLGJN,Long Range,0.0,2025-08-14 15:40:08,2025-08-14 15:40:08,NHB250814154008.RAWLGKY,Long Range,0.0,2025-08-14 16:40:08,2025-08-14 16:40:08,NHB250814164008.RAWLGM7,Long Range,0.0,2025-08-14 17:40:08,2025-08-14 17:40:08,NHB250814174008.RAWLGNG,Long Range,0.0
981,2025-08-14 15:00:07,NHB250814150007.RAWLGK3,NHB250814150303.RAWLGK7,NHB250814151007.RAWLGKA,NHB250814151304.RAWLGKE,2025-08-14 15:00:07,2025-08-14 15:00:07,NHB250814150007.RAWLGK3,Long Range,0.0,2025-08-14 16:00:07,2025-08-14 16:00:08,NHB250814160008.RAWLGLC,Long Range,1.0,2025-08-14 17:00:07,2025-08-14 17:00:08,NHB250814170008.RAWLGMM,Long Range,1.0,2025-08-14 18:00:07,2025-08-14 18:00:08,NHB250814180008.RAWLGNX,Long Range,1.0
982,2025-08-14 15:20:07,NHB250814152007.RAWLGKH,NHB250814152304.RAWLGKM,NHB250814153008.RAWLGKR,NHB250814153304.RAWLGKV,2025-08-14 15:20:07,2025-08-14 15:20:07,NHB250814152007.RAWLGKH,Long Range,0.0,2025-08-14 16:20:07,2025-08-14 16:20:07,NHB250814162007.RAWLGLT,Long Range,0.0,2025-08-14 17:20:07,2025-08-14 17:20:08,NHB250814172008.RAWLGN2,Long Range,1.0,2025-08-14 18:20:07,2025-08-14 18:20:08,NHB250814182008.RAWLGPB,Long Range,1.0
983,2025-08-14 15:40:08,NHB250814154008.RAWLGKY,NHB250814154303.RAWLGL2,NHB250814155007.RAWLGL5,NHB250814155304.RAWLGL9,2025-08-14 15:40:08,2025-08-14 15:40:08,NHB250814154008.RAWLGKY,Long Range,0.0,2025-08-14 16:40:08,2025-08-14 16:40:08,NHB250814164008.RAWLGM7,Long Range,0.0,2025-08-14 17:40:08,2025-08-14 17:40:08,NHB250814174008.RAWLGNG,Long Range,0.0,2025-08-14 18:40:08,2025-08-14 18:40:09,NHB250814184009.RAWLGPS,Long Range,1.0
984,2025-08-14 16:00:08,NHB250814160008.RAWLGLC,NHB250814160303.RAWLGLG,NHB250814161007.RAWLGLK,NHB250814161304.RAWLGLP,2025-08-14 16:00:08,2025-08-14 16:00:08,NHB250814160008.RAWLGLC,Long Range,0.0,2025-08-14 17:00:08,2025-08-14 17:00:08,NHB250814170008.RAWLGMM,Long Range,0.0,2025-08-14 18:00:08,2025-08-14 18:00:08,NHB250814180008.RAWLGNX,Long Range,0.0,2025-08-14 19:00:08,2025-08-14 19:00:09,NHB250814190009.RAWLGR6,Long Range,1.0
985,2025-08-14 16:20:07,NHB250814162007.RAWLGLT,NHB250814162304.RAWLGLX,NHB250814163008.RAWLGM0,NHB250814163303.RAWLGM4,2025-08-14 16:20:07,2025-08-14 16:20:07,NHB250814162007.RAWLGLT,Long Range,0.0,2025-08-14 17:20:07,2025-08-14 17:20:08,NHB250814172008.RAWLGN2,Long Range,1.0,2025-08-14 18:20:07,2025-08-14 18:20:08,NHB250814182008.RAWLGPB,Long Range,1.0,2025-08-14 19:20:07,2025-08-14 19:20:07,NHB250814192007.RAWLGRL,Long Range,0.0
986,2025-08-14 16:40:08,NHB250814164008.RAWLGM7,NHB250814164304.RAWLGMB,NHB250814165008.RAWLGME,NHB250814165303.RAWLGMJ,2025-08-14 16:40:08,2025-08-14 16:40:08,NHB250814164008.RAWLGM7,Long Range,0.0,2025-08-14 17:40:08,2025-08-14 17:40:08,NHB250814174008.RAWLGNG,Long Range,0.0,2025-08-14 18:40:08,2025-08-14 18:40:09,NHB250814184009.RAWLGPS,Long Range,1.0,2025-08-14 19:40:08,2025-08-14 19:40:07,NHB250814194007.RAWLGS1,Long Range,1.0
987,2025-08-14 17:00:08,NHB250814170008.RAWLGMM,NHB250814170303.RAWLGMS,NHB250814171008.RAWLGMV,NHB250814171304.RAWLGMZ,2025-08-14 17:00:08,2025-08-14 17:00:08,NHB250814170008.RAWLGMM,Long Range,0.0,2025-08-14 18:00:08,2025-08-14 18:00:08,NHB250814180008.RAWLGNX,Long Range,0.0,2025-08-14 19:00:08,2025-08-14 19:00:09,NHB250814190009.RAWLGR6,Long Range,1.0,2025-08-14 20:00:08,2025-08-14 20:00:08,NHB250814200008.RAWLGSF,Long Range,0.0
988,2025-08-14 17:20:08,NHB250814172008.RAWLGN2,NHB250814172303.RAWLGN6,NHB250814173007.RAWLGN9,NHB250814173303.RAWLGND,2025-08-14 17:20:08,2025-08-14 17:20:08,NHB250814172008.RAWLGN2,Long Range,0.0,2025-08-14 18:20:08,2025-08-14 18:20:08,NHB250814182008.RAWLGPB,Long Range,0.0,2025-08-14 19:20:08,2025-08-14 19:20:07,NHB250814192007.RAWLGRL,Long Range,1.0,2025-08-14 20:20:08,2025-08-14 20:20:08,NHB250814202008.RAWLGSW,Long Range,0.0
989,2025-08-14 17:40:08,NHB250814174008.RAWLGNG,NHB250814174304.RAWLGNL,NHB250814175008.RAWLGNP,NHB250814175305.RAWLGNU,2025-08-14 17:40:08,2025-08-14 17:40:08,NHB250814174008.RAWLGNG,Long Range,0.0,2025-08-14 18:40:08,2025-08-14 18:40:09,NHB250814184009.RAWLGPS,Long Range,1.0,2025-08-14 19:40:08,2025-08-14 19:40:07,NHB250814194007.RAWLGS1,Long Range,1.0,2025-08-14 20:40:08,2025-08-14 20:40:07,NHB250814204007.RAWLGTA,Long Range,1.0
990,2025-08-14 18:00:08,NHB250814180008.RAWLGNX,NHB250814180304.RAWLGP1,NHB250814181007.RAWLGP4,NHB250814181303.RAWLGP8,2025-08-14 18:00:08,2025-08-14 18:00:08,NHB250814180008.RAWLGNX,Long Range,0.0,2025-08-14 19:00:08,2025-08-14 19:00:09,NHB250814190009.RAWLGR6,Long Range,1.0,2025-08-14 20:00:08,2025-08-14 20:00:08,NHB250814200008.RAWLGSF,Long Range,0.0,2025-08-14 21:00:08,2025-08-14 21:00:09,NHB250814210009.RAWLGTR,Long Range,1.0
991,2025-08-14 18:20:08,NHB250814182008.RAWLGPB,NHB250814182304.RAWLGPF,NHB250814183007.RAWLGPJ,NHB250814183304.RAWLGPN,2025-08-14 18:20:08,2025-08-14 18:20:08,NHB250814182008.RAWLGPB,Long Range,0.0,2025-08-14 19:20:08,2025-08-14 19:20:07,NHB250814192007.RAWLGRL,Long Range,1.0,2025-08-14 20:20:08,2025-08-14 20:20:08,NHB250814202008.RAWLGSW,Long Range,0.0,2025-08-14 21:20:08,2025-08-14 21:20:08,NHB250814212008.RAWLGU5,Long Range,0.0
992,2025-08-14 18:40:09,NHB250814184009.RAWLGPS,NHB250814184304.RAWLGPW,NHB250814185009.RAWLGPZ,NHB250814185303.RAWLGR3,2025-08-14 18:40:09,2025-08-14 18:40:09,NHB250814184009.RAWLGPS,Long Range,0.0,2025-08-14 19:40:09,2025-08-14 19:40:07,NHB250814194007.RAWLGS1,Long Range,2.0,2025-08-14 20:40:09,2025-08-14 20:40:07,NHB250814204007.RAWLGTA,Long Range,2.0,2025-08-14 21:40:09,2025-08-14 21:40:08,NHB250814214008.RAWLGUK,Long Range,1.0
993,2025-08-14 19:00:09,NHB250814190009.RAWLGR6,NHB250814190303.RAWLGRA,NHB250814191007.RAWLGRD,NHB250814191304.RAWLGRH,2025-08-14 19:00:09,2025-08-14 19:00:09,NHB250814190009.RAWLGR6,Long Range,0.0,2025-08-14 20:00:09,2025-08-14 20:00:08,NHB250814200008.RAWLGSF,Long Range,1.0,2025-08-14 21:00:09,2025-08-14 21:00:09,NHB250814210009.RAWLGTR,Long Range,0.0,2025-08-14 22:00:09,2025-08-14 22:00:07,NHB250814220007.RAWLGV0,Long Range,2.0
994,2025-08-14 19:20:07,NHB250814192007.RAWLGRL,NHB250814192304.RAWLGRR,NHB250814193008.RAWLGRU,NHB250814193304.RAWLGRY,2025-08-14 19:20:07,2025-08-14 19:20:07,NHB250814192007.RAWLGRL,Long Range,0.0,2025-08-14 20:20:07,2025-08-14 20:20:08,NHB250814202008.RAWLGSW,Long Range,1.0,2025-08-14 21:20:07,2025-08-14 21:20:08,NHB250814212008.RAWLGU5,Long Range,1.0,2025-08-14 22:20:07,2025-08-14 22:20:07,NHB250814222007.RAWLGVE,Long Range,0.0
995,2025-08-14 19:40:07,NHB250814194007.RAWLGS1,NHB250814194303.RAWLGS5,NHB250814195007.RAWLGS8,NHB250814195304.RAWLGSC,2025-08-14 19:40:07,2025-08-14 19:40:07,NHB250814194007.RAWLGS1,Long Range,0.0,2025-08-14 20:40:07,2025-08-14 20:40:07,NHB250814204007.RAWLGTA,Long Range,0.0,2025-08-14 21:40:07,2025-08-14 21:40:08,NHB250814214008.RAWLGUK,Long Range,1.0,2025-08-14 22:40:07,2025-08-14 22:40:07,NHB250814224007.RAWLGVV,Long Range,0.0
996,2025-08-14 20:00:08,NHB250814200008.RAWLGSF,NHB250814200303.RAWLGSK,NHB250814201007.RAWLGSN,NHB250814201304.RAWLGST,2025-08-14 20:00:08,2025-08-14 20:00:08,NHB250814200008.RAWLGSF,Long Range,0.0,2025-08-14 21:00:08,2025-08-14 21:00:09,NHB250814210009.RAWLGTR,Long Range,1.0,2025-08-14 22:00:08,2025-08-14 22:00:07,NHB250814220007.RAWLGV0,Long Range,1.0,2025-08-14 23:00:08,2025-08-14 23:00:08,NHB250814230008.RAWLGW9,Long Range,0.0
997,2025-08-14 20:20:08,NHB250814202008.RAWLGSW,NHB250814202304.RAWLGT0,NHB250814203008.RAWLGT3,NHB250814203303.RAWLGT7,2025-08-14 20:20:08,2025-08-14 20:20:08,NHB250814202008.RAWLGSW,Long Range,0.0,2025-08-14 21:20:08,2025-08-14 21:20:08,NHB250814212008.RAWLGU5,Long Range,0.0,2025-08-14 22:20:08,2025-08-14 22:20:07,NHB250814222007.RAWLGVE,Long Range,1.0,2025-08-14 23:20:08,2025-08-14 23:20:08,NHB250814232008.RAWLGWP,Long Range,0.0
998,2025-08-14 20:40:07,NHB250814204007.RAWLGTA,NHB250814204303.RAWLGTE,NHB250814205007.RAWLGTH,NHB250814205303.RAWLGTM,2025-08-14 20:40:07,2025-08-14 20:40:07,NHB250814204007.RAWLGTA,Long Range,0.0,2025-08-14 21:40:07,2025-08-14 21:40:08,NHB250814214008.RAWLGUK,Long Range,1.0,2025-08-14 22:40:07,2025-08-14 22:40:07,NHB250814224007.RAWLGVV,Long Range,0.0,2025-08-14 23:40:07,2025-08-14 23:40:07,NHB250814234007.RAWLGX4,Long Range,0.0
999,2025-08-14 21:00:09,NHB250814210009.RAWLGTR,NHB250814210303.RAWLGTV,NHB250814211007.RAWLGTY,NHB250814211305.RAWLGU2,2025-08-14 21:00:09,2025-08-14 21:00:09,NHB250814210009.RAWLGTR,Long Range,0.0,2025-08-14 22:00:09,2025-08-14 22:00:07,NHB250814220007.RAWLGV0,Long Range,2.0,2025-08-14 23:00:09,2025-08-14 23:00:08,NHB250814230008.RAWLGW9,Long Range,1.0,2025-08-15 00:00:09,2025-08-15 00:00:08,NHB250815000008.RAWLGXJ,Long Range,1.0
1000,2025-08-14 21:20:08,NHB250814212008.RAWLGU5,NHB250814212303.RAWLGU9,NHB250814213008.RAWLGUC,NHB250814213304.RAWLGUG,2025-08-14 21:20:08,2025-08-14 21:20:08,NHB250814212008.RAWLGU5,Long Range,0.0,2025-08-14 22:20:08,2025-08-14 22:20:07,NHB250814222007.RAWLGVE,Long Range,1.0,2025-08-14 23:20:08,2025-08-14 23:20:08,NHB250814232008.RAWLGWP,Long Range,0.0,2025-08-15 00:20:08,2025-08-15 00:20:08,NHB250815002008.RAWLGXZ,Long Range,0.0
1001,2025-08-14 21:40:08,NHB250814214008.RAWLGUK,NHB250814214303.RAWLGUP,NHB250814215008.RAWLGUT,NHB250814215303.RAWLGUX,2025-08-14 21:40:08,2025-08-14 21:40:08,NHB250814214008.RAWLGUK,Long Range,0.0,2025-08-14 22:40:08,2025-08-14 22:40:07,NHB250814224007.RAWLGVV,Long Range,1.0,2025-08-14 23:40:08,2025-08-14 23:40:07,NHB250814234007.RAWLGX4,Long Range,1.0,2025-08-15 00:40:08,2025-08-15 00:40:08,NHB250815004008.RAWLGYD,Long Range,0.0
1002,2025-08-14 22:00:07,NHB250814220007.RAWLGV0,NHB250814220304.RAWLGV4,NHB250814221007.RAWLGV7,NHB250814221304.RAWLGVB,2025-08-14 22:00:07,2025-08-14 22:00:07,NHB250814220007.RAWLGV0,Long Range,0.0,2025-08-14 23:00:07,2025-08-14 23:00:08,NHB250814230008.RAWLGW9,Long Range,1.0,2025-08-15 00:00:07,2025-08-15 00:00:08,NHB250815000008.RAWLGXJ,Long Range,1.0,2025-08-15 01:00:07,2025-08-15 01:00:08,NHB250815010008.RAWLGYU,Long Range,1.0
1003,2025-08-14 22:20:07,NHB250814222007.RAWLGVE,NHB250814222303.RAWLGVJ,NHB250814223007.RAWLGVM,NHB250814223304.RAWLGVS,2025-08-14 22:20:07,2025-08-14 22:20:07,NHB250814222007.RAWLGVE,Long Range,0.0,2025-08-14 23:20:07,2025-08-14 23:20:08,NHB250814232008.RAWLGWP,Long Range,1.0,2025-08-15 00:20:07,2025-08-15 00:20:08,NHB250815002008.RAWLGXZ,Long Range,1.0,2025-08-15 01:20:07,2025-08-15 01:20:08,NHB250815012008.RAWLGZ8,Long Range,1.0
1004,2025-08-14 22:40:07,NHB250814224007.RAWLGVV,NHB250814224303.RAWLGVZ,NHB250814225008.RAWLGW2,NHB250814225303.RAWLGW6,2025-08-14 22:40:07,2025-08-14 22:40:07,NHB250814224007.RAWLGVV,Long Range,0.0,2025-08-14 23:40:07,2025-08-14 23:40:07,NHB250814234007.RAWLGX4,Long Range,0.0,2025-08-15 00:40:07,2025-08-15 00:40:08,NHB250815004008.RAWLGYD,Long Range,1.0,2025-08-15 01:40:07,2025-08-15 01:40:08,NHB250815014008.RAWLGZN,Long Range,1.0
1005,2025-08-14 23:00:08,NHB250814230008.RAWLGW9,NHB250814230303.RAWLGWD,NHB250814231007.RAWLGWG,NHB250814231303.RAWLGWL,2025-08-14 23:00:08,2025-08-14 23:00:08,NHB250814230008.RAWLGW9,Long Range,0.0,2025-08-15 00:00:08,2025-08-15 00:00:08,NHB250815000008.RAWLGXJ,Long Range,0.0,2025-08-15 01:00:08,2025-08-15 01:00:08,NHB250815010008.RAWLGYU,Long Range,0.0,2025-08-15 02:00:08,2025-08-15 02:00:08,NHB250815020008.RAWLH03,Long Range,0.0
1006,2025-08-14 23:20:08,NHB250814232008.RAWLGWP,NHB250814232304.RAWLGWU,NHB250814233007.RAWLGWX,NHB250814233303.RAWLGX1,2025-08-14 23:20:08,2025-08-14 23:20:08,NHB250814232008.RAWLGWP,Long Range,0.0,2025-08-15 00:20:08,2025-08-15 00:20:08,NHB250815002008.RAWLGXZ,Long Range,0.0,2025-08-15 01:20:08,2025-08-15 01:20:08,NHB250815012008.RAWLGZ8,Long Range,0.0,2025-08-15 02:20:08,2025-08-15 02:20:08,NHB250815022008.RAWLH0H,Long Range,0.0
1007,2025-08-14 23:40:07,NHB250814234007.RAWLGX4,NHB250814234303.RAWLGX8,NHB250814235008.RAWLGXB,NHB250814235303.RAWLGXF,2025-08-14 23:40:07,2025-08-14 23:40:07,NHB250814234007.RAWLGX4,Long Range,0.0,2025-08-15 00:40:07,2025-08-15 00:40:08,NHB250815004008.RAWLGYD,Long Range,1.0,2025-08-15 01:40:07,2025-08-15 01:40:08,NHB250815014008.RAWLGZN,Long Range,1.0,2025-08-15 02:40:07,2025-08-15 02:40:07,NHB250815024007.RAWLH0Y,Long Range,0.0
1008,2025-08-15 00:00:08,NHB250815000008.RAWLGXJ,NHB250815000304.RAWLGXN,NHB250815001007.RAWLGXS,NHB250815001304.RAWLGXW,2025-08-15 00:00:08,2025-08-15 00:00:08,NHB250815000008.RAWLGXJ,Long Range,0.0,2025-08-15 01:00:08,2025-08-15 01:00:08,NHB250815010008.RAWLGYU,Long Range,0.0,2025-08-15 02:00:08,2025-08-15 02:00:08,NHB250815020008.RAWLH03,Long Range,0.0,2025-08-15 03:00:08,2025-08-15 03:00:07,NHB250815030007.RAWLH1C,Long Range,1.0
1009,2025-08-15 00:20:08,NHB250815002008.RAWLGXZ,NHB250815002304.RAWLGY3,NHB250815003008.RAWLGY6,NHB250815003304.RAWLGYA,2025-08-15 00:20:08,2025-08-15 00:20:08,NHB250815002008.RAWLGXZ,Long Range,0.0,2025-08-15 01:20:08,2025-08-15 01:20:08,NHB250815012008.RAWLGZ8,Long Range,0.0,2025-08-15 02:20:08,2025-08-15 02:20:08,NHB250815022008.RAWLH0H,Long Range,0.0,2025-08-15 03:20:08,2025-08-15 03:20:07,NHB250815032007.RAWLH1T,Long Range,1.0
1010,2025-08-15 00:40:08,NHB250815004008.RAWLGYD,NHB250815004304.RAWLGYH,NHB250815005007.RAWLGYL,NHB250815005303.RAWLGYR,2025-08-15 00:40:08,2025-08-15 00:40:08,NHB250815004008.RAWLGYD,Long Range,0.0,2025-08-15 01:40:08,2025-08-15 01:40:08,NHB250815014008.RAWLGZN,Long Range,0.0,2025-08-15 02:40:08,2025-08-15 02:40:07,NHB250815024007.RAWLH0Y,Long Range,1.0,2025-08-15 03:40:08,2025-08-15 03:40:08,NHB250815034008.RAWLH27,Long Range,0.0
1011,2025-08-15 01:00:08,NHB250815010008.RAWLGYU,NHB250815010305.RAWLGYY,NHB250815011007.RAWLGZ1,NHB250815011303.RAWLGZ5,2025-08-15 01:00:08,2025-08-15 01:00:08,NHB250815010008.RAWLGYU,Long Range,0.0,2025-08-15 02:00:08,2025-08-15 02:00:08,NHB250815020008.RAWLH03,Long Range,0.0,2025-08-15 03:00:08,2025-08-15 03:00:07,NHB250815030007.RAWLH1C,Long Range,1.0,2025-08-15 04:00:08,2025-08-15 04:00:07,NHB250815040007.RAWLH2M,Long Range,1.0
1012,2025-08-15 01:20:08,NHB250815012008.RAWLGZ8,NHB250815012303.RAWLGZC,NHB250815013008.RAWLGZF,NHB250815013304.RAWLGZK,2025-08-15 01:20:08,2025-08-15 01:20:08,NHB250815012008.RAWLGZ8,Long Range,0.0,2025-08-15 02:20:08,2025-08-15 02:20:08,NHB250815022008.RAWLH0H,Long Range,0.0,2025-08-15 03:20:08,2025-08-15 03:20:07,NHB250815032007.RAWLH1T,Long Range,1.0,2025-08-15 04:20:08,2025-08-15 04:20:08,NHB250815042008.RAWLH32,Long Range,0.0
1013,2025-08-15 01:40:08,NHB250815014008.RAWLGZN,NHB250815014303.RAWLGZT,NHB250815015007.RAWLGZW,NHB250815015303.RAWLH00,2025-08-15 01:40:08,2025-08-15 01:40:08,NHB250815014008.RAWLGZN,Long Range,0.0,2025-08-15 02:40:08,2025-08-15 02:40:07,NHB250815024007.RAWLH0Y,Long Range,1.0,2025-08-15 03:40:08,2025-08-15 03:40:08,NHB250815034008.RAWLH27,Long Range,0.0,2025-08-15 04:40:08,2025-08-15 04:40:07,NHB250815044007.RAWLH3G,Long Range,1.0
1014,2025-08-15 02:00:08,NHB250815020008.RAWLH03,NHB250815020303.RAWLH07,NHB250815021007.RAWLH0A,NHB250815021303.RAWLH0E,2025-08-15 02:00:08,2025-08-15 02:00:08,NHB250815020008.RAWLH03,Long Range,0.0,2025-08-15 03:00:08,2025-08-15 03:00:07,NHB250815030007.RAWLH1C,Long Range,1.0,2025-08-15 04:00:08,2025-08-15 04:00:07,NHB250815040007.RAWLH2M,Long Range,1.0,2025-08-15 05:00:08,2025-08-15 05:00:07,NHB250815050007.RAWLH3X,Long Range,1.0
1015,2025-08-15 02:20:08,NHB250815022008.RAWLH0H,NHB250815022303.RAWLH0M,NHB250815023008.RAWLH0R,NHB250815023303.RAWLH0V,2025-08-15 02:20:08,2025-08-15 02:20:08,NHB250815022008.RAWLH0H,Long Range,0.0,2025-08-15 03:20:08,2025-08-15 03:20:07,NHB250815032007.RAWLH1T,Long Range,1.0,2025-08-15 04:20:08,2025-08-15 04:20:08,NHB250815042008.RAWLH32,Long Range,0.0,2025-08-15 05:20:08,2025-08-15 05:20:07,NHB250815052007.RAWLH4B,Long Range,1.0
1016,2025-08-15 02:40:07,NHB250815024007.RAWLH0Y,NHB250815024303.RAWLH12,NHB250815025008.RAWLH15,NHB250815025303.RAWLH19,2025-08-15 02:40:07,2025-08-15 02:40:07,NHB250815024007.RAWLH0Y,Long Range,0.0,2025-08-15 03:40:07,2025-08-15 03:40:08,NHB250815034008.RAWLH27,Long Range,1.0,2025-08-15 04:40:07,2025-08-15 04:40:07,NHB250815044007.RAWLH3G,Long Range,0.0,2025-08-15 05:40:07,2025-08-15 05:40:08,NHB250815054008.RAWLH4S,Long Range,1.0
1017,2025-08-15 03:00:07,NHB250815030007.RAWLH1C,NHB250815030304.RAWLH1G,NHB250815031007.RAWLH1K,NHB250815031303.RAWLH1P,2025-08-15 03:00:07,2025-08-15 03:00:07,NHB250815030007.RAWLH1C,Long Range,0.0,2025-08-15 04:00:07,2025-08-15 04:00:07,NHB250815040007.RAWLH2M,Long Range,0.0,2025-08-15 05:00:07,2025-08-15 05:00:07,NHB250815050007.RAWLH3X,Long Range,0.0,2025-08-15 06:00:07,2025-08-15 06:00:07,NHB250815060007.RAWLH56,Long Range,0.0
1018,2025-08-15 03:20:07,NHB250815032007.RAWLH1T,NHB250815032304.RAWLH1X,NHB250815033008.RAWLH20,NHB250815033304.RAWLH24,2025-08-15 03:20:07,2025-08-15 03:20:07,NHB250815032007.RAWLH1T,Long Range,0.0,2025-08-15 04:20:07,2025-08-15 04:20:08,NHB250815042008.RAWLH32,Long Range,1.0,2025-08-15 05:20:07,2025-08-15 05:20:07,NHB250815052007.RAWLH4B,Long Range,0.0,2025-08-15 06:20:07,2025-08-15 06:20:07,NHB250815062007.RAWLH5L,Long Range,0.0
1019,2025-08-15 03:40:08,NHB250815034008.RAWLH27,NHB250815034303.RAWLH2B,NHB250815035007.RAWLH2E,NHB250815035303.RAWLH2J,2025-08-15 03:40:08,2025-08-15 03:40:08,NHB250815034008.RAWLH27,Long Range,0.0,2025-08-15 04:40:08,2025-08-15 04:40:07,NHB250815044007.RAWLH3G,Long Range,1.0,2025-08-15 05:40:08,2025-08-15 05:40:08,NHB250815054008.RAWLH4S,Long Range,0.0,2025-08-15 06:40:08,2025-08-15 06:40:08,NHB250815064008.RAWLH61,Long Range,0.0
1020,2025-08-15 04:00:07,NHB250815040007.RAWLH2M,NHB250815040304.RAWLH2S,NHB250815041008.RAWLH2V,NHB250815041304.RAWLH2Z,2025-08-15 04:00:07,2025-08-15 04:00:07,NHB250815040007.RAWLH2M,Long Range,0.0,2025-08-15 05:00:07,2025-08-15 05:00:07,NHB250815050007.RAWLH3X,Long Range,0.0,2025-08-15 06:00:07,2025-08-15 06:00:07,NHB250815060007.RAWLH56,Long Range,0.0,2025-08-15 07:00:07,2025-08-15 07:00:07,NHB250815070007.RAWLH6F,Long Range,0.0
1021,2025-08-15 04:20:08,NHB250815042008.RAWLH32,NHB250815042303.RAWLH36,NHB250815043007.RAWLH39,NHB250815043303.RAWLH3D,2025-08-15 04:20:08,2025-08-15 04:20:08,NHB250815042008.RAWLH32,Long Range,0.0,2025-08-15 05:20:08,2025-08-15 05:20:07,NHB250815052007.RAWLH4B,Long Range,1.0,2025-08-15 06:20:08,2025-08-15 06:20:07,NHB250815062007.RAWLH5L,Long Range,1.0,2025-08-15 07:20:08,2025-08-15 07:20:09,NHB250815072009.RAWLH6W,Long Range,1.0
1022,2025-08-15 04:40:07,NHB250815044007.RAWLH3G,NHB250815044304.RAWLH3L,NHB250815045008.RAWLH3P,NHB250815045303.RAWLH3U,2025-08-15 04:40:07,2025-08-15 04:40:07,NHB250815044007.RAWLH3G,Long Range,0.0,2025-08-15 05:40:07,2025-08-15 05:40:08,NHB250815054008.RAWLH4S,Long Range,1.0,2025-08-15 06:40:07,2025-08-15 06:40:08,NHB250815064008.RAWLH61,Long Range,1.0,2025-08-15 07:40:07,2025-08-15 07:40:08,NHB250815074008.RAWLH7A,Long Range,1.0
1023,2025-08-15 05:00:07,NHB250815050007.RAWLH3X,NHB250815050304.RAWLH41,NHB250815051009.RAWLH44,NHB250815051303.RAWLH48,2025-08-15 05:00:07,2025-08-15 05:00:07,NHB250815050007.RAWLH3X,Long Range,0.0,2025-08-15 06:00:07,2025-08-15 06:00:07,NHB250815060007.RAWLH56,Long Range,0.0,2025-08-15 07:00:07,2025-08-15 07:00:07,NHB250815070007.RAWLH6F,Long Range,0.0,2025-08-15 08:00:07,2025-08-15 08:00:07,NHB250815080007.RAWLH7R,Long Range,0.0
1024,2025-08-15 05:20:07,NHB250815052007.RAWLH4B,NHB250815052304.RAWLH4F,NHB250815053008.RAWLH4J,NHB250815053303.RAWLH4N,2025-08-15 05:20:07,2025-08-15 05:20:07,NHB250815052007.RAWLH4B,Long Range,0.0,2025-08-15 06:20:07,2025-08-15 06:20:07,NHB250815062007.RAWLH5L,Long Range,0.0,2025-08-15 07:20:07,2025-08-15 07:20:09,NHB250815072009.RAWLH6W,Long Range,2.0,2025-08-15 08:20:07,2025-08-15 08:20:07,NHB250815082007.RAWLH85,Long Range,0.0
1025,2025-08-15 05:40:08,NHB250815054008.RAWLH4S,NHB250815054303.RAWLH4W,NHB250815055008.RAWLH4Z,NHB250815055304.RAWLH53,2025-08-15 05:40:08,2025-08-15 05:40:08,NHB250815054008.RAWLH4S,Long Range,0.0,2025-08-15 06:40:08,2025-08-15 06:40:08,NHB250815064008.RAWLH61,Long Range,0.0,2025-08-15 07:40:08,2025-08-15 07:40:08,NHB250815074008.RAWLH7A,Long Range,0.0,2025-08-15 08:40:08,2025-08-15 08:40:07,NHB250815084007.RAWLH8K,Long Range,1.0
1026,2025-08-15 06:00:07,NHB250815060007.RAWLH56,NHB250815060303.RAWLH5A,NHB250815061007.RAWLH5D,NHB250815061304.RAWLH5H,2025-08-15 06:00:07,2025-08-15 06:00:07,NHB250815060007.RAWLH56,Long Range,0.0,2025-08-15 07:00:07,2025-08-15 07:00:07,NHB250815070007.RAWLH6F,Long Range,0.0,2025-08-15 08:00:07,2025-08-15 08:00:07,NHB250815080007.RAWLH7R,Long Range,0.0,2025-08-15 09:00:07,2025-08-15 09:00:08,NHB250815090008.RAWLH90,Long Range,1.0
1027,2025-08-15 06:20:07,NHB250815062007.RAWLH5L,NHB250815062303.RAWLH5R,NHB250815063009.RAWLH5U,NHB250815063304.RAWLH5Y,2025-08-15 06:20:07,2025-08-15 06:20:07,NHB250815062007.RAWLH5L,Long Range,0.0,2025-08-15 07:20:07,2025-08-15 07:20:09,NHB250815072009.RAWLH6W,Long Range,2.0,2025-08-15 08:20:07,2025-08-15 08:20:07,NHB250815082007.RAWLH85,Long Range,0.0,2025-08-15 09:20:07,2025-08-15 09:20:09,NHB250815092009.RAWLH9E,Long Range,2.0
1028,2025-08-15 06:40:08,NHB250815064008.RAWLH61,NHB250815064303.RAWLH65,NHB250815065008.RAWLH68,NHB250815065305.RAWLH6C,2025-08-15 06:40:08,2025-08-15 06:40:08,NHB250815064008.RAWLH61,Long Range,0.0,2025-08-15 07:40:08,2025-08-15 07:40:08,NHB250815074008.RAWLH7A,Long Range,0.0,2025-08-15 08:40:08,2025-08-15 08:40:07,NHB250815084007.RAWLH8K,Long Range,1.0,2025-08-15 09:40:08,2025-08-15 09:40:07,NHB250815094007.RAWLH9V,Long Range,1.0
1029,2025-08-15 07:00:07,NHB250815070007.RAWLH6F,NHB250815070303.RAWLH6K,NHB250815071008.RAWLH6N,NHB250815071304.RAWLH6T,2025-08-15 07:00:07,2025-08-15 07:00:07,NHB250815070007.RAWLH6F,Long Range,0.0,2025-08-15 08:00:07,2025-08-15 08:00:07,NHB250815080007.RAWLH7R,Long Range,0.0,2025-08-15 09:00:07,2025-08-15 09:00:08,NHB250815090008.RAWLH90,Long Range,1.0,2025-08-15 10:00:07,2025-08-15 10:00:08,NHB250815100008.RAWLHA9,Long Range,1.0
1030,2025-08-15 07:20:09,NHB250815072009.RAWLH6W,NHB250815072304.RAWLH70,NHB250815073007.RAWLH73,NHB250815073303.RAWLH77,2025-08-15 07:20:09,2025-08-15 07:20:09,NHB250815072009.RAWLH6W,Long Range,0.0,2025-08-15 08:20:09,2025-08-15 08:20:07,NHB250815082007.RAWLH85,Long Range,2.0,2025-08-15 09:20:09,2025-08-15 09:20:09,NHB250815092009.RAWLH9E,Long Range,0.0,2025-08-15 10:20:09,2025-08-15 10:20:08,NHB250815102008.RAWLHAP,Long Range,1.0
1031,2025-08-15 07:40:08,NHB250815074008.RAWLH7A,NHB250815074304.RAWLH7E,NHB250815075007.RAWLH7H,NHB250815075305.RAWLH7M,2025-08-15 07:40:08,2025-08-15 07:40:08,NHB250815074008.RAWLH7A,Long Range,0.0,2025-08-15 08:40:08,2025-08-15 08:40:07,NHB250815084007.RAWLH8K,Long Range,1.0,2025-08-15 09:40:08,2025-08-15 09:40:07,NHB250815094007.RAWLH9V,Long Range,1.0,2025-08-15 10:40:08,2025-08-15 10:40:07,NHB250815104007.RAWLHB4,Long Range,1.0
1032,2025-08-15 08:00:07,NHB250815080007.RAWLH7R,NHB250815080303.RAWLH7V,NHB250815081008.RAWLH7Y,NHB250815081303.RAWLH82,2025-08-15 08:00:07,2025-08-15 08:00:07,NHB250815080007.RAWLH7R,Long Range,0.0,2025-08-15 09:00:07,2025-08-15 09:00:08,NHB250815090008.RAWLH90,Long Range,1.0,2025-08-15 10:00:07,2025-08-15 10:00:08,NHB250815100008.RAWLHA9,Long Range,1.0,2025-08-15 11:00:07,2025-08-15 11:00:08,NHB250815110008.RAWLHBJ,Long Range,1.0
1033,2025-08-15 08:20:07,NHB250815082007.RAWLH85,NHB250815082303.RAWLH89,NHB250815083008.RAWLH8C,NHB250815083303.RAWLH8G,2025-08-15 08:20:07,2025-08-15 08:20:07,NHB250815082007.RAWLH85,Long Range,0.0,2025-08-15 09:20:07,2025-08-15 09:20:09,NHB250815092009.RAWLH9E,Long Range,2.0,2025-08-15 10:20:07,2025-08-15 10:20:08,NHB250815102008.RAWLHAP,Long Range,1.0,2025-08-15 11:20:07,2025-08-15 11:20:08,NHB250815112008.RAWLHBZ,Long Range,1.0
1034,2025-08-15 08:40:07,NHB250815084007.RAWLH8K,NHB250815084303.RAWLH8P,NHB250815085008.RAWLH8T,NHB250815085303.RAWLH8X,2025-08-15 08:40:07,2025-08-15 08:40:07,NHB250815084007.RAWLH8K,Long Range,0.0,2025-08-15 09:40:07,2025-08-15 09:40:07,NHB250815094007.RAWLH9V,Long Range,0.0,2025-08-15 10:40:07,2025-08-15 10:40:07,NHB250815104007.RAWLHB4,Long Range,0.0,2025-08-15 11:40:07,2025-08-15 11:40:07,NHB250815114007.RAWLHCD,Long Range,0.0
1035,2025-08-15 09:00:08,NHB250815090008.RAWLH90,NHB250815090304.RAWLH94,NHB250815091007.RAWLH97,NHB250815091304.RAWLH9B,2025-08-15 09:00:08,2025-08-15 09:00:08,NHB250815090008.RAWLH90,Long Range,0.0,2025-08-15 10:00:08,2025-08-15 10:00:08,NHB250815100008.RAWLHA9,Long Range,0.0,2025-08-15 11:00:08,2025-08-15 11:00:08,NHB250815110008.RAWLHBJ,Long Range,0.0,2025-08-15 12:00:08,2025-08-15 12:00:08,NHB250815120008.RAWLHCU,Long Range,0.0
1036,2025-08-15 09:20:09,NHB250815092009.RAWLH9E,NHB250815092303.RAWLH9J,NHB250815093007.RAWLH9M,NHB250815093304.RAWLH9S,2025-08-15 09:20:09,2025-08-15 09:20:09,NHB250815092009.RAWLH9E,Long Range,0.0,2025-08-15 10:20:09,2025-08-15 10:20:08,NHB250815102008.RAWLHAP,Long Range,1.0,2025-08-15 11:20:09,2025-08-15 11:20:08,NHB250815112008.RAWLHBZ,Long Range,1.0,2025-08-15 12:20:09,2025-08-15 12:20:08,NHB250815122008.RAWLHD8,Long Range,1.0
1037,2025-08-15 09:40:07,NHB250815094007.RAWLH9V,NHB250815094303.RAWLH9Z,NHB250815095007.RAWLHA2,NHB250815095304.RAWLHA6,2025-08-15 09:40:07,2025-08-15 09:40:07,NHB250815094007.RAWLH9V,Long Range,0.0,2025-08-15 10:40:07,2025-08-15 10:40:07,NHB250815104007.RAWLHB4,Long Range,0.0,2025-08-15 11:40:07,2025-08-15 11:40:07,NHB250815114007.RAWLHCD,Long Range,0.0,2025-08-15 12:40:07,2025-08-15 12:40:08,NHB250815124008.RAWLHDN,Long Range,1.0
1038,2025-08-15 10:00:08,NHB250815100008.RAWLHA9,NHB250815100303.RAWLHAD,NHB250815101008.RAWLHAG,NHB250815101304.RAWLHAL,2025-08-15 10:00:08,2025-08-15 10:00:08,NHB250815100008.RAWLHA9,Long Range,0.0,2025-08-15 11:00:08,2025-08-15 11:00:08,NHB250815110008.RAWLHBJ,Long Range,0.0,2025-08-15 12:00:08,2025-08-15 12:00:08,NHB250815120008.RAWLHCU,Long Range,0.0,2025-08-15 13:00:08,2025-08-15 13:00:08,NHB250815130008.RAWLHE3,Long Range,0.0
1039,2025-08-15 10:20:08,NHB250815102008.RAWLHAP,NHB250815102303.RAWLHAU,NHB250815103007.RAWLHAX,NHB250815103303.RAWLHB1,2025-08-15 10:20:08,2025-08-15 10:20:08,NHB250815102008.RAWLHAP,Long Range,0.0,2025-08-15 11:20:08,2025-08-15 11:20:08,NHB250815112008.RAWLHBZ,Long Range,0.0,2025-08-15 12:20:08,2025-08-15 12:20:08,NHB250815122008.RAWLHD8,Long Range,0.0,2025-08-15 13:20:08,2025-08-15 13:20:07,NHB250815132007.RAWLHEH,Long Range,1.0
1040,2025-08-15 10:40:07,NHB250815104007.RAWLHB4,NHB250815104304.RAWLHB8,NHB250815105007.RAWLHBB,NHB250815105303.RAWLHBF,2025-08-15 10:40:07,2025-08-15 10:40:07,NHB250815104007.RAWLHB4,Long Range,0.0,2025-08-15 11:40:07,2025-08-15 11:40:07,NHB250815114007.RAWLHCD,Long Range,0.0,2025-08-15 12:40:07,2025-08-15 12:40:08,NHB250815124008.RAWLHDN,Long Range,1.0,2025-08-15 13:40:07,2025-08-15 13:40:08,NHB250815134008.RAWLHEY,Long Range,1.0
1041,2025-08-15 11:00:08,NHB250815110008.RAWLHBJ,NHB250815110303.RAWLHBN,NHB250815111007.RAWLHBS,NHB250815111303.RAWLHBW,2025-08-15 11:00:08,2025-08-15 11:00:08,NHB250815110008.RAWLHBJ,Long Range,0.0,2025-08-15 12:00:08,2025-08-15 12:00:08,NHB250815120008.RAWLHCU,Long Range,0.0,2025-08-15 13:00:08,2025-08-15 13:00:08,NHB250815130008.RAWLHE3,Long Range,0.0,2025-08-15 14:00:08,2025-08-15 14:00:08,NHB250815140008.RAWLHFC,Long Range,0.0
1042,2025-08-15 11:20:08,NHB250815112008.RAWLHBZ,NHB250815112304.RAWLHC3,NHB250815113008.RAWLHC6,NHB250815113304.RAWLHCA,2025-08-15 11:20:08,2025-08-15 11:20:08,NHB250815112008.RAWLHBZ,Long Range,0.0,2025-08-15 12:20:08,2025-08-15 12:20:08,NHB250815122008.RAWLHD8,Long Range,0.0,2025-08-15 13:20:08,2025-08-15 13:20:07,NHB250815132007.RAWLHEH,Long Range,1.0,2025-08-15 14:20:08,2025-08-15 14:20:08,NHB250815142008.RAWLHFT,Long Range,0.0
1043,2025-08-15 11:40:07,NHB250815114007.RAWLHCD,NHB250815114303.RAWLHCH,NHB250815115007.RAWLHCL,NHB250815115304.RAWLHCR,2025-08-15 11:40:07,2025-08-15 11:40:07,NHB250815114007.RAWLHCD,Long Range,0.0,2025-08-15 12:40:07,2025-08-15 12:40:08,NHB250815124008.RAWLHDN,Long Range,1.0,2025-08-15 13:40:07,2025-08-15 13:40:08,NHB250815134008.RAWLHEY,Long Range,1.0,2025-08-15 14:40:07,2025-08-15 14:40:08,NHB250815144008.RAWLHG7,Long Range,1.0
1044,2025-08-15 12:00:08,NHB250815120008.RAWLHCU,NHB250815120303.RAWLHCY,NHB250815121007.RAWLHD1,NHB250815121303.RAWLHD5,2025-08-15 12:00:08,2025-08-15 12:00:08,NHB250815120008.RAWLHCU,Long Range,0.0,2025-08-15 13:00:08,2025-08-15 13:00:08,NHB250815130008.RAWLHE3,Long Range,0.0,2025-08-15 14:00:08,2025-08-15 14:00:08,NHB250815140008.RAWLHFC,Long Range,0.0,2025-08-15 15:00:08,2025-08-15 15:00:08,NHB250815150008.RAWLHGM,Long Range,0.0
1045,2025-08-15 12:20:08,NHB250815122008.RAWLHD8,NHB250815122304.RAWLHDC,NHB250815123008.RAWLHDF,NHB250815123303.RAWLHDK,2025-08-15 12:20:08,2025-08-15 12:20:08,NHB250815122008.RAWLHD8,Long Range,0.0,2025-08-15 13:20:08,2025-08-15 13:20:07,NHB250815132007.RAWLHEH,Long Range,1.0,2025-08-15 14:20:08,2025-08-15 14:20:08,NHB250815142008.RAWLHFT,Long Range,0.0,2025-08-15 15:20:08,2025-08-15 15:20:07,NHB250815152007.RAWLHH2,Long Range,1.0
1046,2025-08-15 12:40:08,NHB250815124008.RAWLHDN,NHB250815124304.RAWLHDT,NHB250815125008.RAWLHDW,NHB250815125303.RAWLHE0,2025-08-15 12:40:08,2025-08-15 12:40:08,NHB250815124008.RAWLHDN,Long Range,0.0,2025-08-15 13:40:08,2025-08-15 13:40:08,NHB250815134008.RAWLHEY,Long Range,0.0,2025-08-15 14:40:08,2025-08-15 14:40:08,NHB250815144008.RAWLHG7,Long Range,0.0,2025-08-15 15:40:08,2025-08-15 15:40:08,NHB250815154008.RAWLHHG,Long Range,0.0
1047,2025-08-15 13:00:08,NHB250815130008.RAWLHE3,NHB250815130303.RAWLHE7,NHB250815131008.RAWLHEA,NHB250815131303.RAWLHEE,2025-08-15 13:00:08,2025-08-15 13:00:08,NHB250815130008.RAWLHE3,Long Range,0.0,2025-08-15 14:00:08,2025-08-15 14:00:08,NHB250815140008.RAWLHFC,Long Range,0.0,2025-08-15 15:00:08,2025-08-15 15:00:08,NHB250815150008.RAWLHGM,Long Range,0.0,2025-08-15 16:00:08,2025-08-15 16:00:07,NHB250815160007.RAWLHHX,Long Range,1.0
1048,2025-08-15 13:20:07,NHB250815132007.RAWLHEH,NHB250815132303.RAWLHEM,NHB250815133008.RAWLHER,NHB250815133303.RAWLHEV,2025-08-15 13:20:07,2025-08-15 13:20:07,NHB250815132007.RAWLHEH,Long Range,0.0,2025-08-15 14:20:07,2025-08-15 14:20:08,NHB250815142008.RAWLHFT,Long Range,1.0,2025-08-15 15:20:07,2025-08-15 15:20:07,NHB250815152007.RAWLHH2,Long Range,0.0,2025-08-15 16:20:07,2025-08-15 16:20:07,NHB250815162007.RAWLHJB,Long Range,0.0
1049,2025-08-15 13:40:08,NHB250815134008.RAWLHEY,NHB250815134303.RAWLHF2,NHB250815135008.RAWLHF5,NHB250815135303.RAWLHF9,2025-08-15 13:40:08,2025-08-15 13:40:08,NHB250815134008.RAWLHEY,Long Range,0.0,2025-08-15 14:40:08,2025-08-15 14:40:08,NHB250815144008.RAWLHG7,Long Range,0.0,2025-08-15 15:40:08,2025-08-15 15:40:08,NHB250815154008.RAWLHHG,Long Range,0.0,2025-08-15 16:40:08,2025-08-15 16:40:08,NHB250815164008.RAWLHJS,Long Range,0.0
1050,2025-08-15 14:00:08,NHB250815140008.RAWLHFC,NHB250815140303.RAWLHFG,NHB250815141008.RAWLHFK,NHB250815141304.RAWLHFP,2025-08-15 14:00:08,2025-08-15 14:00:08,NHB250815140008.RAWLHFC,Long Range,0.0,2025-08-15 15:00:08,2025-08-15 15:00:08,NHB250815150008.RAWLHGM,Long Range,0.0,2025-08-15 16:00:08,2025-08-15 16:00:07,NHB250815160007.RAWLHHX,Long Range,1.0,2025-08-15 17:00:08,2025-08-15 17:00:08,NHB250815170008.RAWLHK6,Long Range,0.0
1051,2025-08-15 14:20:08,NHB250815142008.RAWLHFT,NHB250815142304.RAWLHFX,NHB250815143007.RAWLHG0,NHB250815143304.RAWLHG4,2025-08-15 14:20:08,2025-08-15 14:20:08,NHB250815142008.RAWLHFT,Long Range,0.0,2025-08-15 15:20:08,2025-08-15 15:20:07,NHB250815152007.RAWLHH2,Long Range,1.0,2025-08-15 16:20:08,2025-08-15 16:20:07,NHB250815162007.RAWLHJB,Long Range,1.0,2025-08-15 17:20:08,2025-08-15 17:20:07,NHB250815172007.RAWLHKL,Long Range,1.0
1052,2025-08-15 14:40:08,NHB250815144008.RAWLHG7,NHB250815144304.RAWLHGB,NHB250815145008.RAWLHGE,NHB250815145303.RAWLHGJ,2025-08-15 14:40:08,2025-08-15 14:40:08,NHB250815144008.RAWLHG7,Long Range,0.0,2025-08-15 15:40:08,2025-08-15 15:40:08,NHB250815154008.RAWLHHG,Long Range,0.0,2025-08-15 16:40:08,2025-08-15 16:40:08,NHB250815164008.RAWLHJS,Long Range,0.0,2025-08-15 17:40:08,2025-08-15 17:40:07,NHB250815174007.RAWLHL1,Long Range,1.0
1053,2025-08-15 15:00:08,NHB250815150008.RAWLHGM,NHB250815150303.RAWLHGS,NHB250815151008.RAWLHGV,NHB250815151303.RAWLHGZ,2025-08-15 15:00:08,2025-08-15 15:00:08,NHB250815150008.RAWLHGM,Long Range,0.0,2025-08-15 16:00:08,2025-08-15 16:00:07,NHB250815160007.RAWLHHX,Long Range,1.0,2025-08-15 17:00:08,2025-08-15 17:00:08,NHB250815170008.RAWLHK6,Long Range,0.0,2025-08-15 18:00:08,2025-08-15 18:00:08,NHB250815180008.RAWLHLF,Long Range,0.0
1054,2025-08-15 15:20:07,NHB250815152007.RAWLHH2,NHB250815152303.RAWLHH6,NHB250815153008.RAWLHH9,NHB250815153303.RAWLHHD,2025-08-15 15:20:07,2025-08-15 15:20:07,NHB250815152007.RAWLHH2,Long Range,0.0,2025-08-15 16:20:07,2025-08-15 16:20:07,NHB250815162007.RAWLHJB,Long Range,0.0,2025-08-15 17:20:07,2025-08-15 17:20:07,NHB250815172007.RAWLHKL,Long Range,0.0,2025-08-15 18:20:07,2025-08-15 18:20:08,NHB250815182008.RAWLHLW,Long Range,1.0
1055,2025-08-15 15:40:08,NHB250815154008.RAWLHHG,NHB250815154303.RAWLHHL,NHB250815155008.RAWLHHP,NHB250815155304.RAWLHHU,2025-08-15 15:40:08,2025-08-15 15:40:08,NHB250815154008.RAWLHHG,Long Range,0.0,2025-08-15 16:40:08,2025-08-15 16:40:08,NHB250815164008.RAWLHJS,Long Range,0.0,2025-08-15 17:40:08,2025-08-15 17:40:07,NHB250815174007.RAWLHL1,Long Range,1.0,2025-08-15 18:40:08,2025-08-15 18:40:07,NHB250815184007.RAWLHMA,Long Range,1.0
1056,2025-08-15 16:00:07,NHB250815160007.RAWLHHX,NHB250815160303.RAWLHJ1,NHB250815161008.RAWLHJ4,NHB250815161303.RAWLHJ8,2025-08-15 16:00:07,2025-08-15 16:00:07,NHB250815160007.RAWLHHX,Long Range,0.0,2025-08-15 17:00:07,2025-08-15 17:00:08,NHB250815170008.RAWLHK6,Long Range,1.0,2025-08-15 18:00:07,2025-08-15 18:00:08,NHB250815180008.RAWLHLF,Long Range,1.0,2025-08-15 19:00:07,2025-08-15 19:00:08,NHB250815190008.RAWLHMR,Long Range,1.0
1057,2025-08-15 16:20:07,NHB250815162007.RAWLHJB,NHB250815162304.RAWLHJF,NHB250815163008.RAWLHJJ,NHB250815163304.RAWLHJN,2025-08-15 16:20:07,2025-08-15 16:20:07,NHB250815162007.RAWLHJB,Long Range,0.0,2025-08-15 17:20:07,2025-08-15 17:20:07,NHB250815172007.RAWLHKL,Long Range,0.0,2025-08-15 18:20:07,2025-08-15 18:20:08,NHB250815182008.RAWLHLW,Long Range,1.0,2025-08-15 19:20:07,2025-08-15 19:20:08,NHB250815192008.RAWLHN5,Long Range,1.0
1058,2025-08-15 16:40:08,NHB250815164008.RAWLHJS,NHB250815164304.RAWLHJW,NHB250815165007.RAWLHJZ,NHB250815165304.RAWLHK3,2025-08-15 16:40:08,2025-08-15 16:40:08,NHB250815164008.RAWLHJS,Long Range,0.0,2025-08-15 17:40:08,2025-08-15 17:40:07,NHB250815174007.RAWLHL1,Long Range,1.0,2025-08-15 18:40:08,2025-08-15 18:40:07,NHB250815184007.RAWLHMA,Long Range,1.0,2025-08-15 19:40:08,2025-08-15 19:40:08,NHB250815194008.RAWLHNK,Long Range,0.0
1059,2025-08-15 17:00:08,NHB250815170008.RAWLHK6,NHB250815170304.RAWLHKA,NHB250815171007.RAWLHKD,NHB250815171304.RAWLHKH,2025-08-15 17:00:08,2025-08-15 17:00:08,NHB250815170008.RAWLHK6,Long Range,0.0,2025-08-15 18:00:08,2025-08-15 18:00:08,NHB250815180008.RAWLHLF,Long Range,0.0,2025-08-15 19:00:08,2025-08-15 19:00:08,NHB250815190008.RAWLHMR,Long Range,0.0,2025-08-15 20:00:08,2025-08-15 20:00:07,NHB250815200007.RAWLHP0,Long Range,1.0
1060,2025-08-15 17:20:07,NHB250815172007.RAWLHKL,NHB250815172303.RAWLHKR,NHB250815173007.RAWLHKU,NHB250815173303.RAWLHKY,2025-08-15 17:20:07,2025-08-15 17:20:07,NHB250815172007.RAWLHKL,Long Range,0.0,2025-08-15 18:20:07,2025-08-15 18:20:08,NHB250815182008.RAWLHLW,Long Range,1.0,2025-08-15 19:20:07,2025-08-15 19:20:08,NHB250815192008.RAWLHN5,Long Range,1.0,2025-08-15 20:20:07,2025-08-15 20:20:08,NHB250815202008.RAWLHPE,Long Range,1.0
1061,2025-08-15 17:40:07,NHB250815174007.RAWLHL1,NHB250815174303.RAWLHL5,NHB250815175008.RAWLHL8,NHB250815175303.RAWLHLC,2025-08-15 17:40:07,2025-08-15 17:40:07,NHB250815174007.RAWLHL1,Long Range,0.0,2025-08-15 18:40:07,2025-08-15 18:40:07,NHB250815184007.RAWLHMA,Long Range,0.0,2025-08-15 19:40:07,2025-08-15 19:40:08,NHB250815194008.RAWLHNK,Long Range,1.0,2025-08-15 20:40:07,2025-08-15 20:40:08,NHB250815204008.RAWLHPV,Long Range,1.0
1062,2025-08-15 18:00:08,NHB250815180008.RAWLHLF,NHB250815180304.RAWLHLK,NHB250815181007.RAWLHLN,NHB250815181303.RAWLHLT,2025-08-15 18:00:08,2025-08-15 18:00:08,NHB250815180008.RAWLHLF,Long Range,0.0,2025-08-15 19:00:08,2025-08-15 19:00:08,NHB250815190008.RAWLHMR,Long Range,0.0,2025-08-15 20:00:08,2025-08-15 20:00:07,NHB250815200007.RAWLHP0,Long Range,1.0,2025-08-15 21:00:08,2025-08-15 21:00:09,NHB250815210009.RAWLHR9,Long Range,1.0
1063,2025-08-15 18:20:08,NHB250815182008.RAWLHLW,NHB250815182303.RAWLHM0,NHB250815183008.RAWLHM3,NHB250815183303.RAWLHM7,2025-08-15 18:20:08,2025-08-15 18:20:08,NHB250815182008.RAWLHLW,Long Range,0.0,2025-08-15 19:20:08,2025-08-15 19:20:08,NHB250815192008.RAWLHN5,Long Range,0.0,2025-08-15 20:20:08,2025-08-15 20:20:08,NHB250815202008.RAWLHPE,Long Range,0.0,2025-08-15 21:20:08,2025-08-15 21:20:08,NHB250815212008.RAWLHRP,Long Range,0.0
1064,2025-08-15 18:40:07,NHB250815184007.RAWLHMA,NHB250815184303.RAWLHME,NHB250815185008.RAWLHMH,NHB250815185304.RAWLHMM,2025-08-15 18:40:07,2025-08-15 18:40:07,NHB250815184007.RAWLHMA,Long Range,0.0,2025-08-15 19:40:07,2025-08-15 19:40:08,NHB250815194008.RAWLHNK,Long Range,1.0,2025-08-15 20:40:07,2025-08-15 20:40:08,NHB250815204008.RAWLHPV,Long Range,1.0,2025-08-15 21:40:07,2025-08-15 21:40:08,NHB250815214008.RAWLHS4,Long Range,1.0
1065,2025-08-15 19:00:08,NHB250815190008.RAWLHMR,NHB250815190303.RAWLHMV,NHB250815191008.RAWLHMY,NHB250815191303.RAWLHN2,2025-08-15 19:00:08,2025-08-15 19:00:08,NHB250815190008.RAWLHMR,Long Range,0.0,2025-08-15 20:00:08,2025-08-15 20:00:07,NHB250815200007.RAWLHP0,Long Range,1.0,2025-08-15 21:00:08,2025-08-15 21:00:09,NHB250815210009.RAWLHR9,Long Range,1.0,2025-08-15 22:00:08,2025-08-15 22:00:08,NHB250815220008.RAWLHSJ,Long Range,0.0
1066,2025-08-15 19:20:08,NHB250815192008.RAWLHN5,NHB250815192304.RAWLHN9,NHB250815193007.RAWLHNC,NHB250815193303.RAWLHNG,2025-08-15 19:20:08,2025-08-15 19:20:08,NHB250815192008.RAWLHN5,Long Range,0.0,2025-08-15 20:20:08,2025-08-15 20:20:08,NHB250815202008.RAWLHPE,Long Range,0.0,2025-08-15 21:20:08,2025-08-15 21:20:08,NHB250815212008.RAWLHRP,Long Range,0.0,2025-08-15 22:20:08,2025-08-15 22:20:07,NHB250815222007.RAWLHSZ,Long Range,1.0
1067,2025-08-15 19:40:08,NHB250815194008.RAWLHNK,NHB250815194304.RAWLHNP,NHB250815195008.RAWLHNT,NHB250815195304.RAWLHNX,2025-08-15 19:40:08,2025-08-15 19:40:08,NHB250815194008.RAWLHNK,Long Range,0.0,2025-08-15 20:40:08,2025-08-15 20:40:08,NHB250815204008.RAWLHPV,Long Range,0.0,2025-08-15 21:40:08,2025-08-15 21:40:08,NHB250815214008.RAWLHS4,Long Range,0.0,2025-08-15 22:40:08,2025-08-15 22:40:07,NHB250815224007.RAWLHTD,Long Range,1.0
1068,2025-08-15 20:00:07,NHB250815200007.RAWLHP0,NHB250815200304.RAWLHP4,NHB250815201007.RAWLHP7,NHB250815201303.RAWLHPB,2025-08-15 20:00:07,2025-08-15 20:00:07,NHB250815200007.RAWLHP0,Long Range,0.0,2025-08-15 21:00:07,2025-08-15 21:00:09,NHB250815210009.RAWLHR9,Long Range,2.0,2025-08-15 22:00:07,2025-08-15 22:00:08,NHB250815220008.RAWLHSJ,Long Range,1.0,2025-08-15 23:00:07,2025-08-15 23:00:08,NHB250815230008.RAWLHTU,Long Range,1.0
1069,2025-08-15 20:20:08,NHB250815202008.RAWLHPE,NHB250815202303.RAWLHPJ,NHB250815203008.RAWLHPM,NHB250815203303.RAWLHPS,2025-08-15 20:20:08,2025-08-15 20:20:08,NHB250815202008.RAWLHPE,Long Range,0.0,2025-08-15 21:20:08,2025-08-15 21:20:08,NHB250815212008.RAWLHRP,Long Range,0.0,2025-08-15 22:20:08,2025-08-15 22:20:07,NHB250815222007.RAWLHSZ,Long Range,1.0,2025-08-15 23:20:08,2025-08-15 23:20:08,NHB250815232008.RAWLHU8,Long Range,0.0
1070,2025-08-15 20:40:08,NHB250815204008.RAWLHPV,NHB250815204304.RAWLHPZ,NHB250815205008.RAWLHR2,NHB250815205303.RAWLHR6,2025-08-15 20:40:08,2025-08-15 20:40:08,NHB250815204008.RAWLHPV,Long Range,0.0,2025-08-15 21:40:08,2025-08-15 21:40:08,NHB250815214008.RAWLHS4,Long Range,0.0,2025-08-15 22:40:08,2025-08-15 22:40:07,NHB250815224007.RAWLHTD,Long Range,1.0,2025-08-15 23:40:08,2025-08-15 23:40:07,NHB250815234007.RAWLHUN,Long Range,1.0
1071,2025-08-15 21:00:09,NHB250815210009.RAWLHR9,NHB250815210304.RAWLHRD,NHB250815211008.RAWLHRG,NHB250815211304.RAWLHRL,2025-08-15 21:00:09,2025-08-15 21:00:09,NHB250815210009.RAWLHR9,Long Range,0.0,2025-08-15 22:00:09,2025-08-15 22:00:08,NHB250815220008.RAWLHSJ,Long Range,1.0,2025-08-15 23:00:09,2025-08-15 23:00:08,NHB250815230008.RAWLHTU,Long Range,1.0,2025-08-16 00:00:09,2025-08-16 00:00:07,NHB250816000007.RAWLHV3,Long Range,2.0
1072,2025-08-15 21:20:08,NHB250815212008.RAWLHRP,NHB250815212304.RAWLHRU,NHB250815213007.RAWLHRX,NHB250815213304.RAWLHS1,2025-08-15 21:20:08,2025-08-15 21:20:08,NHB250815212008.RAWLHRP,Long Range,0.0,2025-08-15 22:20:08,2025-08-15 22:20:07,NHB250815222007.RAWLHSZ,Long Range,1.0,2025-08-15 23:20:08,2025-08-15 23:20:08,NHB250815232008.RAWLHU8,Long Range,0.0,2025-08-16 00:20:08,2025-08-16 00:20:08,NHB250816002008.RAWLHVH,Long Range,0.0
1073,2025-08-15 21:40:08,NHB250815214008.RAWLHS4,NHB250815214304.RAWLHS8,NHB250815215008.RAWLHSB,NHB250815215304.RAWLHSF,2025-08-15 21:40:08,2025-08-15 21:40:08,NHB250815214008.RAWLHS4,Long Range,0.0,2025-08-15 22:40:08,2025-08-15 22:40:07,NHB250815224007.RAWLHTD,Long Range,1.0,2025-08-15 23:40:08,2025-08-15 23:40:07,NHB250815234007.RAWLHUN,Long Range,1.0,2025-08-16 00:40:08,2025-08-16 00:40:08,NHB250816004008.RAWLHVY,Long Range,0.0
1074,2025-08-15 22:00:08,NHB250815220008.RAWLHSJ,NHB250815220304.RAWLHSN,NHB250815221007.RAWLHSS,NHB250815221303.RAWLHSW,2025-08-15 22:00:08,2025-08-15 22:00:08,NHB250815220008.RAWLHSJ,Long Range,0.0,2025-08-15 23:00:08,2025-08-15 23:00:08,NHB250815230008.RAWLHTU,Long Range,0.0,2025-08-16 00:00:08,2025-08-16 00:00:07,NHB250816000007.RAWLHV3,Long Range,1.0,2025-08-16 01:00:08,2025-08-16 01:00:07,NHB250816010007.RAWLHWC,Long Range,1.0
1075,2025-08-15 22:20:07,NHB250815222007.RAWLHSZ,NHB250815222304.RAWLHT3,NHB250815223007.RAWLHT6,NHB250815223304.RAWLHTA,2025-08-15 22:20:07,2025-08-15 22:20:07,NHB250815222007.RAWLHSZ,Long Range,0.0,2025-08-15 23:20:07,2025-08-15 23:20:08,NHB250815232008.RAWLHU8,Long Range,1.0,2025-08-16 00:20:07,2025-08-16 00:20:08,NHB250816002008.RAWLHVH,Long Range,1.0,2025-08-16 01:20:07,2025-08-16 01:20:07,NHB250816012007.RAWLHWT,Long Range,0.0
1076,2025-08-15 22:40:07,NHB250815224007.RAWLHTD,NHB250815224304.RAWLHTH,NHB250815225008.RAWLHTL,NHB250815225304.RAWLHTR,2025-08-15 22:40:07,2025-08-15 22:40:07,NHB250815224007.RAWLHTD,Long Range,0.0,2025-08-15 23:40:07,2025-08-15 23:40:07,NHB250815234007.RAWLHUN,Long Range,0.0,2025-08-16 00:40:07,2025-08-16 00:40:08,NHB250816004008.RAWLHVY,Long Range,1.0,2025-08-16 01:40:07,2025-08-16 01:40:08,NHB250816014008.RAWLHX7,Long Range,1.0
1077,2025-08-15 23:00:08,NHB250815230008.RAWLHTU,NHB250815230304.RAWLHTY,NHB250815231007.RAWLHU1,NHB250815231303.RAWLHU5,2025-08-15 23:00:08,2025-08-15 23:00:08,NHB250815230008.RAWLHTU,Long Range,0.0,2025-08-16 00:00:08,2025-08-16 00:00:07,NHB250816000007.RAWLHV3,Long Range,1.0,2025-08-16 01:00:08,2025-08-16 01:00:07,NHB250816010007.RAWLHWC,Long Range,1.0,2025-08-16 02:00:08,2025-08-16 02:00:07,NHB250816020007.RAWLHXM,Long Range,1.0
1078,2025-08-15 23:20:08,NHB250815232008.RAWLHU8,NHB250815232303.RAWLHUC,NHB250815233008.RAWLHUF,NHB250815233303.RAWLHUK,2025-08-15 23:20:08,2025-08-15 23:20:08,NHB250815232008.RAWLHU8,Long Range,0.0,2025-08-16 00:20:08,2025-08-16 00:20:08,NHB250816002008.RAWLHVH,Long Range,0.0,2025-08-16 01:20:08,2025-08-16 01:20:07,NHB250816012007.RAWLHWT,Long Range,1.0,2025-08-16 02:20:08,2025-08-16 02:20:08,NHB250816022008.RAWLHY2,Long Range,0.0
1079,2025-08-15 23:40:07,NHB250815234007.RAWLHUN,NHB250815234304.RAWLHUT,NHB250815235008.RAWLHUW,NHB250815235304.RAWLHV0,2025-08-15 23:40:07,2025-08-15 23:40:07,NHB250815234007.RAWLHUN,Long Range,0.0,2025-08-16 00:40:07,2025-08-16 00:40:08,NHB250816004008.RAWLHVY,Long Range,1.0,2025-08-16 01:40:07,2025-08-16 01:40:08,NHB250816014008.RAWLHX7,Long Range,1.0,2025-08-16 02:40:07,2025-08-16 02:40:08,NHB250816024008.RAWLHYG,Long Range,1.0
1080,2025-08-16 00:00:07,NHB250816000007.RAWLHV3,NHB250816000304.RAWLHV7,NHB250816001008.RAWLHVA,NHB250816001304.RAWLHVE,2025-08-16 00:00:07,2025-08-16 00:00:07,NHB250816000007.RAWLHV3,Long Range,0.0,2025-08-16 01:00:07,2025-08-16 01:00:07,NHB250816010007.RAWLHWC,Long Range,0.0,2025-08-16 02:00:07,2025-08-16 02:00:07,NHB250816020007.RAWLHXM,Long Range,0.0,2025-08-16 03:00:07,2025-08-16 03:00:08,NHB250816030008.RAWLHYX,Long Range,1.0
1081,2025-08-16 00:20:08,NHB250816002008.RAWLHVH,NHB250816002304.RAWLHVM,NHB250816003008.RAWLHVR,NHB250816003304.RAWLHVV,2025-08-16 00:20:08,2025-08-16 00:20:08,NHB250816002008.RAWLHVH,Long Range,0.0,2025-08-16 01:20:08,2025-08-16 01:20:07,NHB250816012007.RAWLHWT,Long Range,1.0,2025-08-16 02:20:08,2025-08-16 02:20:08,NHB250816022008.RAWLHY2,Long Range,0.0,2025-08-16 03:20:08,2025-08-16 03:20:08,NHB250816032008.RAWLHZB,Long Range,0.0
1082,2025-08-16 00:40:08,NHB250816004008.RAWLHVY,NHB250816004304.RAWLHW2,NHB250816005008.RAWLHW5,NHB250816005303.RAWLHW9,2025-08-16 00:40:08,2025-08-16 00:40:08,NHB250816004008.RAWLHVY,Long Range,0.0,2025-08-16 01:40:08,2025-08-16 01:40:08,NHB250816014008.RAWLHX7,Long Range,0.0,2025-08-16 02:40:08,2025-08-16 02:40:08,NHB250816024008.RAWLHYG,Long Range,0.0,2025-08-16 03:40:08,2025-08-16 03:40:08,NHB250816034008.RAWLHZS,Long Range,0.0
1083,2025-08-16 01:00:07,NHB250816010007.RAWLHWC,NHB250816010303.RAWLHWG,NHB250816011008.RAWLHWK,NHB250816011304.RAWLHWP,2025-08-16 01:00:07,2025-08-16 01:00:07,NHB250816010007.RAWLHWC,Long Range,0.0,2025-08-16 02:00:07,2025-08-16 02:00:07,NHB250816020007.RAWLHXM,Long Range,0.0,2025-08-16 03:00:07,2025-08-16 03:00:08,NHB250816030008.RAWLHYX,Long Range,1.0,2025-08-16 04:00:07,2025-08-16 04:00:07,NHB250816040007.RAWLJ06,Long Range,0.0
1084,2025-08-16 01:20:07,NHB250816012007.RAWLHWT,NHB250816012304.RAWLHWX,NHB250816013008.RAWLHX0,NHB250816013303.RAWLHX4,2025-08-16 01:20:07,2025-08-16 01:20:07,NHB250816012007.RAWLHWT,Long Range,0.0,2025-08-16 02:20:07,2025-08-16 02:20:08,NHB250816022008.RAWLHY2,Long Range,1.0,2025-08-16 03:20:07,2025-08-16 03:20:08,NHB250816032008.RAWLHZB,Long Range,1.0,2025-08-16 04:20:07,2025-08-16 04:20:09,NHB250816042009.RAWLJ0L,Long Range,2.0
1085,2025-08-16 01:40:08,NHB250816014008.RAWLHX7,NHB250816014304.RAWLHXB,NHB250816015007.RAWLHXE,NHB250816015304.RAWLHXJ,2025-08-16 01:40:08,2025-08-16 01:40:08,NHB250816014008.RAWLHX7,Long Range,0.0,2025-08-16 02:40:08,2025-08-16 02:40:08,NHB250816024008.RAWLHYG,Long Range,0.0,2025-08-16 03:40:08,2025-08-16 03:40:08,NHB250816034008.RAWLHZS,Long Range,0.0,2025-08-16 04:40:08,2025-08-16 04:40:08,NHB250816044008.RAWLJ11,Long Range,0.0
1086,2025-08-16 02:00:07,NHB250816020007.RAWLHXM,NHB250816020304.RAWLHXS,NHB250816021008.RAWLHXV,NHB250816021303.RAWLHXZ,2025-08-16 02:00:07,2025-08-16 02:00:07,NHB250816020007.RAWLHXM,Long Range,0.0,2025-08-16 03:00:07,2025-08-16 03:00:08,NHB250816030008.RAWLHYX,Long Range,1.0,2025-08-16 04:00:07,2025-08-16 04:00:07,NHB250816040007.RAWLJ06,Long Range,0.0,2025-08-16 05:00:07,2025-08-16 05:00:07,NHB250816050007.RAWLJ1F,Long Range,0.0
1087,2025-08-16 02:20:08,NHB250816022008.RAWLHY2,NHB250816022303.RAWLHY6,NHB250816023008.RAWLHY9,NHB250816023304.RAWLHYD,2025-08-16 02:20:08,2025-08-16 02:20:08,NHB250816022008.RAWLHY2,Long Range,0.0,2025-08-16 03:20:08,2025-08-16 03:20:08,NHB250816032008.RAWLHZB,Long Range,0.0,2025-08-16 04:20:08,2025-08-16 04:20:09,NHB250816042009.RAWLJ0L,Long Range,1.0,2025-08-16 05:20:08,2025-08-16 05:20:08,NHB250816052008.RAWLJ1W,Long Range,0.0
1088,2025-08-16 02:40:08,NHB250816024008.RAWLHYG,NHB250816024303.RAWLHYL,NHB250816025007.RAWLHYP,NHB250816025304.RAWLHYU,2025-08-16 02:40:08,2025-08-16 02:40:08,NHB250816024008.RAWLHYG,Long Range,0.0,2025-08-16 03:40:08,2025-08-16 03:40:08,NHB250816034008.RAWLHZS,Long Range,0.0,2025-08-16 04:40:08,2025-08-16 04:40:08,NHB250816044008.RAWLJ11,Long Range,0.0,2025-08-16 05:40:08,2025-08-16 05:40:07,NHB250816054007.RAWLJ2A,Long Range,1.0
1089,2025-08-16 03:00:08,NHB250816030008.RAWLHYX,NHB250816030303.RAWLHZ1,NHB250816031008.RAWLHZ4,NHB250816031303.RAWLHZ8,2025-08-16 03:00:08,2025-08-16 03:00:08,NHB250816030008.RAWLHYX,Long Range,0.0,2025-08-16 04:00:08,2025-08-16 04:00:07,NHB250816040007.RAWLJ06,Long Range,1.0,2025-08-16 05:00:08,2025-08-16 05:00:07,NHB250816050007.RAWLJ1F,Long Range,1.0,2025-08-16 06:00:08,2025-08-16 06:00:08,NHB250816060008.RAWLJ2R,Long Range,0.0
1090,2025-08-16 03:20:08,NHB250816032008.RAWLHZB,NHB250816032303.RAWLHZF,NHB250816033008.RAWLHZJ,NHB250816033303.RAWLHZN,2025-08-16 03:20:08,2025-08-16 03:20:08,NHB250816032008.RAWLHZB,Long Range,0.0,2025-08-16 04:20:08,2025-08-16 04:20:09,NHB250816042009.RAWLJ0L,Long Range,1.0,2025-08-16 05:20:08,2025-08-16 05:20:08,NHB250816052008.RAWLJ1W,Long Range,0.0,2025-08-16 06:20:08,2025-08-16 06:20:08,NHB250816062008.RAWLJ35,Long Range,0.0
1091,2025-08-16 03:40:08,NHB250816034008.RAWLHZS,NHB250816034303.RAWLHZW,NHB250816035008.RAWLHZZ,NHB250816035304.RAWLJ03,2025-08-16 03:40:08,2025-08-16 03:40:08,NHB250816034008.RAWLHZS,Long Range,0.0,2025-08-16 04:40:08,2025-08-16 04:40:08,NHB250816044008.RAWLJ11,Long Range,0.0,2025-08-16 05:40:08,2025-08-16 05:40:07,NHB250816054007.RAWLJ2A,Long Range,1.0,2025-08-16 06:40:08,2025-08-16 06:40:08,NHB250816064008.RAWLJ3K,Long Range,0.0
1092,2025-08-16 04:00:07,NHB250816040007.RAWLJ06,NHB250816040303.RAWLJ0A,NHB250816041008.RAWLJ0D,NHB250816041303.RAWLJ0H,2025-08-16 04:00:07,2025-08-16 04:00:07,NHB250816040007.RAWLJ06,Long Range,0.0,2025-08-16 05:00:07,2025-08-16 05:00:07,NHB250816050007.RAWLJ1F,Long Range,0.0,2025-08-16 06:00:07,2025-08-16 06:00:08,NHB250816060008.RAWLJ2R,Long Range,1.0,2025-08-16 07:00:07,2025-08-16 07:00:07,NHB250816070007.RAWLJ40,Long Range,0.0
1093,2025-08-16 04:20:09,NHB250816042009.RAWLJ0L,NHB250816042304.RAWLJ0R,NHB250816043007.RAWLJ0U,NHB250816043303.RAWLJ0Y,2025-08-16 04:20:09,2025-08-16 04:20:09,NHB250816042009.RAWLJ0L,Long Range,0.0,2025-08-16 05:20:09,2025-08-16 05:20:08,NHB250816052008.RAWLJ1W,Long Range,1.0,2025-08-16 06:20:09,2025-08-16 06:20:08,NHB250816062008.RAWLJ35,Long Range,1.0,2025-08-16 07:20:09,2025-08-16 07:20:09,NHB250816072009.RAWLJ4E,Long Range,0.0
1094,2025-08-16 04:40:08,NHB250816044008.RAWLJ11,NHB250816044304.RAWLJ15,NHB250816045007.RAWLJ18,NHB250816045304.RAWLJ1C,2025-08-16 04:40:08,2025-08-16 04:40:08,NHB250816044008.RAWLJ11,Long Range,0.0,2025-08-16 05:40:08,2025-08-16 05:40:07,NHB250816054007.RAWLJ2A,Long Range,1.0,2025-08-16 06:40:08,2025-08-16 06:40:08,NHB250816064008.RAWLJ3K,Long Range,0.0,2025-08-16 07:40:08,2025-08-16 07:40:08,NHB250816074008.RAWLJ4V,Long Range,0.0
1095,2025-08-16 05:00:07,NHB250816050007.RAWLJ1F,NHB250816050304.RAWLJ1K,NHB250816051007.RAWLJ1N,NHB250816051304.RAWLJ1T,2025-08-16 05:00:07,2025-08-16 05:00:07,NHB250816050007.RAWLJ1F,Long Range,0.0,2025-08-16 06:00:07,2025-08-16 06:00:08,NHB250816060008.RAWLJ2R,Long Range,1.0,2025-08-16 07:00:07,2025-08-16 07:00:07,NHB250816070007.RAWLJ40,Long Range,0.0,2025-08-16 08:00:07,2025-08-16 08:00:07,NHB250816080007.RAWLJ59,Long Range,0.0
1096,2025-08-16 05:20:08,NHB250816052008.RAWLJ1W,NHB250816052304.RAWLJ20,NHB250816053008.RAWLJ23,NHB250816053304.RAWLJ27,2025-08-16 05:20:08,2025-08-16 05:20:08,NHB250816052008.RAWLJ1W,Long Range,0.0,2025-08-16 06:20:08,2025-08-16 06:20:08,NHB250816062008.RAWLJ35,Long Range,0.0,2025-08-16 07:20:08,2025-08-16 07:20:09,NHB250816072009.RAWLJ4E,Long Range,1.0,2025-08-16 08:20:08,2025-08-16 08:20:08,NHB250816082008.RAWLJ5P,Long Range,0.0
1097,2025-08-16 05:40:07,NHB250816054007.RAWLJ2A,NHB250816054303.RAWLJ2E,NHB250816055008.RAWLJ2H,NHB250816055304.RAWLJ2M,2025-08-16 05:40:07,2025-08-16 05:40:07,NHB250816054007.RAWLJ2A,Long Range,0.0,2025-08-16 06:40:07,2025-08-16 06:40:08,NHB250816064008.RAWLJ3K,Long Range,1.0,2025-08-16 07:40:07,2025-08-16 07:40:08,NHB250816074008.RAWLJ4V,Long Range,1.0,2025-08-16 08:40:07,2025-08-16 08:40:07,NHB250816084007.RAWLJ64,Long Range,0.0
1098,2025-08-16 06:00:08,NHB250816060008.RAWLJ2R,NHB250816060303.RAWLJ2V,NHB250816061007.RAWLJ2Y,NHB250816061304.RAWLJ32,2025-08-16 06:00:08,2025-08-16 06:00:08,NHB250816060008.RAWLJ2R,Long Range,0.0,2025-08-16 07:00:08,2025-08-16 07:00:07,NHB250816070007.RAWLJ40,Long Range,1.0,2025-08-16 08:00:08,2025-08-16 08:00:07,NHB250816080007.RAWLJ59,Long Range,1.0,2025-08-16 09:00:08,2025-08-16 09:00:07,NHB250816090007.RAWLJ6J,Long Range,1.0
1099,2025-08-16 06:20:08,NHB250816062008.RAWLJ35,NHB250816062303.RAWLJ39,NHB250816063008.RAWLJ3C,NHB250816063303.RAWLJ3G,2025-08-16 06:20:08,2025-08-16 06:20:08,NHB250816062008.RAWLJ35,Long Range,0.0,2025-08-16 07:20:08,2025-08-16 07:20:09,NHB250816072009.RAWLJ4E,Long Range,1.0,2025-08-16 08:20:08,2025-08-16 08:20:08,NHB250816082008.RAWLJ5P,Long Range,0.0,2025-08-16 09:20:08,2025-08-16 09:20:07,NHB250816092007.RAWLJ6Z,Long Range,1.0
1100,2025-08-16 06:40:08,NHB250816064008.RAWLJ3K,NHB250816064304.RAWLJ3P,NHB250816065008.RAWLJ3T,NHB250816065303.RAWLJ3X,2025-08-16 06:40:08,2025-08-16 06:40:08,NHB250816064008.RAWLJ3K,Long Range,0.0,2025-08-16 07:40:08,2025-08-16 07:40:08,NHB250816074008.RAWLJ4V,Long Range,0.0,2025-08-16 08:40:08,2025-08-16 08:40:07,NHB250816084007.RAWLJ64,Long Range,1.0,2025-08-16 09:40:08,2025-08-16 09:40:07,NHB250816094007.RAWLJ7D,Long Range,1.0
1101,2025-08-16 07:00:07,NHB250816070007.RAWLJ40,NHB250816070303.RAWLJ44,NHB250816071008.RAWLJ47,NHB250816071303.RAWLJ4B,2025-08-16 07:00:07,2025-08-16 07:00:07,NHB250816070007.RAWLJ40,Long Range,0.0,2025-08-16 08:00:07,2025-08-16 08:00:07,NHB250816080007.RAWLJ59,Long Range,0.0,2025-08-16 09:00:07,2025-08-16 09:00:07,NHB250816090007.RAWLJ6J,Long Range,0.0,2025-08-16 10:00:07,2025-08-16 10:00:08,NHB250816100008.RAWLJ7U,Long Range,1.0
1102,2025-08-16 07:20:09,NHB250816072009.RAWLJ4E,NHB250816072304.RAWLJ4J,NHB250816073007.RAWLJ4M,NHB250816073304.RAWLJ4S,2025-08-16 07:20:09,2025-08-16 07:20:09,NHB250816072009.RAWLJ4E,Long Range,0.0,2025-08-16 08:20:09,2025-08-16 08:20:08,NHB250816082008.RAWLJ5P,Long Range,1.0,2025-08-16 09:20:09,2025-08-16 09:20:07,NHB250816092007.RAWLJ6Z,Long Range,2.0,2025-08-16 10:20:09,2025-08-16 10:20:08,NHB250816102008.RAWLJ88,Long Range,1.0
1103,2025-08-16 07:40:08,NHB250816074008.RAWLJ4V,NHB250816074303.RAWLJ4Z,NHB250816075007.RAWLJ52,NHB250816075304.RAWLJ56,2025-08-16 07:40:08,2025-08-16 07:40:08,NHB250816074008.RAWLJ4V,Long Range,0.0,2025-08-16 08:40:08,2025-08-16 08:40:07,NHB250816084007.RAWLJ64,Long Range,1.0,2025-08-16 09:40:08,2025-08-16 09:40:07,NHB250816094007.RAWLJ7D,Long Range,1.0,2025-08-16 10:40:08,2025-08-16 10:40:08,NHB250816104008.RAWLJ8N,Long Range,0.0
1104,2025-08-16 08:00:07,NHB250816080007.RAWLJ59,NHB250816080303.RAWLJ5D,NHB250816081008.RAWLJ5G,NHB250816081303.RAWLJ5L,2025-08-16 08:00:07,2025-08-16 08:00:07,NHB250816080007.RAWLJ59,Long Range,0.0,2025-08-16 09:00:07,2025-08-16 09:00:07,NHB250816090007.RAWLJ6J,Long Range,0.0,2025-08-16 10:00:07,2025-08-16 10:00:08,NHB250816100008.RAWLJ7U,Long Range,1.0,2025-08-16 11:00:07,2025-08-16 11:00:07,NHB250816110007.RAWLJ93,Long Range,0.0
1105,2025-08-16 08:20:08,NHB250816082008.RAWLJ5P,NHB250816082303.RAWLJ5U,NHB250816083007.RAWLJ5X,NHB250816083303.RAWLJ61,2025-08-16 08:20:08,2025-08-16 08:20:08,NHB250816082008.RAWLJ5P,Long Range,0.0,2025-08-16 09:20:08,2025-08-16 09:20:07,NHB250816092007.RAWLJ6Z,Long Range,1.0,2025-08-16 10:20:08,2025-08-16 10:20:08,NHB250816102008.RAWLJ88,Long Range,0.0,2025-08-16 11:20:08,2025-08-16 11:20:08,NHB250816112008.RAWLJ9H,Long Range,0.0
1106,2025-08-16 08:40:07,NHB250816084007.RAWLJ64,NHB250816084304.RAWLJ68,NHB250816085008.RAWLJ6B,NHB250816085304.RAWLJ6F,2025-08-16 08:40:07,2025-08-16 08:40:07,NHB250816084007.RAWLJ64,Long Range,0.0,2025-08-16 09:40:07,2025-08-16 09:40:07,NHB250816094007.RAWLJ7D,Long Range,0.0,2025-08-16 10:40:07,2025-08-16 10:40:08,NHB250816104008.RAWLJ8N,Long Range,1.0,2025-08-16 11:40:07,2025-08-16 11:40:08,NHB250816114008.RAWLJ9Y,Long Range,1.0
1107,2025-08-16 09:00:07,NHB250816090007.RAWLJ6J,NHB250816090304.RAWLJ6N,NHB250816091007.RAWLJ6S,NHB250816091303.RAWLJ6W,2025-08-16 09:00:07,2025-08-16 09:00:07,NHB250816090007.RAWLJ6J,Long Range,0.0,2025-08-16 10:00:07,2025-08-16 10:00:08,NHB250816100008.RAWLJ7U,Long Range,1.0,2025-08-16 11:00:07,2025-08-16 11:00:07,NHB250816110007.RAWLJ93,Long Range,0.0,2025-08-16 12:00:07,2025-08-16 12:00:08,NHB250816120008.RAWLJAC,Long Range,1.0
1108,2025-08-16 09:20:07,NHB250816092007.RAWLJ6Z,NHB250816092303.RAWLJ73,NHB250816093008.RAWLJ76,NHB250816093303.RAWLJ7A,2025-08-16 09:20:07,2025-08-16 09:20:07,NHB250816092007.RAWLJ6Z,Long Range,0.0,2025-08-16 10:20:07,2025-08-16 10:20:08,NHB250816102008.RAWLJ88,Long Range,1.0,2025-08-16 11:20:07,2025-08-16 11:20:08,NHB250816112008.RAWLJ9H,Long Range,1.0,2025-08-16 12:20:07,2025-08-16 12:20:08,NHB250816122008.RAWLJAT,Long Range,1.0
1109,2025-08-16 09:40:07,NHB250816094007.RAWLJ7D,NHB250816094303.RAWLJ7H,NHB250816095007.RAWLJ7L,NHB250816095303.RAWLJ7R,2025-08-16 09:40:07,2025-08-16 09:40:07,NHB250816094007.RAWLJ7D,Long Range,0.0,2025-08-16 10:40:07,2025-08-16 10:40:08,NHB250816104008.RAWLJ8N,Long Range,1.0,2025-08-16 11:40:07,2025-08-16 11:40:08,NHB250816114008.RAWLJ9Y,Long Range,1.0,2025-08-16 12:40:07,2025-08-16 12:40:08,NHB250816124008.RAWLJB7,Long Range,1.0
1110,2025-08-16 10:00:08,NHB250816100008.RAWLJ7U,NHB250816100303.RAWLJ7Y,NHB250816101007.RAWLJ81,NHB250816101305.RAWLJ85,2025-08-16 10:00:08,2025-08-16 10:00:08,NHB250816100008.RAWLJ7U,Long Range,0.0,2025-08-16 11:00:08,2025-08-16 11:00:07,NHB250816110007.RAWLJ93,Long Range,1.0,2025-08-16 12:00:08,2025-08-16 12:00:08,NHB250816120008.RAWLJAC,Long Range,0.0,2025-08-16 13:00:08,2025-08-16 13:00:07,NHB250816130007.RAWLJBM,Long Range,1.0
1111,2025-08-16 10:20:08,NHB250816102008.RAWLJ88,NHB250816102303.RAWLJ8C,NHB250816103008.RAWLJ8F,NHB250816103303.RAWLJ8K,2025-08-16 10:20:08,2025-08-16 10:20:08,NHB250816102008.RAWLJ88,Long Range,0.0,2025-08-16 11:20:08,2025-08-16 11:20:08,NHB250816112008.RAWLJ9H,Long Range,0.0,2025-08-16 12:20:08,2025-08-16 12:20:08,NHB250816122008.RAWLJAT,Long Range,0.0,2025-08-16 13:20:08,2025-08-16 13:20:08,NHB250816132008.RAWLJC2,Long Range,0.0
1112,2025-08-16 10:40:08,NHB250816104008.RAWLJ8N,NHB250816104304.RAWLJ8T,NHB250816105008.RAWLJ8W,NHB250816105304.RAWLJ90,2025-08-16 10:40:08,2025-08-16 10:40:08,NHB250816104008.RAWLJ8N,Long Range,0.0,2025-08-16 11:40:08,2025-08-16 11:40:08,NHB250816114008.RAWLJ9Y,Long Range,0.0,2025-08-16 12:40:08,2025-08-16 12:40:08,NHB250816124008.RAWLJB7,Long Range,0.0,2025-08-16 13:40:08,2025-08-16 13:40:08,NHB250816134008.RAWLJCG,Long Range,0.0
1113,2025-08-16 11:00:07,NHB250816110007.RAWLJ93,NHB250816110304.RAWLJ97,NHB250816111008.RAWLJ9A,NHB250816111303.RAWLJ9E,2025-08-16 11:00:07,2025-08-16 11:00:07,NHB250816110007.RAWLJ93,Long Range,0.0,2025-08-16 12:00:07,2025-08-16 12:00:08,NHB250816120008.RAWLJAC,Long Range,1.0,2025-08-16 13:00:07,2025-08-16 13:00:07,NHB250816130007.RAWLJBM,Long Range,0.0,2025-08-16 14:00:07,2025-08-16 14:00:08,NHB250816140008.RAWLJCX,Long Range,1.0
1114,2025-08-16 11:20:08,NHB250816112008.RAWLJ9H,NHB250816112303.RAWLJ9M,NHB250816113008.RAWLJ9R,NHB250816113304.RAWLJ9V,2025-08-16 11:20:08,2025-08-16 11:20:08,NHB250816112008.RAWLJ9H,Long Range,0.0,2025-08-16 12:20:08,2025-08-16 12:20:08,NHB250816122008.RAWLJAT,Long Range,0.0,2025-08-16 13:20:08,2025-08-16 13:20:08,NHB250816132008.RAWLJC2,Long Range,0.0,2025-08-16 14:20:08,2025-08-16 14:20:08,NHB250816142008.RAWLJDB,Long Range,0.0
1115,2025-08-16 11:40:08,NHB250816114008.RAWLJ9Y,NHB250816114304.RAWLJA2,NHB250816115008.RAWLJA5,NHB250816115303.RAWLJA9,2025-08-16 11:40:08,2025-08-16 11:40:08,NHB250816114008.RAWLJ9Y,Long Range,0.0,2025-08-16 12:40:08,2025-08-16 12:40:08,NHB250816124008.RAWLJB7,Long Range,0.0,2025-08-16 13:40:08,2025-08-16 13:40:08,NHB250816134008.RAWLJCG,Long Range,0.0,2025-08-16 14:40:08,2025-08-16 14:40:08,NHB250816144008.RAWLJDS,Long Range,0.0
1116,2025-08-16 12:00:08,NHB250816120008.RAWLJAC,NHB250816120303.RAWLJAG,NHB250816121008.RAWLJAK,NHB250816121303.RAWLJAP,2025-08-16 12:00:08,2025-08-16 12:00:08,NHB250816120008.RAWLJAC,Long Range,0.0,2025-08-16 13:00:08,2025-08-16 13:00:07,NHB250816130007.RAWLJBM,Long Range,1.0,2025-08-16 14:00:08,2025-08-16 14:00:08,NHB250816140008.RAWLJCX,Long Range,0.0,2025-08-16 15:00:08,2025-08-16 15:00:07,NHB250816150007.RAWLJE6,Long Range,1.0
1117,2025-08-16 12:20:08,NHB250816122008.RAWLJAT,NHB250816122303.RAWLJAX,NHB250816123008.RAWLJB0,NHB250816123303.RAWLJB4,2025-08-16 12:20:08,2025-08-16 12:20:08,NHB250816122008.RAWLJAT,Long Range,0.0,2025-08-16 13:20:08,2025-08-16 13:20:08,NHB250816132008.RAWLJC2,Long Range,0.0,2025-08-16 14:20:08,2025-08-16 14:20:08,NHB250816142008.RAWLJDB,Long Range,0.0,2025-08-16 15:20:08,2025-08-16 15:20:08,NHB250816152008.RAWLJEL,Long Range,0.0
1118,2025-08-16 12:40:08,NHB250816124008.RAWLJB7,NHB250816124303.RAWLJBB,NHB250816125008.RAWLJBE,NHB250816125304.RAWLJBJ,2025-08-16 12:40:08,2025-08-16 12:40:08,NHB250816124008.RAWLJB7,Long Range,0.0,2025-08-16 13:40:08,2025-08-16 13:40:08,NHB250816134008.RAWLJCG,Long Range,0.0,2025-08-16 14:40:08,2025-08-16 14:40:08,NHB250816144008.RAWLJDS,Long Range,0.0,2025-08-16 15:40:08,2025-08-16 15:40:08,NHB250816154008.RAWLJF1,Long Range,0.0
1119,2025-08-16 13:00:07,NHB250816130007.RAWLJBM,NHB250816130303.RAWLJBS,NHB250816131007.RAWLJBV,NHB250816131304.RAWLJBZ,2025-08-16 13:00:07,2025-08-16 13:00:07,NHB250816130007.RAWLJBM,Long Range,0.0,2025-08-16 14:00:07,2025-08-16 14:00:08,NHB250816140008.RAWLJCX,Long Range,1.0,2025-08-16 15:00:07,2025-08-16 15:00:07,NHB250816150007.RAWLJE6,Long Range,0.0,2025-08-16 16:00:07,2025-08-16 16:00:07,NHB250816160007.RAWLJFF,Long Range,0.0
1120,2025-08-16 13:20:08,NHB250816132008.RAWLJC2,NHB250816132303.RAWLJC6,NHB250816133007.RAWLJC9,NHB250816133303.RAWLJCD,2025-08-16 13:20:08,2025-08-16 13:20:08,NHB250816132008.RAWLJC2,Long Range,0.0,2025-08-16 14:20:08,2025-08-16 14:20:08,NHB250816142008.RAWLJDB,Long Range,0.0,2025-08-16 15:20:08,2025-08-16 15:20:08,NHB250816152008.RAWLJEL,Long Range,0.0,2025-08-16 16:20:08,2025-08-16 16:20:08,NHB250816162008.RAWLJFW,Long Range,0.0
1121,2025-08-16 13:40:08,NHB250816134008.RAWLJCG,NHB250816134304.RAWLJCL,NHB250816135008.RAWLJCP,NHB250816135304.RAWLJCU,2025-08-16 13:40:08,2025-08-16 13:40:08,NHB250816134008.RAWLJCG,Long Range,0.0,2025-08-16 14:40:08,2025-08-16 14:40:08,NHB250816144008.RAWLJDS,Long Range,0.0,2025-08-16 15:40:08,2025-08-16 15:40:08,NHB250816154008.RAWLJF1,Long Range,0.0,2025-08-16 16:40:08,2025-08-16 16:40:08,NHB250816164008.RAWLJGA,Long Range,0.0
1122,2025-08-16 14:00:08,NHB250816140008.RAWLJCX,NHB250816140303.RAWLJD1,NHB250816141008.RAWLJD4,NHB250816141303.RAWLJD8,2025-08-16 14:00:08,2025-08-16 14:00:08,NHB250816140008.RAWLJCX,Long Range,0.0,2025-08-16 15:00:08,2025-08-16 15:00:07,NHB250816150007.RAWLJE6,Long Range,1.0,2025-08-16 16:00:08,2025-08-16 16:00:07,NHB250816160007.RAWLJFF,Long Range,1.0,2025-08-16 17:00:08,2025-08-16 17:00:07,NHB250816170007.RAWLJGR,Long Range,1.0
1123,2025-08-16 14:20:08,NHB250816142008.RAWLJDB,NHB250816142304.RAWLJDF,NHB250816143008.RAWLJDJ,NHB250816143303.RAWLJDN,2025-08-16 14:20:08,2025-08-16 14:20:08,NHB250816142008.RAWLJDB,Long Range,0.0,2025-08-16 15:20:08,2025-08-16 15:20:08,NHB250816152008.RAWLJEL,Long Range,0.0,2025-08-16 16:20:08,2025-08-16 16:20:08,NHB250816162008.RAWLJFW,Long Range,0.0,2025-08-16 17:20:08,2025-08-16 17:20:07,NHB250816172007.RAWLJH5,Long Range,1.0
1124,2025-08-16 14:40:08,NHB250816144008.RAWLJDS,NHB250816144303.RAWLJDW,NHB250816145007.RAWLJDZ,NHB250816145304.RAWLJE3,2025-08-16 14:40:08,2025-08-16 14:40:08,NHB250816144008.RAWLJDS,Long Range,0.0,2025-08-16 15:40:08,2025-08-16 15:40:08,NHB250816154008.RAWLJF1,Long Range,0.0,2025-08-16 16:40:08,2025-08-16 16:40:08,NHB250816164008.RAWLJGA,Long Range,0.0,2025-08-16 17:40:08,2025-08-16 17:40:07,NHB250816174007.RAWLJHK,Long Range,1.0
1125,2025-08-16 15:00:07,NHB250816150007.RAWLJE6,NHB250816150303.RAWLJEA,NHB250816151007.RAWLJED,NHB250816151304.RAWLJEH,2025-08-16 15:00:07,2025-08-16 15:00:07,NHB250816150007.RAWLJE6,Long Range,0.0,2025-08-16 16:00:07,2025-08-16 16:00:07,NHB250816160007.RAWLJFF,Long Range,0.0,2025-08-16 17:00:07,2025-08-16 17:00:07,NHB250816170007.RAWLJGR,Long Range,0.0,2025-08-16 18:00:07,2025-08-16 18:00:09,NHB250816180009.RAWLJJ0,Long Range,2.0
1126,2025-08-16 15:20:08,NHB250816152008.RAWLJEL,NHB250816152303.RAWLJER,NHB250816153008.RAWLJEU,NHB250816153303.RAWLJEY,2025-08-16 15:20:08,2025-08-16 15:20:08,NHB250816152008.RAWLJEL,Long Range,0.0,2025-08-16 16:20:08,2025-08-16 16:20:08,NHB250816162008.RAWLJFW,Long Range,0.0,2025-08-16 17:20:08,2025-08-16 17:20:07,NHB250816172007.RAWLJH5,Long Range,1.0,2025-08-16 18:20:08,2025-08-16 18:20:07,NHB250816182007.RAWLJJE,Long Range,1.0
1127,2025-08-16 15:40:08,NHB250816154008.RAWLJF1,NHB250816154303.RAWLJF5,NHB250816155008.RAWLJF8,NHB250816155303.RAWLJFC,2025-08-16 15:40:08,2025-08-16 15:40:08,NHB250816154008.RAWLJF1,Long Range,0.0,2025-08-16 16:40:08,2025-08-16 16:40:08,NHB250816164008.RAWLJGA,Long Range,0.0,2025-08-16 17:40:08,2025-08-16 17:40:07,NHB250816174007.RAWLJHK,Long Range,1.0,2025-08-16 18:40:08,2025-08-16 18:40:08,NHB250816184008.RAWLJJV,Long Range,0.0
1128,2025-08-16 16:00:07,NHB250816160007.RAWLJFF,NHB250816160303.RAWLJFK,NHB250816161008.RAWLJFN,NHB250816161303.RAWLJFT,2025-08-16 16:00:07,2025-08-16 16:00:07,NHB250816160007.RAWLJFF,Long Range,0.0,2025-08-16 17:00:07,2025-08-16 17:00:07,NHB250816170007.RAWLJGR,Long Range,0.0,2025-08-16 18:00:07,2025-08-16 18:00:09,NHB250816180009.RAWLJJ0,Long Range,2.0,2025-08-16 19:00:07,2025-08-16 19:00:08,NHB250816190008.RAWLJK9,Long Range,1.0
1129,2025-08-16 16:20:08,NHB250816162008.RAWLJFW,NHB250816162303.RAWLJG0,NHB250816163008.RAWLJG3,NHB250816163303.RAWLJG7,2025-08-16 16:20:08,2025-08-16 16:20:08,NHB250816162008.RAWLJFW,Long Range,0.0,2025-08-16 17:20:08,2025-08-16 17:20:07,NHB250816172007.RAWLJH5,Long Range,1.0,2025-08-16 18:20:08,2025-08-16 18:20:07,NHB250816182007.RAWLJJE,Long Range,1.0,2025-08-16 19:20:08,2025-08-16 19:20:08,NHB250816192008.RAWLJKP,Long Range,0.0
1130,2025-08-16 16:40:08,NHB250816164008.RAWLJGA,NHB250816164303.RAWLJGE,NHB250816165008.RAWLJGH,NHB250816165304.RAWLJGM,2025-08-16 16:40:08,2025-08-16 16:40:08,NHB250816164008.RAWLJGA,Long Range,0.0,2025-08-16 17:40:08,2025-08-16 17:40:07,NHB250816174007.RAWLJHK,Long Range,1.0,2025-08-16 18:40:08,2025-08-16 18:40:08,NHB250816184008.RAWLJJV,Long Range,0.0,2025-08-16 19:40:08,2025-08-16 19:40:07,NHB250816194007.RAWLJL4,Long Range,1.0
1131,2025-08-16 17:00:07,NHB250816170007.RAWLJGR,NHB250816170305.RAWLJGV,NHB250816171008.RAWLJGY,NHB250816171304.RAWLJH2,2025-08-16 17:00:07,2025-08-16 17:00:07,NHB250816170007.RAWLJGR,Long Range,0.0,2025-08-16 18:00:07,2025-08-16 18:00:09,NHB250816180009.RAWLJJ0,Long Range,2.0,2025-08-16 19:00:07,2025-08-16 19:00:08,NHB250816190008.RAWLJK9,Long Range,1.0,2025-08-16 20:00:07,2025-08-16 20:00:09,NHB250816200009.RAWLJLJ,Long Range,2.0
1132,2025-08-16 17:20:07,NHB250816172007.RAWLJH5,NHB250816172304.RAWLJH9,NHB250816173008.RAWLJHC,NHB250816173303.RAWLJHG,2025-08-16 17:20:07,2025-08-16 17:20:07,NHB250816172007.RAWLJH5,Long Range,0.0,2025-08-16 18:20:07,2025-08-16 18:20:07,NHB250816182007.RAWLJJE,Long Range,0.0,2025-08-16 19:20:07,2025-08-16 19:20:08,NHB250816192008.RAWLJKP,Long Range,1.0,2025-08-16 20:20:07,2025-08-16 20:20:08,NHB250816202008.RAWLJLZ,Long Range,1.0
1133,2025-08-16 17:40:07,NHB250816174007.RAWLJHK,NHB250816174304.RAWLJHP,NHB250816175008.RAWLJHT,NHB250816175303.RAWLJHX,2025-08-16 17:40:07,2025-08-16 17:40:07,NHB250816174007.RAWLJHK,Long Range,0.0,2025-08-16 18:40:07,2025-08-16 18:40:08,NHB250816184008.RAWLJJV,Long Range,1.0,2025-08-16 19:40:07,2025-08-16 19:40:07,NHB250816194007.RAWLJL4,Long Range,0.0,2025-08-16 20:40:07,2025-08-16 20:40:07,NHB250816204007.RAWLJMD,Long Range,0.0
1134,2025-08-16 18:00:09,NHB250816180009.RAWLJJ0,NHB250816180303.RAWLJJ4,NHB250816181008.RAWLJJ7,NHB250816181304.RAWLJJB,2025-08-16 18:00:09,2025-08-16 18:00:09,NHB250816180009.RAWLJJ0,Long Range,0.0,2025-08-16 19:00:09,2025-08-16 19:00:08,NHB250816190008.RAWLJK9,Long Range,1.0,2025-08-16 20:00:09,2025-08-16 20:00:09,NHB250816200009.RAWLJLJ,Long Range,0.0,2025-08-16 21:00:09,2025-08-16 21:00:08,NHB250816210008.RAWLJMU,Long Range,1.0
1135,2025-08-16 18:20:07,NHB250816182007.RAWLJJE,NHB250816182303.RAWLJJJ,NHB250816183008.RAWLJJM,NHB250816183303.RAWLJJS,2025-08-16 18:20:07,2025-08-16 18:20:07,NHB250816182007.RAWLJJE,Long Range,0.0,2025-08-16 19:20:07,2025-08-16 19:20:08,NHB250816192008.RAWLJKP,Long Range,1.0,2025-08-16 20:20:07,2025-08-16 20:20:08,NHB250816202008.RAWLJLZ,Long Range,1.0,2025-08-16 21:20:07,2025-08-16 21:20:08,NHB250816212008.RAWLJN8,Long Range,1.0
1136,2025-08-16 18:40:08,NHB250816184008.RAWLJJV,NHB250816184304.RAWLJJZ,NHB250816185008.RAWLJK2,NHB250816185303.RAWLJK6,2025-08-16 18:40:08,2025-08-16 18:40:08,NHB250816184008.RAWLJJV,Long Range,0.0,2025-08-16 19:40:08,2025-08-16 19:40:07,NHB250816194007.RAWLJL4,Long Range,1.0,2025-08-16 20:40:08,2025-08-16 20:40:07,NHB250816204007.RAWLJMD,Long Range,1.0,2025-08-16 21:40:08,2025-08-16 21:40:07,NHB250816214007.RAWLJNN,Long Range,1.0
1137,2025-08-16 19:00:08,NHB250816190008.RAWLJK9,NHB250816190304.RAWLJKD,NHB250816191007.RAWLJKG,NHB250816191303.RAWLJKL,2025-08-16 19:00:08,2025-08-16 19:00:08,NHB250816190008.RAWLJK9,Long Range,0.0,2025-08-16 20:00:08,2025-08-16 20:00:09,NHB250816200009.RAWLJLJ,Long Range,1.0,2025-08-16 21:00:08,2025-08-16 21:00:08,NHB250816210008.RAWLJMU,Long Range,0.0,2025-08-16 22:00:08,2025-08-16 22:00:08,NHB250816220008.RAWLJP3,Long Range,0.0
1138,2025-08-16 19:20:08,NHB250816192008.RAWLJKP,NHB250816192304.RAWLJKU,NHB250816193008.RAWLJKX,NHB250816193303.RAWLJL1,2025-08-16 19:20:08,2025-08-16 19:20:08,NHB250816192008.RAWLJKP,Long Range,0.0,2025-08-16 20:20:08,2025-08-16 20:20:08,NHB250816202008.RAWLJLZ,Long Range,0.0,2025-08-16 21:20:08,2025-08-16 21:20:08,NHB250816212008.RAWLJN8,Long Range,0.0,2025-08-16 22:20:08,2025-08-16 22:20:08,NHB250816222008.RAWLJPH,Long Range,0.0
1139,2025-08-16 19:40:07,NHB250816194007.RAWLJL4,NHB250816194304.RAWLJL8,NHB250816195007.RAWLJLB,NHB250816195303.RAWLJLF,2025-08-16 19:40:07,2025-08-16 19:40:07,NHB250816194007.RAWLJL4,Long Range,0.0,2025-08-16 20:40:07,2025-08-16 20:40:07,NHB250816204007.RAWLJMD,Long Range,0.0,2025-08-16 21:40:07,2025-08-16 21:40:07,NHB250816214007.RAWLJNN,Long Range,0.0,2025-08-16 22:40:07,2025-08-16 22:40:09,NHB250816224009.RAWLJPY,Long Range,2.0
1140,2025-08-16 20:00:09,NHB250816200009.RAWLJLJ,NHB250816200304.RAWLJLN,NHB250816201008.RAWLJLS,NHB250816201303.RAWLJLW,2025-08-16 20:00:09,2025-08-16 20:00:09,NHB250816200009.RAWLJLJ,Long Range,0.0,2025-08-16 21:00:09,2025-08-16 21:00:08,NHB250816210008.RAWLJMU,Long Range,1.0,2025-08-16 22:00:09,2025-08-16 22:00:08,NHB250816220008.RAWLJP3,Long Range,1.0,2025-08-16 23:00:09,2025-08-16 23:00:08,NHB250816230008.RAWLJRC,Long Range,1.0
1141,2025-08-16 20:20:08,NHB250816202008.RAWLJLZ,NHB250816202303.RAWLJM3,NHB250816203007.RAWLJM6,NHB250816203303.RAWLJMA,2025-08-16 20:20:08,2025-08-16 20:20:08,NHB250816202008.RAWLJLZ,Long Range,0.0,2025-08-16 21:20:08,2025-08-16 21:20:08,NHB250816212008.RAWLJN8,Long Range,0.0,2025-08-16 22:20:08,2025-08-16 22:20:08,NHB250816222008.RAWLJPH,Long Range,0.0,2025-08-16 23:20:08,2025-08-16 23:20:07,NHB250816232007.RAWLJRT,Long Range,1.0
1142,2025-08-16 20:40:07,NHB250816204007.RAWLJMD,NHB250816204303.RAWLJMH,NHB250816205007.RAWLJML,NHB250816205303.RAWLJMR,2025-08-16 20:40:07,2025-08-16 20:40:07,NHB250816204007.RAWLJMD,Long Range,0.0,2025-08-16 21:40:07,2025-08-16 21:40:07,NHB250816214007.RAWLJNN,Long Range,0.0,2025-08-16 22:40:07,2025-08-16 22:40:09,NHB250816224009.RAWLJPY,Long Range,2.0,2025-08-16 23:40:07,2025-08-16 23:40:08,NHB250816234008.RAWLJS7,Long Range,1.0
1143,2025-08-16 21:00:08,NHB250816210008.RAWLJMU,NHB250816210304.RAWLJMY,NHB250816211007.RAWLJN1,NHB250816211303.RAWLJN5,2025-08-16 21:00:08,2025-08-16 21:00:08,NHB250816210008.RAWLJMU,Long Range,0.0,2025-08-16 22:00:08,2025-08-16 22:00:08,NHB250816220008.RAWLJP3,Long Range,0.0,2025-08-16 23:00:08,2025-08-16 23:00:08,NHB250816230008.RAWLJRC,Long Range,0.0,2025-08-17 00:00:08,2025-08-17 00:00:07,NHB250817000007.RAWLJSM,Long Range,1.0
1144,2025-08-16 21:20:08,NHB250816212008.RAWLJN8,NHB250816212304.RAWLJNC,NHB250816213008.RAWLJNF,NHB250816213303.RAWLJNK,2025-08-16 21:20:08,2025-08-16 21:20:08,NHB250816212008.RAWLJN8,Long Range,0.0,2025-08-16 22:20:08,2025-08-16 22:20:08,NHB250816222008.RAWLJPH,Long Range,0.0,2025-08-16 23:20:08,2025-08-16 23:20:07,NHB250816232007.RAWLJRT,Long Range,1.0,2025-08-17 00:20:08,2025-08-17 00:20:08,NHB250817002008.RAWLJT2,Long Range,0.0
1145,2025-08-16 21:40:07,NHB250816214007.RAWLJNN,NHB250816214304.RAWLJNT,NHB250816215008.RAWLJNW,NHB250816215305.RAWLJP0,2025-08-16 21:40:07,2025-08-16 21:40:07,NHB250816214007.RAWLJNN,Long Range,0.0,2025-08-16 22:40:07,2025-08-16 22:40:09,NHB250816224009.RAWLJPY,Long Range,2.0,2025-08-16 23:40:07,2025-08-16 23:40:08,NHB250816234008.RAWLJS7,Long Range,1.0,2025-08-17 00:40:07,2025-08-17 00:40:08,NHB250817004008.RAWLJTG,Long Range,1.0
1146,2025-08-16 22:00:08,NHB250816220008.RAWLJP3,NHB250816220303.RAWLJP7,NHB250816221008.RAWLJPA,NHB250816221304.RAWLJPE,2025-08-16 22:00:08,2025-08-16 22:00:08,NHB250816220008.RAWLJP3,Long Range,0.0,2025-08-16 23:00:08,2025-08-16 23:00:08,NHB250816230008.RAWLJRC,Long Range,0.0,2025-08-17 00:00:08,2025-08-17 00:00:07,NHB250817000007.RAWLJSM,Long Range,1.0,2025-08-17 01:00:08,2025-08-17 01:00:07,NHB250817010007.RAWLJTX,Long Range,1.0
1147,2025-08-16 22:20:08,NHB250816222008.RAWLJPH,NHB250816222304.RAWLJPM,NHB250816223008.RAWLJPR,NHB250816223304.RAWLJPV,2025-08-16 22:20:08,2025-08-16 22:20:08,NHB250816222008.RAWLJPH,Long Range,0.0,2025-08-16 23:20:08,2025-08-16 23:20:07,NHB250816232007.RAWLJRT,Long Range,1.0,2025-08-17 00:20:08,2025-08-17 00:20:08,NHB250817002008.RAWLJT2,Long Range,0.0,2025-08-17 01:20:08,2025-08-17 01:20:08,NHB250817012008.RAWLJUB,Long Range,0.0
1148,2025-08-16 22:40:09,NHB250816224009.RAWLJPY,NHB250816224304.RAWLJR2,NHB250816225008.RAWLJR5,NHB250816225303.RAWLJR9,2025-08-16 22:40:09,2025-08-16 22:40:09,NHB250816224009.RAWLJPY,Long Range,0.0,2025-08-16 23:40:09,2025-08-16 23:40:08,NHB250816234008.RAWLJS7,Long Range,1.0,2025-08-17 00:40:09,2025-08-17 00:40:08,NHB250817004008.RAWLJTG,Long Range,1.0,2025-08-17 01:40:09,2025-08-17 01:40:08,NHB250817014008.RAWLJUS,Long Range,1.0
1149,2025-08-16 23:00:08,NHB250816230008.RAWLJRC,NHB250816230304.RAWLJRG,NHB250816231008.RAWLJRK,NHB250816231303.RAWLJRP,2025-08-16 23:00:08,2025-08-16 23:00:08,NHB250816230008.RAWLJRC,Long Range,0.0,2025-08-17 00:00:08,2025-08-17 00:00:07,NHB250817000007.RAWLJSM,Long Range,1.0,2025-08-17 01:00:08,2025-08-17 01:00:07,NHB250817010007.RAWLJTX,Long Range,1.0,2025-08-17 02:00:08,2025-08-17 02:00:07,NHB250817020007.RAWLJV6,Long Range,1.0
1150,2025-08-16 23:20:07,NHB250816232007.RAWLJRT,NHB250816232303.RAWLJRX,NHB250816233007.RAWLJS0,NHB250816233304.RAWLJS4,2025-08-16 23:20:07,2025-08-16 23:20:07,NHB250816232007.RAWLJRT,Long Range,0.0,2025-08-17 00:20:07,2025-08-17 00:20:08,NHB250817002008.RAWLJT2,Long Range,1.0,2025-08-17 01:20:07,2025-08-17 01:20:08,NHB250817012008.RAWLJUB,Long Range,1.0,2025-08-17 02:20:07,2025-08-17 02:20:08,NHB250817022008.RAWLJVL,Long Range,1.0
1151,2025-08-16 23:40:08,NHB250816234008.RAWLJS7,NHB250816234303.RAWLJSB,NHB250816235008.RAWLJSE,NHB250816235304.RAWLJSJ,2025-08-16 23:40:08,2025-08-16 23:40:08,NHB250816234008.RAWLJS7,Long Range,0.0,2025-08-17 00:40:08,2025-08-17 00:40:08,NHB250817004008.RAWLJTG,Long Range,0.0,2025-08-17 01:40:08,2025-08-17 01:40:08,NHB250817014008.RAWLJUS,Long Range,0.0,2025-08-17 02:40:08,2025-08-17 02:40:07,NHB250817024007.RAWLJW1,Long Range,1.0
1152,2025-08-17 00:00:07,NHB250817000007.RAWLJSM,NHB250817000303.RAWLJSS,NHB250817001008.RAWLJSV,NHB250817001304.RAWLJSZ,2025-08-17 00:00:07,2025-08-17 00:00:07,NHB250817000007.RAWLJSM,Long Range,0.0,2025-08-17 01:00:07,2025-08-17 01:00:07,NHB250817010007.RAWLJTX,Long Range,0.0,2025-08-17 02:00:07,2025-08-17 02:00:07,NHB250817020007.RAWLJV6,Long Range,0.0,2025-08-17 03:00:07,2025-08-17 03:00:08,NHB250817030008.RAWLJWF,Long Range,1.0
1153,2025-08-17 00:20:08,NHB250817002008.RAWLJT2,NHB250817002303.RAWLJT6,NHB250817003008.RAWLJT9,NHB250817003304.RAWLJTD,2025-08-17 00:20:08,2025-08-17 00:20:08,NHB250817002008.RAWLJT2,Long Range,0.0,2025-08-17 01:20:08,2025-08-17 01:20:08,NHB250817012008.RAWLJUB,Long Range,0.0,2025-08-17 02:20:08,2025-08-17 02:20:08,NHB250817022008.RAWLJVL,Long Range,0.0,2025-08-17 03:20:08,2025-08-17 03:20:07,NHB250817032007.RAWLJWW,Long Range,1.0
1154,2025-08-17 00:40:08,NHB250817004008.RAWLJTG,NHB250817004304.RAWLJTL,NHB250817005007.RAWLJTP,NHB250817005303.RAWLJTU,2025-08-17 00:40:08,2025-08-17 00:40:08,NHB250817004008.RAWLJTG,Long Range,0.0,2025-08-17 01:40:08,2025-08-17 01:40:08,NHB250817014008.RAWLJUS,Long Range,0.0,2025-08-17 02:40:08,2025-08-17 02:40:07,NHB250817024007.RAWLJW1,Long Range,1.0,2025-08-17 03:40:08,2025-08-17 03:40:08,NHB250817034008.RAWLJXA,Long Range,0.0
1155,2025-08-17 01:00:07,NHB250817010007.RAWLJTX,NHB250817010303.RAWLJU1,NHB250817011007.RAWLJU4,NHB250817011303.RAWLJU8,2025-08-17 01:00:07,2025-08-17 01:00:07,NHB250817010007.RAWLJTX,Long Range,0.0,2025-08-17 02:00:07,2025-08-17 02:00:07,NHB250817020007.RAWLJV6,Long Range,0.0,2025-08-17 03:00:07,2025-08-17 03:00:08,NHB250817030008.RAWLJWF,Long Range,1.0,2025-08-17 04:00:07,2025-08-17 04:00:08,NHB250817040008.RAWLJXR,Long Range,1.0
1156,2025-08-17 01:20:08,NHB250817012008.RAWLJUB,NHB250817012303.RAWLJUF,NHB250817013007.RAWLJUJ,NHB250817013304.RAWLJUN,2025-08-17 01:20:08,2025-08-17 01:20:08,NHB250817012008.RAWLJUB,Long Range,0.0,2025-08-17 02:20:08,2025-08-17 02:20:08,NHB250817022008.RAWLJVL,Long Range,0.0,2025-08-17 03:20:08,2025-08-17 03:20:07,NHB250817032007.RAWLJWW,Long Range,1.0,2025-08-17 04:20:08,2025-08-17 04:20:08,NHB250817042008.RAWLJY5,Long Range,0.0
1157,2025-08-17 01:40:08,NHB250817014008.RAWLJUS,NHB250817014303.RAWLJUW,NHB250817015008.RAWLJUZ,NHB250817015304.RAWLJV3,2025-08-17 01:40:08,2025-08-17 01:40:08,NHB250817014008.RAWLJUS,Long Range,0.0,2025-08-17 02:40:08,2025-08-17 02:40:07,NHB250817024007.RAWLJW1,Long Range,1.0,2025-08-17 03:40:08,2025-08-17 03:40:08,NHB250817034008.RAWLJXA,Long Range,0.0,2025-08-17 04:40:08,2025-08-17 04:40:08,NHB250817044008.RAWLJYK,Long Range,0.0
1158,2025-08-17 02:00:07,NHB250817020007.RAWLJV6,NHB250817020303.RAWLJVA,NHB250817021007.RAWLJVD,NHB250817021303.RAWLJVH,2025-08-17 02:00:07,2025-08-17 02:00:07,NHB250817020007.RAWLJV6,Long Range,0.0,2025-08-17 03:00:07,2025-08-17 03:00:08,NHB250817030008.RAWLJWF,Long Range,1.0,2025-08-17 04:00:07,2025-08-17 04:00:08,NHB250817040008.RAWLJXR,Long Range,1.0,2025-08-17 05:00:07,2025-08-17 05:00:08,NHB250817050008.RAWLJZ0,Long Range,1.0
1159,2025-08-17 02:20:08,NHB250817022008.RAWLJVL,NHB250817022304.RAWLJVR,NHB250817023008.RAWLJVU,NHB250817023303.RAWLJVY,2025-08-17 02:20:08,2025-08-17 02:20:08,NHB250817022008.RAWLJVL,Long Range,0.0,2025-08-17 03:20:08,2025-08-17 03:20:07,NHB250817032007.RAWLJWW,Long Range,1.0,2025-08-17 04:20:08,2025-08-17 04:20:08,NHB250817042008.RAWLJY5,Long Range,0.0,2025-08-17 05:20:08,2025-08-17 05:20:08,NHB250817052008.RAWLJZE,Long Range,0.0
1160,2025-08-17 02:40:07,NHB250817024007.RAWLJW1,NHB250817024304.RAWLJW5,NHB250817025007.RAWLJW8,NHB250817025303.RAWLJWC,2025-08-17 02:40:07,2025-08-17 02:40:07,NHB250817024007.RAWLJW1,Long Range,0.0,2025-08-17 03:40:07,2025-08-17 03:40:08,NHB250817034008.RAWLJXA,Long Range,1.0,2025-08-17 04:40:07,2025-08-17 04:40:08,NHB250817044008.RAWLJYK,Long Range,1.0,2025-08-17 05:40:07,2025-08-17 05:40:07,NHB250817054007.RAWLJZV,Long Range,0.0
1161,2025-08-17 03:00:08,NHB250817030008.RAWLJWF,NHB250817030303.RAWLJWK,NHB250817031008.RAWLJWN,NHB250817031304.RAWLJWT,2025-08-17 03:00:08,2025-08-17 03:00:08,NHB250817030008.RAWLJWF,Long Range,0.0,2025-08-17 04:00:08,2025-08-17 04:00:08,NHB250817040008.RAWLJXR,Long Range,0.0,2025-08-17 05:00:08,2025-08-17 05:00:08,NHB250817050008.RAWLJZ0,Long Range,0.0,2025-08-17 06:00:08,2025-08-17 06:00:08,NHB250817060008.RAWLK09,Long Range,0.0
1162,2025-08-17 03:20:07,NHB250817032007.RAWLJWW,NHB250817032303.RAWLJX0,NHB250817033007.RAWLJX3,NHB250817033303.RAWLJX7,2025-08-17 03:20:07,2025-08-17 03:20:07,NHB250817032007.RAWLJWW,Long Range,0.0,2025-08-17 04:20:07,2025-08-17 04:20:08,NHB250817042008.RAWLJY5,Long Range,1.0,2025-08-17 05:20:07,2025-08-17 05:20:08,NHB250817052008.RAWLJZE,Long Range,1.0,2025-08-17 06:20:07,2025-08-17 06:20:08,NHB250817062008.RAWLK0P,Long Range,1.0
1163,2025-08-17 03:40:08,NHB250817034008.RAWLJXA,NHB250817034303.RAWLJXE,NHB250817035008.RAWLJXH,NHB250817035303.RAWLJXM,2025-08-17 03:40:08,2025-08-17 03:40:08,NHB250817034008.RAWLJXA,Long Range,0.0,2025-08-17 04:40:08,2025-08-17 04:40:08,NHB250817044008.RAWLJYK,Long Range,0.0,2025-08-17 05:40:08,2025-08-17 05:40:07,NHB250817054007.RAWLJZV,Long Range,1.0,2025-08-17 06:40:08,2025-08-17 06:40:07,NHB250817064007.RAWLK14,Long Range,1.0
1164,2025-08-17 04:00:08,NHB250817040008.RAWLJXR,NHB250817040304.RAWLJXV,NHB250817041008.RAWLJXY,NHB250817041303.RAWLJY2,2025-08-17 04:00:08,2025-08-17 04:00:08,NHB250817040008.RAWLJXR,Long Range,0.0,2025-08-17 05:00:08,2025-08-17 05:00:08,NHB250817050008.RAWLJZ0,Long Range,0.0,2025-08-17 06:00:08,2025-08-17 06:00:08,NHB250817060008.RAWLK09,Long Range,0.0,2025-08-17 07:00:08,2025-08-17 07:00:08,NHB250817070008.RAWLK1J,Long Range,0.0
1165,2025-08-17 04:20:08,NHB250817042008.RAWLJY5,NHB250817042303.RAWLJY9,NHB250817043008.RAWLJYC,NHB250817043304.RAWLJYG,2025-08-17 04:20:08,2025-08-17 04:20:08,NHB250817042008.RAWLJY5,Long Range,0.0,2025-08-17 05:20:08,2025-08-17 05:20:08,NHB250817052008.RAWLJZE,Long Range,0.0,2025-08-17 06:20:08,2025-08-17 06:20:08,NHB250817062008.RAWLK0P,Long Range,0.0,2025-08-17 07:20:08,2025-08-17 07:20:07,NHB250817072007.RAWLK1Z,Long Range,1.0
1166,2025-08-17 04:40:08,NHB250817044008.RAWLJYK,NHB250817044304.RAWLJYP,NHB250817045008.RAWLJYT,NHB250817045304.RAWLJYX,2025-08-17 04:40:08,2025-08-17 04:40:08,NHB250817044008.RAWLJYK,Long Range,0.0,2025-08-17 05:40:08,2025-08-17 05:40:07,NHB250817054007.RAWLJZV,Long Range,1.0,2025-08-17 06:40:08,2025-08-17 06:40:07,NHB250817064007.RAWLK14,Long Range,1.0,2025-08-17 07:40:08,2025-08-17 07:40:07,NHB250817074007.RAWLK2D,Long Range,1.0
1167,2025-08-17 05:00:08,NHB250817050008.RAWLJZ0,NHB250817050303.RAWLJZ4,NHB250817051008.RAWLJZ7,NHB250817051303.RAWLJZB,2025-08-17 05:00:08,2025-08-17 05:00:08,NHB250817050008.RAWLJZ0,Long Range,0.0,2025-08-17 06:00:08,2025-08-17 06:00:08,NHB250817060008.RAWLK09,Long Range,0.0,2025-08-17 07:00:08,2025-08-17 07:00:08,NHB250817070008.RAWLK1J,Long Range,0.0,2025-08-17 08:00:08,2025-08-17 08:00:07,NHB250817080007.RAWLK2U,Long Range,1.0
1168,2025-08-17 05:20:08,NHB250817052008.RAWLJZE,NHB250817052304.RAWLJZJ,NHB250817053008.RAWLJZM,NHB250817053303.RAWLJZS,2025-08-17 05:20:08,2025-08-17 05:20:08,NHB250817052008.RAWLJZE,Long Range,0.0,2025-08-17 06:20:08,2025-08-17 06:20:08,NHB250817062008.RAWLK0P,Long Range,0.0,2025-08-17 07:20:08,2025-08-17 07:20:07,NHB250817072007.RAWLK1Z,Long Range,1.0,2025-08-17 08:20:08,2025-08-17 08:20:07,NHB250817082007.RAWLK38,Long Range,1.0
1169,2025-08-17 05:40:07,NHB250817054007.RAWLJZV,NHB250817054304.RAWLJZZ,NHB250817055008.RAWLK02,NHB250817055304.RAWLK06,2025-08-17 05:40:07,2025-08-17 05:40:07,NHB250817054007.RAWLJZV,Long Range,0.0,2025-08-17 06:40:07,2025-08-17 06:40:07,NHB250817064007.RAWLK14,Long Range,0.0,2025-08-17 07:40:07,2025-08-17 07:40:07,NHB250817074007.RAWLK2D,Long Range,0.0,2025-08-17 08:40:07,2025-08-17 08:40:08,NHB250817084008.RAWLK3N,Long Range,1.0
1170,2025-08-17 06:00:08,NHB250817060008.RAWLK09,NHB250817060303.RAWLK0D,NHB250817061007.RAWLK0G,NHB250817061303.RAWLK0L,2025-08-17 06:00:08,2025-08-17 06:00:08,NHB250817060008.RAWLK09,Long Range,0.0,2025-08-17 07:00:08,2025-08-17 07:00:08,NHB250817070008.RAWLK1J,Long Range,0.0,2025-08-17 08:00:08,2025-08-17 08:00:07,NHB250817080007.RAWLK2U,Long Range,1.0,2025-08-17 09:00:08,2025-08-17 09:00:08,NHB250817090008.RAWLK43,Long Range,0.0
1171,2025-08-17 06:20:08,NHB250817062008.RAWLK0P,NHB250817062303.RAWLK0U,NHB250817063008.RAWLK0X,NHB250817063303.RAWLK11,2025-08-17 06:20:08,2025-08-17 06:20:08,NHB250817062008.RAWLK0P,Long Range,0.0,2025-08-17 07:20:08,2025-08-17 07:20:07,NHB250817072007.RAWLK1Z,Long Range,1.0,2025-08-17 08:20:08,2025-08-17 08:20:07,NHB250817082007.RAWLK38,Long Range,1.0,2025-08-17 09:20:08,2025-08-17 09:20:08,NHB250817092008.RAWLK4H,Long Range,0.0
1172,2025-08-17 06:40:07,NHB250817064007.RAWLK14,NHB250817064304.RAWLK18,NHB250817065007.RAWLK1B,NHB250817065304.RAWLK1F,2025-08-17 06:40:07,2025-08-17 06:40:07,NHB250817064007.RAWLK14,Long Range,0.0,2025-08-17 07:40:07,2025-08-17 07:40:07,NHB250817074007.RAWLK2D,Long Range,0.0,2025-08-17 08:40:07,2025-08-17 08:40:08,NHB250817084008.RAWLK3N,Long Range,1.0,2025-08-17 09:40:07,2025-08-17 09:40:08,NHB250817094008.RAWLK4Y,Long Range,1.0
1173,2025-08-17 07:00:08,NHB250817070008.RAWLK1J,NHB250817070303.RAWLK1N,NHB250817071007.RAWLK1S,NHB250817071303.RAWLK1W,2025-08-17 07:00:08,2025-08-17 07:00:08,NHB250817070008.RAWLK1J,Long Range,0.0,2025-08-17 08:00:08,2025-08-17 08:00:07,NHB250817080007.RAWLK2U,Long Range,1.0,2025-08-17 09:00:08,2025-08-17 09:00:08,NHB250817090008.RAWLK43,Long Range,0.0,2025-08-17 10:00:08,2025-08-17 10:00:08,NHB250817100008.RAWLK5C,Long Range,0.0
1174,2025-08-17 07:20:07,NHB250817072007.RAWLK1Z,NHB250817072304.RAWLK23,NHB250817073008.RAWLK26,NHB250817073303.RAWLK2A,2025-08-17 07:20:07,2025-08-17 07:20:07,NHB250817072007.RAWLK1Z,Long Range,0.0,2025-08-17 08:20:07,2025-08-17 08:20:07,NHB250817082007.RAWLK38,Long Range,0.0,2025-08-17 09:20:07,2025-08-17 09:20:08,NHB250817092008.RAWLK4H,Long Range,1.0,2025-08-17 10:20:07,2025-08-17 10:20:08,NHB250817102008.RAWLK5T,Long Range,1.0
1175,2025-08-17 07:40:07,NHB250817074007.RAWLK2D,NHB250817074303.RAWLK2H,NHB250817075008.RAWLK2L,NHB250817075304.RAWLK2R,2025-08-17 07:40:07,2025-08-17 07:40:07,NHB250817074007.RAWLK2D,Long Range,0.0,2025-08-17 08:40:07,2025-08-17 08:40:08,NHB250817084008.RAWLK3N,Long Range,1.0,2025-08-17 09:40:07,2025-08-17 09:40:08,NHB250817094008.RAWLK4Y,Long Range,1.0,2025-08-17 10:40:07,2025-08-17 10:40:08,NHB250817104008.RAWLK67,Long Range,1.0
1176,2025-08-17 08:00:07,NHB250817080007.RAWLK2U,NHB250817080303.RAWLK2Y,NHB250817081008.RAWLK31,NHB250817081303.RAWLK35,2025-08-17 08:00:07,2025-08-17 08:00:07,NHB250817080007.RAWLK2U,Long Range,0.0,2025-08-17 09:00:07,2025-08-17 09:00:08,NHB250817090008.RAWLK43,Long Range,1.0,2025-08-17 10:00:07,2025-08-17 10:00:08,NHB250817100008.RAWLK5C,Long Range,1.0,2025-08-17 11:00:07,2025-08-17 11:00:07,NHB250817110007.RAWLK6M,Long Range,0.0
1177,2025-08-17 08:20:07,NHB250817082007.RAWLK38,NHB250817082303.RAWLK3C,NHB250817083009.RAWLK3F,NHB250817083304.RAWLK3K,2025-08-17 08:20:07,2025-08-17 08:20:07,NHB250817082007.RAWLK38,Long Range,0.0,2025-08-17 09:20:07,2025-08-17 09:20:08,NHB250817092008.RAWLK4H,Long Range,1.0,2025-08-17 10:20:07,2025-08-17 10:20:08,NHB250817102008.RAWLK5T,Long Range,1.0,2025-08-17 11:20:07,2025-08-17 11:20:07,NHB250817112007.RAWLK72,Long Range,0.0
1178,2025-08-17 08:40:08,NHB250817084008.RAWLK3N,NHB250817084303.RAWLK3T,NHB250817085008.RAWLK3W,NHB250817085303.RAWLK40,2025-08-17 08:40:08,2025-08-17 08:40:08,NHB250817084008.RAWLK3N,Long Range,0.0,2025-08-17 09:40:08,2025-08-17 09:40:08,NHB250817094008.RAWLK4Y,Long Range,0.0,2025-08-17 10:40:08,2025-08-17 10:40:08,NHB250817104008.RAWLK67,Long Range,0.0,2025-08-17 11:40:08,2025-08-17 11:40:08,NHB250817114008.RAWLK7G,Long Range,0.0
1179,2025-08-17 09:00:08,NHB250817090008.RAWLK43,NHB250817090304.RAWLK47,NHB250817091008.RAWLK4A,NHB250817091304.RAWLK4E,2025-08-17 09:00:08,2025-08-17 09:00:08,NHB250817090008.RAWLK43,Long Range,0.0,2025-08-17 10:00:08,2025-08-17 10:00:08,NHB250817100008.RAWLK5C,Long Range,0.0,2025-08-17 11:00:08,2025-08-17 11:00:07,NHB250817110007.RAWLK6M,Long Range,1.0,2025-08-17 12:00:08,2025-08-17 12:00:08,NHB250817120008.RAWLK7X,Long Range,0.0
1180,2025-08-17 09:20:08,NHB250817092008.RAWLK4H,NHB250817092304.RAWLK4M,NHB250817093007.RAWLK4R,NHB250817093304.RAWLK4V,2025-08-17 09:20:08,2025-08-17 09:20:08,NHB250817092008.RAWLK4H,Long Range,0.0,2025-08-17 10:20:08,2025-08-17 10:20:08,NHB250817102008.RAWLK5T,Long Range,0.0,2025-08-17 11:20:08,2025-08-17 11:20:07,NHB250817112007.RAWLK72,Long Range,1.0,2025-08-17 12:20:08,2025-08-17 12:20:08,NHB250817122008.RAWLK8B,Long Range,0.0
1181,2025-08-17 09:40:08,NHB250817094008.RAWLK4Y,NHB250817094304.RAWLK52,NHB250817095008.RAWLK55,NHB250817095304.RAWLK59,2025-08-17 09:40:08,2025-08-17 09:40:08,NHB250817094008.RAWLK4Y,Long Range,0.0,2025-08-17 10:40:08,2025-08-17 10:40:08,NHB250817104008.RAWLK67,Long Range,0.0,2025-08-17 11:40:08,2025-08-17 11:40:08,NHB250817114008.RAWLK7G,Long Range,0.0,2025-08-17 12:40:08,2025-08-17 12:40:07,NHB250817124007.RAWLK8S,Long Range,1.0
1182,2025-08-17 10:00:08,NHB250817100008.RAWLK5C,NHB250817100305.RAWLK5G,NHB250817101007.RAWLK5K,NHB250817101303.RAWLK5P,2025-08-17 10:00:08,2025-08-17 10:00:08,NHB250817100008.RAWLK5C,Long Range,0.0,2025-08-17 11:00:08,2025-08-17 11:00:07,NHB250817110007.RAWLK6M,Long Range,1.0,2025-08-17 12:00:08,2025-08-17 12:00:08,NHB250817120008.RAWLK7X,Long Range,0.0,2025-08-17 13:00:08,2025-08-17 13:00:08,NHB250817130008.RAWLK96,Long Range,0.0
1183,2025-08-17 10:20:08,NHB250817102008.RAWLK5T,NHB250817102303.RAWLK5X,NHB250817103008.RAWLK60,NHB250817103304.RAWLK64,2025-08-17 10:20:08,2025-08-17 10:20:08,NHB250817102008.RAWLK5T,Long Range,0.0,2025-08-17 11:20:08,2025-08-17 11:20:07,NHB250817112007.RAWLK72,Long Range,1.0,2025-08-17 12:20:08,2025-08-17 12:20:08,NHB250817122008.RAWLK8B,Long Range,0.0,2025-08-17 13:20:08,2025-08-17 13:20:08,NHB250817132008.RAWLK9L,Long Range,0.0
1184,2025-08-17 10:40:08,NHB250817104008.RAWLK67,NHB250817104304.RAWLK6B,NHB250817105008.RAWLK6E,NHB250817105304.RAWLK6J,2025-08-17 10:40:08,2025-08-17 10:40:08,NHB250817104008.RAWLK67,Long Range,0.0,2025-08-17 11:40:08,2025-08-17 11:40:08,NHB250817114008.RAWLK7G,Long Range,0.0,2025-08-17 12:40:08,2025-08-17 12:40:07,NHB250817124007.RAWLK8S,Long Range,1.0,2025-08-17 13:40:08,2025-08-17 13:40:08,NHB250817134008.RAWLKA1,Long Range,0.0
1185,2025-08-17 11:00:07,NHB250817110007.RAWLK6M,NHB250817110304.RAWLK6S,NHB250817111008.RAWLK6V,NHB250817111303.RAWLK6Z,2025-08-17 11:00:07,2025-08-17 11:00:07,NHB250817110007.RAWLK6M,Long Range,0.0,2025-08-17 12:00:07,2025-08-17 12:00:08,NHB250817120008.RAWLK7X,Long Range,1.0,2025-08-17 13:00:07,2025-08-17 13:00:08,NHB250817130008.RAWLK96,Long Range,1.0,2025-08-17 14:00:07,2025-08-17 14:00:08,NHB250817140008.RAWLKAF,Long Range,1.0
1186,2025-08-17 11:20:07,NHB250817112007.RAWLK72,NHB250817112304.RAWLK76,NHB250817113008.RAWLK79,NHB250817113304.RAWLK7D,2025-08-17 11:20:07,2025-08-17 11:20:07,NHB250817112007.RAWLK72,Long Range,0.0,2025-08-17 12:20:07,2025-08-17 12:20:08,NHB250817122008.RAWLK8B,Long Range,1.0,2025-08-17 13:20:07,2025-08-17 13:20:08,NHB250817132008.RAWLK9L,Long Range,1.0,2025-08-17 14:20:07,2025-08-17 14:20:08,NHB250817142008.RAWLKAW,Long Range,1.0
1187,2025-08-17 11:40:08,NHB250817114008.RAWLK7G,NHB250817114304.RAWLK7L,NHB250817115008.RAWLK7P,NHB250817115303.RAWLK7U,2025-08-17 11:40:08,2025-08-17 11:40:08,NHB250817114008.RAWLK7G,Long Range,0.0,2025-08-17 12:40:08,2025-08-17 12:40:07,NHB250817124007.RAWLK8S,Long Range,1.0,2025-08-17 13:40:08,2025-08-17 13:40:08,NHB250817134008.RAWLKA1,Long Range,0.0,2025-08-17 14:40:08,2025-08-17 14:40:08,NHB250817144008.RAWLKBA,Long Range,0.0
1188,2025-08-17 12:00:08,NHB250817120008.RAWLK7X,NHB250817120304.RAWLK81,NHB250817121007.RAWLK84,NHB250817121303.RAWLK88,2025-08-17 12:00:08,2025-08-17 12:00:08,NHB250817120008.RAWLK7X,Long Range,0.0,2025-08-17 13:00:08,2025-08-17 13:00:08,NHB250817130008.RAWLK96,Long Range,0.0,2025-08-17 14:00:08,2025-08-17 14:00:08,NHB250817140008.RAWLKAF,Long Range,0.0,2025-08-17 15:00:08,2025-08-17 15:00:07,NHB250817150007.RAWLKBR,Long Range,1.0
1189,2025-08-17 12:20:08,NHB250817122008.RAWLK8B,NHB250817122303.RAWLK8F,NHB250817123008.RAWLK8J,NHB250817123304.RAWLK8N,2025-08-17 12:20:08,2025-08-17 12:20:08,NHB250817122008.RAWLK8B,Long Range,0.0,2025-08-17 13:20:08,2025-08-17 13:20:08,NHB250817132008.RAWLK9L,Long Range,0.0,2025-08-17 14:20:08,2025-08-17 14:20:08,NHB250817142008.RAWLKAW,Long Range,0.0,2025-08-17 15:20:08,2025-08-17 15:20:08,NHB250817152008.RAWLKC5,Long Range,0.0
1190,2025-08-17 12:40:07,NHB250817124007.RAWLK8S,NHB250817124304.RAWLK8W,NHB250817125008.RAWLK8Z,NHB250817125304.RAWLK93,2025-08-17 12:40:07,2025-08-17 12:40:07,NHB250817124007.RAWLK8S,Long Range,0.0,2025-08-17 13:40:07,2025-08-17 13:40:08,NHB250817134008.RAWLKA1,Long Range,1.0,2025-08-17 14:40:07,2025-08-17 14:40:08,NHB250817144008.RAWLKBA,Long Range,1.0,2025-08-17 15:40:07,2025-08-17 15:40:08,NHB250817154008.RAWLKCK,Long Range,1.0
1191,2025-08-17 13:00:08,NHB250817130008.RAWLK96,NHB250817130305.RAWLK9A,NHB250817131007.RAWLK9D,NHB250817131304.RAWLK9H,2025-08-17 13:00:08,2025-08-17 13:00:08,NHB250817130008.RAWLK96,Long Range,0.0,2025-08-17 14:00:08,2025-08-17 14:00:08,NHB250817140008.RAWLKAF,Long Range,0.0,2025-08-17 15:00:08,2025-08-17 15:00:07,NHB250817150007.RAWLKBR,Long Range,1.0,2025-08-17 16:00:08,2025-08-17 16:00:07,NHB250817160007.RAWLKD0,Long Range,1.0
1192,2025-08-17 13:20:08,NHB250817132008.RAWLK9L,NHB250817132303.RAWLK9R,NHB250817133007.RAWLK9U,NHB250817133304.RAWLK9Y,2025-08-17 13:20:08,2025-08-17 13:20:08,NHB250817132008.RAWLK9L,Long Range,0.0,2025-08-17 14:20:08,2025-08-17 14:20:08,NHB250817142008.RAWLKAW,Long Range,0.0,2025-08-17 15:20:08,2025-08-17 15:20:08,NHB250817152008.RAWLKC5,Long Range,0.0,2025-08-17 16:20:08,2025-08-17 16:20:08,NHB250817162008.RAWLKDE,Long Range,0.0
1193,2025-08-17 13:40:08,NHB250817134008.RAWLKA1,NHB250817134303.RAWLKA5,NHB250817135008.RAWLKA8,NHB250817135305.RAWLKAC,2025-08-17 13:40:08,2025-08-17 13:40:08,NHB250817134008.RAWLKA1,Long Range,0.0,2025-08-17 14:40:08,2025-08-17 14:40:08,NHB250817144008.RAWLKBA,Long Range,0.0,2025-08-17 15:40:08,2025-08-17 15:40:08,NHB250817154008.RAWLKCK,Long Range,0.0,2025-08-17 16:40:08,2025-08-17 16:40:08,NHB250817164008.RAWLKDV,Long Range,0.0
1194,2025-08-17 14:00:08,NHB250817140008.RAWLKAF,NHB250817140304.RAWLKAK,NHB250817141008.RAWLKAN,NHB250817141304.RAWLKAT,2025-08-17 14:00:08,2025-08-17 14:00:08,NHB250817140008.RAWLKAF,Long Range,0.0,2025-08-17 15:00:08,2025-08-17 15:00:07,NHB250817150007.RAWLKBR,Long Range,1.0,2025-08-17 16:00:08,2025-08-17 16:00:07,NHB250817160007.RAWLKD0,Long Range,1.0,2025-08-17 17:00:08,2025-08-17 17:00:07,NHB250817170007.RAWLKE9,Long Range,1.0
1195,2025-08-17 14:20:08,NHB250817142008.RAWLKAW,NHB250817142303.RAWLKB0,NHB250817143008.RAWLKB3,NHB250817143303.RAWLKB7,2025-08-17 14:20:08,2025-08-17 14:20:08,NHB250817142008.RAWLKAW,Long Range,0.0,2025-08-17 15:20:08,2025-08-17 15:20:08,NHB250817152008.RAWLKC5,Long Range,0.0,2025-08-17 16:20:08,2025-08-17 16:20:08,NHB250817162008.RAWLKDE,Long Range,0.0,2025-08-17 17:20:08,2025-08-17 17:20:07,NHB250817172007.RAWLKEP,Long Range,1.0
1196,2025-08-17 14:40:08,NHB250817144008.RAWLKBA,NHB250817144304.RAWLKBE,NHB250817145008.RAWLKBH,NHB250817145303.RAWLKBM,2025-08-17 14:40:08,2025-08-17 14:40:08,NHB250817144008.RAWLKBA,Long Range,0.0,2025-08-17 15:40:08,2025-08-17 15:40:08,NHB250817154008.RAWLKCK,Long Range,0.0,2025-08-17 16:40:08,2025-08-17 16:40:08,NHB250817164008.RAWLKDV,Long Range,0.0,2025-08-17 17:40:08,2025-08-17 17:40:07,NHB250817174007.RAWLKF4,Long Range,1.0
1197,2025-08-17 15:00:07,NHB250817150007.RAWLKBR,NHB250817150304.RAWLKBV,NHB250817151008.RAWLKBY,NHB250817151303.RAWLKC2,2025-08-17 15:00:07,2025-08-17 15:00:07,NHB250817150007.RAWLKBR,Long Range,0.0,2025-08-17 16:00:07,2025-08-17 16:00:07,NHB250817160007.RAWLKD0,Long Range,0.0,2025-08-17 17:00:07,2025-08-17 17:00:07,NHB250817170007.RAWLKE9,Long Range,0.0,2025-08-17 18:00:07,2025-08-17 18:00:08,NHB250817180008.RAWLKFJ,Long Range,1.0
1198,2025-08-17 15:20:08,NHB250817152008.RAWLKC5,NHB250817152304.RAWLKC9,NHB250817153008.RAWLKCC,NHB250817153303.RAWLKCG,2025-08-17 15:20:08,2025-08-17 15:20:08,NHB250817152008.RAWLKC5,Long Range,0.0,2025-08-17 16:20:08,2025-08-17 16:20:08,NHB250817162008.RAWLKDE,Long Range,0.0,2025-08-17 17:20:08,2025-08-17 17:20:07,NHB250817172007.RAWLKEP,Long Range,1.0,2025-08-17 18:20:08,2025-08-17 18:20:07,NHB250817182007.RAWLKFZ,Long Range,1.0
1199,2025-08-17 15:40:08,NHB250817154008.RAWLKCK,NHB250817154304.RAWLKCP,NHB250817155008.RAWLKCT,NHB250817155304.RAWLKCX,2025-08-17 15:40:08,2025-08-17 15:40:08,NHB250817154008.RAWLKCK,Long Range,0.0,2025-08-17 16:40:08,2025-08-17 16:40:08,NHB250817164008.RAWLKDV,Long Range,0.0,2025-08-17 17:40:08,2025-08-17 17:40:07,NHB250817174007.RAWLKF4,Long Range,1.0,2025-08-17 18:40:08,2025-08-17 18:40:07,NHB250817184007.RAWLKGD,Long Range,1.0
1200,2025-08-17 16:00:07,NHB250817160007.RAWLKD0,NHB250817160303.RAWLKD4,NHB250817161008.RAWLKD7,NHB250817161304.RAWLKDB,2025-08-17 16:00:07,2025-08-17 16:00:07,NHB250817160007.RAWLKD0,Long Range,0.0,2025-08-17 17:00:07,2025-08-17 17:00:07,NHB250817170007.RAWLKE9,Long Range,0.0,2025-08-17 18:00:07,2025-08-17 18:00:08,NHB250817180008.RAWLKFJ,Long Range,1.0,2025-08-17 19:00:07,2025-08-17 19:00:07,NHB250817190007.RAWLKGU,Long Range,0.0
1201,2025-08-17 16:20:08,NHB250817162008.RAWLKDE,NHB250817162304.RAWLKDJ,NHB250817163008.RAWLKDM,NHB250817163303.RAWLKDS,2025-08-17 16:20:08,2025-08-17 16:20:08,NHB250817162008.RAWLKDE,Long Range,0.0,2025-08-17 17:20:08,2025-08-17 17:20:07,NHB250817172007.RAWLKEP,Long Range,1.0,2025-08-17 18:20:08,2025-08-17 18:20:07,NHB250817182007.RAWLKFZ,Long Range,1.0,2025-08-17 19:20:08,2025-08-17 19:20:07,NHB250817192007.RAWLKH8,Long Range,1.0
1202,2025-08-17 16:40:08,NHB250817164008.RAWLKDV,NHB250817164303.RAWLKDZ,NHB250817165007.RAWLKE2,NHB250817165303.RAWLKE6,2025-08-17 16:40:08,2025-08-17 16:40:08,NHB250817164008.RAWLKDV,Long Range,0.0,2025-08-17 17:40:08,2025-08-17 17:40:07,NHB250817174007.RAWLKF4,Long Range,1.0,2025-08-17 18:40:08,2025-08-17 18:40:07,NHB250817184007.RAWLKGD,Long Range,1.0,2025-08-17 19:40:08,2025-08-17 19:40:08,NHB250817194008.RAWLKHN,Long Range,0.0
1203,2025-08-17 17:00:07,NHB250817170007.RAWLKE9,NHB250817170303.RAWLKED,NHB250817171008.RAWLKEG,NHB250817171303.RAWLKEL,2025-08-17 17:00:07,2025-08-17 17:00:07,NHB250817170007.RAWLKE9,Long Range,0.0,2025-08-17 18:00:07,2025-08-17 18:00:08,NHB250817180008.RAWLKFJ,Long Range,1.0,2025-08-17 19:00:07,2025-08-17 19:00:07,NHB250817190007.RAWLKGU,Long Range,0.0,2025-08-17 20:00:07,2025-08-17 20:00:08,NHB250817200008.RAWLKJ3,Long Range,1.0
1204,2025-08-17 17:20:07,NHB250817172007.RAWLKEP,NHB250817172304.RAWLKEU,NHB250817173007.RAWLKEX,NHB250817173303.RAWLKF1,2025-08-17 17:20:07,2025-08-17 17:20:07,NHB250817172007.RAWLKEP,Long Range,0.0,2025-08-17 18:20:07,2025-08-17 18:20:07,NHB250817182007.RAWLKFZ,Long Range,0.0,2025-08-17 19:20:07,2025-08-17 19:20:07,NHB250817192007.RAWLKH8,Long Range,0.0,2025-08-17 20:20:07,2025-08-17 20:20:07,NHB250817202007.RAWLKJH,Long Range,0.0
1205,2025-08-17 17:40:07,NHB250817174007.RAWLKF4,NHB250817174303.RAWLKF8,NHB250817175007.RAWLKFB,NHB250817175304.RAWLKFF,2025-08-17 17:40:07,2025-08-17 17:40:07,NHB250817174007.RAWLKF4,Long Range,0.0,2025-08-17 18:40:07,2025-08-17 18:40:07,NHB250817184007.RAWLKGD,Long Range,0.0,2025-08-17 19:40:07,2025-08-17 19:40:08,NHB250817194008.RAWLKHN,Long Range,1.0,2025-08-17 20:40:07,2025-08-17 20:40:08,NHB250817204008.RAWLKJY,Long Range,1.0
1206,2025-08-17 18:00:08,NHB250817180008.RAWLKFJ,NHB250817180304.RAWLKFN,NHB250817181007.RAWLKFS,NHB250817181303.RAWLKFW,2025-08-17 18:00:08,2025-08-17 18:00:08,NHB250817180008.RAWLKFJ,Long Range,0.0,2025-08-17 19:00:08,2025-08-17 19:00:07,NHB250817190007.RAWLKGU,Long Range,1.0,2025-08-17 20:00:08,2025-08-17 20:00:08,NHB250817200008.RAWLKJ3,Long Range,0.0,2025-08-17 21:00:08,2025-08-17 21:00:08,NHB250817210008.RAWLKKC,Long Range,0.0
1207,2025-08-17 18:20:07,NHB250817182007.RAWLKFZ,NHB250817182304.RAWLKG3,NHB250817183008.RAWLKG6,NHB250817183303.RAWLKGA,2025-08-17 18:20:07,2025-08-17 18:20:07,NHB250817182007.RAWLKFZ,Long Range,0.0,2025-08-17 19:20:07,2025-08-17 19:20:07,NHB250817192007.RAWLKH8,Long Range,0.0,2025-08-17 20:20:07,2025-08-17 20:20:07,NHB250817202007.RAWLKJH,Long Range,0.0,2025-08-17 21:20:07,2025-08-17 21:20:08,NHB250817212008.RAWLKKT,Long Range,1.0
1208,2025-08-17 18:40:07,NHB250817184007.RAWLKGD,NHB250817184303.RAWLKGH,NHB250817185008.RAWLKGL,NHB250817185303.RAWLKGR,2025-08-17 18:40:07,2025-08-17 18:40:07,NHB250817184007.RAWLKGD,Long Range,0.0,2025-08-17 19:40:07,2025-08-17 19:40:08,NHB250817194008.RAWLKHN,Long Range,1.0,2025-08-17 20:40:07,2025-08-17 20:40:08,NHB250817204008.RAWLKJY,Long Range,1.0,2025-08-17 21:40:07,2025-08-17 21:40:08,NHB250817214008.RAWLKL7,Long Range,1.0
1209,2025-08-17 19:00:07,NHB250817190007.RAWLKGU,NHB250817190303.RAWLKGY,NHB250817191008.RAWLKH1,NHB250817191303.RAWLKH5,2025-08-17 19:00:07,2025-08-17 19:00:07,NHB250817190007.RAWLKGU,Long Range,0.0,2025-08-17 20:00:07,2025-08-17 20:00:08,NHB250817200008.RAWLKJ3,Long Range,1.0,2025-08-17 21:00:07,2025-08-17 21:00:08,NHB250817210008.RAWLKKC,Long Range,1.0,2025-08-17 22:00:07,2025-08-17 22:00:08,NHB250817220008.RAWLKLM,Long Range,1.0
1210,2025-08-17 19:20:07,NHB250817192007.RAWLKH8,NHB250817192304.RAWLKHC,NHB250817193008.RAWLKHF,NHB250817193304.RAWLKHK,2025-08-17 19:20:07,2025-08-17 19:20:07,NHB250817192007.RAWLKH8,Long Range,0.0,2025-08-17 20:20:07,2025-08-17 20:20:07,NHB250817202007.RAWLKJH,Long Range,0.0,2025-08-17 21:20:07,2025-08-17 21:20:08,NHB250817212008.RAWLKKT,Long Range,1.0,2025-08-17 22:20:07,2025-08-17 22:20:08,NHB250817222008.RAWLKM2,Long Range,1.0
1211,2025-08-17 19:40:08,NHB250817194008.RAWLKHN,NHB250817194304.RAWLKHT,NHB250817195007.RAWLKHW,NHB250817195303.RAWLKJ0,2025-08-17 19:40:08,2025-08-17 19:40:08,NHB250817194008.RAWLKHN,Long Range,0.0,2025-08-17 20:40:08,2025-08-17 20:40:08,NHB250817204008.RAWLKJY,Long Range,0.0,2025-08-17 21:40:08,2025-08-17 21:40:08,NHB250817214008.RAWLKL7,Long Range,0.0,2025-08-17 22:40:08,2025-08-17 22:40:08,NHB250817224008.RAWLKMG,Long Range,0.0
1212,2025-08-17 20:00:08,NHB250817200008.RAWLKJ3,NHB250817200304.RAWLKJ7,NHB250817201008.RAWLKJA,NHB250817201303.RAWLKJE,2025-08-17 20:00:08,2025-08-17 20:00:08,NHB250817200008.RAWLKJ3,Long Range,0.0,2025-08-17 21:00:08,2025-08-17 21:00:08,NHB250817210008.RAWLKKC,Long Range,0.0,2025-08-17 22:00:08,2025-08-17 22:00:08,NHB250817220008.RAWLKLM,Long Range,0.0,2025-08-17 23:00:08,2025-08-17 23:00:07,NHB250817230007.RAWLKMX,Long Range,1.0
1213,2025-08-17 20:20:07,NHB250817202007.RAWLKJH,NHB250817202303.RAWLKJM,NHB250817203008.RAWLKJR,NHB250817203303.RAWLKJV,2025-08-17 20:20:07,2025-08-17 20:20:07,NHB250817202007.RAWLKJH,Long Range,0.0,2025-08-17 21:20:07,2025-08-17 21:20:08,NHB250817212008.RAWLKKT,Long Range,1.0,2025-08-17 22:20:07,2025-08-17 22:20:08,NHB250817222008.RAWLKM2,Long Range,1.0,2025-08-17 23:20:07,2025-08-17 23:20:09,NHB250817232009.RAWLKNB,Long Range,2.0
1214,2025-08-17 20:40:08,NHB250817204008.RAWLKJY,NHB250817204304.RAWLKK2,NHB250817205008.RAWLKK5,NHB250817205304.RAWLKK9,2025-08-17 20:40:08,2025-08-17 20:40:08,NHB250817204008.RAWLKJY,Long Range,0.0,2025-08-17 21:40:08,2025-08-17 21:40:08,NHB250817214008.RAWLKL7,Long Range,0.0,2025-08-17 22:40:08,2025-08-17 22:40:08,NHB250817224008.RAWLKMG,Long Range,0.0,2025-08-17 23:40:08,2025-08-17 23:40:08,NHB250817234008.RAWLKNS,Long Range,0.0
1215,2025-08-17 21:00:08,NHB250817210008.RAWLKKC,NHB250817210304.RAWLKKG,NHB250817211007.RAWLKKK,NHB250817211304.RAWLKKP,2025-08-17 21:00:08,2025-08-17 21:00:08,NHB250817210008.RAWLKKC,Long Range,0.0,2025-08-17 22:00:08,2025-08-17 22:00:08,NHB250817220008.RAWLKLM,Long Range,0.0,2025-08-17 23:00:08,2025-08-17 23:00:07,NHB250817230007.RAWLKMX,Long Range,1.0,2025-08-18 00:00:08,2025-08-18 00:00:07,NHB250818000007.RAWLKP6,Long Range,1.0
1216,2025-08-17 21:20:08,NHB250817212008.RAWLKKT,NHB250817212304.RAWLKKX,NHB250817213007.RAWLKL0,NHB250817213304.RAWLKL4,2025-08-17 21:20:08,2025-08-17 21:20:08,NHB250817212008.RAWLKKT,Long Range,0.0,2025-08-17 22:20:08,2025-08-17 22:20:08,NHB250817222008.RAWLKM2,Long Range,0.0,2025-08-17 23:20:08,2025-08-17 23:20:09,NHB250817232009.RAWLKNB,Long Range,1.0,2025-08-18 00:20:08,2025-08-18 00:20:07,NHB250818002007.RAWLKPL,Long Range,1.0
1217,2025-08-17 21:40:08,NHB250817214008.RAWLKL7,NHB250817214303.RAWLKLB,NHB250817215008.RAWLKLE,NHB250817215304.RAWLKLJ,2025-08-17 21:40:08,2025-08-17 21:40:08,NHB250817214008.RAWLKL7,Long Range,0.0,2025-08-17 22:40:08,2025-08-17 22:40:08,NHB250817224008.RAWLKMG,Long Range,0.0,2025-08-17 23:40:08,2025-08-17 23:40:08,NHB250817234008.RAWLKNS,Long Range,0.0,2025-08-18 00:40:08,2025-08-18 00:40:07,NHB250818004007.RAWLKR1,Long Range,1.0
1218,2025-08-17 22:00:08,NHB250817220008.RAWLKLM,NHB250817220303.RAWLKLS,NHB250817221008.RAWLKLV,NHB250817221304.RAWLKLZ,2025-08-17 22:00:08,2025-08-17 22:00:08,NHB250817220008.RAWLKLM,Long Range,0.0,2025-08-17 23:00:08,2025-08-17 23:00:07,NHB250817230007.RAWLKMX,Long Range,1.0,2025-08-18 00:00:08,2025-08-18 00:00:07,NHB250818000007.RAWLKP6,Long Range,1.0,2025-08-18 01:00:08,2025-08-18 01:00:07,NHB250818010007.RAWLKRF,Long Range,1.0
1219,2025-08-17 22:20:08,NHB250817222008.RAWLKM2,NHB250817222303.RAWLKM6,NHB250817223008.RAWLKM9,NHB250817223303.RAWLKMD,2025-08-17 22:20:08,2025-08-17 22:20:08,NHB250817222008.RAWLKM2,Long Range,0.0,2025-08-17 23:20:08,2025-08-17 23:20:09,NHB250817232009.RAWLKNB,Long Range,1.0,2025-08-18 00:20:08,2025-08-18 00:20:07,NHB250818002007.RAWLKPL,Long Range,1.0,2025-08-18 01:20:08,2025-08-18 01:20:07,NHB250818012007.RAWLKRW,Long Range,1.0
1220,2025-08-17 22:40:08,NHB250817224008.RAWLKMG,NHB250817224303.RAWLKML,NHB250817225008.RAWLKMP,NHB250817225304.RAWLKMU,2025-08-17 22:40:08,2025-08-17 22:40:08,NHB250817224008.RAWLKMG,Long Range,0.0,2025-08-17 23:40:08,2025-08-17 23:40:08,NHB250817234008.RAWLKNS,Long Range,0.0,2025-08-18 00:40:08,2025-08-18 00:40:07,NHB250818004007.RAWLKR1,Long Range,1.0,2025-08-18 01:40:08,2025-08-18 01:40:07,NHB250818014007.RAWLKSA,Long Range,1.0
1221,2025-08-17 23:00:07,NHB250817230007.RAWLKMX,NHB250817230304.RAWLKN1,NHB250817231007.RAWLKN4,NHB250817231303.RAWLKN8,2025-08-17 23:00:07,2025-08-17 23:00:07,NHB250817230007.RAWLKMX,Long Range,0.0,2025-08-18 00:00:07,2025-08-18 00:00:07,NHB250818000007.RAWLKP6,Long Range,0.0,2025-08-18 01:00:07,2025-08-18 01:00:07,NHB250818010007.RAWLKRF,Long Range,0.0,2025-08-18 02:00:07,2025-08-18 02:00:08,NHB250818020008.RAWLKSR,Long Range,1.0
1222,2025-08-17 23:20:09,NHB250817232009.RAWLKNB,NHB250817232305.RAWLKNF,NHB250817233007.RAWLKNJ,NHB250817233304.RAWLKNN,2025-08-17 23:20:09,2025-08-17 23:20:09,NHB250817232009.RAWLKNB,Long Range,0.0,2025-08-18 00:20:09,2025-08-18 00:20:07,NHB250818002007.RAWLKPL,Long Range,2.0,2025-08-18 01:20:09,2025-08-18 01:20:07,NHB250818012007.RAWLKRW,Long Range,2.0,2025-08-18 02:20:09,2025-08-18 02:20:09,NHB250818022009.RAWLKT5,Long Range,0.0
1223,2025-08-17 23:40:08,NHB250817234008.RAWLKNS,NHB250817234303.RAWLKNW,NHB250817235007.RAWLKNZ,NHB250817235304.RAWLKP3,2025-08-17 23:40:08,2025-08-17 23:40:08,NHB250817234008.RAWLKNS,Long Range,0.0,2025-08-18 00:40:08,2025-08-18 00:40:07,NHB250818004007.RAWLKR1,Long Range,1.0,2025-08-18 01:40:08,2025-08-18 01:40:07,NHB250818014007.RAWLKSA,Long Range,1.0,2025-08-18 02:40:08,2025-08-18 02:40:08,NHB250818024008.RAWLKTK,Long Range,0.0
1224,2025-08-18 00:00:07,NHB250818000007.RAWLKP6,NHB250818000304.RAWLKPA,NHB250818001007.RAWLKPD,NHB250818001304.RAWLKPH,2025-08-18 00:00:07,2025-08-18 00:00:07,NHB250818000007.RAWLKP6,Long Range,0.0,2025-08-18 01:00:07,2025-08-18 01:00:07,NHB250818010007.RAWLKRF,Long Range,0.0,2025-08-18 02:00:07,2025-08-18 02:00:08,NHB250818020008.RAWLKSR,Long Range,1.0,2025-08-18 03:00:07,2025-08-18 03:00:07,NHB250818030007.RAWLKU0,Long Range,0.0
1225,2025-08-18 00:20:07,NHB250818002007.RAWLKPL,NHB250818002304.RAWLKPR,NHB250818003007.RAWLKPU,NHB250818003303.RAWLKPY,2025-08-18 00:20:07,2025-08-18 00:20:07,NHB250818002007.RAWLKPL,Long Range,0.0,2025-08-18 01:20:07,2025-08-18 01:20:07,NHB250818012007.RAWLKRW,Long Range,0.0,2025-08-18 02:20:07,2025-08-18 02:20:09,NHB250818022009.RAWLKT5,Long Range,2.0,2025-08-18 03:20:07,2025-08-18 03:20:07,NHB250818032007.RAWLKUE,Long Range,0.0
1226,2025-08-18 00:40:07,NHB250818004007.RAWLKR1,NHB250818004304.RAWLKR5,NHB250818005008.RAWLKR8,NHB250818005303.RAWLKRC,2025-08-18 00:40:07,2025-08-18 00:40:07,NHB250818004007.RAWLKR1,Long Range,0.0,2025-08-18 01:40:07,2025-08-18 01:40:07,NHB250818014007.RAWLKSA,Long Range,0.0,2025-08-18 02:40:07,2025-08-18 02:40:08,NHB250818024008.RAWLKTK,Long Range,1.0,2025-08-18 03:40:07,2025-08-18 03:40:08,NHB250818034008.RAWLKUV,Long Range,1.0
1227,2025-08-18 01:00:07,NHB250818010007.RAWLKRF,NHB250818010303.RAWLKRK,NHB250818011007.RAWLKRN,NHB250818011304.RAWLKRT,2025-08-18 01:00:07,2025-08-18 01:00:07,NHB250818010007.RAWLKRF,Long Range,0.0,2025-08-18 02:00:07,2025-08-18 02:00:08,NHB250818020008.RAWLKSR,Long Range,1.0,2025-08-18 03:00:07,2025-08-18 03:00:07,NHB250818030007.RAWLKU0,Long Range,0.0,2025-08-18 04:00:07,2025-08-18 04:00:08,NHB250818040008.RAWLKV9,Long Range,1.0
1228,2025-08-18 01:20:07,NHB250818012007.RAWLKRW,NHB250818012303.RAWLKS0,NHB250818013007.RAWLKS3,NHB250818013303.RAWLKS7,2025-08-18 01:20:07,2025-08-18 01:20:07,NHB250818012007.RAWLKRW,Long Range,0.0,2025-08-18 02:20:07,2025-08-18 02:20:09,NHB250818022009.RAWLKT5,Long Range,2.0,2025-08-18 03:20:07,2025-08-18 03:20:07,NHB250818032007.RAWLKUE,Long Range,0.0,2025-08-18 04:20:07,2025-08-18 04:20:08,NHB250818042008.RAWLKVP,Long Range,1.0
1229,2025-08-18 01:40:07,NHB250818014007.RAWLKSA,NHB250818014303.RAWLKSE,NHB250818015008.RAWLKSH,NHB250818015304.RAWLKSM,2025-08-18 01:40:07,2025-08-18 01:40:07,NHB250818014007.RAWLKSA,Long Range,0.0,2025-08-18 02:40:07,2025-08-18 02:40:08,NHB250818024008.RAWLKTK,Long Range,1.0,2025-08-18 03:40:07,2025-08-18 03:40:08,NHB250818034008.RAWLKUV,Long Range,1.0,2025-08-18 04:40:07,2025-08-18 04:40:07,NHB250818044007.RAWLKW4,Long Range,0.0
1230,2025-08-18 02:00:08,NHB250818020008.RAWLKSR,NHB250818020303.RAWLKSV,NHB250818021008.RAWLKSY,NHB250818021303.RAWLKT2,2025-08-18 02:00:08,2025-08-18 02:00:08,NHB250818020008.RAWLKSR,Long Range,0.0,2025-08-18 03:00:08,2025-08-18 03:00:07,NHB250818030007.RAWLKU0,Long Range,1.0,2025-08-18 04:00:08,2025-08-18 04:00:08,NHB250818040008.RAWLKV9,Long Range,0.0,2025-08-18 05:00:08,2025-08-18 05:00:08,NHB250818050008.RAWLKWJ,Long Range,0.0
1231,2025-08-18 02:20:09,NHB250818022009.RAWLKT5,NHB250818022303.RAWLKT9,NHB250818023008.RAWLKTC,NHB250818023303.RAWLKTG,2025-08-18 02:20:09,2025-08-18 02:20:09,NHB250818022009.RAWLKT5,Long Range,0.0,2025-08-18 03:20:09,2025-08-18 03:20:07,NHB250818032007.RAWLKUE,Long Range,2.0,2025-08-18 04:20:09,2025-08-18 04:20:08,NHB250818042008.RAWLKVP,Long Range,1.0,2025-08-18 05:20:09,2025-08-18 05:20:07,NHB250818052007.RAWLKWZ,Long Range,2.0
1232,2025-08-18 02:40:08,NHB250818024008.RAWLKTK,NHB250818024303.RAWLKTP,NHB250818025008.RAWLKTT,NHB250818025303.RAWLKTX,2025-08-18 02:40:08,2025-08-18 02:40:08,NHB250818024008.RAWLKTK,Long Range,0.0,2025-08-18 03:40:08,2025-08-18 03:40:08,NHB250818034008.RAWLKUV,Long Range,0.0,2025-08-18 04:40:08,2025-08-18 04:40:07,NHB250818044007.RAWLKW4,Long Range,1.0,2025-08-18 05:40:08,2025-08-18 05:40:08,NHB250818054008.RAWLKXD,Long Range,0.0
1233,2025-08-18 03:00:07,NHB250818030007.RAWLKU0,NHB250818030303.RAWLKU4,NHB250818031008.RAWLKU7,NHB250818031304.RAWLKUB,2025-08-18 03:00:07,2025-08-18 03:00:07,NHB250818030007.RAWLKU0,Long Range,0.0,2025-08-18 04:00:07,2025-08-18 04:00:08,NHB250818040008.RAWLKV9,Long Range,1.0,2025-08-18 05:00:07,2025-08-18 05:00:08,NHB250818050008.RAWLKWJ,Long Range,1.0,2025-08-18 06:00:07,2025-08-18 06:00:09,NHB250818060009.RAWLKXU,Long Range,2.0
1234,2025-08-18 03:20:07,NHB250818032007.RAWLKUE,NHB250818032304.RAWLKUJ,NHB250818033007.RAWLKUM,NHB250818033303.RAWLKUS,2025-08-18 03:20:07,2025-08-18 03:20:07,NHB250818032007.RAWLKUE,Long Range,0.0,2025-08-18 04:20:07,2025-08-18 04:20:08,NHB250818042008.RAWLKVP,Long Range,1.0,2025-08-18 05:20:07,2025-08-18 05:20:07,NHB250818052007.RAWLKWZ,Long Range,0.0,2025-08-18 06:20:07,2025-08-18 06:20:08,NHB250818062008.RAWLKY8,Long Range,1.0
1235,2025-08-18 03:40:08,NHB250818034008.RAWLKUV,NHB250818034303.RAWLKUZ,NHB250818035008.RAWLKV2,NHB250818035304.RAWLKV6,2025-08-18 03:40:08,2025-08-18 03:40:08,NHB250818034008.RAWLKUV,Long Range,0.0,2025-08-18 04:40:08,2025-08-18 04:40:07,NHB250818044007.RAWLKW4,Long Range,1.0,2025-08-18 05:40:08,2025-08-18 05:40:08,NHB250818054008.RAWLKXD,Long Range,0.0,2025-08-18 06:40:08,2025-08-18 06:40:07,NHB250818064007.RAWLKYN,Long Range,1.0
1236,2025-08-18 04:00:08,NHB250818040008.RAWLKV9,NHB250818040303.RAWLKVD,NHB250818041008.RAWLKVG,NHB250818041304.RAWLKVL,2025-08-18 04:00:08,2025-08-18 04:00:08,NHB250818040008.RAWLKV9,Long Range,0.0,2025-08-18 05:00:08,2025-08-18 05:00:08,NHB250818050008.RAWLKWJ,Long Range,0.0,2025-08-18 06:00:08,2025-08-18 06:00:09,NHB250818060009.RAWLKXU,Long Range,1.0,2025-08-18 07:00:08,2025-08-18 07:00:08,NHB250818070008.RAWLKZ3,Long Range,0.0
1237,2025-08-18 04:20:08,NHB250818042008.RAWLKVP,NHB250818042303.RAWLKVU,NHB250818043008.RAWLKVX,NHB250818043304.RAWLKW1,2025-08-18 04:20:08,2025-08-18 04:20:08,NHB250818042008.RAWLKVP,Long Range,0.0,2025-08-18 05:20:08,2025-08-18 05:20:07,NHB250818052007.RAWLKWZ,Long Range,1.0,2025-08-18 06:20:08,2025-08-18 06:20:08,NHB250818062008.RAWLKY8,Long Range,0.0,2025-08-18 07:20:08,2025-08-18 07:20:09,NHB250818072009.RAWLKZH,Long Range,1.0
1238,2025-08-18 04:40:07,NHB250818044007.RAWLKW4,NHB250818044304.RAWLKW8,NHB250818045007.RAWLKWB,NHB250818045303.RAWLKWF,2025-08-18 04:40:07,2025-08-18 04:40:07,NHB250818044007.RAWLKW4,Long Range,0.0,2025-08-18 05:40:07,2025-08-18 05:40:08,NHB250818054008.RAWLKXD,Long Range,1.0,2025-08-18 06:40:07,2025-08-18 06:40:07,NHB250818064007.RAWLKYN,Long Range,0.0,2025-08-18 07:40:07,2025-08-18 07:40:08,NHB250818074008.RAWLKZY,Long Range,1.0
1239,2025-08-18 05:00:08,NHB250818050008.RAWLKWJ,NHB250818050304.RAWLKWN,NHB250818051008.RAWLKWS,NHB250818051303.RAWLKWW,2025-08-18 05:00:08,2025-08-18 05:00:08,NHB250818050008.RAWLKWJ,Long Range,0.0,2025-08-18 06:00:08,2025-08-18 06:00:09,NHB250818060009.RAWLKXU,Long Range,1.0,2025-08-18 07:00:08,2025-08-18 07:00:08,NHB250818070008.RAWLKZ3,Long Range,0.0,2025-08-18 08:00:08,2025-08-18 08:00:07,NHB250818080007.RAWLL0C,Long Range,1.0
1240,2025-08-18 05:20:07,NHB250818052007.RAWLKWZ,NHB250818052304.RAWLKX3,NHB250818053008.RAWLKX6,NHB250818053303.RAWLKXA,2025-08-18 05:20:07,2025-08-18 05:20:07,NHB250818052007.RAWLKWZ,Long Range,0.0,2025-08-18 06:20:07,2025-08-18 06:20:08,NHB250818062008.RAWLKY8,Long Range,1.0,2025-08-18 07:20:07,2025-08-18 07:20:09,NHB250818072009.RAWLKZH,Long Range,2.0,2025-08-18 08:20:07,2025-08-18 08:20:07,NHB250818082007.RAWLL0T,Long Range,0.0
1241,2025-08-18 05:40:08,NHB250818054008.RAWLKXD,NHB250818054303.RAWLKXH,NHB250818055008.RAWLKXL,NHB250818055304.RAWLKXR,2025-08-18 05:40:08,2025-08-18 05:40:08,NHB250818054008.RAWLKXD,Long Range,0.0,2025-08-18 06:40:08,2025-08-18 06:40:07,NHB250818064007.RAWLKYN,Long Range,1.0,2025-08-18 07:40:08,2025-08-18 07:40:08,NHB250818074008.RAWLKZY,Long Range,0.0,2025-08-18 08:40:08,2025-08-18 08:40:08,NHB250818084008.RAWLL17,Long Range,0.0
1242,2025-08-18 06:00:09,NHB250818060009.RAWLKXU,NHB250818060304.RAWLKXY,NHB250818061007.RAWLKY1,NHB250818061304.RAWLKY5,2025-08-18 06:00:09,2025-08-18 06:00:09,NHB250818060009.RAWLKXU,Long Range,0.0,2025-08-18 07:00:09,2025-08-18 07:00:08,NHB250818070008.RAWLKZ3,Long Range,1.0,2025-08-18 08:00:09,2025-08-18 08:00:07,NHB250818080007.RAWLL0C,Long Range,2.0,2025-08-18 09:00:09,2025-08-18 09:00:08,NHB250818090008.RAWLL1M,Long Range,1.0
1243,2025-08-18 06:20:08,NHB250818062008.RAWLKY8,NHB250818062303.RAWLKYC,NHB250818063008.RAWLKYF,NHB250818063303.RAWLKYK,2025-08-18 06:20:08,2025-08-18 06:20:08,NHB250818062008.RAWLKY8,Long Range,0.0,2025-08-18 07:20:08,2025-08-18 07:20:09,NHB250818072009.RAWLKZH,Long Range,1.0,2025-08-18 08:20:08,2025-08-18 08:20:07,NHB250818082007.RAWLL0T,Long Range,1.0,2025-08-18 09:20:08,2025-08-18 09:20:07,NHB250818092007.RAWLL22,Long Range,1.0
1244,2025-08-18 06:40:07,NHB250818064007.RAWLKYN,NHB250818064303.RAWLKYT,NHB250818065008.RAWLKYW,NHB250818065304.RAWLKZ0,2025-08-18 06:40:07,2025-08-18 06:40:07,NHB250818064007.RAWLKYN,Long Range,0.0,2025-08-18 07:40:07,2025-08-18 07:40:08,NHB250818074008.RAWLKZY,Long Range,1.0,2025-08-18 08:40:07,2025-08-18 08:40:08,NHB250818084008.RAWLL17,Long Range,1.0,2025-08-18 09:40:07,2025-08-18 09:40:08,NHB250818094008.RAWLL2G,Long Range,1.0
1245,2025-08-18 07:00:08,NHB250818070008.RAWLKZ3,NHB250818070304.RAWLKZ7,NHB250818071007.RAWLKZA,NHB250818071304.RAWLKZE,2025-08-18 07:00:08,2025-08-18 07:00:08,NHB250818070008.RAWLKZ3,Long Range,0.0,2025-08-18 08:00:08,2025-08-18 08:00:07,NHB250818080007.RAWLL0C,Long Range,1.0,2025-08-18 09:00:08,2025-08-18 09:00:08,NHB250818090008.RAWLL1M,Long Range,0.0,2025-08-18 10:00:08,2025-08-18 10:00:07,NHB250818100007.RAWLL2X,Long Range,1.0
1246,2025-08-18 07:20:09,NHB250818072009.RAWLKZH,NHB250818072304.RAWLKZM,NHB250818073007.RAWLKZR,NHB250818073304.RAWLKZV,2025-08-18 07:20:09,2025-08-18 07:20:09,NHB250818072009.RAWLKZH,Long Range,0.0,2025-08-18 08:20:09,2025-08-18 08:20:07,NHB250818082007.RAWLL0T,Long Range,2.0,2025-08-18 09:20:09,2025-08-18 09:20:07,NHB250818092007.RAWLL22,Long Range,2.0,2025-08-18 10:20:09,2025-08-18 10:20:07,NHB250818102007.RAWLL3B,Long Range,2.0
1247,2025-08-18 07:40:08,NHB250818074008.RAWLKZY,NHB250818074303.RAWLL02,NHB250818075007.RAWLL05,NHB250818075303.RAWLL09,2025-08-18 07:40:08,2025-08-18 07:40:08,NHB250818074008.RAWLKZY,Long Range,0.0,2025-08-18 08:40:08,2025-08-18 08:40:08,NHB250818084008.RAWLL17,Long Range,0.0,2025-08-18 09:40:08,2025-08-18 09:40:08,NHB250818094008.RAWLL2G,Long Range,0.0,2025-08-18 10:40:08,2025-08-18 10:40:08,NHB250818104008.RAWLL3S,Long Range,0.0
1248,2025-08-18 08:00:07,NHB250818080007.RAWLL0C,NHB250818080304.RAWLL0G,NHB250818081007.RAWLL0K,NHB250818081304.RAWLL0P,2025-08-18 08:00:07,2025-08-18 08:00:07,NHB250818080007.RAWLL0C,Long Range,0.0,2025-08-18 09:00:07,2025-08-18 09:00:08,NHB250818090008.RAWLL1M,Long Range,1.0,2025-08-18 10:00:07,2025-08-18 10:00:07,NHB250818100007.RAWLL2X,Long Range,0.0,2025-08-18 11:00:07,2025-08-18 11:00:08,NHB250818110008.RAWLL46,Long Range,1.0
1249,2025-08-18 08:20:07,NHB250818082007.RAWLL0T,NHB250818082303.RAWLL0X,NHB250818083007.RAWLL10,NHB250818083303.RAWLL14,2025-08-18 08:20:07,2025-08-18 08:20:07,NHB250818082007.RAWLL0T,Long Range,0.0,2025-08-18 09:20:07,2025-08-18 09:20:07,NHB250818092007.RAWLL22,Long Range,0.0,2025-08-18 10:20:07,2025-08-18 10:20:07,NHB250818102007.RAWLL3B,Long Range,0.0,2025-08-18 11:20:07,2025-08-18 11:20:08,NHB250818112008.RAWLL4L,Long Range,1.0
1250,2025-08-18 08:40:08,NHB250818084008.RAWLL17,NHB250818084303.RAWLL1B,NHB250818085007.RAWLL1E,NHB250818085303.RAWLL1J,2025-08-18 08:40:08,2025-08-18 08:40:08,NHB250818084008.RAWLL17,Long Range,0.0,2025-08-18 09:40:08,2025-08-18 09:40:08,NHB250818094008.RAWLL2G,Long Range,0.0,2025-08-18 10:40:08,2025-08-18 10:40:08,NHB250818104008.RAWLL3S,Long Range,0.0,2025-08-18 11:40:08,2025-08-18 11:40:08,NHB250818114008.RAWLL51,Long Range,0.0
1251,2025-08-18 09:00:08,NHB250818090008.RAWLL1M,NHB250818090303.RAWLL1S,NHB250818091008.RAWLL1V,NHB250818091303.RAWLL1Z,2025-08-18 09:00:08,2025-08-18 09:00:08,NHB250818090008.RAWLL1M,Long Range,0.0,2025-08-18 10:00:08,2025-08-18 10:00:07,NHB250818100007.RAWLL2X,Long Range,1.0,2025-08-18 11:00:08,2025-08-18 11:00:08,NHB250818110008.RAWLL46,Long Range,0.0,2025-08-18 12:00:08,2025-08-18 12:00:07,NHB250818120007.RAWLL5F,Long Range,1.0
1252,2025-08-18 09:20:07,NHB250818092007.RAWLL22,NHB250818092303.RAWLL26,NHB250818093008.RAWLL29,NHB250818093304.RAWLL2D,2025-08-18 09:20:07,2025-08-18 09:20:07,NHB250818092007.RAWLL22,Long Range,0.0,2025-08-18 10:20:07,2025-08-18 10:20:07,NHB250818102007.RAWLL3B,Long Range,0.0,2025-08-18 11:20:07,2025-08-18 11:20:08,NHB250818112008.RAWLL4L,Long Range,1.0,2025-08-18 12:20:07,2025-08-18 12:20:08,NHB250818122008.RAWLL5W,Long Range,1.0
1253,2025-08-18 09:40:08,NHB250818094008.RAWLL2G,NHB250818094305.RAWLL2L,NHB250818095008.RAWLL2P,NHB250818095303.RAWLL2U,2025-08-18 09:40:08,2025-08-18 09:40:08,NHB250818094008.RAWLL2G,Long Range,0.0,2025-08-18 10:40:08,2025-08-18 10:40:08,NHB250818104008.RAWLL3S,Long Range,0.0,2025-08-18 11:40:08,2025-08-18 11:40:08,NHB250818114008.RAWLL51,Long Range,0.0,2025-08-18 12:40:08,2025-08-18 12:40:08,NHB250818124008.RAWLL6A,Long Range,0.0
1254,2025-08-18 10:00:07,NHB250818100007.RAWLL2X,NHB250818100303.RAWLL31,NHB250818101008.RAWLL34,NHB250818101304.RAWLL38,2025-08-18 10:00:07,2025-08-18 10:00:07,NHB250818100007.RAWLL2X,Long Range,0.0,2025-08-18 11:00:07,2025-08-18 11:00:08,NHB250818110008.RAWLL46,Long Range,1.0,2025-08-18 12:00:07,2025-08-18 12:00:07,NHB250818120007.RAWLL5F,Long Range,0.0,2025-08-18 13:00:07,2025-08-18 13:00:08,NHB250818130008.RAWLL6R,Long Range,1.0
1255,2025-08-18 10:20:07,NHB250818102007.RAWLL3B,NHB250818102303.RAWLL3F,NHB250818103008.RAWLL3J,NHB250818103303.RAWLL3N,2025-08-18 10:20:07,2025-08-18 10:20:07,NHB250818102007.RAWLL3B,Long Range,0.0,2025-08-18 11:20:07,2025-08-18 11:20:08,NHB250818112008.RAWLL4L,Long Range,1.0,2025-08-18 12:20:07,2025-08-18 12:20:08,NHB250818122008.RAWLL5W,Long Range,1.0,2025-08-18 13:20:07,2025-08-18 13:20:07,NHB250818132007.RAWLL75,Long Range,0.0
1256,2025-08-18 10:40:08,NHB250818104008.RAWLL3S,NHB250818104304.RAWLL3W,NHB250818105007.RAWLL3Z,NHB250818105305.RAWLL43,2025-08-18 10:40:08,2025-08-18 10:40:08,NHB250818104008.RAWLL3S,Long Range,0.0,2025-08-18 11:40:08,2025-08-18 11:40:08,NHB250818114008.RAWLL51,Long Range,0.0,2025-08-18 12:40:08,2025-08-18 12:40:08,NHB250818124008.RAWLL6A,Long Range,0.0,2025-08-18 13:40:08,2025-08-18 13:40:08,NHB250818134008.RAWLL7K,Long Range,0.0
1257,2025-08-18 11:00:08,NHB250818110008.RAWLL46,NHB250818110304.RAWLL4A,NHB250818111009.RAWLL4D,NHB250818111303.RAWLL4H,2025-08-18 11:00:08,2025-08-18 11:00:08,NHB250818110008.RAWLL46,Long Range,0.0,2025-08-18 12:00:08,2025-08-18 12:00:07,NHB250818120007.RAWLL5F,Long Range,1.0,2025-08-18 13:00:08,2025-08-18 13:00:08,NHB250818130008.RAWLL6R,Long Range,0.0,2025-08-18 14:00:08,2025-08-18 14:00:08,NHB250818140008.RAWLL80,Long Range,0.0
1258,2025-08-18 11:20:08,NHB250818112008.RAWLL4L,NHB250818112304.RAWLL4R,NHB250818113008.RAWLL4U,NHB250818113304.RAWLL4Y,2025-08-18 11:20:08,2025-08-18 11:20:08,NHB250818112008.RAWLL4L,Long Range,0.0,2025-08-18 12:20:08,2025-08-18 12:20:08,NHB250818122008.RAWLL5W,Long Range,0.0,2025-08-18 13:20:08,2025-08-18 13:20:07,NHB250818132007.RAWLL75,Long Range,1.0,2025-08-18 14:20:08,2025-08-18 14:20:08,NHB250818142008.RAWLL8E,Long Range,0.0
1259,2025-08-18 11:40:08,NHB250818114008.RAWLL51,NHB250818114304.RAWLL55,NHB250818115008.RAWLL58,NHB250818115304.RAWLL5C,2025-08-18 11:40:08,2025-08-18 11:40:08,NHB250818114008.RAWLL51,Long Range,0.0,2025-08-18 12:40:08,2025-08-18 12:40:08,NHB250818124008.RAWLL6A,Long Range,0.0,2025-08-18 13:40:08,2025-08-18 13:40:08,NHB250818134008.RAWLL7K,Long Range,0.0,2025-08-18 14:40:08,2025-08-18 14:40:07,NHB250818144007.RAWLL8V,Long Range,1.0
1260,2025-08-18 12:00:07,NHB250818120007.RAWLL5F,NHB250818120304.RAWLL5K,NHB250818121007.RAWLL5N,NHB250818121303.RAWLL5T,2025-08-18 12:00:07,2025-08-18 12:00:07,NHB250818120007.RAWLL5F,Long Range,0.0,2025-08-18 13:00:07,2025-08-18 13:00:08,NHB250818130008.RAWLL6R,Long Range,1.0,2025-08-18 14:00:07,2025-08-18 14:00:08,NHB250818140008.RAWLL80,Long Range,1.0,2025-08-18 15:00:07,2025-08-18 15:00:08,NHB250818150008.RAWLL99,Long Range,1.0
1261,2025-08-18 12:20:08,NHB250818122008.RAWLL5W,NHB250818122304.RAWLL60,NHB250818123008.RAWLL63,NHB250818123303.RAWLL67,2025-08-18 12:20:08,2025-08-18 12:20:08,NHB250818122008.RAWLL5W,Long Range,0.0,2025-08-18 13:20:08,2025-08-18 13:20:07,NHB250818132007.RAWLL75,Long Range,1.0,2025-08-18 14:20:08,2025-08-18 14:20:08,NHB250818142008.RAWLL8E,Long Range,0.0,2025-08-18 15:20:08,2025-08-18 15:20:08,NHB250818152008.RAWLL9P,Long Range,0.0
1262,2025-08-18 12:40:08,NHB250818124008.RAWLL6A,NHB250818124303.RAWLL6E,NHB250818125008.RAWLL6H,NHB250818125303.RAWLL6M,2025-08-18 12:40:08,2025-08-18 12:40:08,NHB250818124008.RAWLL6A,Long Range,0.0,2025-08-18 13:40:08,2025-08-18 13:40:08,NHB250818134008.RAWLL7K,Long Range,0.0,2025-08-18 14:40:08,2025-08-18 14:40:07,NHB250818144007.RAWLL8V,Long Range,1.0,2025-08-18 15:40:08,2025-08-18 15:40:07,NHB250818154007.RAWLLA4,Long Range,1.0
1263,2025-08-18 13:00:08,NHB250818130008.RAWLL6R,NHB250818130303.RAWLL6V,NHB250818131008.RAWLL6Y,NHB250818131303.RAWLL72,2025-08-18 13:00:08,2025-08-18 13:00:08,NHB250818130008.RAWLL6R,Long Range,0.0,2025-08-18 14:00:08,2025-08-18 14:00:08,NHB250818140008.RAWLL80,Long Range,0.0,2025-08-18 15:00:08,2025-08-18 15:00:08,NHB250818150008.RAWLL99,Long Range,0.0,2025-08-18 16:00:08,2025-08-18 16:00:08,NHB250818160008.RAWLLAJ,Long Range,0.0
1264,2025-08-18 13:20:07,NHB250818132007.RAWLL75,NHB250818132303.RAWLL79,NHB250818133007.RAWLL7C,NHB250818133304.RAWLL7G,2025-08-18 13:20:07,2025-08-18 13:20:07,NHB250818132007.RAWLL75,Long Range,0.0,2025-08-18 14:20:07,2025-08-18 14:20:08,NHB250818142008.RAWLL8E,Long Range,1.0,2025-08-18 15:20:07,2025-08-18 15:20:08,NHB250818152008.RAWLL9P,Long Range,1.0,2025-08-18 16:20:07,2025-08-18 16:20:08,NHB250818162008.RAWLLAZ,Long Range,1.0
1265,2025-08-18 13:40:08,NHB250818134008.RAWLL7K,NHB250818134304.RAWLL7P,NHB250818135007.RAWLL7T,NHB250818135303.RAWLL7X,2025-08-18 13:40:08,2025-08-18 13:40:08,NHB250818134008.RAWLL7K,Long Range,0.0,2025-08-18 14:40:08,2025-08-18 14:40:07,NHB250818144007.RAWLL8V,Long Range,1.0,2025-08-18 15:40:08,2025-08-18 15:40:07,NHB250818154007.RAWLLA4,Long Range,1.0,2025-08-18 16:40:08,2025-08-18 16:40:08,NHB250818164008.RAWLLBD,Long Range,0.0
1266,2025-08-18 14:00:08,NHB250818140008.RAWLL80,NHB250818140303.RAWLL84,NHB250818141007.RAWLL87,NHB250818141304.RAWLL8B,2025-08-18 14:00:08,2025-08-18 14:00:08,NHB250818140008.RAWLL80,Long Range,0.0,2025-08-18 15:00:08,2025-08-18 15:00:08,NHB250818150008.RAWLL99,Long Range,0.0,2025-08-18 16:00:08,2025-08-18 16:00:08,NHB250818160008.RAWLLAJ,Long Range,0.0,2025-08-18 17:00:08,2025-08-18 17:00:07,NHB250818170007.RAWLLBU,Long Range,1.0
1267,2025-08-18 14:20:08,NHB250818142008.RAWLL8E,NHB250818142303.RAWLL8J,NHB250818143008.RAWLL8M,NHB250818143303.RAWLL8S,2025-08-18 14:20:08,2025-08-18 14:20:08,NHB250818142008.RAWLL8E,Long Range,0.0,2025-08-18 15:20:08,2025-08-18 15:20:08,NHB250818152008.RAWLL9P,Long Range,0.0,2025-08-18 16:20:08,2025-08-18 16:20:08,NHB250818162008.RAWLLAZ,Long Range,0.0,2025-08-18 17:20:08,2025-08-18 17:20:08,NHB250818172008.RAWLLC8,Long Range,0.0
1268,2025-08-18 14:40:07,NHB250818144007.RAWLL8V,NHB250818144303.RAWLL8Z,NHB250818145008.RAWLL92,NHB250818145303.RAWLL96,2025-08-18 14:40:07,2025-08-18 14:40:07,NHB250818144007.RAWLL8V,Long Range,0.0,2025-08-18 15:40:07,2025-08-18 15:40:07,NHB250818154007.RAWLLA4,Long Range,0.0,2025-08-18 16:40:07,2025-08-18 16:40:08,NHB250818164008.RAWLLBD,Long Range,1.0,2025-08-18 17:40:07,2025-08-18 17:40:08,NHB250818174008.RAWLLCN,Long Range,1.0
1269,2025-08-18 15:00:08,NHB250818150008.RAWLL99,NHB250818150303.RAWLL9D,NHB250818151007.RAWLL9G,NHB250818151304.RAWLL9L,2025-08-18 15:00:08,2025-08-18 15:00:08,NHB250818150008.RAWLL99,Long Range,0.0,2025-08-18 16:00:08,2025-08-18 16:00:08,NHB250818160008.RAWLLAJ,Long Range,0.0,2025-08-18 17:00:08,2025-08-18 17:00:07,NHB250818170007.RAWLLBU,Long Range,1.0,2025-08-18 18:00:08,2025-08-18 18:00:09,NHB250818180009.RAWLLD3,Long Range,1.0
1270,2025-08-18 15:20:08,NHB250818152008.RAWLL9P,NHB250818152303.RAWLL9U,NHB250818153008.RAWLL9X,NHB250818153303.RAWLLA1,2025-08-18 15:20:08,2025-08-18 15:20:08,NHB250818152008.RAWLL9P,Long Range,0.0,2025-08-18 16:20:08,2025-08-18 16:20:08,NHB250818162008.RAWLLAZ,Long Range,0.0,2025-08-18 17:20:08,2025-08-18 17:20:08,NHB250818172008.RAWLLC8,Long Range,0.0,2025-08-18 18:20:08,2025-08-18 18:20:08,NHB250818182008.RAWLLDH,Long Range,0.0
1271,2025-08-18 15:40:07,NHB250818154007.RAWLLA4,NHB250818154304.RAWLLA8,NHB250818155007.RAWLLAB,NHB250818155304.RAWLLAF,2025-08-18 15:40:07,2025-08-18 15:40:07,NHB250818154007.RAWLLA4,Long Range,0.0,2025-08-18 16:40:07,2025-08-18 16:40:08,NHB250818164008.RAWLLBD,Long Range,1.0,2025-08-18 17:40:07,2025-08-18 17:40:08,NHB250818174008.RAWLLCN,Long Range,1.0,2025-08-18 18:40:07,2025-08-18 18:40:08,NHB250818184008.RAWLLDY,Long Range,1.0
1272,2025-08-18 16:00:08,NHB250818160008.RAWLLAJ,NHB250818160304.RAWLLAN,NHB250818161007.RAWLLAS,NHB250818161303.RAWLLAW,2025-08-18 16:00:08,2025-08-18 16:00:08,NHB250818160008.RAWLLAJ,Long Range,0.0,2025-08-18 17:00:08,2025-08-18 17:00:07,NHB250818170007.RAWLLBU,Long Range,1.0,2025-08-18 18:00:08,2025-08-18 18:00:09,NHB250818180009.RAWLLD3,Long Range,1.0,2025-08-18 19:00:08,2025-08-18 19:00:08,NHB250818190008.RAWLLEC,Long Range,0.0
1273,2025-08-18 16:20:08,NHB250818162008.RAWLLAZ,NHB250818162303.RAWLLB3,NHB250818163008.RAWLLB6,NHB250818163304.RAWLLBA,2025-08-18 16:20:08,2025-08-18 16:20:08,NHB250818162008.RAWLLAZ,Long Range,0.0,2025-08-18 17:20:08,2025-08-18 17:20:08,NHB250818172008.RAWLLC8,Long Range,0.0,2025-08-18 18:20:08,2025-08-18 18:20:08,NHB250818182008.RAWLLDH,Long Range,0.0,2025-08-18 19:20:08,2025-08-18 19:20:08,NHB250818192008.RAWLLET,Long Range,0.0
1274,2025-08-18 16:40:08,NHB250818164008.RAWLLBD,NHB250818164303.RAWLLBH,NHB250818165008.RAWLLBL,NHB250818165304.RAWLLBR,2025-08-18 16:40:08,2025-08-18 16:40:08,NHB250818164008.RAWLLBD,Long Range,0.0,2025-08-18 17:40:08,2025-08-18 17:40:08,NHB250818174008.RAWLLCN,Long Range,0.0,2025-08-18 18:40:08,2025-08-18 18:40:08,NHB250818184008.RAWLLDY,Long Range,0.0,2025-08-18 19:40:08,2025-08-18 19:40:08,NHB250818194008.RAWLLF7,Long Range,0.0
1275,2025-08-18 17:00:07,NHB250818170007.RAWLLBU,NHB250818170304.RAWLLBY,NHB250818171008.RAWLLC1,NHB250818171303.RAWLLC5,2025-08-18 17:00:07,2025-08-18 17:00:07,NHB250818170007.RAWLLBU,Long Range,0.0,2025-08-18 18:00:07,2025-08-18 18:00:09,NHB250818180009.RAWLLD3,Long Range,2.0,2025-08-18 19:00:07,2025-08-18 19:00:08,NHB250818190008.RAWLLEC,Long Range,1.0,2025-08-18 20:00:07,2025-08-18 20:00:08,NHB250818200008.RAWLLFM,Long Range,1.0
1276,2025-08-18 17:20:08,NHB250818172008.RAWLLC8,NHB250818172303.RAWLLCC,NHB250818173008.RAWLLCF,NHB250818173303.RAWLLCK,2025-08-18 17:20:08,2025-08-18 17:20:08,NHB250818172008.RAWLLC8,Long Range,0.0,2025-08-18 18:20:08,2025-08-18 18:20:08,NHB250818182008.RAWLLDH,Long Range,0.0,2025-08-18 19:20:08,2025-08-18 19:20:08,NHB250818192008.RAWLLET,Long Range,0.0,2025-08-18 20:20:08,2025-08-18 20:20:08,NHB250818202008.RAWLLG2,Long Range,0.0
1277,2025-08-18 17:40:08,NHB250818174008.RAWLLCN,NHB250818174303.RAWLLCT,NHB250818175007.RAWLLCW,NHB250818175304.RAWLLD0,2025-08-18 17:40:08,2025-08-18 17:40:08,NHB250818174008.RAWLLCN,Long Range,0.0,2025-08-18 18:40:08,2025-08-18 18:40:08,NHB250818184008.RAWLLDY,Long Range,0.0,2025-08-18 19:40:08,2025-08-18 19:40:08,NHB250818194008.RAWLLF7,Long Range,0.0,2025-08-18 20:40:08,2025-08-18 20:40:07,NHB250818204007.RAWLLGG,Long Range,1.0
1278,2025-08-18 18:00:09,NHB250818180009.RAWLLD3,NHB250818180303.RAWLLD7,NHB250818181007.RAWLLDA,NHB250818181304.RAWLLDE,2025-08-18 18:00:09,2025-08-18 18:00:09,NHB250818180009.RAWLLD3,Long Range,0.0,2025-08-18 19:00:09,2025-08-18 19:00:08,NHB250818190008.RAWLLEC,Long Range,1.0,2025-08-18 20:00:09,2025-08-18 20:00:08,NHB250818200008.RAWLLFM,Long Range,1.0,2025-08-18 21:00:09,2025-08-18 21:00:07,NHB250818210007.RAWLLGX,Long Range,2.0
1279,2025-08-18 18:20:08,NHB250818182008.RAWLLDH,NHB250818182304.RAWLLDM,NHB250818183008.RAWLLDR,NHB250818183303.RAWLLDV,2025-08-18 18:20:08,2025-08-18 18:20:08,NHB250818182008.RAWLLDH,Long Range,0.0,2025-08-18 19:20:08,2025-08-18 19:20:08,NHB250818192008.RAWLLET,Long Range,0.0,2025-08-18 20:20:08,2025-08-18 20:20:08,NHB250818202008.RAWLLG2,Long Range,0.0,2025-08-18 21:20:08,2025-08-18 21:20:07,NHB250818212007.RAWLLHB,Long Range,1.0
1280,2025-08-18 18:40:08,NHB250818184008.RAWLLDY,NHB250818184303.RAWLLE2,NHB250818185007.RAWLLE5,NHB250818185303.RAWLLE9,2025-08-18 18:40:08,2025-08-18 18:40:08,NHB250818184008.RAWLLDY,Long Range,0.0,2025-08-18 19:40:08,2025-08-18 19:40:08,NHB250818194008.RAWLLF7,Long Range,0.0,2025-08-18 20:40:08,2025-08-18 20:40:07,NHB250818204007.RAWLLGG,Long Range,1.0,2025-08-18 21:40:08,2025-08-18 21:40:08,NHB250818214008.RAWLLHS,Long Range,0.0
1281,2025-08-18 19:00:08,NHB250818190008.RAWLLEC,NHB250818190303.RAWLLEG,NHB250818191007.RAWLLEK,NHB250818191304.RAWLLEP,2025-08-18 19:00:08,2025-08-18 19:00:08,NHB250818190008.RAWLLEC,Long Range,0.0,2025-08-18 20:00:08,2025-08-18 20:00:08,NHB250818200008.RAWLLFM,Long Range,0.0,2025-08-18 21:00:08,2025-08-18 21:00:07,NHB250818210007.RAWLLGX,Long Range,1.0,2025-08-18 22:00:08,2025-08-18 22:00:08,NHB250818220008.RAWLLJ6,Long Range,0.0
1282,2025-08-18 19:20:08,NHB250818192008.RAWLLET,NHB250818192303.RAWLLEX,NHB250818193008.RAWLLF0,NHB250818193304.RAWLLF4,2025-08-18 19:20:08,2025-08-18 19:20:08,NHB250818192008.RAWLLET,Long Range,0.0,2025-08-18 20:20:08,2025-08-18 20:20:08,NHB250818202008.RAWLLG2,Long Range,0.0,2025-08-18 21:20:08,2025-08-18 21:20:07,NHB250818212007.RAWLLHB,Long Range,1.0,2025-08-18 22:20:08,2025-08-18 22:20:08,NHB250818222008.RAWLLJL,Long Range,0.0
1283,2025-08-18 19:40:08,NHB250818194008.RAWLLF7,NHB250818194304.RAWLLFB,NHB250818195007.RAWLLFE,NHB250818195303.RAWLLFJ,2025-08-18 19:40:08,2025-08-18 19:40:08,NHB250818194008.RAWLLF7,Long Range,0.0,2025-08-18 20:40:08,2025-08-18 20:40:07,NHB250818204007.RAWLLGG,Long Range,1.0,2025-08-18 21:40:08,2025-08-18 21:40:08,NHB250818214008.RAWLLHS,Long Range,0.0,2025-08-18 22:40:08,2025-08-18 22:40:08,NHB250818224008.RAWLLK1,Long Range,0.0
1284,2025-08-18 20:00:08,NHB250818200008.RAWLLFM,NHB250818200303.RAWLLFS,NHB250818201007.RAWLLFV,NHB250818201303.RAWLLFZ,2025-08-18 20:00:08,2025-08-18 20:00:08,NHB250818200008.RAWLLFM,Long Range,0.0,2025-08-18 21:00:08,2025-08-18 21:00:07,NHB250818210007.RAWLLGX,Long Range,1.0,2025-08-18 22:00:08,2025-08-18 22:00:08,NHB250818220008.RAWLLJ6,Long Range,0.0,2025-08-18 23:00:08,2025-08-18 23:00:08,NHB250818230008.RAWLLKF,Long Range,0.0
1285,2025-08-18 20:20:08,NHB250818202008.RAWLLG2,NHB250818202303.RAWLLG6,NHB250818203008.RAWLLG9,NHB250818203303.RAWLLGD,2025-08-18 20:20:08,2025-08-18 20:20:08,NHB250818202008.RAWLLG2,Long Range,0.0,2025-08-18 21:20:08,2025-08-18 21:20:07,NHB250818212007.RAWLLHB,Long Range,1.0,2025-08-18 22:20:08,2025-08-18 22:20:08,NHB250818222008.RAWLLJL,Long Range,0.0,2025-08-18 23:20:08,2025-08-18 23:20:08,NHB250818232008.RAWLLKW,Long Range,0.0
1286,2025-08-18 20:40:07,NHB250818204007.RAWLLGG,NHB250818204304.RAWLLGL,NHB250818205007.RAWLLGP,NHB250818205303.RAWLLGU,2025-08-18 20:40:07,2025-08-18 20:40:07,NHB250818204007.RAWLLGG,Long Range,0.0,2025-08-18 21:40:07,2025-08-18 21:40:08,NHB250818214008.RAWLLHS,Long Range,1.0,2025-08-18 22:40:07,2025-08-18 22:40:08,NHB250818224008.RAWLLK1,Long Range,1.0,2025-08-18 23:40:07,2025-08-18 23:40:07,NHB250818234007.RAWLLLA,Long Range,0.0
1287,2025-08-18 21:00:07,NHB250818210007.RAWLLGX,NHB250818210303.RAWLLH1,NHB250818211007.RAWLLH4,NHB250818211304.RAWLLH8,2025-08-18 21:00:07,2025-08-18 21:00:07,NHB250818210007.RAWLLGX,Long Range,0.0,2025-08-18 22:00:07,2025-08-18 22:00:08,NHB250818220008.RAWLLJ6,Long Range,1.0,2025-08-18 23:00:07,2025-08-18 23:00:08,NHB250818230008.RAWLLKF,Long Range,1.0,2025-08-19 00:00:07,2025-08-19 00:00:08,NHB250819000008.RAWLLLR,Long Range,1.0
1288,2025-08-18 21:20:07,NHB250818212007.RAWLLHB,NHB250818212303.RAWLLHF,NHB250818213008.RAWLLHJ,NHB250818213304.RAWLLHN,2025-08-18 21:20:07,2025-08-18 21:20:07,NHB250818212007.RAWLLHB,Long Range,0.0,2025-08-18 22:20:07,2025-08-18 22:20:08,NHB250818222008.RAWLLJL,Long Range,1.0,2025-08-18 23:20:07,2025-08-18 23:20:08,NHB250818232008.RAWLLKW,Long Range,1.0,2025-08-19 00:20:07,2025-08-19 00:20:08,NHB250819002008.RAWLLM5,Long Range,1.0
1289,2025-08-18 21:40:08,NHB250818214008.RAWLLHS,NHB250818214303.RAWLLHW,NHB250818215008.RAWLLHZ,NHB250818215304.RAWLLJ3,2025-08-18 21:40:08,2025-08-18 21:40:08,NHB250818214008.RAWLLHS,Long Range,0.0,2025-08-18 22:40:08,2025-08-18 22:40:08,NHB250818224008.RAWLLK1,Long Range,0.0,2025-08-18 23:40:08,2025-08-18 23:40:07,NHB250818234007.RAWLLLA,Long Range,1.0,2025-08-19 00:40:08,2025-08-19 00:40:08,NHB250819004008.RAWLLMK,Long Range,0.0
1290,2025-08-18 22:00:08,NHB250818220008.RAWLLJ6,NHB250818220304.RAWLLJA,NHB250818221007.RAWLLJD,NHB250818221304.RAWLLJH,2025-08-18 22:00:08,2025-08-18 22:00:08,NHB250818220008.RAWLLJ6,Long Range,0.0,2025-08-18 23:00:08,2025-08-18 23:00:08,NHB250818230008.RAWLLKF,Long Range,0.0,2025-08-19 00:00:08,2025-08-19 00:00:08,NHB250819000008.RAWLLLR,Long Range,0.0,2025-08-19 01:00:08,2025-08-19 01:00:07,NHB250819010007.RAWLLN0,Long Range,1.0
1291,2025-08-18 22:20:08,NHB250818222008.RAWLLJL,NHB250818222304.RAWLLJR,NHB250818223007.RAWLLJU,NHB250818223303.RAWLLJY,2025-08-18 22:20:08,2025-08-18 22:20:08,NHB250818222008.RAWLLJL,Long Range,0.0,2025-08-18 23:20:08,2025-08-18 23:20:08,NHB250818232008.RAWLLKW,Long Range,0.0,2025-08-19 00:20:08,2025-08-19 00:20:08,NHB250819002008.RAWLLM5,Long Range,0.0,2025-08-19 01:20:08,2025-08-19 01:20:08,NHB250819012008.RAWLLNE,Long Range,0.0
1292,2025-08-18 22:40:08,NHB250818224008.RAWLLK1,NHB250818224303.RAWLLK5,NHB250818225007.RAWLLK8,NHB250818225304.RAWLLKC,2025-08-18 22:40:08,2025-08-18 22:40:08,NHB250818224008.RAWLLK1,Long Range,0.0,2025-08-18 23:40:08,2025-08-18 23:40:07,NHB250818234007.RAWLLLA,Long Range,1.0,2025-08-19 00:40:08,2025-08-19 00:40:08,NHB250819004008.RAWLLMK,Long Range,0.0,2025-08-19 01:40:08,2025-08-19 01:40:07,NHB250819014007.RAWLLNV,Long Range,1.0
1293,2025-08-18 23:00:08,NHB250818230008.RAWLLKF,NHB250818230303.RAWLLKK,NHB250818231007.RAWLLKN,NHB250818231303.RAWLLKT,2025-08-18 23:00:08,2025-08-18 23:00:08,NHB250818230008.RAWLLKF,Long Range,0.0,2025-08-19 00:00:08,2025-08-19 00:00:08,NHB250819000008.RAWLLLR,Long Range,0.0,2025-08-19 01:00:08,2025-08-19 01:00:07,NHB250819010007.RAWLLN0,Long Range,1.0,2025-08-19 02:00:08,2025-08-19 02:00:09,NHB250819020009.RAWLLP9,Long Range,1.0
1294,2025-08-18 23:20:08,NHB250818232008.RAWLLKW,NHB250818232304.RAWLLL0,NHB250818233007.RAWLLL3,NHB250818233304.RAWLLL7,2025-08-18 23:20:08,2025-08-18 23:20:08,NHB250818232008.RAWLLKW,Long Range,0.0,2025-08-19 00:20:08,2025-08-19 00:20:08,NHB250819002008.RAWLLM5,Long Range,0.0,2025-08-19 01:20:08,2025-08-19 01:20:08,NHB250819012008.RAWLLNE,Long Range,0.0,2025-08-19 02:20:08,2025-08-19 02:20:07,NHB250819022007.RAWLLPP,Long Range,1.0
1295,2025-08-18 23:40:07,NHB250818234007.RAWLLLA,NHB250818234304.RAWLLLE,NHB250818235008.RAWLLLH,NHB250818235304.RAWLLLM,2025-08-18 23:40:07,2025-08-18 23:40:07,NHB250818234007.RAWLLLA,Long Range,0.0,2025-08-19 00:40:07,2025-08-19 00:40:08,NHB250819004008.RAWLLMK,Long Range,1.0,2025-08-19 01:40:07,2025-08-19 01:40:07,NHB250819014007.RAWLLNV,Long Range,0.0,2025-08-19 02:40:07,2025-08-19 02:40:08,NHB250819024008.RAWLLR4,Long Range,1.0
1296,2025-08-19 00:00:08,NHB250819000008.RAWLLLR,NHB250819000304.RAWLLLV,NHB250819001007.RAWLLLY,NHB250819001303.RAWLLM2,2025-08-19 00:00:08,2025-08-19 00:00:08,NHB250819000008.RAWLLLR,Long Range,0.0,2025-08-19 01:00:08,2025-08-19 01:00:07,NHB250819010007.RAWLLN0,Long Range,1.0,2025-08-19 02:00:08,2025-08-19 02:00:09,NHB250819020009.RAWLLP9,Long Range,1.0,2025-08-19 03:00:08,2025-08-19 03:00:07,NHB250819030007.RAWLLRJ,Long Range,1.0
1297,2025-08-19 00:20:08,NHB250819002008.RAWLLM5,NHB250819002304.RAWLLM9,NHB250819003007.RAWLLMC,NHB250819003303.RAWLLMG,2025-08-19 00:20:08,2025-08-19 00:20:08,NHB250819002008.RAWLLM5,Long Range,0.0,2025-08-19 01:20:08,2025-08-19 01:20:08,NHB250819012008.RAWLLNE,Long Range,0.0,2025-08-19 02:20:08,2025-08-19 02:20:07,NHB250819022007.RAWLLPP,Long Range,1.0,2025-08-19 03:20:08,2025-08-19 03:20:07,NHB250819032007.RAWK3LV,Long Range,1.0
1298,2025-08-19 00:40:08,NHB250819004008.RAWLLMK,NHB250819004303.RAWLLMP,NHB250819005008.RAWLLMT,NHB250819005305.RAWLLMX,2025-08-19 00:40:08,2025-08-19 00:40:08,NHB250819004008.RAWLLMK,Long Range,0.0,2025-08-19 01:40:08,2025-08-19 01:40:07,NHB250819014007.RAWLLNV,Long Range,1.0,2025-08-19 02:40:08,2025-08-19 02:40:08,NHB250819024008.RAWLLR4,Long Range,0.0,2025-08-19 03:40:08,2025-08-19 03:40:08,NHB250819034008.RAWK3M9,Long Range,0.0
1299,2025-08-19 01:00:07,NHB250819010007.RAWLLN0,NHB250819010303.RAWLLN4,NHB250819011008.RAWLLN7,NHB250819011303.RAWLLNB,2025-08-19 01:00:07,2025-08-19 01:00:07,NHB250819010007.RAWLLN0,Long Range,0.0,2025-08-19 02:00:07,2025-08-19 02:00:09,NHB250819020009.RAWLLP9,Long Range,2.0,2025-08-19 03:00:07,2025-08-19 03:00:07,NHB250819030007.RAWLLRJ,Long Range,0.0,2025-08-19 04:00:07,2025-08-19 04:00:07,NHB250819040007.RAWK3MP,Long Range,0.0
1300,2025-08-19 01:20:08,NHB250819012008.RAWLLNE,NHB250819012303.RAWLLNJ,NHB250819013008.RAWLLNM,NHB250819013303.RAWLLNS,2025-08-19 01:20:08,2025-08-19 01:20:08,NHB250819012008.RAWLLNE,Long Range,0.0,2025-08-19 02:20:08,2025-08-19 02:20:07,NHB250819022007.RAWLLPP,Long Range,1.0,2025-08-19 03:20:08,2025-08-19 03:20:07,NHB250819032007.RAWK3LV,Long Range,1.0,2025-08-19 04:20:08,2025-08-19 04:20:08,NHB250819042008.RAWK3N4,Long Range,0.0
1301,2025-08-19 01:40:07,NHB250819014007.RAWLLNV,NHB250819014303.RAWLLNZ,NHB250819015008.RAWLLP2,NHB250819015303.RAWLLP6,2025-08-19 01:40:07,2025-08-19 01:40:07,NHB250819014007.RAWLLNV,Long Range,0.0,2025-08-19 02:40:07,2025-08-19 02:40:08,NHB250819024008.RAWLLR4,Long Range,1.0,2025-08-19 03:40:07,2025-08-19 03:40:08,NHB250819034008.RAWK3M9,Long Range,1.0,2025-08-19 04:40:07,2025-08-19 04:40:08,NHB250819044008.RAWK3NJ,Long Range,1.0
1302,2025-08-19 02:00:09,NHB250819020009.RAWLLP9,NHB250819020304.RAWLLPD,NHB250819021008.RAWLLPG,NHB250819021303.RAWLLPL,2025-08-19 02:00:09,2025-08-19 02:00:09,NHB250819020009.RAWLLP9,Long Range,0.0,2025-08-19 03:00:09,2025-08-19 03:00:07,NHB250819030007.RAWLLRJ,Long Range,2.0,2025-08-19 04:00:09,2025-08-19 04:00:07,NHB250819040007.RAWK3MP,Long Range,2.0,2025-08-19 05:00:09,2025-08-19 05:00:07,NHB250819050007.RAWK3NZ,Long Range,2.0
1303,2025-08-19 02:20:07,NHB250819022007.RAWLLPP,NHB250819022304.RAWLLPU,NHB250819023008.RAWLLPX,NHB250819023304.RAWLLR1,2025-08-19 02:20:07,2025-08-19 02:20:07,NHB250819022007.RAWLLPP,Long Range,0.0,2025-08-19 03:20:07,2025-08-19 03:20:07,NHB250819032007.RAWK3LV,Long Range,0.0,2025-08-19 04:20:07,2025-08-19 04:20:08,NHB250819042008.RAWK3N4,Long Range,1.0,2025-08-19 05:20:07,2025-08-19 05:20:07,NHB250819052007.RAWK3PD,Long Range,0.0
1304,2025-08-19 02:40:08,NHB250819024008.RAWLLR4,NHB250819024304.RAWLLR8,NHB250819025007.RAWLLRB,NHB250819025304.RAWLLRF,2025-08-19 02:40:08,2025-08-19 02:40:08,NHB250819024008.RAWLLR4,Long Range,0.0,2025-08-19 03:40:08,2025-08-19 03:40:08,NHB250819034008.RAWK3M9,Long Range,0.0,2025-08-19 04:40:08,2025-08-19 04:40:08,NHB250819044008.RAWK3NJ,Long Range,0.0,2025-08-19 05:40:08,2025-08-19 05:40:09,NHB250819054009.RAWK3PU,Long Range,1.0
1305,2025-08-19 03:00:07,NHB250819030007.RAWLLRJ,NHB250819030304.RAWLLRN,NHB250819031007.RAWLLRS,NHB250819031304.RAWK3LS,2025-08-19 03:00:07,2025-08-19 03:00:07,NHB250819030007.RAWLLRJ,Long Range,0.0,2025-08-19 04:00:07,2025-08-19 04:00:07,NHB250819040007.RAWK3MP,Long Range,0.0,2025-08-19 05:00:07,2025-08-19 05:00:07,NHB250819050007.RAWK3NZ,Long Range,0.0,2025-08-19 06:00:07,2025-08-19 06:00:09,NHB250819060009.RAWK3R8,Long Range,2.0
1306,2025-08-19 03:20:07,NHB250819032007.RAWK3LV,NHB250819032304.RAWK3LZ,NHB250819033008.RAWK3M2,NHB250819033303.RAWK3M6,2025-08-19 03:20:07,2025-08-19 03:20:07,NHB250819032007.RAWK3LV,Long Range,0.0,2025-08-19 04:20:07,2025-08-19 04:20:08,NHB250819042008.RAWK3N4,Long Range,1.0,2025-08-19 05:20:07,2025-08-19 05:20:07,NHB250819052007.RAWK3PD,Long Range,0.0,2025-08-19 06:20:07,2025-08-19 06:20:08,NHB250819062008.RAWK3RN,Long Range,1.0
1307,2025-08-19 03:40:08,NHB250819034008.RAWK3M9,NHB250819034304.RAWK3MD,NHB250819035008.RAWK3MG,NHB250819035303.RAWK3ML,2025-08-19 03:40:08,2025-08-19 03:40:08,NHB250819034008.RAWK3M9,Long Range,0.0,2025-08-19 04:40:08,2025-08-19 04:40:08,NHB250819044008.RAWK3NJ,Long Range,0.0,2025-08-19 05:40:08,2025-08-19 05:40:09,NHB250819054009.RAWK3PU,Long Range,1.0,2025-08-19 06:40:08,2025-08-19 06:40:08,NHB250819064008.RAWK3S3,Long Range,0.0
1308,2025-08-19 04:00:07,NHB250819040007.RAWK3MP,NHB250819040303.RAWK3MU,NHB250819041008.RAWK3MX,NHB250819041303.RAWK3N1,2025-08-19 04:00:07,2025-08-19 04:00:07,NHB250819040007.RAWK3MP,Long Range,0.0,2025-08-19 05:00:07,2025-08-19 05:00:07,NHB250819050007.RAWK3NZ,Long Range,0.0,2025-08-19 06:00:07,2025-08-19 06:00:09,NHB250819060009.RAWK3R8,Long Range,2.0,2025-08-19 07:00:07,2025-08-19 07:00:08,NHB250819070008.RAWK3SH,Long Range,1.0
1309,2025-08-19 04:20:08,NHB250819042008.RAWK3N4,NHB250819042303.RAWK3N8,NHB250819043008.RAWK3NB,NHB250819043303.RAWK3NF,2025-08-19 04:20:08,2025-08-19 04:20:08,NHB250819042008.RAWK3N4,Long Range,0.0,2025-08-19 05:20:08,2025-08-19 05:20:07,NHB250819052007.RAWK3PD,Long Range,1.0,2025-08-19 06:20:08,2025-08-19 06:20:08,NHB250819062008.RAWK3RN,Long Range,0.0,2025-08-19 07:20:08,2025-08-19 07:20:07,NHB250819072007.RAWK3SY,Long Range,1.0
1310,2025-08-19 04:40:08,NHB250819044008.RAWK3NJ,NHB250819044304.RAWK3NN,NHB250819045008.RAWK3NS,NHB250819045303.RAWK3NW,2025-08-19 04:40:08,2025-08-19 04:40:08,NHB250819044008.RAWK3NJ,Long Range,0.0,2025-08-19 05:40:08,2025-08-19 05:40:09,NHB250819054009.RAWK3PU,Long Range,1.0,2025-08-19 06:40:08,2025-08-19 06:40:08,NHB250819064008.RAWK3S3,Long Range,0.0,2025-08-19 07:40:08,2025-08-19 07:40:08,NHB250819074008.RAWK3TC,Long Range,0.0
1311,2025-08-19 05:00:07,NHB250819050007.RAWK3NZ,NHB250819050304.RAWK3P3,NHB250819051007.RAWK3P6,NHB250819051303.RAWK3PA,2025-08-19 05:00:07,2025-08-19 05:00:07,NHB250819050007.RAWK3NZ,Long Range,0.0,2025-08-19 06:00:07,2025-08-19 06:00:09,NHB250819060009.RAWK3R8,Long Range,2.0,2025-08-19 07:00:07,2025-08-19 07:00:08,NHB250819070008.RAWK3SH,Long Range,1.0,2025-08-19 08:00:07,2025-08-19 08:00:08,NHB250819080008.RAWK3TT,Long Range,1.0
1312,2025-08-19 05:20:07,NHB250819052007.RAWK3PD,NHB250819052303.RAWK3PH,NHB250819053008.RAWK3PL,NHB250819053303.RAWK3PR,2025-08-19 05:20:07,2025-08-19 05:20:07,NHB250819052007.RAWK3PD,Long Range,0.0,2025-08-19 06:20:07,2025-08-19 06:20:08,NHB250819062008.RAWK3RN,Long Range,1.0,2025-08-19 07:20:07,2025-08-19 07:20:07,NHB250819072007.RAWK3SY,Long Range,0.0,2025-08-19 08:20:07,2025-08-19 08:20:07,NHB250819082007.RAWK3U7,Long Range,0.0
1313,2025-08-19 05:40:09,NHB250819054009.RAWK3PU,NHB250819054304.RAWK3PY,NHB250819055008.RAWK3R1,NHB250819055303.RAWK3R5,2025-08-19 05:40:09,2025-08-19 05:40:09,NHB250819054009.RAWK3PU,Long Range,0.0,2025-08-19 06:40:09,2025-08-19 06:40:08,NHB250819064008.RAWK3S3,Long Range,1.0,2025-08-19 07:40:09,2025-08-19 07:40:08,NHB250819074008.RAWK3TC,Long Range,1.0,2025-08-19 08:40:09,2025-08-19 08:40:08,NHB250819084008.RAWK3UM,Long Range,1.0
1314,2025-08-19 06:00:09,NHB250819060009.RAWK3R8,NHB250819060303.RAWK3RC,NHB250819061008.RAWK3RF,NHB250819061303.RAWK3RK,2025-08-19 06:00:09,2025-08-19 06:00:09,NHB250819060009.RAWK3R8,Long Range,0.0,2025-08-19 07:00:09,2025-08-19 07:00:08,NHB250819070008.RAWK3SH,Long Range,1.0,2025-08-19 08:00:09,2025-08-19 08:00:08,NHB250819080008.RAWK3TT,Long Range,1.0,2025-08-19 09:00:09,2025-08-19 09:00:07,NHB250819090007.RAWK3V2,Long Range,2.0
1315,2025-08-19 06:20:08,NHB250819062008.RAWK3RN,NHB250819062304.RAWK3RT,NHB250819063008.RAWK3RW,NHB250819063303.RAWK3S0,2025-08-19 06:20:08,2025-08-19 06:20:08,NHB250819062008.RAWK3RN,Long Range,0.0,2025-08-19 07:20:08,2025-08-19 07:20:07,NHB250819072007.RAWK3SY,Long Range,1.0,2025-08-19 08:20:08,2025-08-19 08:20:07,NHB250819082007.RAWK3U7,Long Range,1.0,2025-08-19 09:20:08,2025-08-19 09:20:08,NHB250819092008.RAWK3VG,Long Range,0.0
1316,2025-08-19 06:40:08,NHB250819064008.RAWK3S3,NHB250819064303.RAWK3S7,NHB250819065008.RAWK3SA,NHB250819065303.RAWK3SE,2025-08-19 06:40:08,2025-08-19 06:40:08,NHB250819064008.RAWK3S3,Long Range,0.0,2025-08-19 07:40:08,2025-08-19 07:40:08,NHB250819074008.RAWK3TC,Long Range,0.0,2025-08-19 08:40:08,2025-08-19 08:40:08,NHB250819084008.RAWK3UM,Long Range,0.0,2025-08-19 09:40:08,2025-08-19 09:40:07,NHB250819094007.RAWK3VX,Long Range,1.0
1317,2025-08-19 07:00:08,NHB250819070008.RAWK3SH,NHB250819070303.RAWK3SM,NHB250819071008.RAWK3SR,NHB250819071304.RAWK3SV,2025-08-19 07:00:08,2025-08-19 07:00:08,NHB250819070008.RAWK3SH,Long Range,0.0,2025-08-19 08:00:08,2025-08-19 08:00:08,NHB250819080008.RAWK3TT,Long Range,0.0,2025-08-19 09:00:08,2025-08-19 09:00:07,NHB250819090007.RAWK3V2,Long Range,1.0,2025-08-19 10:00:08,2025-08-19 10:00:07,NHB250819100007.RAWK3WB,Long Range,1.0
1318,2025-08-19 07:20:07,NHB250819072007.RAWK3SY,NHB250819072303.RAWK3T2,NHB250819073007.RAWK3T5,NHB250819073304.RAWK3T9,2025-08-19 07:20:07,2025-08-19 07:20:07,NHB250819072007.RAWK3SY,Long Range,0.0,2025-08-19 08:20:07,2025-08-19 08:20:07,NHB250819082007.RAWK3U7,Long Range,0.0,2025-08-19 09:20:07,2025-08-19 09:20:08,NHB250819092008.RAWK3VG,Long Range,1.0,2025-08-19 10:20:07,2025-08-19 10:20:08,NHB250819102008.RAWK3WS,Long Range,1.0
1319,2025-08-19 07:40:08,NHB250819074008.RAWK3TC,NHB250819074303.RAWK3TG,NHB250819075007.RAWK3TK,NHB250819075303.RAWK3TP,2025-08-19 07:40:08,2025-08-19 07:40:08,NHB250819074008.RAWK3TC,Long Range,0.0,2025-08-19 08:40:08,2025-08-19 08:40:08,NHB250819084008.RAWK3UM,Long Range,0.0,2025-08-19 09:40:08,2025-08-19 09:40:07,NHB250819094007.RAWK3VX,Long Range,1.0,2025-08-19 10:40:08,2025-08-19 10:40:07,NHB250819104007.RAWK3X6,Long Range,1.0
1320,2025-08-19 08:00:08,NHB250819080008.RAWK3TT,NHB250819080303.RAWK3TX,NHB250819081007.RAWK3U0,NHB250819081304.RAWK3U4,2025-08-19 08:00:08,2025-08-19 08:00:08,NHB250819080008.RAWK3TT,Long Range,0.0,2025-08-19 09:00:08,2025-08-19 09:00:07,NHB250819090007.RAWK3V2,Long Range,1.0,2025-08-19 10:00:08,2025-08-19 10:00:07,NHB250819100007.RAWK3WB,Long Range,1.0,2025-08-19 11:00:08,2025-08-19 11:00:08,NHB250819110008.RAWK3XL,Long Range,0.0
1321,2025-08-19 08:20:07,NHB250819082007.RAWK3U7,NHB250819082304.RAWK3UB,NHB250819083008.RAWK3UE,NHB250819083303.RAWK3UJ,2025-08-19 08:20:07,2025-08-19 08:20:07,NHB250819082007.RAWK3U7,Long Range,0.0,2025-08-19 09:20:07,2025-08-19 09:20:08,NHB250819092008.RAWK3VG,Long Range,1.0,2025-08-19 10:20:07,2025-08-19 10:20:08,NHB250819102008.RAWK3WS,Long Range,1.0,2025-08-19 11:20:07,2025-08-19 11:20:07,NHB250819112007.RAWK3Y1,Long Range,0.0
1322,2025-08-19 08:40:08,NHB250819084008.RAWK3UM,NHB250819084305.RAWK3US,NHB250819085008.RAWK3UV,NHB250819085304.RAWK3UZ,2025-08-19 08:40:08,2025-08-19 08:40:08,NHB250819084008.RAWK3UM,Long Range,0.0,2025-08-19 09:40:08,2025-08-19 09:40:07,NHB250819094007.RAWK3VX,Long Range,1.0,2025-08-19 10:40:08,2025-08-19 10:40:07,NHB250819104007.RAWK3X6,Long Range,1.0,2025-08-19 11:40:08,2025-08-19 11:40:08,NHB250819114008.RAWK3YF,Long Range,0.0
1323,2025-08-19 09:00:07,NHB250819090007.RAWK3V2,NHB250819090304.RAWK3V6,NHB250819091009.RAWK3V9,NHB250819091303.RAWK3VD,2025-08-19 09:00:07,2025-08-19 09:00:07,NHB250819090007.RAWK3V2,Long Range,0.0,2025-08-19 10:00:07,2025-08-19 10:00:07,NHB250819100007.RAWK3WB,Long Range,0.0,2025-08-19 11:00:07,2025-08-19 11:00:08,NHB250819110008.RAWK3XL,Long Range,1.0,2025-08-19 12:00:07,2025-08-19 12:00:08,NHB250819120008.RAWK3YW,Long Range,1.0
1324,2025-08-19 09:20:08,NHB250819092008.RAWK3VG,NHB250819092304.RAWK3VL,NHB250819093008.RAWK3VP,NHB250819093303.RAWK3VU,2025-08-19 09:20:08,2025-08-19 09:20:08,NHB250819092008.RAWK3VG,Long Range,0.0,2025-08-19 10:20:08,2025-08-19 10:20:08,NHB250819102008.RAWK3WS,Long Range,0.0,2025-08-19 11:20:08,2025-08-19 11:20:07,NHB250819112007.RAWK3Y1,Long Range,1.0,2025-08-19 12:20:08,2025-08-19 12:20:07,NHB250819122007.RAWK3ZA,Long Range,1.0
1325,2025-08-19 09:40:07,NHB250819094007.RAWK3VX,NHB250819094303.RAWK3W1,NHB250819095008.RAWK3W4,NHB250819095304.RAWK3W8,2025-08-19 09:40:07,2025-08-19 09:40:07,NHB250819094007.RAWK3VX,Long Range,0.0,2025-08-19 10:40:07,2025-08-19 10:40:07,NHB250819104007.RAWK3X6,Long Range,0.0,2025-08-19 11:40:07,2025-08-19 11:40:08,NHB250819114008.RAWK3YF,Long Range,1.0,2025-08-19 12:40:07,2025-08-19 12:40:09,NHB250819124009.RAWK3ZR,Long Range,2.0
1326,2025-08-19 10:00:07,NHB250819100007.RAWK3WB,NHB250819100304.RAWK3WF,NHB250819101008.RAWK3WJ,NHB250819101303.RAWK3WN,2025-08-19 10:00:07,2025-08-19 10:00:07,NHB250819100007.RAWK3WB,Long Range,0.0,2025-08-19 11:00:07,2025-08-19 11:00:08,NHB250819110008.RAWK3XL,Long Range,1.0,2025-08-19 12:00:07,2025-08-19 12:00:08,NHB250819120008.RAWK3YW,Long Range,1.0,2025-08-19 13:00:07,2025-08-19 13:00:08,NHB250819130008.RAWK405,Long Range,1.0
1327,2025-08-19 10:20:08,NHB250819102008.RAWK3WS,NHB250819102304.RAWK3WW,NHB250819103008.RAWK3WZ,NHB250819103303.RAWK3X3,2025-08-19 10:20:08,2025-08-19 10:20:08,NHB250819102008.RAWK3WS,Long Range,0.0,2025-08-19 11:20:08,2025-08-19 11:20:07,NHB250819112007.RAWK3Y1,Long Range,1.0,2025-08-19 12:20:08,2025-08-19 12:20:07,NHB250819122007.RAWK3ZA,Long Range,1.0,2025-08-19 13:20:08,2025-08-19 13:20:07,NHB250819132007.RAWK40K,Long Range,1.0
1328,2025-08-19 10:40:07,NHB250819104007.RAWK3X6,NHB250819104305.RAWK3XA,NHB250819105008.RAWK3XD,NHB250819105303.RAWK3XH,2025-08-19 10:40:07,2025-08-19 10:40:07,NHB250819104007.RAWK3X6,Long Range,0.0,2025-08-19 11:40:07,2025-08-19 11:40:08,NHB250819114008.RAWK3YF,Long Range,1.0,2025-08-19 12:40:07,2025-08-19 12:40:09,NHB250819124009.RAWK3ZR,Long Range,2.0,2025-08-19 13:40:07,2025-08-19 13:40:08,NHB250819134008.RAWK410,Long Range,1.0
1329,2025-08-19 11:00:08,NHB250819110008.RAWK3XL,NHB250819110303.RAWK3XR,NHB250819111008.RAWK3XU,NHB250819111303.RAWK3XY,2025-08-19 11:00:08,2025-08-19 11:00:08,NHB250819110008.RAWK3XL,Long Range,0.0,2025-08-19 12:00:08,2025-08-19 12:00:08,NHB250819120008.RAWK3YW,Long Range,0.0,2025-08-19 13:00:08,2025-08-19 13:00:08,NHB250819130008.RAWK405,Long Range,0.0,2025-08-19 14:00:08,2025-08-19 14:00:09,NHB250819140009.RAWK41E,Long Range,1.0
1330,2025-08-19 11:20:07,NHB250819112007.RAWK3Y1,NHB250819112303.RAWK3Y5,NHB250819113007.RAWK3Y8,NHB250819113304.RAWK3YC,2025-08-19 11:20:07,2025-08-19 11:20:07,NHB250819112007.RAWK3Y1,Long Range,0.0,2025-08-19 12:20:07,2025-08-19 12:20:07,NHB250819122007.RAWK3ZA,Long Range,0.0,2025-08-19 13:20:07,2025-08-19 13:20:07,NHB250819132007.RAWK40K,Long Range,0.0,2025-08-19 14:20:07,2025-08-19 14:20:08,NHB250819142008.RAWK41V,Long Range,1.0
1331,2025-08-19 11:40:08,NHB250819114008.RAWK3YF,NHB250819114304.RAWK3YK,NHB250819115008.RAWK3YN,NHB250819115304.RAWK3YT,2025-08-19 11:40:08,2025-08-19 11:40:08,NHB250819114008.RAWK3YF,Long Range,0.0,2025-08-19 12:40:08,2025-08-19 12:40:09,NHB250819124009.RAWK3ZR,Long Range,1.0,2025-08-19 13:40:08,2025-08-19 13:40:08,NHB250819134008.RAWK410,Long Range,0.0,2025-08-19 14:40:08,2025-08-19 14:40:08,NHB250819144008.RAWK429,Long Range,0.0
1332,2025-08-19 12:00:08,NHB250819120008.RAWK3YW,NHB250819120303.RAWK3Z0,NHB250819121008.RAWK3Z3,NHB250819121304.RAWK3Z7,2025-08-19 12:00:08,2025-08-19 12:00:08,NHB250819120008.RAWK3YW,Long Range,0.0,2025-08-19 13:00:08,2025-08-19 13:00:08,NHB250819130008.RAWK405,Long Range,0.0,2025-08-19 14:00:08,2025-08-19 14:00:09,NHB250819140009.RAWK41E,Long Range,1.0,2025-08-19 15:00:08,2025-08-19 15:00:08,NHB250819150008.RAWK42P,Long Range,0.0
1333,2025-08-19 12:20:07,NHB250819122007.RAWK3ZA,NHB250819122303.RAWK3ZE,NHB250819123008.RAWK3ZH,NHB250819123304.RAWK3ZM,2025-08-19 12:20:07,2025-08-19 12:20:07,NHB250819122007.RAWK3ZA,Long Range,0.0,2025-08-19 13:20:07,2025-08-19 13:20:07,NHB250819132007.RAWK40K,Long Range,0.0,2025-08-19 14:20:07,2025-08-19 14:20:08,NHB250819142008.RAWK41V,Long Range,1.0,2025-08-19 15:20:07,2025-08-19 15:20:07,NHB250819152007.RAWK434,Long Range,0.0
1334,2025-08-19 12:40:09,NHB250819124009.RAWK3ZR,NHB250819124304.RAWK3ZV,NHB250819125007.RAWK3ZY,NHB250819125304.RAWK402,2025-08-19 12:40:09,2025-08-19 12:40:09,NHB250819124009.RAWK3ZR,Long Range,0.0,2025-08-19 13:40:09,2025-08-19 13:40:08,NHB250819134008.RAWK410,Long Range,1.0,2025-08-19 14:40:09,2025-08-19 14:40:08,NHB250819144008.RAWK429,Long Range,1.0,2025-08-19 15:40:09,2025-08-19 15:40:07,NHB250819154007.RAWK43J,Long Range,2.0
1335,2025-08-19 13:00:08,NHB250819130008.RAWK405,NHB250819130303.RAWK409,NHB250819131008.RAWK40C,NHB250819131303.RAWK40G,2025-08-19 13:00:08,2025-08-19 13:00:08,NHB250819130008.RAWK405,Long Range,0.0,2025-08-19 14:00:08,2025-08-19 14:00:09,NHB250819140009.RAWK41E,Long Range,1.0,2025-08-19 15:00:08,2025-08-19 15:00:08,NHB250819150008.RAWK42P,Long Range,0.0,2025-08-19 16:00:08,2025-08-19 16:00:08,NHB250819160008.RAWK43Z,Long Range,0.0
1336,2025-08-19 13:20:07,NHB250819132007.RAWK40K,NHB250819132303.RAWK40P,NHB250819133008.RAWK40T,NHB250819133303.RAWK40X,2025-08-19 13:20:07,2025-08-19 13:20:07,NHB250819132007.RAWK40K,Long Range,0.0,2025-08-19 14:20:07,2025-08-19 14:20:08,NHB250819142008.RAWK41V,Long Range,1.0,2025-08-19 15:20:07,2025-08-19 15:20:07,NHB250819152007.RAWK434,Long Range,0.0,2025-08-19 16:20:07,2025-08-19 16:20:08,NHB250819162008.RAWK44D,Long Range,1.0
1337,2025-08-19 13:40:08,NHB250819134008.RAWK410,NHB250819134304.RAWK414,NHB250819135008.RAWK417,NHB250819135303.RAWK41B,2025-08-19 13:40:08,2025-08-19 13:40:08,NHB250819134008.RAWK410,Long Range,0.0,2025-08-19 14:40:08,2025-08-19 14:40:08,NHB250819144008.RAWK429,Long Range,0.0,2025-08-19 15:40:08,2025-08-19 15:40:07,NHB250819154007.RAWK43J,Long Range,1.0,2025-08-19 16:40:08,2025-08-19 16:40:08,NHB250819164008.RAWK44U,Long Range,0.0
1338,2025-08-19 14:00:09,NHB250819140009.RAWK41E,NHB250819140303.RAWK41J,NHB250819141008.RAWK41M,NHB250819141303.RAWK41S,2025-08-19 14:00:09,2025-08-19 14:00:09,NHB250819140009.RAWK41E,Long Range,0.0,2025-08-19 15:00:09,2025-08-19 15:00:08,NHB250819150008.RAWK42P,Long Range,1.0,2025-08-19 16:00:09,2025-08-19 16:00:08,NHB250819160008.RAWK43Z,Long Range,1.0,2025-08-19 17:00:09,2025-08-19 17:00:08,NHB250819170008.RAWK458,Long Range,1.0
1339,2025-08-19 14:20:08,NHB250819142008.RAWK41V,NHB250819142304.RAWK41Z,NHB250819143008.RAWK422,NHB250819143304.RAWK426,2025-08-19 14:20:08,2025-08-19 14:20:08,NHB250819142008.RAWK41V,Long Range,0.0,2025-08-19 15:20:08,2025-08-19 15:20:07,NHB250819152007.RAWK434,Long Range,1.0,2025-08-19 16:20:08,2025-08-19 16:20:08,NHB250819162008.RAWK44D,Long Range,0.0,2025-08-19 17:20:08,2025-08-19 17:20:07,NHB250819172007.RAWK45N,Long Range,1.0
1340,2025-08-19 14:40:08,NHB250819144008.RAWK429,NHB250819144303.RAWK42D,NHB250819145008.RAWK42G,NHB250819145303.RAWK42L,2025-08-19 14:40:08,2025-08-19 14:40:08,NHB250819144008.RAWK429,Long Range,0.0,2025-08-19 15:40:08,2025-08-19 15:40:07,NHB250819154007.RAWK43J,Long Range,1.0,2025-08-19 16:40:08,2025-08-19 16:40:08,NHB250819164008.RAWK44U,Long Range,0.0,2025-08-19 17:40:08,2025-08-19 17:40:08,NHB250819174008.RAWK463,Long Range,0.0
1341,2025-08-19 15:00:08,NHB250819150008.RAWK42P,NHB250819150304.RAWK42U,NHB250819151008.RAWK42X,NHB250819151303.RAWK431,2025-08-19 15:00:08,2025-08-19 15:00:08,NHB250819150008.RAWK42P,Long Range,0.0,2025-08-19 16:00:08,2025-08-19 16:00:08,NHB250819160008.RAWK43Z,Long Range,0.0,2025-08-19 17:00:08,2025-08-19 17:00:08,NHB250819170008.RAWK458,Long Range,0.0,2025-08-19 18:00:08,2025-08-19 18:00:08,NHB250819180008.RAWK46H,Long Range,0.0
1342,2025-08-19 15:20:07,NHB250819152007.RAWK434,NHB250819152304.RAWK438,NHB250819153008.RAWK43B,NHB250819153303.RAWK43F,2025-08-19 15:20:07,2025-08-19 15:20:07,NHB250819152007.RAWK434,Long Range,0.0,2025-08-19 16:20:07,2025-08-19 16:20:08,NHB250819162008.RAWK44D,Long Range,1.0,2025-08-19 17:20:07,2025-08-19 17:20:07,NHB250819172007.RAWK45N,Long Range,0.0,2025-08-19 18:20:07,2025-08-19 18:20:07,NHB250819182007.RAWK46Y,Long Range,0.0
1343,2025-08-19 15:40:07,NHB250819154007.RAWK43J,NHB250819154304.RAWK43N,NHB250819155008.RAWK43S,NHB250819155303.RAWK43W,2025-08-19 15:40:07,2025-08-19 15:40:07,NHB250819154007.RAWK43J,Long Range,0.0,2025-08-19 16:40:07,2025-08-19 16:40:08,NHB250819164008.RAWK44U,Long Range,1.0,2025-08-19 17:40:07,2025-08-19 17:40:08,NHB250819174008.RAWK463,Long Range,1.0,2025-08-19 18:40:07,2025-08-19 18:40:08,NHB250819184008.RAWK47C,Long Range,1.0
1344,2025-08-19 16:00:08,NHB250819160008.RAWK43Z,NHB250819160305.RAWK443,NHB250819161007.RAWK446,NHB250819161304.RAWK44A,2025-08-19 16:00:08,2025-08-19 16:00:08,NHB250819160008.RAWK43Z,Long Range,0.0,2025-08-19 17:00:08,2025-08-19 17:00:08,NHB250819170008.RAWK458,Long Range,0.0,2025-08-19 18:00:08,2025-08-19 18:00:08,NHB250819180008.RAWK46H,Long Range,0.0,2025-08-19 19:00:08,2025-08-19 19:00:07,NHB250819190007.RAWK47T,Long Range,1.0
1345,2025-08-19 16:20:08,NHB250819162008.RAWK44D,NHB250819162304.RAWK44H,NHB250819163009.RAWK44L,NHB250819163303.RAWK44R,2025-08-19 16:20:08,2025-08-19 16:20:08,NHB250819162008.RAWK44D,Long Range,0.0,2025-08-19 17:20:08,2025-08-19 17:20:07,NHB250819172007.RAWK45N,Long Range,1.0,2025-08-19 18:20:08,2025-08-19 18:20:07,NHB250819182007.RAWK46Y,Long Range,1.0,2025-08-19 19:20:08,2025-08-19 19:20:08,NHB250819192008.RAWK487,Long Range,0.0
1346,2025-08-19 16:40:08,NHB250819164008.RAWK44U,NHB250819164304.RAWK44Y,NHB250819165008.RAWK451,NHB250819165303.RAWK455,2025-08-19 16:40:08,2025-08-19 16:40:08,NHB250819164008.RAWK44U,Long Range,0.0,2025-08-19 17:40:08,2025-08-19 17:40:08,NHB250819174008.RAWK463,Long Range,0.0,2025-08-19 18:40:08,2025-08-19 18:40:08,NHB250819184008.RAWK47C,Long Range,0.0,2025-08-19 19:40:08,2025-08-19 19:40:08,NHB250819194008.RAWK48M,Long Range,0.0
1347,2025-08-19 17:00:08,NHB250819170008.RAWK458,NHB250819170303.RAWK45C,NHB250819171007.RAWK45F,NHB250819171305.RAWK45K,2025-08-19 17:00:08,2025-08-19 17:00:08,NHB250819170008.RAWK458,Long Range,0.0,2025-08-19 18:00:08,2025-08-19 18:00:08,NHB250819180008.RAWK46H,Long Range,0.0,2025-08-19 19:00:08,2025-08-19 19:00:07,NHB250819190007.RAWK47T,Long Range,1.0,2025-08-19 20:00:08,2025-08-19 20:00:08,NHB250819200008.RAWK492,Long Range,0.0
1348,2025-08-19 17:20:07,NHB250819172007.RAWK45N,NHB250819172304.RAWK45T,NHB250819173008.RAWK45W,NHB250819173303.RAWK460,2025-08-19 17:20:07,2025-08-19 17:20:07,NHB250819172007.RAWK45N,Long Range,0.0,2025-08-19 18:20:07,2025-08-19 18:20:07,NHB250819182007.RAWK46Y,Long Range,0.0,2025-08-19 19:20:07,2025-08-19 19:20:08,NHB250819192008.RAWK487,Long Range,1.0,2025-08-19 20:20:07,2025-08-19 20:20:08,NHB250819202008.RAWK49G,Long Range,1.0
1349,2025-08-19 17:40:08,NHB250819174008.RAWK463,NHB250819174303.RAWK467,NHB250819175007.RAWK46A,NHB250819175304.RAWK46E,2025-08-19 17:40:08,2025-08-19 17:40:08,NHB250819174008.RAWK463,Long Range,0.0,2025-08-19 18:40:08,2025-08-19 18:40:08,NHB250819184008.RAWK47C,Long Range,0.0,2025-08-19 19:40:08,2025-08-19 19:40:08,NHB250819194008.RAWK48M,Long Range,0.0,2025-08-19 20:40:08,2025-08-19 20:40:08,NHB250819204008.RAWK49X,Long Range,0.0
1350,2025-08-19 18:00:08,NHB250819180008.RAWK46H,NHB250819180305.RAWK46M,NHB250819181008.RAWK46R,NHB250819181303.RAWK46V,2025-08-19 18:00:08,2025-08-19 18:00:08,NHB250819180008.RAWK46H,Long Range,0.0,2025-08-19 19:00:08,2025-08-19 19:00:07,NHB250819190007.RAWK47T,Long Range,1.0,2025-08-19 20:00:08,2025-08-19 20:00:08,NHB250819200008.RAWK492,Long Range,0.0,2025-08-19 21:00:08,2025-08-19 21:00:08,NHB250819210008.RAWK4AB,Long Range,0.0
1351,2025-08-19 18:20:07,NHB250819182007.RAWK46Y,NHB250819182304.RAWK472,NHB250819183008.RAWK475,NHB250819183304.RAWK479,2025-08-19 18:20:07,2025-08-19 18:20:07,NHB250819182007.RAWK46Y,Long Range,0.0,2025-08-19 19:20:07,2025-08-19 19:20:08,NHB250819192008.RAWK487,Long Range,1.0,2025-08-19 20:20:07,2025-08-19 20:20:08,NHB250819202008.RAWK49G,Long Range,1.0,2025-08-19 21:20:07,2025-08-19 21:20:09,NHB250819212009.RAWK4AS,Long Range,2.0
1352,2025-08-19 18:40:08,NHB250819184008.RAWK47C,NHB250819184303.RAWK47G,NHB250819185007.RAWK47K,NHB250819185304.RAWK47P,2025-08-19 18:40:08,2025-08-19 18:40:08,NHB250819184008.RAWK47C,Long Range,0.0,2025-08-19 19:40:08,2025-08-19 19:40:08,NHB250819194008.RAWK48M,Long Range,0.0,2025-08-19 20:40:08,2025-08-19 20:40:08,NHB250819204008.RAWK49X,Long Range,0.0,2025-08-19 21:40:08,2025-08-19 21:40:08,NHB250819214008.RAWK4B6,Long Range,0.0
1353,2025-08-19 19:00:07,NHB250819190007.RAWK47T,NHB250819190304.RAWK47X,NHB250819191008.RAWK480,NHB250819191303.RAWK484,2025-08-19 19:00:07,2025-08-19 19:00:07,NHB250819190007.RAWK47T,Long Range,0.0,2025-08-19 20:00:07,2025-08-19 20:00:08,NHB250819200008.RAWK492,Long Range,1.0,2025-08-19 21:00:07,2025-08-19 21:00:08,NHB250819210008.RAWK4AB,Long Range,1.0,2025-08-19 22:00:07,2025-08-19 22:00:07,NHB250819220007.RAWK4BL,Long Range,0.0
1354,2025-08-19 19:20:08,NHB250819192008.RAWK487,NHB250819192304.RAWK48B,NHB250819193008.RAWK48E,NHB250819193303.RAWK48J,2025-08-19 19:20:08,2025-08-19 19:20:08,NHB250819192008.RAWK487,Long Range,0.0,2025-08-19 20:20:08,2025-08-19 20:20:08,NHB250819202008.RAWK49G,Long Range,0.0,2025-08-19 21:20:08,2025-08-19 21:20:09,NHB250819212009.RAWK4AS,Long Range,1.0,2025-08-19 22:20:08,2025-08-19 22:20:08,NHB250819222008.RAWK4C1,Long Range,0.0
1355,2025-08-19 19:40:08,NHB250819194008.RAWK48M,NHB250819194303.RAWK48S,NHB250819195008.RAWK48V,NHB250819195304.RAWK48Z,2025-08-19 19:40:08,2025-08-19 19:40:08,NHB250819194008.RAWK48M,Long Range,0.0,2025-08-19 20:40:08,2025-08-19 20:40:08,NHB250819204008.RAWK49X,Long Range,0.0,2025-08-19 21:40:08,2025-08-19 21:40:08,NHB250819214008.RAWK4B6,Long Range,0.0,2025-08-19 22:40:08,2025-08-19 22:40:08,NHB250819224008.RAWK4CF,Long Range,0.0
1356,2025-08-19 20:00:08,NHB250819200008.RAWK492,NHB250819200303.RAWK496,NHB250819201008.RAWK499,NHB250819201304.RAWK49D,2025-08-19 20:00:08,2025-08-19 20:00:08,NHB250819200008.RAWK492,Long Range,0.0,2025-08-19 21:00:08,2025-08-19 21:00:08,NHB250819210008.RAWK4AB,Long Range,0.0,2025-08-19 22:00:08,2025-08-19 22:00:07,NHB250819220007.RAWK4BL,Long Range,1.0,2025-08-19 23:00:08,2025-08-19 23:00:07,NHB250819230007.RAWK4CW,Long Range,1.0
1357,2025-08-19 20:20:08,NHB250819202008.RAWK49G,NHB250819202304.RAWK49L,NHB250819203008.RAWK49P,NHB250819203303.RAWK49U,2025-08-19 20:20:08,2025-08-19 20:20:08,NHB250819202008.RAWK49G,Long Range,0.0,2025-08-19 21:20:08,2025-08-19 21:20:09,NHB250819212009.RAWK4AS,Long Range,1.0,2025-08-19 22:20:08,2025-08-19 22:20:08,NHB250819222008.RAWK4C1,Long Range,0.0,2025-08-19 23:20:08,2025-08-19 23:20:08,NHB250819232008.RAWK4DA,Long Range,0.0
1358,2025-08-19 20:40:08,NHB250819204008.RAWK49X,NHB250819204303.RAWK4A1,NHB250819205008.RAWK4A4,NHB250819205303.RAWK4A8,2025-08-19 20:40:08,2025-08-19 20:40:08,NHB250819204008.RAWK49X,Long Range,0.0,2025-08-19 21:40:08,2025-08-19 21:40:08,NHB250819214008.RAWK4B6,Long Range,0.0,2025-08-19 22:40:08,2025-08-19 22:40:08,NHB250819224008.RAWK4CF,Long Range,0.0,2025-08-19 23:40:08,2025-08-19 23:40:07,NHB250819234007.RAWK4DR,Long Range,1.0
1359,2025-08-19 21:00:08,NHB250819210008.RAWK4AB,NHB250819210304.RAWK4AF,NHB250819211008.RAWK4AJ,NHB250819211304.RAWK4AN,2025-08-19 21:00:08,2025-08-19 21:00:08,NHB250819210008.RAWK4AB,Long Range,0.0,2025-08-19 22:00:08,2025-08-19 22:00:07,NHB250819220007.RAWK4BL,Long Range,1.0,2025-08-19 23:00:08,2025-08-19 23:00:07,NHB250819230007.RAWK4CW,Long Range,1.0,2025-08-20 00:00:08,2025-08-20 00:00:08,NHB250820000008.RAWK4E5,Long Range,0.0
1360,2025-08-19 21:20:09,NHB250819212009.RAWK4AS,NHB250819212304.RAWK4AW,NHB250819213008.RAWK4AZ,NHB250819213303.RAWK4B3,2025-08-19 21:20:09,2025-08-19 21:20:09,NHB250819212009.RAWK4AS,Long Range,0.0,2025-08-19 22:20:09,2025-08-19 22:20:08,NHB250819222008.RAWK4C1,Long Range,1.0,2025-08-19 23:20:09,2025-08-19 23:20:08,NHB250819232008.RAWK4DA,Long Range,1.0,2025-08-20 00:20:09,2025-08-20 00:20:08,NHB250820002008.RAWK4EK,Long Range,1.0
1361,2025-08-19 21:40:08,NHB250819214008.RAWK4B6,NHB250819214304.RAWK4BA,NHB250819215007.RAWK4BD,NHB250819215303.RAWK4BH,2025-08-19 21:40:08,2025-08-19 21:40:08,NHB250819214008.RAWK4B6,Long Range,0.0,2025-08-19 22:40:08,2025-08-19 22:40:08,NHB250819224008.RAWK4CF,Long Range,0.0,2025-08-19 23:40:08,2025-08-19 23:40:07,NHB250819234007.RAWK4DR,Long Range,1.0,2025-08-20 00:40:08,2025-08-20 00:40:08,NHB250820004008.RAWK4F0,Long Range,0.0
1362,2025-08-19 22:00:07,NHB250819220007.RAWK4BL,NHB250819220303.RAWK4BR,NHB250819221008.RAWK4BU,NHB250819221303.RAWK4BY,2025-08-19 22:00:07,2025-08-19 22:00:07,NHB250819220007.RAWK4BL,Long Range,0.0,2025-08-19 23:00:07,2025-08-19 23:00:07,NHB250819230007.RAWK4CW,Long Range,0.0,2025-08-20 00:00:07,2025-08-20 00:00:08,NHB250820000008.RAWK4E5,Long Range,1.0,2025-08-20 01:00:07,2025-08-20 01:00:08,NHB250820010008.RAWK4FE,Long Range,1.0
1363,2025-08-19 22:20:08,NHB250819222008.RAWK4C1,NHB250819222304.RAWK4C5,NHB250819223007.RAWK4C8,NHB250819223303.RAWK4CC,2025-08-19 22:20:08,2025-08-19 22:20:08,NHB250819222008.RAWK4C1,Long Range,0.0,2025-08-19 23:20:08,2025-08-19 23:20:08,NHB250819232008.RAWK4DA,Long Range,0.0,2025-08-20 00:20:08,2025-08-20 00:20:08,NHB250820002008.RAWK4EK,Long Range,0.0,2025-08-20 01:20:08,2025-08-20 01:20:08,NHB250820012008.RAWK4FV,Long Range,0.0
1364,2025-08-19 22:40:08,NHB250819224008.RAWK4CF,NHB250819224303.RAWK4CK,NHB250819225008.RAWK4CN,NHB250819225303.RAWK4CT,2025-08-19 22:40:08,2025-08-19 22:40:08,NHB250819224008.RAWK4CF,Long Range,0.0,2025-08-19 23:40:08,2025-08-19 23:40:07,NHB250819234007.RAWK4DR,Long Range,1.0,2025-08-20 00:40:08,2025-08-20 00:40:08,NHB250820004008.RAWK4F0,Long Range,0.0,2025-08-20 01:40:08,2025-08-20 01:40:07,NHB250820014007.RAWK4G9,Long Range,1.0
1365,2025-08-19 23:00:07,NHB250819230007.RAWK4CW,NHB250819230303.RAWK4D0,NHB250819231008.RAWK4D3,NHB250819231304.RAWK4D7,2025-08-19 23:00:07,2025-08-19 23:00:07,NHB250819230007.RAWK4CW,Long Range,0.0,2025-08-20 00:00:07,2025-08-20 00:00:08,NHB250820000008.RAWK4E5,Long Range,1.0,2025-08-20 01:00:07,2025-08-20 01:00:08,NHB250820010008.RAWK4FE,Long Range,1.0,2025-08-20 02:00:07,2025-08-20 02:00:08,NHB250820020008.RAWK4GP,Long Range,1.0
1366,2025-08-19 23:20:08,NHB250819232008.RAWK4DA,NHB250819232304.RAWK4DE,NHB250819233007.RAWK4DH,NHB250819233304.RAWK4DM,2025-08-19 23:20:08,2025-08-19 23:20:08,NHB250819232008.RAWK4DA,Long Range,0.0,2025-08-20 00:20:08,2025-08-20 00:20:08,NHB250820002008.RAWK4EK,Long Range,0.0,2025-08-20 01:20:08,2025-08-20 01:20:08,NHB250820012008.RAWK4FV,Long Range,0.0,2025-08-20 02:20:08,2025-08-20 02:20:08,NHB250820022008.RAWK4H4,Long Range,0.0
1367,2025-08-19 23:40:07,NHB250819234007.RAWK4DR,NHB250819234303.RAWK4DV,NHB250819235008.RAWK4DY,NHB250819235303.RAWK4E2,2025-08-19 23:40:07,2025-08-19 23:40:07,NHB250819234007.RAWK4DR,Long Range,0.0,2025-08-20 00:40:07,2025-08-20 00:40:08,NHB250820004008.RAWK4F0,Long Range,1.0,2025-08-20 01:40:07,2025-08-20 01:40:07,NHB250820014007.RAWK4G9,Long Range,0.0,2025-08-20 02:40:07,2025-08-20 02:40:07,NHB250820024007.RAWK4HJ,Long Range,0.0
1368,2025-08-20 00:00:08,NHB250820000008.RAWK4E5,NHB250820000303.RAWK4E9,NHB250820001008.RAWK4EC,NHB250820001303.RAWK4EG,2025-08-20 00:00:08,2025-08-20 00:00:08,NHB250820000008.RAWK4E5,Long Range,0.0,2025-08-20 01:00:08,2025-08-20 01:00:08,NHB250820010008.RAWK4FE,Long Range,0.0,2025-08-20 02:00:08,2025-08-20 02:00:08,NHB250820020008.RAWK4GP,Long Range,0.0,2025-08-20 03:00:08,2025-08-20 03:00:08,NHB250820030008.RAWK4HZ,Long Range,0.0
1369,2025-08-20 00:20:08,NHB250820002008.RAWK4EK,NHB250820002304.RAWK4EP,NHB250820003008.RAWK4ET,NHB250820003304.RAWK4EX,2025-08-20 00:20:08,2025-08-20 00:20:08,NHB250820002008.RAWK4EK,Long Range,0.0,2025-08-20 01:20:08,2025-08-20 01:20:08,NHB250820012008.RAWK4FV,Long Range,0.0,2025-08-20 02:20:08,2025-08-20 02:20:08,NHB250820022008.RAWK4H4,Long Range,0.0,2025-08-20 03:20:08,2025-08-20 03:20:08,NHB250820032008.RAWK4JD,Long Range,0.0
1370,2025-08-20 00:40:08,NHB250820004008.RAWK4F0,NHB250820004305.RAWK4F4,NHB250820005008.RAWK4F7,NHB250820005305.RAWK4FB,2025-08-20 00:40:08,2025-08-20 00:40:08,NHB250820004008.RAWK4F0,Long Range,0.0,2025-08-20 01:40:08,2025-08-20 01:40:07,NHB250820014007.RAWK4G9,Long Range,1.0,2025-08-20 02:40:08,2025-08-20 02:40:07,NHB250820024007.RAWK4HJ,Long Range,1.0,2025-08-20 03:40:08,2025-08-20 03:40:08,NHB250820034008.RAWK4JU,Long Range,0.0
1371,2025-08-20 01:00:08,NHB250820010008.RAWK4FE,NHB250820010303.RAWK4FJ,NHB250820011008.RAWK4FM,NHB250820011303.RAWK4FS,2025-08-20 01:00:08,2025-08-20 01:00:08,NHB250820010008.RAWK4FE,Long Range,0.0,2025-08-20 02:00:08,2025-08-20 02:00:08,NHB250820020008.RAWK4GP,Long Range,0.0,2025-08-20 03:00:08,2025-08-20 03:00:08,NHB250820030008.RAWK4HZ,Long Range,0.0,2025-08-20 04:00:08,2025-08-20 04:00:07,NHB250820040007.RAWK4K8,Long Range,1.0
1372,2025-08-20 01:20:08,NHB250820012008.RAWK4FV,NHB250820012303.RAWK4FZ,NHB250820013008.RAWK4G2,NHB250820013304.RAWK4G6,2025-08-20 01:20:08,2025-08-20 01:20:08,NHB250820012008.RAWK4FV,Long Range,0.0,2025-08-20 02:20:08,2025-08-20 02:20:08,NHB250820022008.RAWK4H4,Long Range,0.0,2025-08-20 03:20:08,2025-08-20 03:20:08,NHB250820032008.RAWK4JD,Long Range,0.0,2025-08-20 04:20:08,2025-08-20 04:20:08,NHB250820042008.RAWK4KN,Long Range,0.0
1373,2025-08-20 01:40:07,NHB250820014007.RAWK4G9,NHB250820014304.RAWK4GD,NHB250820015008.RAWK4GG,NHB250820015303.RAWK4GL,2025-08-20 01:40:07,2025-08-20 01:40:07,NHB250820014007.RAWK4G9,Long Range,0.0,2025-08-20 02:40:07,2025-08-20 02:40:07,NHB250820024007.RAWK4HJ,Long Range,0.0,2025-08-20 03:40:07,2025-08-20 03:40:08,NHB250820034008.RAWK4JU,Long Range,1.0,2025-08-20 04:40:07,2025-08-20 04:40:08,NHB250820044008.RAWK4L3,Long Range,1.0
1374,2025-08-20 02:00:08,NHB250820020008.RAWK4GP,NHB250820020303.RAWK4GU,NHB250820021008.RAWK4GX,NHB250820021303.RAWK4H1,2025-08-20 02:00:08,2025-08-20 02:00:08,NHB250820020008.RAWK4GP,Long Range,0.0,2025-08-20 03:00:08,2025-08-20 03:00:08,NHB250820030008.RAWK4HZ,Long Range,0.0,2025-08-20 04:00:08,2025-08-20 04:00:07,NHB250820040007.RAWK4K8,Long Range,1.0,2025-08-20 05:00:08,2025-08-20 05:00:07,NHB250820050007.RAWK4LH,Long Range,1.0
1375,2025-08-20 02:20:08,NHB250820022008.RAWK4H4,NHB250820022304.RAWK4H8,NHB250820023007.RAWK4HB,NHB250820023303.RAWK4HF,2025-08-20 02:20:08,2025-08-20 02:20:08,NHB250820022008.RAWK4H4,Long Range,0.0,2025-08-20 03:20:08,2025-08-20 03:20:08,NHB250820032008.RAWK4JD,Long Range,0.0,2025-08-20 04:20:08,2025-08-20 04:20:08,NHB250820042008.RAWK4KN,Long Range,0.0,2025-08-20 05:20:08,2025-08-20 05:20:08,NHB250820052008.RAWK4LY,Long Range,0.0
1376,2025-08-20 02:40:07,NHB250820024007.RAWK4HJ,NHB250820024304.RAWK4HN,NHB250820025007.RAWK4HS,NHB250820025304.RAWK4HW,2025-08-20 02:40:07,2025-08-20 02:40:07,NHB250820024007.RAWK4HJ,Long Range,0.0,2025-08-20 03:40:07,2025-08-20 03:40:08,NHB250820034008.RAWK4JU,Long Range,1.0,2025-08-20 04:40:07,2025-08-20 04:40:08,NHB250820044008.RAWK4L3,Long Range,1.0,2025-08-20 05:40:07,2025-08-20 05:40:08,NHB250820054008.RAWK4MC,Long Range,1.0
1377,2025-08-20 03:00:08,NHB250820030008.RAWK4HZ,NHB250820030304.RAWK4J3,NHB250820031007.RAWK4J6,NHB250820031305.RAWK4JA,2025-08-20 03:00:08,2025-08-20 03:00:08,NHB250820030008.RAWK4HZ,Long Range,0.0,2025-08-20 04:00:08,2025-08-20 04:00:07,NHB250820040007.RAWK4K8,Long Range,1.0,2025-08-20 05:00:08,2025-08-20 05:00:07,NHB250820050007.RAWK4LH,Long Range,1.0,2025-08-20 06:00:08,2025-08-20 06:00:09,NHB250820060009.RAWK4MT,Long Range,1.0
1378,2025-08-20 03:20:08,NHB250820032008.RAWK4JD,NHB250820032303.RAWK4JH,NHB250820033008.RAWK4JL,NHB250820033303.RAWK4JR,2025-08-20 03:20:08,2025-08-20 03:20:08,NHB250820032008.RAWK4JD,Long Range,0.0,2025-08-20 04:20:08,2025-08-20 04:20:08,NHB250820042008.RAWK4KN,Long Range,0.0,2025-08-20 05:20:08,2025-08-20 05:20:08,NHB250820052008.RAWK4LY,Long Range,0.0,2025-08-20 06:20:08,2025-08-20 06:20:08,NHB250820062008.RAWK4N7,Long Range,0.0
1379,2025-08-20 03:40:08,NHB250820034008.RAWK4JU,NHB250820034303.RAWK4JY,NHB250820035007.RAWK4K1,NHB250820035303.RAWK4K5,2025-08-20 03:40:08,2025-08-20 03:40:08,NHB250820034008.RAWK4JU,Long Range,0.0,2025-08-20 04:40:08,2025-08-20 04:40:08,NHB250820044008.RAWK4L3,Long Range,0.0,2025-08-20 05:40:08,2025-08-20 05:40:08,NHB250820054008.RAWK4MC,Long Range,0.0,2025-08-20 06:40:08,2025-08-20 06:40:07,NHB250820064007.RAWK4NM,Long Range,1.0
1380,2025-08-20 04:00:07,NHB250820040007.RAWK4K8,NHB250820040303.RAWK4KC,NHB250820041007.RAWK4KF,NHB250820041304.RAWK4KK,2025-08-20 04:00:07,2025-08-20 04:00:07,NHB250820040007.RAWK4K8,Long Range,0.0,2025-08-20 05:00:07,2025-08-20 05:00:07,NHB250820050007.RAWK4LH,Long Range,0.0,2025-08-20 06:00:07,2025-08-20 06:00:09,NHB250820060009.RAWK4MT,Long Range,2.0,2025-08-20 07:00:07,2025-08-20 07:00:07,NHB250820070007.RAWK4P2,Long Range,0.0
1381,2025-08-20 04:20:08,NHB250820042008.RAWK4KN,NHB250820042304.RAWK4KT,NHB250820043007.RAWK4KW,NHB250820043303.RAWK4L0,2025-08-20 04:20:08,2025-08-20 04:20:08,NHB250820042008.RAWK4KN,Long Range,0.0,2025-08-20 05:20:08,2025-08-20 05:20:08,NHB250820052008.RAWK4LY,Long Range,0.0,2025-08-20 06:20:08,2025-08-20 06:20:08,NHB250820062008.RAWK4N7,Long Range,0.0,2025-08-20 07:20:08,2025-08-20 07:20:08,NHB250820072008.RAWK4PG,Long Range,0.0
1382,2025-08-20 04:40:08,NHB250820044008.RAWK4L3,NHB250820044303.RAWK4L7,NHB250820045008.RAWK4LA,NHB250820045304.RAWK4LE,2025-08-20 04:40:08,2025-08-20 04:40:08,NHB250820044008.RAWK4L3,Long Range,0.0,2025-08-20 05:40:08,2025-08-20 05:40:08,NHB250820054008.RAWK4MC,Long Range,0.0,2025-08-20 06:40:08,2025-08-20 06:40:07,NHB250820064007.RAWK4NM,Long Range,1.0,2025-08-20 07:40:08,2025-08-20 07:40:08,NHB250820074008.RAWK4PX,Long Range,0.0
1383,2025-08-20 05:00:07,NHB250820050007.RAWK4LH,NHB250820050304.RAWK4LM,NHB250820051008.RAWK4LR,NHB250820051303.RAWK4LV,2025-08-20 05:00:07,2025-08-20 05:00:07,NHB250820050007.RAWK4LH,Long Range,0.0,2025-08-20 06:00:07,2025-08-20 06:00:09,NHB250820060009.RAWK4MT,Long Range,2.0,2025-08-20 07:00:07,2025-08-20 07:00:07,NHB250820070007.RAWK4P2,Long Range,0.0,2025-08-20 08:00:07,2025-08-20 08:00:08,NHB250820080008.RAWK4RB,Long Range,1.0
1384,2025-08-20 05:20:08,NHB250820052008.RAWK4LY,NHB250820052303.RAWK4M2,NHB250820053007.RAWK4M5,NHB250820053304.RAWK4M9,2025-08-20 05:20:08,2025-08-20 05:20:08,NHB250820052008.RAWK4LY,Long Range,0.0,2025-08-20 06:20:08,2025-08-20 06:20:08,NHB250820062008.RAWK4N7,Long Range,0.0,2025-08-20 07:20:08,2025-08-20 07:20:08,NHB250820072008.RAWK4PG,Long Range,0.0,2025-08-20 08:20:08,2025-08-20 08:20:08,NHB250820082008.RAWK4RS,Long Range,0.0
1385,2025-08-20 05:40:08,NHB250820054008.RAWK4MC,NHB250820054303.RAWK4MG,NHB250820055008.RAWK4MK,NHB250820055304.RAWK4MP,2025-08-20 05:40:08,2025-08-20 05:40:08,NHB250820054008.RAWK4MC,Long Range,0.0,2025-08-20 06:40:08,2025-08-20 06:40:07,NHB250820064007.RAWK4NM,Long Range,1.0,2025-08-20 07:40:08,2025-08-20 07:40:08,NHB250820074008.RAWK4PX,Long Range,0.0,2025-08-20 08:40:08,2025-08-20 08:40:08,NHB250820084008.RAWK4S6,Long Range,0.0
1386,2025-08-20 06:00:09,NHB250820060009.RAWK4MT,NHB250820060303.RAWK4MX,NHB250820061007.RAWK4N0,NHB250820061303.RAWK4N4,2025-08-20 06:00:09,2025-08-20 06:00:09,NHB250820060009.RAWK4MT,Long Range,0.0,2025-08-20 07:00:09,2025-08-20 07:00:07,NHB250820070007.RAWK4P2,Long Range,2.0,2025-08-20 08:00:09,2025-08-20 08:00:08,NHB250820080008.RAWK4RB,Long Range,1.0,2025-08-20 09:00:09,2025-08-20 09:00:07,NHB250820090007.RAWK4SL,Long Range,2.0
1387,2025-08-20 06:20:08,NHB250820062008.RAWK4N7,NHB250820062303.RAWK4NB,NHB250820063007.RAWK4NE,NHB250820063304.RAWK4NJ,2025-08-20 06:20:08,2025-08-20 06:20:08,NHB250820062008.RAWK4N7,Long Range,0.0,2025-08-20 07:20:08,2025-08-20 07:20:08,NHB250820072008.RAWK4PG,Long Range,0.0,2025-08-20 08:20:08,2025-08-20 08:20:08,NHB250820082008.RAWK4RS,Long Range,0.0,2025-08-20 09:20:08,2025-08-20 09:20:08,NHB250820092008.RAWK4T1,Long Range,0.0
1388,2025-08-20 06:40:07,NHB250820064007.RAWK4NM,NHB250820064303.RAWK4NS,NHB250820065008.RAWK4NV,NHB250820065304.RAWK4NZ,2025-08-20 06:40:07,2025-08-20 06:40:07,NHB250820064007.RAWK4NM,Long Range,0.0,2025-08-20 07:40:07,2025-08-20 07:40:08,NHB250820074008.RAWK4PX,Long Range,1.0,2025-08-20 08:40:07,2025-08-20 08:40:08,NHB250820084008.RAWK4S6,Long Range,1.0,2025-08-20 09:40:07,2025-08-20 09:40:07,NHB250820094007.RAWNCCG,Long Range,0.0
1389,2025-08-20 07:00:07,NHB250820070007.RAWK4P2,NHB250820070303.RAWK4P6,NHB250820071008.RAWK4P9,NHB250820071304.RAWK4PD,2025-08-20 07:00:07,2025-08-20 07:00:07,NHB250820070007.RAWK4P2,Long Range,0.0,2025-08-20 08:00:07,2025-08-20 08:00:08,NHB250820080008.RAWK4RB,Long Range,1.0,2025-08-20 09:00:07,2025-08-20 09:00:07,NHB250820090007.RAWK4SL,Long Range,0.0,2025-08-20 10:00:07,2025-08-20 10:00:08,NHB250820100008.RAWNCCX,Long Range,1.0
1390,2025-08-20 07:20:08,NHB250820072008.RAWK4PG,NHB250820072304.RAWK4PL,NHB250820073007.RAWK4PP,NHB250820073303.RAWK4PU,2025-08-20 07:20:08,2025-08-20 07:20:08,NHB250820072008.RAWK4PG,Long Range,0.0,2025-08-20 08:20:08,2025-08-20 08:20:08,NHB250820082008.RAWK4RS,Long Range,0.0,2025-08-20 09:20:08,2025-08-20 09:20:08,NHB250820092008.RAWK4T1,Long Range,0.0,2025-08-20 10:20:08,2025-08-20 10:20:07,NHB250820102007.RAWNCDB,Long Range,1.0
1391,2025-08-20 07:40:08,NHB250820074008.RAWK4PX,NHB250820074303.RAWK4R1,NHB250820075007.RAWK4R4,NHB250820075304.RAWK4R8,2025-08-20 07:40:08,2025-08-20 07:40:08,NHB250820074008.RAWK4PX,Long Range,0.0,2025-08-20 08:40:08,2025-08-20 08:40:08,NHB250820084008.RAWK4S6,Long Range,0.0,2025-08-20 09:40:08,2025-08-20 09:40:07,NHB250820094007.RAWNCCG,Long Range,1.0,2025-08-20 10:40:08,2025-08-20 10:40:08,NHB250820104008.RAWNCDS,Long Range,0.0
1392,2025-08-20 08:00:08,NHB250820080008.RAWK4RB,NHB250820080303.RAWK4RF,NHB250820081008.RAWK4RJ,NHB250820081303.RAWK4RN,2025-08-20 08:00:08,2025-08-20 08:00:08,NHB250820080008.RAWK4RB,Long Range,0.0,2025-08-20 09:00:08,2025-08-20 09:00:07,NHB250820090007.RAWK4SL,Long Range,1.0,2025-08-20 10:00:08,2025-08-20 10:00:08,NHB250820100008.RAWNCCX,Long Range,0.0,2025-08-20 11:00:08,2025-08-20 11:00:08,NHB250820110008.RAWNCE6,Long Range,0.0
1393,2025-08-20 08:20:08,NHB250820082008.RAWK4RS,NHB250820082304.RAWK4RW,NHB250820083008.RAWK4RZ,NHB250820083303.RAWK4S3,2025-08-20 08:20:08,2025-08-20 08:20:08,NHB250820082008.RAWK4RS,Long Range,0.0,2025-08-20 09:20:08,2025-08-20 09:20:08,NHB250820092008.RAWK4T1,Long Range,0.0,2025-08-20 10:20:08,2025-08-20 10:20:07,NHB250820102007.RAWNCDB,Long Range,1.0,2025-08-20 11:20:08,2025-08-20 11:20:08,NHB250820112008.RAWNCEL,Long Range,0.0
1394,2025-08-20 08:40:08,NHB250820084008.RAWK4S6,NHB250820084304.RAWK4SA,NHB250820085007.RAWK4SD,NHB250820085304.RAWK4SH,2025-08-20 08:40:08,2025-08-20 08:40:08,NHB250820084008.RAWK4S6,Long Range,0.0,2025-08-20 09:40:08,2025-08-20 09:40:07,NHB250820094007.RAWNCCG,Long Range,1.0,2025-08-20 10:40:08,2025-08-20 10:40:08,NHB250820104008.RAWNCDS,Long Range,0.0,2025-08-20 11:40:08,2025-08-20 11:40:08,NHB250820114008.RAWNCF1,Long Range,0.0
1395,2025-08-20 09:00:07,NHB250820090007.RAWK4SL,NHB250820090303.RAWK4SR,NHB250820091008.RAWK4SU,NHB250820091305.RAWK4SY,2025-08-20 09:00:07,2025-08-20 09:00:07,NHB250820090007.RAWK4SL,Long Range,0.0,2025-08-20 10:00:07,2025-08-20 10:00:08,NHB250820100008.RAWNCCX,Long Range,1.0,2025-08-20 11:00:07,2025-08-20 11:00:08,NHB250820110008.RAWNCE6,Long Range,1.0,2025-08-20 12:00:07,2025-08-20 12:00:08,NHB250820120008.RAWNCFF,Long Range,1.0
1396,2025-08-20 09:20:08,NHB250820092008.RAWK4T1,NHB250820092303.RAWK4T5,NHB250820093007.RAWK4T8,NHB250820093303.RAWNCCD,2025-08-20 09:20:08,2025-08-20 09:20:08,NHB250820092008.RAWK4T1,Long Range,0.0,2025-08-20 10:20:08,2025-08-20 10:20:07,NHB250820102007.RAWNCDB,Long Range,1.0,2025-08-20 11:20:08,2025-08-20 11:20:08,NHB250820112008.RAWNCEL,Long Range,0.0,2025-08-20 12:20:08,2025-08-20 12:20:08,NHB250820122008.RAWNCFW,Long Range,0.0
1397,2025-08-20 09:40:07,NHB250820094007.RAWNCCG,NHB250820094304.RAWNCCL,NHB250820095009.RAWNCCP,NHB250820095304.RAWNCCU,2025-08-20 09:40:07,2025-08-20 09:40:07,NHB250820094007.RAWNCCG,Long Range,0.0,2025-08-20 10:40:07,2025-08-20 10:40:08,NHB250820104008.RAWNCDS,Long Range,1.0,2025-08-20 11:40:07,2025-08-20 11:40:08,NHB250820114008.RAWNCF1,Long Range,1.0,2025-08-20 12:40:07,2025-08-20 12:40:08,NHB250820124008.RAWNCGA,Long Range,1.0
1398,2025-08-20 10:00:08,NHB250820100008.RAWNCCX,NHB250820100304.RAWNCD1,NHB250820101008.RAWNCD4,NHB250820101303.RAWNCD8,2025-08-20 10:00:08,2025-08-20 10:00:08,NHB250820100008.RAWNCCX,Long Range,0.0,2025-08-20 11:00:08,2025-08-20 11:00:08,NHB250820110008.RAWNCE6,Long Range,0.0,2025-08-20 12:00:08,2025-08-20 12:00:08,NHB250820120008.RAWNCFF,Long Range,0.0,2025-08-20 13:00:08,2025-08-20 13:00:07,NHB250820130007.RAWNCGR,Long Range,1.0
1399,2025-08-20 10:20:07,NHB250820102007.RAWNCDB,NHB250820102304.RAWNCDF,NHB250820103007.RAWNCDJ,NHB250820103303.RAWNCDN,2025-08-20 10:20:07,2025-08-20 10:20:07,NHB250820102007.RAWNCDB,Long Range,0.0,2025-08-20 11:20:07,2025-08-20 11:20:08,NHB250820112008.RAWNCEL,Long Range,1.0,2025-08-20 12:20:07,2025-08-20 12:20:08,NHB250820122008.RAWNCFW,Long Range,1.0,2025-08-20 13:20:07,2025-08-20 13:20:08,NHB250820132008.RAWNCH5,Long Range,1.0
1400,2025-08-20 10:40:08,NHB250820104008.RAWNCDS,NHB250820104304.RAWNCDW,NHB250820105008.RAWNCDZ,NHB250820105303.RAWNCE3,2025-08-20 10:40:08,2025-08-20 10:40:08,NHB250820104008.RAWNCDS,Long Range,0.0,2025-08-20 11:40:08,2025-08-20 11:40:08,NHB250820114008.RAWNCF1,Long Range,0.0,2025-08-20 12:40:08,2025-08-20 12:40:08,NHB250820124008.RAWNCGA,Long Range,0.0,2025-08-20 13:40:08,2025-08-20 13:40:08,NHB250820134008.RAWNCHK,Long Range,0.0
1401,2025-08-20 11:00:08,NHB250820110008.RAWNCE6,NHB250820110303.RAWNCEA,NHB250820111007.RAWNCED,NHB250820111304.RAWNCEH,2025-08-20 11:00:08,2025-08-20 11:00:08,NHB250820110008.RAWNCE6,Long Range,0.0,2025-08-20 12:00:08,2025-08-20 12:00:08,NHB250820120008.RAWNCFF,Long Range,0.0,2025-08-20 13:00:08,2025-08-20 13:00:07,NHB250820130007.RAWNCGR,Long Range,1.0,2025-08-20 14:00:08,2025-08-20 14:00:08,NHB250820140008.RAWNCJ0,Long Range,0.0
1402,2025-08-20 11:20:08,NHB250820112008.RAWNCEL,NHB250820112303.RAWNCER,NHB250820113008.RAWNCEU,NHB250820113304.RAWNCEY,2025-08-20 11:20:08,2025-08-20 11:20:08,NHB250820112008.RAWNCEL,Long Range,0.0,2025-08-20 12:20:08,2025-08-20 12:20:08,NHB250820122008.RAWNCFW,Long Range,0.0,2025-08-20 13:20:08,2025-08-20 13:20:08,NHB250820132008.RAWNCH5,Long Range,0.0,2025-08-20 14:20:08,2025-08-20 14:20:07,NHB250820142007.RAWNCJE,Long Range,1.0
1403,2025-08-20 11:40:08,NHB250820114008.RAWNCF1,NHB250820114304.RAWNCF5,NHB250820115007.RAWNCF8,NHB250820115303.RAWNCFC,2025-08-20 11:40:08,2025-08-20 11:40:08,NHB250820114008.RAWNCF1,Long Range,0.0,2025-08-20 12:40:08,2025-08-20 12:40:08,NHB250820124008.RAWNCGA,Long Range,0.0,2025-08-20 13:40:08,2025-08-20 13:40:08,NHB250820134008.RAWNCHK,Long Range,0.0,2025-08-20 14:40:08,2025-08-20 14:40:07,NHB250820144007.RAWNCJV,Long Range,1.0
1404,2025-08-20 12:00:08,NHB250820120008.RAWNCFF,NHB250820120304.RAWNCFK,NHB250820121007.RAWNCFN,NHB250820121304.RAWNCFT,2025-08-20 12:00:08,2025-08-20 12:00:08,NHB250820120008.RAWNCFF,Long Range,0.0,2025-08-20 13:00:08,2025-08-20 13:00:07,NHB250820130007.RAWNCGR,Long Range,1.0,2025-08-20 14:00:08,2025-08-20 14:00:08,NHB250820140008.RAWNCJ0,Long Range,0.0,2025-08-20 15:00:08,2025-08-20 15:00:08,NHB250820150008.RAWNCK9,Long Range,0.0
1405,2025-08-20 12:20:08,NHB250820122008.RAWNCFW,NHB250820122303.RAWNCG0,NHB250820123007.RAWNCG3,NHB250820123304.RAWNCG7,2025-08-20 12:20:08,2025-08-20 12:20:08,NHB250820122008.RAWNCFW,Long Range,0.0,2025-08-20 13:20:08,2025-08-20 13:20:08,NHB250820132008.RAWNCH5,Long Range,0.0,2025-08-20 14:20:08,2025-08-20 14:20:07,NHB250820142007.RAWNCJE,Long Range,1.0,2025-08-20 15:20:08,2025-08-20 15:20:08,NHB250820152008.RAWNCKP,Long Range,0.0
1406,2025-08-20 12:40:08,NHB250820124008.RAWNCGA,NHB250820124303.RAWNCGE,NHB250820125008.RAWNCGH,NHB250820125303.RAWNCGM,2025-08-20 12:40:08,2025-08-20 12:40:08,NHB250820124008.RAWNCGA,Long Range,0.0,2025-08-20 13:40:08,2025-08-20 13:40:08,NHB250820134008.RAWNCHK,Long Range,0.0,2025-08-20 14:40:08,2025-08-20 14:40:07,NHB250820144007.RAWNCJV,Long Range,1.0,2025-08-20 15:40:08,2025-08-20 15:40:08,NHB250820154008.RAWNCL4,Long Range,0.0
1407,2025-08-20 13:00:07,NHB250820130007.RAWNCGR,NHB250820130303.RAWNCGV,NHB250820131007.RAWNCGY,NHB250820131303.RAWNCH2,2025-08-20 13:00:07,2025-08-20 13:00:07,NHB250820130007.RAWNCGR,Long Range,0.0,2025-08-20 14:00:07,2025-08-20 14:00:08,NHB250820140008.RAWNCJ0,Long Range,1.0,2025-08-20 15:00:07,2025-08-20 15:00:08,NHB250820150008.RAWNCK9,Long Range,1.0,2025-08-20 16:00:07,2025-08-20 16:00:08,NHB250820160008.RAWNCLJ,Long Range,1.0
1408,2025-08-20 13:20:08,NHB250820132008.RAWNCH5,NHB250820132303.RAWNCH9,NHB250820133008.RAWNCHC,NHB250820133303.RAWNCHG,2025-08-20 13:20:08,2025-08-20 13:20:08,NHB250820132008.RAWNCH5,Long Range,0.0,2025-08-20 14:20:08,2025-08-20 14:20:07,NHB250820142007.RAWNCJE,Long Range,1.0,2025-08-20 15:20:08,2025-08-20 15:20:08,NHB250820152008.RAWNCKP,Long Range,0.0,2025-08-20 16:20:08,2025-08-20 16:20:08,NHB250820162008.RAWNCLZ,Long Range,0.0
1409,2025-08-20 13:40:08,NHB250820134008.RAWNCHK,NHB250820134303.RAWNCHP,NHB250820135007.RAWNCHT,NHB250820135303.RAWNCHX,2025-08-20 13:40:08,2025-08-20 13:40:08,NHB250820134008.RAWNCHK,Long Range,0.0,2025-08-20 14:40:08,2025-08-20 14:40:07,NHB250820144007.RAWNCJV,Long Range,1.0,2025-08-20 15:40:08,2025-08-20 15:40:08,NHB250820154008.RAWNCL4,Long Range,0.0,2025-08-20 16:40:08,2025-08-20 16:40:08,NHB250820164008.RAWNCMD,Long Range,0.0
1410,2025-08-20 14:00:08,NHB250820140008.RAWNCJ0,NHB250820140303.RAWNCJ4,NHB250820141007.RAWNCJ7,NHB250820141304.RAWNCJB,2025-08-20 14:00:08,2025-08-20 14:00:08,NHB250820140008.RAWNCJ0,Long Range,0.0,2025-08-20 15:00:08,2025-08-20 15:00:08,NHB250820150008.RAWNCK9,Long Range,0.0,2025-08-20 16:00:08,2025-08-20 16:00:08,NHB250820160008.RAWNCLJ,Long Range,0.0,2025-08-20 17:00:08,2025-08-20 17:00:07,NHB250820170007.RAWNCMU,Long Range,1.0
1411,2025-08-20 14:20:07,NHB250820142007.RAWNCJE,NHB250820142304.RAWNCJJ,NHB250820143008.RAWNCJM,NHB250820143303.RAWNCJS,2025-08-20 14:20:07,2025-08-20 14:20:07,NHB250820142007.RAWNCJE,Long Range,0.0,2025-08-20 15:20:07,2025-08-20 15:20:08,NHB250820152008.RAWNCKP,Long Range,1.0,2025-08-20 16:20:07,2025-08-20 16:20:08,NHB250820162008.RAWNCLZ,Long Range,1.0,2025-08-20 17:20:07,2025-08-20 17:20:08,NHB250820172008.RAWNCN8,Long Range,1.0
1412,2025-08-20 14:40:07,NHB250820144007.RAWNCJV,NHB250820144303.RAWNCJZ,NHB250820145008.RAWNCK2,NHB250820145303.RAWNCK6,2025-08-20 14:40:07,2025-08-20 14:40:07,NHB250820144007.RAWNCJV,Long Range,0.0,2025-08-20 15:40:07,2025-08-20 15:40:08,NHB250820154008.RAWNCL4,Long Range,1.0,2025-08-20 16:40:07,2025-08-20 16:40:08,NHB250820164008.RAWNCMD,Long Range,1.0,2025-08-20 17:40:07,2025-08-20 17:40:07,NHB250820174007.RAWNCNN,Long Range,0.0
1413,2025-08-20 15:00:08,NHB250820150008.RAWNCK9,NHB250820150303.RAWNCKD,NHB250820151008.RAWNCKG,NHB250820151304.RAWNCKL,2025-08-20 15:00:08,2025-08-20 15:00:08,NHB250820150008.RAWNCK9,Long Range,0.0,2025-08-20 16:00:08,2025-08-20 16:00:08,NHB250820160008.RAWNCLJ,Long Range,0.0,2025-08-20 17:00:08,2025-08-20 17:00:07,NHB250820170007.RAWNCMU,Long Range,1.0,2025-08-20 18:00:08,2025-08-20 18:00:07,NHB250820180007.RAWNCP3,Long Range,1.0
1414,2025-08-20 15:20:08,NHB250820152008.RAWNCKP,NHB250820152304.RAWNCKU,NHB250820153007.RAWNCKX,NHB250820153303.RAWNCL1,2025-08-20 15:20:08,2025-08-20 15:20:08,NHB250820152008.RAWNCKP,Long Range,0.0,2025-08-20 16:20:08,2025-08-20 16:20:08,NHB250820162008.RAWNCLZ,Long Range,0.0,2025-08-20 17:20:08,2025-08-20 17:20:08,NHB250820172008.RAWNCN8,Long Range,0.0,2025-08-20 18:20:08,2025-08-20 18:20:08,NHB250820182008.RAWNCPH,Long Range,0.0
1415,2025-08-20 15:40:08,NHB250820154008.RAWNCL4,NHB250820154303.RAWNCL8,NHB250820155008.RAWNCLB,NHB250820155303.RAWNCLF,2025-08-20 15:40:08,2025-08-20 15:40:08,NHB250820154008.RAWNCL4,Long Range,0.0,2025-08-20 16:40:08,2025-08-20 16:40:08,NHB250820164008.RAWNCMD,Long Range,0.0,2025-08-20 17:40:08,2025-08-20 17:40:07,NHB250820174007.RAWNCNN,Long Range,1.0,2025-08-20 18:40:08,2025-08-20 18:40:08,NHB250820184008.RAWNCPY,Long Range,0.0
1416,2025-08-20 16:00:08,NHB250820160008.RAWNCLJ,NHB250820160304.RAWNCLN,NHB250820161007.RAWNCLS,NHB250820161304.RAWNCLW,2025-08-20 16:00:08,2025-08-20 16:00:08,NHB250820160008.RAWNCLJ,Long Range,0.0,2025-08-20 17:00:08,2025-08-20 17:00:07,NHB250820170007.RAWNCMU,Long Range,1.0,2025-08-20 18:00:08,2025-08-20 18:00:07,NHB250820180007.RAWNCP3,Long Range,1.0,2025-08-20 19:00:08,2025-08-20 19:00:08,NHB250820190008.RAWNCRC,Long Range,0.0
1417,2025-08-20 16:20:08,NHB250820162008.RAWNCLZ,NHB250820162304.RAWNCM3,NHB250820163008.RAWNCM6,NHB250820163304.RAWNCMA,2025-08-20 16:20:08,2025-08-20 16:20:08,NHB250820162008.RAWNCLZ,Long Range,0.0,2025-08-20 17:20:08,2025-08-20 17:20:08,NHB250820172008.RAWNCN8,Long Range,0.0,2025-08-20 18:20:08,2025-08-20 18:20:08,NHB250820182008.RAWNCPH,Long Range,0.0,2025-08-20 19:20:08,2025-08-20 19:20:08,NHB250820192008.RAWNCRT,Long Range,0.0
1418,2025-08-20 16:40:08,NHB250820164008.RAWNCMD,NHB250820164305.RAWNCMH,NHB250820165008.RAWNCML,NHB250820165303.RAWNCMR,2025-08-20 16:40:08,2025-08-20 16:40:08,NHB250820164008.RAWNCMD,Long Range,0.0,2025-08-20 17:40:08,2025-08-20 17:40:07,NHB250820174007.RAWNCNN,Long Range,1.0,2025-08-20 18:40:08,2025-08-20 18:40:08,NHB250820184008.RAWNCPY,Long Range,0.0,2025-08-20 19:40:08,2025-08-20 19:40:08,NHB250820194008.RAWNCS7,Long Range,0.0
1419,2025-08-20 17:00:07,NHB250820170007.RAWNCMU,NHB250820170304.RAWNCMY,NHB250820171007.RAWNCN1,NHB250820171303.RAWNCN5,2025-08-20 17:00:07,2025-08-20 17:00:07,NHB250820170007.RAWNCMU,Long Range,0.0,2025-08-20 18:00:07,2025-08-20 18:00:07,NHB250820180007.RAWNCP3,Long Range,0.0,2025-08-20 19:00:07,2025-08-20 19:00:08,NHB250820190008.RAWNCRC,Long Range,1.0,2025-08-20 20:00:07,2025-08-20 20:00:07,NHB250820200007.RAWNCSM,Long Range,0.0
1420,2025-08-20 17:20:08,NHB250820172008.RAWNCN8,NHB250820172304.RAWNCNC,NHB250820173007.RAWNCNF,NHB250820173304.RAWNCNK,2025-08-20 17:20:08,2025-08-20 17:20:08,NHB250820172008.RAWNCN8,Long Range,0.0,2025-08-20 18:20:08,2025-08-20 18:20:08,NHB250820182008.RAWNCPH,Long Range,0.0,2025-08-20 19:20:08,2025-08-20 19:20:08,NHB250820192008.RAWNCRT,Long Range,0.0,2025-08-20 20:20:08,2025-08-20 20:20:07,NHB250820202007.RAWNCT2,Long Range,1.0
1421,2025-08-20 17:40:07,NHB250820174007.RAWNCNN,NHB250820174303.RAWNCNT,NHB250820175008.RAWNCNW,NHB250820175303.RAWNCP0,2025-08-20 17:40:07,2025-08-20 17:40:07,NHB250820174007.RAWNCNN,Long Range,0.0,2025-08-20 18:40:07,2025-08-20 18:40:08,NHB250820184008.RAWNCPY,Long Range,1.0,2025-08-20 19:40:07,2025-08-20 19:40:08,NHB250820194008.RAWNCS7,Long Range,1.0,2025-08-20 20:40:07,2025-08-20 20:40:07,NHB250820204007.RAWNCTG,Long Range,0.0
1422,2025-08-20 18:00:07,NHB250820180007.RAWNCP3,NHB250820180303.RAWNCP7,NHB250820181008.RAWNCPA,NHB250820181303.RAWNCPE,2025-08-20 18:00:07,2025-08-20 18:00:07,NHB250820180007.RAWNCP3,Long Range,0.0,2025-08-20 19:00:07,2025-08-20 19:00:08,NHB250820190008.RAWNCRC,Long Range,1.0,2025-08-20 20:00:07,2025-08-20 20:00:07,NHB250820200007.RAWNCSM,Long Range,0.0,2025-08-20 21:00:07,2025-08-20 21:00:08,NHB250820210008.RAWNCTX,Long Range,1.0
1423,2025-08-20 18:20:08,NHB250820182008.RAWNCPH,NHB250820182303.RAWNCPM,NHB250820183008.RAWNCPR,NHB250820183303.RAWNCPV,2025-08-20 18:20:08,2025-08-20 18:20:08,NHB250820182008.RAWNCPH,Long Range,0.0,2025-08-20 19:20:08,2025-08-20 19:20:08,NHB250820192008.RAWNCRT,Long Range,0.0,2025-08-20 20:20:08,2025-08-20 20:20:07,NHB250820202007.RAWNCT2,Long Range,1.0,2025-08-20 21:20:08,2025-08-20 21:20:08,NHB250820212008.RAWNCUB,Long Range,0.0
1424,2025-08-20 18:40:08,NHB250820184008.RAWNCPY,NHB250820184304.RAWNCR2,NHB250820185007.RAWNCR5,NHB250820185304.RAWNCR9,2025-08-20 18:40:08,2025-08-20 18:40:08,NHB250820184008.RAWNCPY,Long Range,0.0,2025-08-20 19:40:08,2025-08-20 19:40:08,NHB250820194008.RAWNCS7,Long Range,0.0,2025-08-20 20:40:08,2025-08-20 20:40:07,NHB250820204007.RAWNCTG,Long Range,1.0,2025-08-20 21:40:08,2025-08-20 21:40:08,NHB250820214008.RAWNCUS,Long Range,0.0
1425,2025-08-20 19:00:08,NHB250820190008.RAWNCRC,NHB250820190303.RAWNCRG,NHB250820191007.RAWNCRK,NHB250820191303.RAWNCRP,2025-08-20 19:00:08,2025-08-20 19:00:08,NHB250820190008.RAWNCRC,Long Range,0.0,2025-08-20 20:00:08,2025-08-20 20:00:07,NHB250820200007.RAWNCSM,Long Range,1.0,2025-08-20 21:00:08,2025-08-20 21:00:08,NHB250820210008.RAWNCTX,Long Range,0.0,2025-08-20 22:00:08,2025-08-20 22:00:07,NHB250820220007.RAWNCV6,Long Range,1.0
1426,2025-08-20 19:20:08,NHB250820192008.RAWNCRT,NHB250820192303.RAWNCRX,NHB250820193007.RAWNCS0,NHB250820193304.RAWNCS4,2025-08-20 19:20:08,2025-08-20 19:20:08,NHB250820192008.RAWNCRT,Long Range,0.0,2025-08-20 20:20:08,2025-08-20 20:20:07,NHB250820202007.RAWNCT2,Long Range,1.0,2025-08-20 21:20:08,2025-08-20 21:20:08,NHB250820212008.RAWNCUB,Long Range,0.0,2025-08-20 22:20:08,2025-08-20 22:20:09,NHB250820222009.RAWNCVL,Long Range,1.0
1427,2025-08-20 19:40:08,NHB250820194008.RAWNCS7,NHB250820194305.RAWNCSB,NHB250820195007.RAWNCSE,NHB250820195303.RAWNCSJ,2025-08-20 19:40:08,2025-08-20 19:40:08,NHB250820194008.RAWNCS7,Long Range,0.0,2025-08-20 20:40:08,2025-08-20 20:40:07,NHB250820204007.RAWNCTG,Long Range,1.0,2025-08-20 21:40:08,2025-08-20 21:40:08,NHB250820214008.RAWNCUS,Long Range,0.0,2025-08-20 22:40:08,2025-08-20 22:40:08,NHB250820224008.RAWNCW1,Long Range,0.0
1428,2025-08-20 20:00:07,NHB250820200007.RAWNCSM,NHB250820200304.RAWNCSS,NHB250820201008.RAWNCSV,NHB250820201304.RAWNCSZ,2025-08-20 20:00:07,2025-08-20 20:00:07,NHB250820200007.RAWNCSM,Long Range,0.0,2025-08-20 21:00:07,2025-08-20 21:00:08,NHB250820210008.RAWNCTX,Long Range,1.0,2025-08-20 22:00:07,2025-08-20 22:00:07,NHB250820220007.RAWNCV6,Long Range,0.0,2025-08-20 23:00:07,2025-08-20 23:00:07,NHB250820230007.RAWNCWF,Long Range,0.0
1429,2025-08-20 20:20:07,NHB250820202007.RAWNCT2,NHB250820202304.RAWNCT6,NHB250820203008.RAWNCT9,NHB250820203303.RAWNCTD,2025-08-20 20:20:07,2025-08-20 20:20:07,NHB250820202007.RAWNCT2,Long Range,0.0,2025-08-20 21:20:07,2025-08-20 21:20:08,NHB250820212008.RAWNCUB,Long Range,1.0,2025-08-20 22:20:07,2025-08-20 22:20:09,NHB250820222009.RAWNCVL,Long Range,2.0,2025-08-20 23:20:07,2025-08-20 23:20:08,NHB250820232008.RAWNCWW,Long Range,1.0
1430,2025-08-20 20:40:07,NHB250820204007.RAWNCTG,NHB250820204303.RAWNCTL,NHB250820205007.RAWNCTP,NHB250820205304.RAWNCTU,2025-08-20 20:40:07,2025-08-20 20:40:07,NHB250820204007.RAWNCTG,Long Range,0.0,2025-08-20 21:40:07,2025-08-20 21:40:08,NHB250820214008.RAWNCUS,Long Range,1.0,2025-08-20 22:40:07,2025-08-20 22:40:08,NHB250820224008.RAWNCW1,Long Range,1.0,2025-08-20 23:40:07,2025-08-20 23:40:07,NHB250820234007.RAWNCXA,Long Range,0.0
1431,2025-08-20 21:00:08,NHB250820210008.RAWNCTX,NHB250820210303.RAWNCU1,NHB250820211008.RAWNCU4,NHB250820211304.RAWNCU8,2025-08-20 21:00:08,2025-08-20 21:00:08,NHB250820210008.RAWNCTX,Long Range,0.0,2025-08-20 22:00:08,2025-08-20 22:00:07,NHB250820220007.RAWNCV6,Long Range,1.0,2025-08-20 23:00:08,2025-08-20 23:00:07,NHB250820230007.RAWNCWF,Long Range,1.0,2025-08-21 00:00:08,2025-08-21 00:00:08,NHB250821000008.RAWNCXR,Long Range,0.0
1432,2025-08-20 21:20:08,NHB250820212008.RAWNCUB,NHB250820212303.RAWNCUF,NHB250820213008.RAWNCUJ,NHB250820213304.RAWNCUN,2025-08-20 21:20:08,2025-08-20 21:20:08,NHB250820212008.RAWNCUB,Long Range,0.0,2025-08-20 22:20:08,2025-08-20 22:20:09,NHB250820222009.RAWNCVL,Long Range,1.0,2025-08-20 23:20:08,2025-08-20 23:20:08,NHB250820232008.RAWNCWW,Long Range,0.0,2025-08-21 00:20:08,2025-08-21 00:20:08,NHB250821002008.RAWNCY5,Long Range,0.0
1433,2025-08-20 21:40:08,NHB250820214008.RAWNCUS,NHB250820214304.RAWNCUW,NHB250820215008.RAWNCUZ,NHB250820215304.RAWNCV3,2025-08-20 21:40:08,2025-08-20 21:40:08,NHB250820214008.RAWNCUS,Long Range,0.0,2025-08-20 22:40:08,2025-08-20 22:40:08,NHB250820224008.RAWNCW1,Long Range,0.0,2025-08-20 23:40:08,2025-08-20 23:40:07,NHB250820234007.RAWNCXA,Long Range,1.0,2025-08-21 00:40:08,2025-08-21 00:40:08,NHB250821004008.RAWNCYK,Long Range,0.0
1434,2025-08-20 22:00:07,NHB250820220007.RAWNCV6,NHB250820220303.RAWNCVA,NHB250820221008.RAWNCVD,NHB250820221303.RAWNCVH,2025-08-20 22:00:07,2025-08-20 22:00:07,NHB250820220007.RAWNCV6,Long Range,0.0,2025-08-20 23:00:07,2025-08-20 23:00:07,NHB250820230007.RAWNCWF,Long Range,0.0,2025-08-21 00:00:07,2025-08-21 00:00:08,NHB250821000008.RAWNCXR,Long Range,1.0,2025-08-21 01:00:07,2025-08-21 01:00:08,NHB250821010008.RAWNCZ0,Long Range,1.0
1435,2025-08-20 22:20:09,NHB250820222009.RAWNCVL,NHB250820222303.RAWNCVR,NHB250820223008.RAWNCVU,NHB250820223303.RAWNCVY,2025-08-20 22:20:09,2025-08-20 22:20:09,NHB250820222009.RAWNCVL,Long Range,0.0,2025-08-20 23:20:09,2025-08-20 23:20:08,NHB250820232008.RAWNCWW,Long Range,1.0,2025-08-21 00:20:09,2025-08-21 00:20:08,NHB250821002008.RAWNCY5,Long Range,1.0,2025-08-21 01:20:09,2025-08-21 01:20:07,NHB250821012007.RAWNCZE,Long Range,2.0
1436,2025-08-20 22:40:08,NHB250820224008.RAWNCW1,NHB250820224303.RAWNCW5,NHB250820225008.RAWNCW8,NHB250820225303.RAWNCWC,2025-08-20 22:40:08,2025-08-20 22:40:08,NHB250820224008.RAWNCW1,Long Range,0.0,2025-08-20 23:40:08,2025-08-20 23:40:07,NHB250820234007.RAWNCXA,Long Range,1.0,2025-08-21 00:40:08,2025-08-21 00:40:08,NHB250821004008.RAWNCYK,Long Range,0.0,2025-08-21 01:40:08,2025-08-21 01:40:07,NHB250821014007.RAWNCZV,Long Range,1.0
1437,2025-08-20 23:00:07,NHB250820230007.RAWNCWF,NHB250820230303.RAWNCWK,NHB250820231008.RAWNCWN,NHB250820231303.RAWNCWT,2025-08-20 23:00:07,2025-08-20 23:00:07,NHB250820230007.RAWNCWF,Long Range,0.0,2025-08-21 00:00:07,2025-08-21 00:00:08,NHB250821000008.RAWNCXR,Long Range,1.0,2025-08-21 01:00:07,2025-08-21 01:00:08,NHB250821010008.RAWNCZ0,Long Range,1.0,2025-08-21 02:00:07,2025-08-21 02:00:07,NHB250821020007.RAWND09,Long Range,0.0
1438,2025-08-20 23:20:08,NHB250820232008.RAWNCWW,NHB250820232303.RAWNCX0,NHB250820233007.RAWNCX3,NHB250820233304.RAWNCX7,2025-08-20 23:20:08,2025-08-20 23:20:08,NHB250820232008.RAWNCWW,Long Range,0.0,2025-08-21 00:20:08,2025-08-21 00:20:08,NHB250821002008.RAWNCY5,Long Range,0.0,2025-08-21 01:20:08,2025-08-21 01:20:07,NHB250821012007.RAWNCZE,Long Range,1.0,2025-08-21 02:20:08,2025-08-21 02:20:07,NHB250821022007.RAWND0P,Long Range,1.0
1439,2025-08-20 23:40:07,NHB250820234007.RAWNCXA,NHB250820234304.RAWNCXE,NHB250820235008.RAWNCXH,NHB250820235304.RAWNCXM,2025-08-20 23:40:07,2025-08-20 23:40:07,NHB250820234007.RAWNCXA,Long Range,0.0,2025-08-21 00:40:07,2025-08-21 00:40:08,NHB250821004008.RAWNCYK,Long Range,1.0,2025-08-21 01:40:07,2025-08-21 01:40:07,NHB250821014007.RAWNCZV,Long Range,0.0,2025-08-21 02:40:07,2025-08-21 02:40:08,NHB250821024008.RAWND14,Long Range,1.0
1440,2025-08-21 00:00:08,NHB250821000008.RAWNCXR,NHB250821000303.RAWNCXV,NHB250821001008.RAWNCXY,NHB250821001303.RAWNCY2,2025-08-21 00:00:08,2025-08-21 00:00:08,NHB250821000008.RAWNCXR,Long Range,0.0,2025-08-21 01:00:08,2025-08-21 01:00:08,NHB250821010008.RAWNCZ0,Long Range,0.0,2025-08-21 02:00:08,2025-08-21 02:00:07,NHB250821020007.RAWND09,Long Range,1.0,2025-08-21 03:00:08,2025-08-21 03:00:08,NHB250821030008.RAWND1J,Long Range,0.0
1441,2025-08-21 00:20:08,NHB250821002008.RAWNCY5,NHB250821002304.RAWNCY9,NHB250821003008.RAWNCYC,NHB250821003304.RAWNCYG,2025-08-21 00:20:08,2025-08-21 00:20:08,NHB250821002008.RAWNCY5,Long Range,0.0,2025-08-21 01:20:08,2025-08-21 01:20:07,NHB250821012007.RAWNCZE,Long Range,1.0,2025-08-21 02:20:08,2025-08-21 02:20:07,NHB250821022007.RAWND0P,Long Range,1.0,2025-08-21 03:20:08,2025-08-21 03:20:08,NHB250821032008.RAWND1Z,Long Range,0.0
1442,2025-08-21 00:40:08,NHB250821004008.RAWNCYK,NHB250821004303.RAWNCYP,NHB250821005008.RAWNCYT,NHB250821005303.RAWNCYX,2025-08-21 00:40:08,2025-08-21 00:40:08,NHB250821004008.RAWNCYK,Long Range,0.0,2025-08-21 01:40:08,2025-08-21 01:40:07,NHB250821014007.RAWNCZV,Long Range,1.0,2025-08-21 02:40:08,2025-08-21 02:40:08,NHB250821024008.RAWND14,Long Range,0.0,2025-08-21 03:40:08,2025-08-21 03:40:08,NHB250821034008.RAWND2D,Long Range,0.0
1443,2025-08-21 01:00:08,NHB250821010008.RAWNCZ0,NHB250821010303.RAWNCZ4,NHB250821011008.RAWNCZ7,NHB250821011304.RAWNCZB,2025-08-21 01:00:08,2025-08-21 01:00:08,NHB250821010008.RAWNCZ0,Long Range,0.0,2025-08-21 02:00:08,2025-08-21 02:00:07,NHB250821020007.RAWND09,Long Range,1.0,2025-08-21 03:00:08,2025-08-21 03:00:08,NHB250821030008.RAWND1J,Long Range,0.0,2025-08-21 04:00:08,2025-08-21 04:00:08,NHB250821040008.RAWND2U,Long Range,0.0
1444,2025-08-21 01:20:07,NHB250821012007.RAWNCZE,NHB250821012303.RAWNCZJ,NHB250821013008.RAWNCZM,NHB250821013305.RAWNCZS,2025-08-21 01:20:07,2025-08-21 01:20:07,NHB250821012007.RAWNCZE,Long Range,0.0,2025-08-21 02:20:07,2025-08-21 02:20:07,NHB250821022007.RAWND0P,Long Range,0.0,2025-08-21 03:20:07,2025-08-21 03:20:08,NHB250821032008.RAWND1Z,Long Range,1.0,2025-08-21 04:20:07,2025-08-21 04:20:08,NHB250821042008.RAWND38,Long Range,1.0
1445,2025-08-21 01:40:07,NHB250821014007.RAWNCZV,NHB250821014303.RAWNCZZ,NHB250821015008.RAWND02,NHB250821015304.RAWND06,2025-08-21 01:40:07,2025-08-21 01:40:07,NHB250821014007.RAWNCZV,Long Range,0.0,2025-08-21 02:40:07,2025-08-21 02:40:08,NHB250821024008.RAWND14,Long Range,1.0,2025-08-21 03:40:07,2025-08-21 03:40:08,NHB250821034008.RAWND2D,Long Range,1.0,2025-08-21 04:40:07,2025-08-21 04:40:07,NHB250821044007.RAWND3N,Long Range,0.0
1446,2025-08-21 02:00:07,NHB250821020007.RAWND09,NHB250821020304.RAWND0D,NHB250821021007.RAWND0G,NHB250821021303.RAWND0L,2025-08-21 02:00:07,2025-08-21 02:00:07,NHB250821020007.RAWND09,Long Range,0.0,2025-08-21 03:00:07,2025-08-21 03:00:08,NHB250821030008.RAWND1J,Long Range,1.0,2025-08-21 04:00:07,2025-08-21 04:00:08,NHB250821040008.RAWND2U,Long Range,1.0,2025-08-21 05:00:07,2025-08-21 05:00:08,NHB250821050008.RAWND43,Long Range,1.0
1447,2025-08-21 02:20:07,NHB250821022007.RAWND0P,NHB250821022304.RAWND0U,NHB250821023008.RAWND0X,NHB250821023303.RAWND11,2025-08-21 02:20:07,2025-08-21 02:20:07,NHB250821022007.RAWND0P,Long Range,0.0,2025-08-21 03:20:07,2025-08-21 03:20:08,NHB250821032008.RAWND1Z,Long Range,1.0,2025-08-21 04:20:07,2025-08-21 04:20:08,NHB250821042008.RAWND38,Long Range,1.0,2025-08-21 05:20:07,2025-08-21 05:20:07,NHB250821052007.RAWND4H,Long Range,0.0
1448,2025-08-21 02:40:08,NHB250821024008.RAWND14,NHB250821024303.RAWND18,NHB250821025007.RAWND1B,NHB250821025304.RAWND1F,2025-08-21 02:40:08,2025-08-21 02:40:08,NHB250821024008.RAWND14,Long Range,0.0,2025-08-21 03:40:08,2025-08-21 03:40:08,NHB250821034008.RAWND2D,Long Range,0.0,2025-08-21 04:40:08,2025-08-21 04:40:07,NHB250821044007.RAWND3N,Long Range,1.0,2025-08-21 05:40:08,2025-08-21 05:40:08,NHB250821054008.RAWND4Y,Long Range,0.0
1449,2025-08-21 03:00:08,NHB250821030008.RAWND1J,NHB250821030303.RAWND1N,NHB250821031009.RAWND1S,NHB250821031303.RAWND1W,2025-08-21 03:00:08,2025-08-21 03:00:08,NHB250821030008.RAWND1J,Long Range,0.0,2025-08-21 04:00:08,2025-08-21 04:00:08,NHB250821040008.RAWND2U,Long Range,0.0,2025-08-21 05:00:08,2025-08-21 05:00:08,NHB250821050008.RAWND43,Long Range,0.0,2025-08-21 06:00:08,2025-08-21 06:00:08,NHB250821060008.RAWND5C,Long Range,0.0
1450,2025-08-21 03:20:08,NHB250821032008.RAWND1Z,NHB250821032304.RAWND23,NHB250821033008.RAWND26,NHB250821033303.RAWND2A,2025-08-21 03:20:08,2025-08-21 03:20:08,NHB250821032008.RAWND1Z,Long Range,0.0,2025-08-21 04:20:08,2025-08-21 04:20:08,NHB250821042008.RAWND38,Long Range,0.0,2025-08-21 05:20:08,2025-08-21 05:20:07,NHB250821052007.RAWND4H,Long Range,1.0,2025-08-21 06:20:08,2025-08-21 06:20:09,NHB250821062009.RAWND5T,Long Range,1.0
1451,2025-08-21 03:40:08,NHB250821034008.RAWND2D,NHB250821034304.RAWND2H,NHB250821035009.RAWND2L,NHB250821035303.RAWND2R,2025-08-21 03:40:08,2025-08-21 03:40:08,NHB250821034008.RAWND2D,Long Range,0.0,2025-08-21 04:40:08,2025-08-21 04:40:07,NHB250821044007.RAWND3N,Long Range,1.0,2025-08-21 05:40:08,2025-08-21 05:40:08,NHB250821054008.RAWND4Y,Long Range,0.0,2025-08-21 06:40:08,2025-08-21 06:40:08,NHB250821064008.RAWND67,Long Range,0.0
1452,2025-08-21 04:00:08,NHB250821040008.RAWND2U,NHB250821040303.RAWND2Y,NHB250821041008.RAWND31,NHB250821041304.RAWND35,2025-08-21 04:00:08,2025-08-21 04:00:08,NHB250821040008.RAWND2U,Long Range,0.0,2025-08-21 05:00:08,2025-08-21 05:00:08,NHB250821050008.RAWND43,Long Range,0.0,2025-08-21 06:00:08,2025-08-21 06:00:08,NHB250821060008.RAWND5C,Long Range,0.0,2025-08-21 07:00:08,2025-08-21 07:00:08,NHB250821070008.RAWND6M,Long Range,0.0
1453,2025-08-21 04:20:08,NHB250821042008.RAWND38,NHB250821042304.RAWND3C,NHB250821043007.RAWND3F,NHB250821043303.RAWND3K,2025-08-21 04:20:08,2025-08-21 04:20:08,NHB250821042008.RAWND38,Long Range,0.0,2025-08-21 05:20:08,2025-08-21 05:20:07,NHB250821052007.RAWND4H,Long Range,1.0,2025-08-21 06:20:08,2025-08-21 06:20:09,NHB250821062009.RAWND5T,Long Range,1.0,2025-08-21 07:20:08,2025-08-21 07:20:07,NHB250821072007.RAWND72,Long Range,1.0
1454,2025-08-21 04:40:07,NHB250821044007.RAWND3N,NHB250821044303.RAWND3T,NHB250821045008.RAWND3W,NHB250821045304.RAWND40,2025-08-21 04:40:07,2025-08-21 04:40:07,NHB250821044007.RAWND3N,Long Range,0.0,2025-08-21 05:40:07,2025-08-21 05:40:08,NHB250821054008.RAWND4Y,Long Range,1.0,2025-08-21 06:40:07,2025-08-21 06:40:08,NHB250821064008.RAWND67,Long Range,1.0,2025-08-21 07:40:07,2025-08-21 07:40:08,NHB250821074008.RAWND7G,Long Range,1.0
1455,2025-08-21 05:00:08,NHB250821050008.RAWND43,NHB250821050303.RAWND47,NHB250821051009.RAWND4A,NHB250821051304.RAWND4E,2025-08-21 05:00:08,2025-08-21 05:00:08,NHB250821050008.RAWND43,Long Range,0.0,2025-08-21 06:00:08,2025-08-21 06:00:08,NHB250821060008.RAWND5C,Long Range,0.0,2025-08-21 07:00:08,2025-08-21 07:00:08,NHB250821070008.RAWND6M,Long Range,0.0,2025-08-21 08:00:08,2025-08-21 08:00:09,NHB250821080009.RAWND7X,Long Range,1.0
1456,2025-08-21 05:20:07,NHB250821052007.RAWND4H,NHB250821052303.RAWND4M,NHB250821053009.RAWND4R,NHB250821053304.RAWND4V,2025-08-21 05:20:07,2025-08-21 05:20:07,NHB250821052007.RAWND4H,Long Range,0.0,2025-08-21 06:20:07,2025-08-21 06:20:09,NHB250821062009.RAWND5T,Long Range,2.0,2025-08-21 07:20:07,2025-08-21 07:20:07,NHB250821072007.RAWND72,Long Range,0.0,2025-08-21 08:20:07,2025-08-21 08:20:08,NHB250821082008.RAWND8B,Long Range,1.0
1457,2025-08-21 05:40:08,NHB250821054008.RAWND4Y,NHB250821054303.RAWND52,NHB250821055009.RAWND55,NHB250821055303.RAWND59,2025-08-21 05:40:08,2025-08-21 05:40:08,NHB250821054008.RAWND4Y,Long Range,0.0,2025-08-21 06:40:08,2025-08-21 06:40:08,NHB250821064008.RAWND67,Long Range,0.0,2025-08-21 07:40:08,2025-08-21 07:40:08,NHB250821074008.RAWND7G,Long Range,0.0,2025-08-21 08:40:08,2025-08-21 08:40:08,NHB250821084008.RAWND8S,Long Range,0.0
1458,2025-08-21 06:00:08,NHB250821060008.RAWND5C,NHB250821060304.RAWND5G,NHB250821061008.RAWND5K,NHB250821061303.RAWND5P,2025-08-21 06:00:08,2025-08-21 06:00:08,NHB250821060008.RAWND5C,Long Range,0.0,2025-08-21 07:00:08,2025-08-21 07:00:08,NHB250821070008.RAWND6M,Long Range,0.0,2025-08-21 08:00:08,2025-08-21 08:00:09,NHB250821080009.RAWND7X,Long Range,1.0,2025-08-21 09:00:08,2025-08-21 09:00:08,NHB250821090008.RAWND96,Long Range,0.0
1459,2025-08-21 06:20:09,NHB250821062009.RAWND5T,NHB250821062304.RAWND5X,NHB250821063008.RAWND60,NHB250821063303.RAWND64,2025-08-21 06:20:09,2025-08-21 06:20:09,NHB250821062009.RAWND5T,Long Range,0.0,2025-08-21 07:20:09,2025-08-21 07:20:07,NHB250821072007.RAWND72,Long Range,2.0,2025-08-21 08:20:09,2025-08-21 08:20:08,NHB250821082008.RAWND8B,Long Range,1.0,2025-08-21 09:20:09,2025-08-21 09:20:08,NHB250821092008.RAWND9L,Long Range,1.0
1460,2025-08-21 06:40:08,NHB250821064008.RAWND67,NHB250821064303.RAWND6B,NHB250821065008.RAWND6E,NHB250821065305.RAWND6J,2025-08-21 06:40:08,2025-08-21 06:40:08,NHB250821064008.RAWND67,Long Range,0.0,2025-08-21 07:40:08,2025-08-21 07:40:08,NHB250821074008.RAWND7G,Long Range,0.0,2025-08-21 08:40:08,2025-08-21 08:40:08,NHB250821084008.RAWND8S,Long Range,0.0,2025-08-21 09:40:08,2025-08-21 09:40:08,NHB250821094008.RAWNDA1,Long Range,0.0
1461,2025-08-21 07:00:08,NHB250821070008.RAWND6M,NHB250821070303.RAWND6S,NHB250821071008.RAWND6V,NHB250821071303.RAWND6Z,2025-08-21 07:00:08,2025-08-21 07:00:08,NHB250821070008.RAWND6M,Long Range,0.0,2025-08-21 08:00:08,2025-08-21 08:00:09,NHB250821080009.RAWND7X,Long Range,1.0,2025-08-21 09:00:08,2025-08-21 09:00:08,NHB250821090008.RAWND96,Long Range,0.0,2025-08-21 10:00:08,2025-08-21 10:00:07,NHB250821100007.RAWNDAF,Long Range,1.0
1462,2025-08-21 07:20:07,NHB250821072007.RAWND72,NHB250821072304.RAWND76,NHB250821073008.RAWND79,NHB250821073303.RAWND7D,2025-08-21 07:20:07,2025-08-21 07:20:07,NHB250821072007.RAWND72,Long Range,0.0,2025-08-21 08:20:07,2025-08-21 08:20:08,NHB250821082008.RAWND8B,Long Range,1.0,2025-08-21 09:20:07,2025-08-21 09:20:08,NHB250821092008.RAWND9L,Long Range,1.0,2025-08-21 10:20:07,2025-08-21 10:20:08,NHB250821102008.RAWNDAW,Long Range,1.0
1463,2025-08-21 07:40:08,NHB250821074008.RAWND7G,NHB250821074303.RAWND7L,NHB250821075008.RAWND7P,NHB250821075303.RAWND7U,2025-08-21 07:40:08,2025-08-21 07:40:08,NHB250821074008.RAWND7G,Long Range,0.0,2025-08-21 08:40:08,2025-08-21 08:40:08,NHB250821084008.RAWND8S,Long Range,0.0,2025-08-21 09:40:08,2025-08-21 09:40:08,NHB250821094008.RAWNDA1,Long Range,0.0,2025-08-21 10:40:08,2025-08-21 10:40:07,NHB250821104007.RAWNDBA,Long Range,1.0
1464,2025-08-21 08:00:09,NHB250821080009.RAWND7X,NHB250821080304.RAWND81,NHB250821081007.RAWND84,NHB250821081304.RAWND88,2025-08-21 08:00:09,2025-08-21 08:00:09,NHB250821080009.RAWND7X,Long Range,0.0,2025-08-21 09:00:09,2025-08-21 09:00:08,NHB250821090008.RAWND96,Long Range,1.0,2025-08-21 10:00:09,2025-08-21 10:00:07,NHB250821100007.RAWNDAF,Long Range,2.0,2025-08-21 11:00:09,2025-08-21 11:00:08,NHB250821110008.RAWNDBR,Long Range,1.0
1465,2025-08-21 08:20:08,NHB250821082008.RAWND8B,NHB250821082303.RAWND8F,NHB250821083008.RAWND8J,NHB250821083304.RAWND8N,2025-08-21 08:20:08,2025-08-21 08:20:08,NHB250821082008.RAWND8B,Long Range,0.0,2025-08-21 09:20:08,2025-08-21 09:20:08,NHB250821092008.RAWND9L,Long Range,0.0,2025-08-21 10:20:08,2025-08-21 10:20:08,NHB250821102008.RAWNDAW,Long Range,0.0,2025-08-21 11:20:08,2025-08-21 11:20:08,NHB250821112008.RAWNDC5,Long Range,0.0
1466,2025-08-21 08:40:08,NHB250821084008.RAWND8S,NHB250821084303.RAWND8W,NHB250821085007.RAWND8Z,NHB250821085304.RAWND93,2025-08-21 08:40:08,2025-08-21 08:40:08,NHB250821084008.RAWND8S,Long Range,0.0,2025-08-21 09:40:08,2025-08-21 09:40:08,NHB250821094008.RAWNDA1,Long Range,0.0,2025-08-21 10:40:08,2025-08-21 10:40:07,NHB250821104007.RAWNDBA,Long Range,1.0,2025-08-21 11:40:08,2025-08-21 11:40:08,NHB250821114008.RAWNDCK,Long Range,0.0
1467,2025-08-21 09:00:08,NHB250821090008.RAWND96,NHB250821090304.RAWND9A,NHB250821091008.RAWND9D,NHB250821091304.RAWND9H,2025-08-21 09:00:08,2025-08-21 09:00:08,NHB250821090008.RAWND96,Long Range,0.0,2025-08-21 10:00:08,2025-08-21 10:00:07,NHB250821100007.RAWNDAF,Long Range,1.0,2025-08-21 11:00:08,2025-08-21 11:00:08,NHB250821110008.RAWNDBR,Long Range,0.0,2025-08-21 12:00:08,2025-08-21 12:00:08,NHB250821120008.RAWNDD0,Long Range,0.0
1468,2025-08-21 09:20:08,NHB250821092008.RAWND9L,NHB250821092303.RAWND9R,NHB250821093008.RAWND9U,NHB250821093303.RAWND9Y,2025-08-21 09:20:08,2025-08-21 09:20:08,NHB250821092008.RAWND9L,Long Range,0.0,2025-08-21 10:20:08,2025-08-21 10:20:08,NHB250821102008.RAWNDAW,Long Range,0.0,2025-08-21 11:20:08,2025-08-21 11:20:08,NHB250821112008.RAWNDC5,Long Range,0.0,2025-08-21 12:20:08,2025-08-21 12:20:08,NHB250821122008.RAWNDDE,Long Range,0.0
1469,2025-08-21 09:40:08,NHB250821094008.RAWNDA1,NHB250821094303.RAWNDA5,NHB250821095008.RAWNDA8,NHB250821095304.RAWNDAC,2025-08-21 09:40:08,2025-08-21 09:40:08,NHB250821094008.RAWNDA1,Long Range,0.0,2025-08-21 10:40:08,2025-08-21 10:40:07,NHB250821104007.RAWNDBA,Long Range,1.0,2025-08-21 11:40:08,2025-08-21 11:40:08,NHB250821114008.RAWNDCK,Long Range,0.0,2025-08-21 12:40:08,2025-08-21 12:40:08,NHB250821124008.RAWNDDV,Long Range,0.0
1470,2025-08-21 10:00:07,NHB250821100007.RAWNDAF,NHB250821100303.RAWNDAK,NHB250821101007.RAWNDAN,NHB250821101303.RAWNDAT,2025-08-21 10:00:07,2025-08-21 10:00:07,NHB250821100007.RAWNDAF,Long Range,0.0,2025-08-21 11:00:07,2025-08-21 11:00:08,NHB250821110008.RAWNDBR,Long Range,1.0,2025-08-21 12:00:07,2025-08-21 12:00:08,NHB250821120008.RAWNDD0,Long Range,1.0,2025-08-21 13:00:07,2025-08-21 13:00:08,NHB250821130008.RAWNDE9,Long Range,1.0
1471,2025-08-21 10:20:08,NHB250821102008.RAWNDAW,NHB250821102304.RAWNDB0,NHB250821103008.RAWNDB3,NHB250821103304.RAWNDB7,2025-08-21 10:20:08,2025-08-21 10:20:08,NHB250821102008.RAWNDAW,Long Range,0.0,2025-08-21 11:20:08,2025-08-21 11:20:08,NHB250821112008.RAWNDC5,Long Range,0.0,2025-08-21 12:20:08,2025-08-21 12:20:08,NHB250821122008.RAWNDDE,Long Range,0.0,2025-08-21 13:20:08,2025-08-21 13:20:07,NHB250821132007.RAWNDEP,Long Range,1.0
1472,2025-08-21 10:40:07,NHB250821104007.RAWNDBA,NHB250821104303.RAWNDBE,NHB250821105008.RAWNDBH,NHB250821105305.RAWNDBM,2025-08-21 10:40:07,2025-08-21 10:40:07,NHB250821104007.RAWNDBA,Long Range,0.0,2025-08-21 11:40:07,2025-08-21 11:40:08,NHB250821114008.RAWNDCK,Long Range,1.0,2025-08-21 12:40:07,2025-08-21 12:40:08,NHB250821124008.RAWNDDV,Long Range,1.0,2025-08-21 13:40:07,2025-08-21 13:40:08,NHB250821134008.RAWNDF4,Long Range,1.0
1473,2025-08-21 11:00:08,NHB250821110008.RAWNDBR,NHB250821110303.RAWNDBV,NHB250821111008.RAWNDBY,NHB250821111304.RAWNDC2,2025-08-21 11:00:08,2025-08-21 11:00:08,NHB250821110008.RAWNDBR,Long Range,0.0,2025-08-21 12:00:08,2025-08-21 12:00:08,NHB250821120008.RAWNDD0,Long Range,0.0,2025-08-21 13:00:08,2025-08-21 13:00:08,NHB250821130008.RAWNDE9,Long Range,0.0,2025-08-21 14:00:08,2025-08-21 14:00:09,NHB250821140009.RAWNDFJ,Long Range,1.0
1474,2025-08-21 11:20:08,NHB250821112008.RAWNDC5,NHB250821112303.RAWNDC9,NHB250821113007.RAWNDCC,NHB250821113303.RAWNDCG,2025-08-21 11:20:08,2025-08-21 11:20:08,NHB250821112008.RAWNDC5,Long Range,0.0,2025-08-21 12:20:08,2025-08-21 12:20:08,NHB250821122008.RAWNDDE,Long Range,0.0,2025-08-21 13:20:08,2025-08-21 13:20:07,NHB250821132007.RAWNDEP,Long Range,1.0,2025-08-21 14:20:08,2025-08-21 14:20:07,NHB250821142007.RAWNDFZ,Long Range,1.0
1475,2025-08-21 11:40:08,NHB250821114008.RAWNDCK,NHB250821114304.RAWNDCP,NHB250821115008.RAWNDCT,NHB250821115303.RAWNDCX,2025-08-21 11:40:08,2025-08-21 11:40:08,NHB250821114008.RAWNDCK,Long Range,0.0,2025-08-21 12:40:08,2025-08-21 12:40:08,NHB250821124008.RAWNDDV,Long Range,0.0,2025-08-21 13:40:08,2025-08-21 13:40:08,NHB250821134008.RAWNDF4,Long Range,0.0,2025-08-21 14:40:08,2025-08-21 14:40:07,NHB250821144007.RAWNDGD,Long Range,1.0
1476,2025-08-21 12:00:08,NHB250821120008.RAWNDD0,NHB250821120303.RAWNDD4,NHB250821121008.RAWNDD7,NHB250821121304.RAWNDDB,2025-08-21 12:00:08,2025-08-21 12:00:08,NHB250821120008.RAWNDD0,Long Range,0.0,2025-08-21 13:00:08,2025-08-21 13:00:08,NHB250821130008.RAWNDE9,Long Range,0.0,2025-08-21 14:00:08,2025-08-21 14:00:09,NHB250821140009.RAWNDFJ,Long Range,1.0,2025-08-21 15:00:08,2025-08-21 15:00:07,NHB250821150007.RAWNDGU,Long Range,1.0
1477,2025-08-21 12:20:08,NHB250821122008.RAWNDDE,NHB250821122304.RAWNDDJ,NHB250821123007.RAWNDDM,NHB250821123303.RAWNDDS,2025-08-21 12:20:08,2025-08-21 12:20:08,NHB250821122008.RAWNDDE,Long Range,0.0,2025-08-21 13:20:08,2025-08-21 13:20:07,NHB250821132007.RAWNDEP,Long Range,1.0,2025-08-21 14:20:08,2025-08-21 14:20:07,NHB250821142007.RAWNDFZ,Long Range,1.0,2025-08-21 15:20:08,2025-08-21 15:20:08,NHB250821152008.RAWNDH8,Long Range,0.0
1478,2025-08-21 12:40:08,NHB250821124008.RAWNDDV,NHB250821124303.RAWNDDZ,NHB250821125008.RAWNDE2,NHB250821125303.RAWNDE6,2025-08-21 12:40:08,2025-08-21 12:40:08,NHB250821124008.RAWNDDV,Long Range,0.0,2025-08-21 13:40:08,2025-08-21 13:40:08,NHB250821134008.RAWNDF4,Long Range,0.0,2025-08-21 14:40:08,2025-08-21 14:40:07,NHB250821144007.RAWNDGD,Long Range,1.0,2025-08-21 15:40:08,2025-08-21 15:40:08,NHB250821154008.RAWNDHN,Long Range,0.0
1479,2025-08-21 13:00:08,NHB250821130008.RAWNDE9,NHB250821130304.RAWNDED,NHB250821131007.RAWNDEG,NHB250821131304.RAWNDEL,2025-08-21 13:00:08,2025-08-21 13:00:08,NHB250821130008.RAWNDE9,Long Range,0.0,2025-08-21 14:00:08,2025-08-21 14:00:09,NHB250821140009.RAWNDFJ,Long Range,1.0,2025-08-21 15:00:08,2025-08-21 15:00:07,NHB250821150007.RAWNDGU,Long Range,1.0,2025-08-21 16:00:08,2025-08-21 16:00:07,NHB250821160007.RAWNDJ3,Long Range,1.0
1480,2025-08-21 13:20:07,NHB250821132007.RAWNDEP,NHB250821132303.RAWNDEU,NHB250821133007.RAWNDEX,NHB250821133304.RAWNDF1,2025-08-21 13:20:07,2025-08-21 13:20:07,NHB250821132007.RAWNDEP,Long Range,0.0,2025-08-21 14:20:07,2025-08-21 14:20:07,NHB250821142007.RAWNDFZ,Long Range,0.0,2025-08-21 15:20:07,2025-08-21 15:20:08,NHB250821152008.RAWNDH8,Long Range,1.0,2025-08-21 16:20:07,2025-08-21 16:20:07,NHB250821162007.RAWNDJH,Long Range,0.0
1481,2025-08-21 13:40:08,NHB250821134008.RAWNDF4,NHB250821134304.RAWNDF8,NHB250821135008.RAWNDFB,NHB250821135303.RAWNDFF,2025-08-21 13:40:08,2025-08-21 13:40:08,NHB250821134008.RAWNDF4,Long Range,0.0,2025-08-21 14:40:08,2025-08-21 14:40:07,NHB250821144007.RAWNDGD,Long Range,1.0,2025-08-21 15:40:08,2025-08-21 15:40:08,NHB250821154008.RAWNDHN,Long Range,0.0,2025-08-21 16:40:08,2025-08-21 16:40:08,NHB250821164008.RAWNDJY,Long Range,0.0
1482,2025-08-21 14:00:09,NHB250821140009.RAWNDFJ,NHB250821140303.RAWNDFN,NHB250821141007.RAWNDFS,NHB250821141304.RAWNDFW,2025-08-21 14:00:09,2025-08-21 14:00:09,NHB250821140009.RAWNDFJ,Long Range,0.0,2025-08-21 15:00:09,2025-08-21 15:00:07,NHB250821150007.RAWNDGU,Long Range,2.0,2025-08-21 16:00:09,2025-08-21 16:00:07,NHB250821160007.RAWNDJ3,Long Range,2.0,2025-08-21 17:00:09,2025-08-21 17:00:08,NHB250821170008.RAWNDKC,Long Range,1.0
1483,2025-08-21 14:20:07,NHB250821142007.RAWNDFZ,NHB250821142303.RAWNDG3,NHB250821143008.RAWNDG6,NHB250821143304.RAWNDGA,2025-08-21 14:20:07,2025-08-21 14:20:07,NHB250821142007.RAWNDFZ,Long Range,0.0,2025-08-21 15:20:07,2025-08-21 15:20:08,NHB250821152008.RAWNDH8,Long Range,1.0,2025-08-21 16:20:07,2025-08-21 16:20:07,NHB250821162007.RAWNDJH,Long Range,0.0,2025-08-21 17:20:07,2025-08-21 17:20:07,NHB250821172007.RAWNDKT,Long Range,0.0
1484,2025-08-21 14:40:07,NHB250821144007.RAWNDGD,NHB250821144303.RAWNDGH,NHB250821145008.RAWNDGL,NHB250821145303.RAWNDGR,2025-08-21 14:40:07,2025-08-21 14:40:07,NHB250821144007.RAWNDGD,Long Range,0.0,2025-08-21 15:40:07,2025-08-21 15:40:08,NHB250821154008.RAWNDHN,Long Range,1.0,2025-08-21 16:40:07,2025-08-21 16:40:08,NHB250821164008.RAWNDJY,Long Range,1.0,2025-08-21 17:40:07,2025-08-21 17:40:08,NHB250821174008.RAWNDL7,Long Range,1.0
1485,2025-08-21 15:00:07,NHB250821150007.RAWNDGU,NHB250821150303.RAWNDGY,NHB250821151009.RAWNDH1,NHB250821151304.RAWNDH5,2025-08-21 15:00:07,2025-08-21 15:00:07,NHB250821150007.RAWNDGU,Long Range,0.0,2025-08-21 16:00:07,2025-08-21 16:00:07,NHB250821160007.RAWNDJ3,Long Range,0.0,2025-08-21 17:00:07,2025-08-21 17:00:08,NHB250821170008.RAWNDKC,Long Range,1.0,2025-08-21 18:00:07,2025-08-21 18:00:07,NHB250821180007.RAWNDLM,Long Range,0.0
1486,2025-08-21 15:20:08,NHB250821152008.RAWNDH8,NHB250821152304.RAWNDHC,NHB250821153007.RAWNDHF,NHB250821153303.RAWNDHK,2025-08-21 15:20:08,2025-08-21 15:20:08,NHB250821152008.RAWNDH8,Long Range,0.0,2025-08-21 16:20:08,2025-08-21 16:20:07,NHB250821162007.RAWNDJH,Long Range,1.0,2025-08-21 17:20:08,2025-08-21 17:20:07,NHB250821172007.RAWNDKT,Long Range,1.0,2025-08-21 18:20:08,2025-08-21 18:20:08,NHB250821182008.RAWNDM2,Long Range,0.0
1487,2025-08-21 15:40:08,NHB250821154008.RAWNDHN,NHB250821154303.RAWNDHT,NHB250821155007.RAWNDHW,NHB250821155303.RAWNDJ0,2025-08-21 15:40:08,2025-08-21 15:40:08,NHB250821154008.RAWNDHN,Long Range,0.0,2025-08-21 16:40:08,2025-08-21 16:40:08,NHB250821164008.RAWNDJY,Long Range,0.0,2025-08-21 17:40:08,2025-08-21 17:40:08,NHB250821174008.RAWNDL7,Long Range,0.0,2025-08-21 18:40:08,2025-08-21 18:40:07,NHB250821184007.RAWNDMG,Long Range,1.0
1488,2025-08-21 16:00:07,NHB250821160007.RAWNDJ3,NHB250821160304.RAWNDJ7,NHB250821161007.RAWNDJA,NHB250821161304.RAWNDJE,2025-08-21 16:00:07,2025-08-21 16:00:07,NHB250821160007.RAWNDJ3,Long Range,0.0,2025-08-21 17:00:07,2025-08-21 17:00:08,NHB250821170008.RAWNDKC,Long Range,1.0,2025-08-21 18:00:07,2025-08-21 18:00:07,NHB250821180007.RAWNDLM,Long Range,0.0,2025-08-21 19:00:07,2025-08-21 19:00:08,NHB250821190008.RAWNDMX,Long Range,1.0
1489,2025-08-21 16:20:07,NHB250821162007.RAWNDJH,NHB250821162304.RAWNDJM,NHB250821163008.RAWNDJR,NHB250821163304.RAWNDJV,2025-08-21 16:20:07,2025-08-21 16:20:07,NHB250821162007.RAWNDJH,Long Range,0.0,2025-08-21 17:20:07,2025-08-21 17:20:07,NHB250821172007.RAWNDKT,Long Range,0.0,2025-08-21 18:20:07,2025-08-21 18:20:08,NHB250821182008.RAWNDM2,Long Range,1.0,2025-08-21 19:20:07,2025-08-21 19:20:08,NHB250821192008.RAWNDNB,Long Range,1.0
1490,2025-08-21 16:40:08,NHB250821164008.RAWNDJY,NHB250821164304.RAWNDK2,NHB250821165008.RAWNDK5,NHB250821165303.RAWNDK9,2025-08-21 16:40:08,2025-08-21 16:40:08,NHB250821164008.RAWNDJY,Long Range,0.0,2025-08-21 17:40:08,2025-08-21 17:40:08,NHB250821174008.RAWNDL7,Long Range,0.0,2025-08-21 18:40:08,2025-08-21 18:40:07,NHB250821184007.RAWNDMG,Long Range,1.0,2025-08-21 19:40:08,2025-08-21 19:40:08,NHB250821194008.RAWNDNS,Long Range,0.0
1491,2025-08-21 17:00:08,NHB250821170008.RAWNDKC,NHB250821170305.RAWNDKG,NHB250821171008.RAWNDKK,NHB250821171304.RAWNDKP,2025-08-21 17:00:08,2025-08-21 17:00:08,NHB250821170008.RAWNDKC,Long Range,0.0,2025-08-21 18:00:08,2025-08-21 18:00:07,NHB250821180007.RAWNDLM,Long Range,1.0,2025-08-21 19:00:08,2025-08-21 19:00:08,NHB250821190008.RAWNDMX,Long Range,0.0,2025-08-21 20:00:08,2025-08-21 20:00:07,NHB250821200007.RAWNDP6,Long Range,1.0
1492,2025-08-21 17:20:07,NHB250821172007.RAWNDKT,NHB250821172303.RAWNDKX,NHB250821173007.RAWNDL0,NHB250821173303.RAWNDL4,2025-08-21 17:20:07,2025-08-21 17:20:07,NHB250821172007.RAWNDKT,Long Range,0.0,2025-08-21 18:20:07,2025-08-21 18:20:08,NHB250821182008.RAWNDM2,Long Range,1.0,2025-08-21 19:20:07,2025-08-21 19:20:08,NHB250821192008.RAWNDNB,Long Range,1.0,2025-08-21 20:20:07,2025-08-21 20:20:07,NHB250821202007.RAWNDPL,Long Range,0.0
1493,2025-08-21 17:40:08,NHB250821174008.RAWNDL7,NHB250821174303.RAWNDLB,NHB250821175007.RAWNDLE,NHB250821175304.RAWNDLJ,2025-08-21 17:40:08,2025-08-21 17:40:08,NHB250821174008.RAWNDL7,Long Range,0.0,2025-08-21 18:40:08,2025-08-21 18:40:07,NHB250821184007.RAWNDMG,Long Range,1.0,2025-08-21 19:40:08,2025-08-21 19:40:08,NHB250821194008.RAWNDNS,Long Range,0.0,2025-08-21 20:40:08,2025-08-21 20:40:08,NHB250821204008.RAWNDR1,Long Range,0.0
1494,2025-08-21 18:00:07,NHB250821180007.RAWNDLM,NHB250821180304.RAWNDLS,NHB250821181008.RAWNDLV,NHB250821181304.RAWNDLZ,2025-08-21 18:00:07,2025-08-21 18:00:07,NHB250821180007.RAWNDLM,Long Range,0.0,2025-08-21 19:00:07,2025-08-21 19:00:08,NHB250821190008.RAWNDMX,Long Range,1.0,2025-08-21 20:00:07,2025-08-21 20:00:07,NHB250821200007.RAWNDP6,Long Range,0.0,2025-08-21 21:00:07,2025-08-21 21:00:08,NHB250821210008.RAWNDRF,Long Range,1.0
1495,2025-08-21 18:20:08,NHB250821182008.RAWNDM2,NHB250821182303.RAWNDM6,NHB250821183009.RAWNDM9,NHB250821183304.RAWNDMD,2025-08-21 18:20:08,2025-08-21 18:20:08,NHB250821182008.RAWNDM2,Long Range,0.0,2025-08-21 19:20:08,2025-08-21 19:20:08,NHB250821192008.RAWNDNB,Long Range,0.0,2025-08-21 20:20:08,2025-08-21 20:20:07,NHB250821202007.RAWNDPL,Long Range,1.0,2025-08-21 21:20:08,2025-08-21 21:20:08,NHB250821212008.RAWNDRW,Long Range,0.0
1496,2025-08-21 18:40:07,NHB250821184007.RAWNDMG,NHB250821184303.RAWNDML,NHB250821185007.RAWNDMP,NHB250821185303.RAWNDMU,2025-08-21 18:40:07,2025-08-21 18:40:07,NHB250821184007.RAWNDMG,Long Range,0.0,2025-08-21 19:40:07,2025-08-21 19:40:08,NHB250821194008.RAWNDNS,Long Range,1.0,2025-08-21 20:40:07,2025-08-21 20:40:08,NHB250821204008.RAWNDR1,Long Range,1.0,2025-08-21 21:40:07,2025-08-21 21:40:08,NHB250821214008.RAWNDSA,Long Range,1.0
1497,2025-08-21 19:00:08,NHB250821190008.RAWNDMX,NHB250821190304.RAWNDN1,NHB250821191008.RAWNDN4,NHB250821191304.RAWNDN8,2025-08-21 19:00:08,2025-08-21 19:00:08,NHB250821190008.RAWNDMX,Long Range,0.0,2025-08-21 20:00:08,2025-08-21 20:00:07,NHB250821200007.RAWNDP6,Long Range,1.0,2025-08-21 21:00:08,2025-08-21 21:00:08,NHB250821210008.RAWNDRF,Long Range,0.0,2025-08-21 22:00:08,2025-08-21 22:00:08,NHB250821220008.RAWNDSR,Long Range,0.0
1498,2025-08-21 19:20:08,NHB250821192008.RAWNDNB,NHB250821192303.RAWNDNF,NHB250821193008.RAWNDNJ,NHB250821193303.RAWNDNN,2025-08-21 19:20:08,2025-08-21 19:20:08,NHB250821192008.RAWNDNB,Long Range,0.0,2025-08-21 20:20:08,2025-08-21 20:20:07,NHB250821202007.RAWNDPL,Long Range,1.0,2025-08-21 21:20:08,2025-08-21 21:20:08,NHB250821212008.RAWNDRW,Long Range,0.0,2025-08-21 22:20:08,2025-08-21 22:20:08,NHB250821222008.RAWNDT5,Long Range,0.0
1499,2025-08-21 19:40:08,NHB250821194008.RAWNDNS,NHB250821194304.RAWNDNW,NHB250821195008.RAWNDNZ,NHB250821195303.RAWNDP3,2025-08-21 19:40:08,2025-08-21 19:40:08,NHB250821194008.RAWNDNS,Long Range,0.0,2025-08-21 20:40:08,2025-08-21 20:40:08,NHB250821204008.RAWNDR1,Long Range,0.0,2025-08-21 21:40:08,2025-08-21 21:40:08,NHB250821214008.RAWNDSA,Long Range,0.0,2025-08-21 22:40:08,2025-08-21 22:40:08,NHB250821224008.RAWNDTK,Long Range,0.0
1500,2025-08-21 20:00:07,NHB250821200007.RAWNDP6,NHB250821200303.RAWNDPA,NHB250821201008.RAWNDPD,NHB250821201303.RAWNDPH,2025-08-21 20:00:07,2025-08-21 20:00:07,NHB250821200007.RAWNDP6,Long Range,0.0,2025-08-21 21:00:07,2025-08-21 21:00:08,NHB250821210008.RAWNDRF,Long Range,1.0,2025-08-21 22:00:07,2025-08-21 22:00:08,NHB250821220008.RAWNDSR,Long Range,1.0,2025-08-21 23:00:07,2025-08-21 23:00:08,NHB250821230008.RAWNDU0,Long Range,1.0
1501,2025-08-21 20:20:07,NHB250821202007.RAWNDPL,NHB250821202304.RAWNDPR,NHB250821203008.RAWNDPU,NHB250821203303.RAWNDPY,2025-08-21 20:20:07,2025-08-21 20:20:07,NHB250821202007.RAWNDPL,Long Range,0.0,2025-08-21 21:20:07,2025-08-21 21:20:08,NHB250821212008.RAWNDRW,Long Range,1.0,2025-08-21 22:20:07,2025-08-21 22:20:08,NHB250821222008.RAWNDT5,Long Range,1.0,2025-08-21 23:20:07,2025-08-21 23:20:08,NHB250821232008.RAWNDUE,Long Range,1.0
1502,2025-08-21 20:40:08,NHB250821204008.RAWNDR1,NHB250821204304.RAWNDR5,NHB250821205007.RAWNDR8,NHB250821205303.RAWNDRC,2025-08-21 20:40:08,2025-08-21 20:40:08,NHB250821204008.RAWNDR1,Long Range,0.0,2025-08-21 21:40:08,2025-08-21 21:40:08,NHB250821214008.RAWNDSA,Long Range,0.0,2025-08-21 22:40:08,2025-08-21 22:40:08,NHB250821224008.RAWNDTK,Long Range,0.0,2025-08-21 23:40:08,2025-08-21 23:40:07,NHB250821234007.RAWNDUV,Long Range,1.0
1503,2025-08-21 21:00:08,NHB250821210008.RAWNDRF,NHB250821210303.RAWNDRK,NHB250821211008.RAWNDRN,NHB250821211304.RAWNDRT,2025-08-21 21:00:08,2025-08-21 21:00:08,NHB250821210008.RAWNDRF,Long Range,0.0,2025-08-21 22:00:08,2025-08-21 22:00:08,NHB250821220008.RAWNDSR,Long Range,0.0,2025-08-21 23:00:08,2025-08-21 23:00:08,NHB250821230008.RAWNDU0,Long Range,0.0,2025-08-22 00:00:08,2025-08-22 00:00:08,NHB250822000008.RAWNDV9,Long Range,0.0
1504,2025-08-21 21:20:08,NHB250821212008.RAWNDRW,NHB250821212303.RAWNDS0,NHB250821213008.RAWNDS3,NHB250821213304.RAWNDS7,2025-08-21 21:20:08,2025-08-21 21:20:08,NHB250821212008.RAWNDRW,Long Range,0.0,2025-08-21 22:20:08,2025-08-21 22:20:08,NHB250821222008.RAWNDT5,Long Range,0.0,2025-08-21 23:20:08,2025-08-21 23:20:08,NHB250821232008.RAWNDUE,Long Range,0.0,2025-08-22 00:20:08,2025-08-22 00:20:08,NHB250822002008.RAWNDVP,Long Range,0.0
1505,2025-08-21 21:40:08,NHB250821214008.RAWNDSA,NHB250821214304.RAWNDSE,NHB250821215007.RAWNDSH,NHB250821215303.RAWNDSM,2025-08-21 21:40:08,2025-08-21 21:40:08,NHB250821214008.RAWNDSA,Long Range,0.0,2025-08-21 22:40:08,2025-08-21 22:40:08,NHB250821224008.RAWNDTK,Long Range,0.0,2025-08-21 23:40:08,2025-08-21 23:40:07,NHB250821234007.RAWNDUV,Long Range,1.0,2025-08-22 00:40:08,2025-08-22 00:40:07,NHB250822004007.RAWNDW4,Long Range,1.0
1506,2025-08-21 22:00:08,NHB250821220008.RAWNDSR,NHB250821220303.RAWNDSV,NHB250821221007.RAWNDSY,NHB250821221304.RAWNDT2,2025-08-21 22:00:08,2025-08-21 22:00:08,NHB250821220008.RAWNDSR,Long Range,0.0,2025-08-21 23:00:08,2025-08-21 23:00:08,NHB250821230008.RAWNDU0,Long Range,0.0,2025-08-22 00:00:08,2025-08-22 00:00:08,NHB250822000008.RAWNDV9,Long Range,0.0,2025-08-22 01:00:08,2025-08-22 01:00:07,NHB250822010007.RAWNDWJ,Long Range,1.0
1507,2025-08-21 22:20:08,NHB250821222008.RAWNDT5,NHB250821222303.RAWNDT9,NHB250821223008.RAWNDTC,NHB250821223304.RAWNDTG,2025-08-21 22:20:08,2025-08-21 22:20:08,NHB250821222008.RAWNDT5,Long Range,0.0,2025-08-21 23:20:08,2025-08-21 23:20:08,NHB250821232008.RAWNDUE,Long Range,0.0,2025-08-22 00:20:08,2025-08-22 00:20:08,NHB250822002008.RAWNDVP,Long Range,0.0,2025-08-22 01:20:08,2025-08-22 01:20:07,NHB250822012007.RAWNDWZ,Long Range,1.0
1508,2025-08-21 22:40:08,NHB250821224008.RAWNDTK,NHB250821224303.RAWNDTP,NHB250821225008.RAWNDTT,NHB250821225304.RAWNDTX,2025-08-21 22:40:08,2025-08-21 22:40:08,NHB250821224008.RAWNDTK,Long Range,0.0,2025-08-21 23:40:08,2025-08-21 23:40:07,NHB250821234007.RAWNDUV,Long Range,1.0,2025-08-22 00:40:08,2025-08-22 00:40:07,NHB250822004007.RAWNDW4,Long Range,1.0,2025-08-22 01:40:08,2025-08-22 01:40:08,NHB250822014008.RAWNDXD,Long Range,0.0
1509,2025-08-21 23:00:08,NHB250821230008.RAWNDU0,NHB250821230304.RAWNDU4,NHB250821231008.RAWNDU7,NHB250821231303.RAWNDUB,2025-08-21 23:00:08,2025-08-21 23:00:08,NHB250821230008.RAWNDU0,Long Range,0.0,2025-08-22 00:00:08,2025-08-22 00:00:08,NHB250822000008.RAWNDV9,Long Range,0.0,2025-08-22 01:00:08,2025-08-22 01:00:07,NHB250822010007.RAWNDWJ,Long Range,1.0,2025-08-22 02:00:08,2025-08-22 02:00:07,NHB250822020007.RAWNDXU,Long Range,1.0
1510,2025-08-21 23:20:08,NHB250821232008.RAWNDUE,NHB250821232303.RAWNDUJ,NHB250821233008.RAWNDUM,NHB250821233304.RAWNDUS,2025-08-21 23:20:08,2025-08-21 23:20:08,NHB250821232008.RAWNDUE,Long Range,0.0,2025-08-22 00:20:08,2025-08-22 00:20:08,NHB250822002008.RAWNDVP,Long Range,0.0,2025-08-22 01:20:08,2025-08-22 01:20:07,NHB250822012007.RAWNDWZ,Long Range,1.0,2025-08-22 02:20:08,2025-08-22 02:20:08,NHB250822022008.RAWNDY8,Long Range,0.0
1511,2025-08-21 23:40:07,NHB250821234007.RAWNDUV,NHB250821234303.RAWNDUZ,NHB250821235007.RAWNDV2,NHB250821235303.RAWNDV6,2025-08-21 23:40:07,2025-08-21 23:40:07,NHB250821234007.RAWNDUV,Long Range,0.0,2025-08-22 00:40:07,2025-08-22 00:40:07,NHB250822004007.RAWNDW4,Long Range,0.0,2025-08-22 01:40:07,2025-08-22 01:40:08,NHB250822014008.RAWNDXD,Long Range,1.0,2025-08-22 02:40:07,2025-08-22 02:40:08,NHB250822024008.RAWNDYN,Long Range,1.0
1512,2025-08-22 00:00:08,NHB250822000008.RAWNDV9,NHB250822000303.RAWNDVD,NHB250822001008.RAWNDVG,NHB250822001303.RAWNDVL,2025-08-22 00:00:08,2025-08-22 00:00:08,NHB250822000008.RAWNDV9,Long Range,0.0,2025-08-22 01:00:08,2025-08-22 01:00:07,NHB250822010007.RAWNDWJ,Long Range,1.0,2025-08-22 02:00:08,2025-08-22 02:00:07,NHB250822020007.RAWNDXU,Long Range,1.0,2025-08-22 03:00:08,2025-08-22 03:00:08,NHB250822030008.RAWNDZ3,Long Range,0.0
1513,2025-08-22 00:20:08,NHB250822002008.RAWNDVP,NHB250822002304.RAWNDVU,NHB250822003007.RAWNDVX,NHB250822003304.RAWNDW1,2025-08-22 00:20:08,2025-08-22 00:20:08,NHB250822002008.RAWNDVP,Long Range,0.0,2025-08-22 01:20:08,2025-08-22 01:20:07,NHB250822012007.RAWNDWZ,Long Range,1.0,2025-08-22 02:20:08,2025-08-22 02:20:08,NHB250822022008.RAWNDY8,Long Range,0.0,2025-08-22 03:20:08,2025-08-22 03:20:07,NHB250822032007.RAWNDZH,Long Range,1.0
1514,2025-08-22 00:40:07,NHB250822004007.RAWNDW4,NHB250822004304.RAWNDW8,NHB250822005007.RAWNDWB,NHB250822005303.RAWNDWF,2025-08-22 00:40:07,2025-08-22 00:40:07,NHB250822004007.RAWNDW4,Long Range,0.0,2025-08-22 01:40:07,2025-08-22 01:40:08,NHB250822014008.RAWNDXD,Long Range,1.0,2025-08-22 02:40:07,2025-08-22 02:40:08,NHB250822024008.RAWNDYN,Long Range,1.0,2025-08-22 03:40:07,2025-08-22 03:40:08,NHB250822034008.RAWNDZY,Long Range,1.0
1515,2025-08-22 01:00:07,NHB250822010007.RAWNDWJ,NHB250822010304.RAWNDWN,NHB250822011008.RAWNDWS,NHB250822011303.RAWNDWW,2025-08-22 01:00:07,2025-08-22 01:00:07,NHB250822010007.RAWNDWJ,Long Range,0.0,2025-08-22 02:00:07,2025-08-22 02:00:07,NHB250822020007.RAWNDXU,Long Range,0.0,2025-08-22 03:00:07,2025-08-22 03:00:08,NHB250822030008.RAWNDZ3,Long Range,1.0,2025-08-22 04:00:07,2025-08-22 04:00:07,NHB250822040007.RAWNE0C,Long Range,0.0
1516,2025-08-22 01:20:07,NHB250822012007.RAWNDWZ,NHB250822012303.RAWNDX3,NHB250822013008.RAWNDX6,NHB250822013304.RAWNDXA,2025-08-22 01:20:07,2025-08-22 01:20:07,NHB250822012007.RAWNDWZ,Long Range,0.0,2025-08-22 02:20:07,2025-08-22 02:20:08,NHB250822022008.RAWNDY8,Long Range,1.0,2025-08-22 03:20:07,2025-08-22 03:20:07,NHB250822032007.RAWNDZH,Long Range,0.0,2025-08-22 04:20:07,2025-08-22 04:20:07,NHB250822042007.RAWNE0T,Long Range,0.0
1517,2025-08-22 01:40:08,NHB250822014008.RAWNDXD,NHB250822014305.RAWNDXH,NHB250822015008.RAWNDXL,NHB250822015304.RAWNDXR,2025-08-22 01:40:08,2025-08-22 01:40:08,NHB250822014008.RAWNDXD,Long Range,0.0,2025-08-22 02:40:08,2025-08-22 02:40:08,NHB250822024008.RAWNDYN,Long Range,0.0,2025-08-22 03:40:08,2025-08-22 03:40:08,NHB250822034008.RAWNDZY,Long Range,0.0,2025-08-22 04:40:08,2025-08-22 04:40:07,NHB250822044007.RAWNE17,Long Range,1.0
1518,2025-08-22 02:00:07,NHB250822020007.RAWNDXU,NHB250822020303.RAWNDXY,NHB250822021007.RAWNDY1,NHB250822021304.RAWNDY5,2025-08-22 02:00:07,2025-08-22 02:00:07,NHB250822020007.RAWNDXU,Long Range,0.0,2025-08-22 03:00:07,2025-08-22 03:00:08,NHB250822030008.RAWNDZ3,Long Range,1.0,2025-08-22 04:00:07,2025-08-22 04:00:07,NHB250822040007.RAWNE0C,Long Range,0.0,2025-08-22 05:00:07,2025-08-22 05:00:08,NHB250822050008.RAWNE1M,Long Range,1.0
1519,2025-08-22 02:20:08,NHB250822022008.RAWNDY8,NHB250822022303.RAWNDYC,NHB250822023007.RAWNDYF,NHB250822023304.RAWNDYK,2025-08-22 02:20:08,2025-08-22 02:20:08,NHB250822022008.RAWNDY8,Long Range,0.0,2025-08-22 03:20:08,2025-08-22 03:20:07,NHB250822032007.RAWNDZH,Long Range,1.0,2025-08-22 04:20:08,2025-08-22 04:20:07,NHB250822042007.RAWNE0T,Long Range,1.0,2025-08-22 05:20:08,2025-08-22 05:20:07,NHB250822052007.RAWNE22,Long Range,1.0
1520,2025-08-22 02:40:08,NHB250822024008.RAWNDYN,NHB250822024304.RAWNDYT,NHB250822025008.RAWNDYW,NHB250822025303.RAWNDZ0,2025-08-22 02:40:08,2025-08-22 02:40:08,NHB250822024008.RAWNDYN,Long Range,0.0,2025-08-22 03:40:08,2025-08-22 03:40:08,NHB250822034008.RAWNDZY,Long Range,0.0,2025-08-22 04:40:08,2025-08-22 04:40:07,NHB250822044007.RAWNE17,Long Range,1.0,2025-08-22 05:40:08,2025-08-22 05:40:07,NHB250822054007.RAWNE2G,Long Range,1.0
1521,2025-08-22 03:00:08,NHB250822030008.RAWNDZ3,NHB250822030304.RAWNDZ7,NHB250822031008.RAWNDZA,NHB250822031303.RAWNDZE,2025-08-22 03:00:08,2025-08-22 03:00:08,NHB250822030008.RAWNDZ3,Long Range,0.0,2025-08-22 04:00:08,2025-08-22 04:00:07,NHB250822040007.RAWNE0C,Long Range,1.0,2025-08-22 05:00:08,2025-08-22 05:00:08,NHB250822050008.RAWNE1M,Long Range,0.0,2025-08-22 06:00:08,2025-08-22 06:00:08,NHB250822060008.RAWNE2X,Long Range,0.0
1522,2025-08-22 03:20:07,NHB250822032007.RAWNDZH,NHB250822032303.RAWNDZM,NHB250822033008.RAWNDZR,NHB250822033304.RAWNDZV,2025-08-22 03:20:07,2025-08-22 03:20:07,NHB250822032007.RAWNDZH,Long Range,0.0,2025-08-22 04:20:07,2025-08-22 04:20:07,NHB250822042007.RAWNE0T,Long Range,0.0,2025-08-22 05:20:07,2025-08-22 05:20:07,NHB250822052007.RAWNE22,Long Range,0.0,2025-08-22 06:20:07,2025-08-22 06:20:08,NHB250822062008.RAWNE3B,Long Range,1.0
1523,2025-08-22 03:40:08,NHB250822034008.RAWNDZY,NHB250822034303.RAWNE02,NHB250822035007.RAWNE05,NHB250822035304.RAWNE09,2025-08-22 03:40:08,2025-08-22 03:40:08,NHB250822034008.RAWNDZY,Long Range,0.0,2025-08-22 04:40:08,2025-08-22 04:40:07,NHB250822044007.RAWNE17,Long Range,1.0,2025-08-22 05:40:08,2025-08-22 05:40:07,NHB250822054007.RAWNE2G,Long Range,1.0,2025-08-22 06:40:08,2025-08-22 06:40:08,NHB250822064008.RAWNE3S,Long Range,0.0
1524,2025-08-22 04:00:07,NHB250822040007.RAWNE0C,NHB250822040303.RAWNE0G,NHB250822041007.RAWNE0K,NHB250822041305.RAWNE0P,2025-08-22 04:00:07,2025-08-22 04:00:07,NHB250822040007.RAWNE0C,Long Range,0.0,2025-08-22 05:00:07,2025-08-22 05:00:08,NHB250822050008.RAWNE1M,Long Range,1.0,2025-08-22 06:00:07,2025-08-22 06:00:08,NHB250822060008.RAWNE2X,Long Range,1.0,2025-08-22 07:00:07,2025-08-22 07:00:08,NHB250822070008.RAWNE46,Long Range,1.0
1525,2025-08-22 04:20:07,NHB250822042007.RAWNE0T,NHB250822042304.RAWNE0X,NHB250822043008.RAWNE10,NHB250822043303.RAWNE14,2025-08-22 04:20:07,2025-08-22 04:20:07,NHB250822042007.RAWNE0T,Long Range,0.0,2025-08-22 05:20:07,2025-08-22 05:20:07,NHB250822052007.RAWNE22,Long Range,0.0,2025-08-22 06:20:07,2025-08-22 06:20:08,NHB250822062008.RAWNE3B,Long Range,1.0,2025-08-22 07:20:07,2025-08-22 07:20:08,NHB250822072008.RAWNE4L,Long Range,1.0
1526,2025-08-22 04:40:07,NHB250822044007.RAWNE17,NHB250822044304.RAWNE1B,NHB250822045008.RAWNE1E,NHB250822045304.RAWNE1J,2025-08-22 04:40:07,2025-08-22 04:40:07,NHB250822044007.RAWNE17,Long Range,0.0,2025-08-22 05:40:07,2025-08-22 05:40:07,NHB250822054007.RAWNE2G,Long Range,0.0,2025-08-22 06:40:07,2025-08-22 06:40:08,NHB250822064008.RAWNE3S,Long Range,1.0,2025-08-22 07:40:07,2025-08-22 07:40:07,NHB250822074007.RAWNE51,Long Range,0.0
1527,2025-08-22 05:00:08,NHB250822050008.RAWNE1M,NHB250822050303.RAWNE1S,NHB250822051008.RAWNE1V,NHB250822051303.RAWNE1Z,2025-08-22 05:00:08,2025-08-22 05:00:08,NHB250822050008.RAWNE1M,Long Range,0.0,2025-08-22 06:00:08,2025-08-22 06:00:08,NHB250822060008.RAWNE2X,Long Range,0.0,2025-08-22 07:00:08,2025-08-22 07:00:08,NHB250822070008.RAWNE46,Long Range,0.0,2025-08-22 08:00:08,2025-08-22 08:00:08,NHB250822080008.RAWNE5F,Long Range,0.0
1528,2025-08-22 05:20:07,NHB250822052007.RAWNE22,NHB250822052304.RAWNE26,NHB250822053008.RAWNE29,NHB250822053304.RAWNE2D,2025-08-22 05:20:07,2025-08-22 05:20:07,NHB250822052007.RAWNE22,Long Range,0.0,2025-08-22 06:20:07,2025-08-22 06:20:08,NHB250822062008.RAWNE3B,Long Range,1.0,2025-08-22 07:20:07,2025-08-22 07:20:08,NHB250822072008.RAWNE4L,Long Range,1.0,2025-08-22 08:20:07,2025-08-22 08:20:08,NHB250822082008.RAWNE5W,Long Range,1.0
1529,2025-08-22 05:40:07,NHB250822054007.RAWNE2G,NHB250822054303.RAWNE2L,NHB250822055007.RAWNE2P,NHB250822055304.RAWNE2U,2025-08-22 05:40:07,2025-08-22 05:40:07,NHB250822054007.RAWNE2G,Long Range,0.0,2025-08-22 06:40:07,2025-08-22 06:40:08,NHB250822064008.RAWNE3S,Long Range,1.0,2025-08-22 07:40:07,2025-08-22 07:40:07,NHB250822074007.RAWNE51,Long Range,0.0,2025-08-22 08:40:07,2025-08-22 08:40:08,NHB250822084008.RAWNE6A,Long Range,1.0
1530,2025-08-22 06:00:08,NHB250822060008.RAWNE2X,NHB250822060305.RAWNE31,NHB250822061008.RAWNE34,NHB250822061304.RAWNE38,2025-08-22 06:00:08,2025-08-22 06:00:08,NHB250822060008.RAWNE2X,Long Range,0.0,2025-08-22 07:00:08,2025-08-22 07:00:08,NHB250822070008.RAWNE46,Long Range,0.0,2025-08-22 08:00:08,2025-08-22 08:00:08,NHB250822080008.RAWNE5F,Long Range,0.0,2025-08-22 09:00:08,2025-08-22 09:00:08,NHB250822090008.RAWNE6R,Long Range,0.0
1531,2025-08-22 06:20:08,NHB250822062008.RAWNE3B,NHB250822062303.RAWNE3F,NHB250822063008.RAWNE3J,NHB250822063304.RAWNE3N,2025-08-22 06:20:08,2025-08-22 06:20:08,NHB250822062008.RAWNE3B,Long Range,0.0,2025-08-22 07:20:08,2025-08-22 07:20:08,NHB250822072008.RAWNE4L,Long Range,0.0,2025-08-22 08:20:08,2025-08-22 08:20:08,NHB250822082008.RAWNE5W,Long Range,0.0,2025-08-22 09:20:08,2025-08-22 09:20:08,NHB250822092008.RAWNE75,Long Range,0.0
1532,2025-08-22 06:40:08,NHB250822064008.RAWNE3S,NHB250822064304.RAWNE3W,NHB250822065007.RAWNE3Z,NHB250822065304.RAWNE43,2025-08-22 06:40:08,2025-08-22 06:40:08,NHB250822064008.RAWNE3S,Long Range,0.0,2025-08-22 07:40:08,2025-08-22 07:40:07,NHB250822074007.RAWNE51,Long Range,1.0,2025-08-22 08:40:08,2025-08-22 08:40:08,NHB250822084008.RAWNE6A,Long Range,0.0,2025-08-22 09:40:08,2025-08-22 09:40:08,NHB250822094008.RAWNE7K,Long Range,0.0
1533,2025-08-22 07:00:08,NHB250822070008.RAWNE46,NHB250822070304.RAWNE4A,NHB250822071008.RAWNE4D,NHB250822071303.RAWNE4H,2025-08-22 07:00:08,2025-08-22 07:00:08,NHB250822070008.RAWNE46,Long Range,0.0,2025-08-22 08:00:08,2025-08-22 08:00:08,NHB250822080008.RAWNE5F,Long Range,0.0,2025-08-22 09:00:08,2025-08-22 09:00:08,NHB250822090008.RAWNE6R,Long Range,0.0,2025-08-22 10:00:08,2025-08-22 10:00:07,NHB250822100007.RAWNE80,Long Range,1.0
1534,2025-08-22 07:20:08,NHB250822072008.RAWNE4L,NHB250822072304.RAWNE4R,NHB250822073008.RAWNE4U,NHB250822073304.RAWNE4Y,2025-08-22 07:20:08,2025-08-22 07:20:08,NHB250822072008.RAWNE4L,Long Range,0.0,2025-08-22 08:20:08,2025-08-22 08:20:08,NHB250822082008.RAWNE5W,Long Range,0.0,2025-08-22 09:20:08,2025-08-22 09:20:08,NHB250822092008.RAWNE75,Long Range,0.0,2025-08-22 10:20:08,2025-08-22 10:20:08,NHB250822102008.RAWNE8E,Long Range,0.0
1535,2025-08-22 07:40:07,NHB250822074007.RAWNE51,NHB250822074303.RAWNE55,NHB250822075007.RAWNE58,NHB250822075304.RAWNE5C,2025-08-22 07:40:07,2025-08-22 07:40:07,NHB250822074007.RAWNE51,Long Range,0.0,2025-08-22 08:40:07,2025-08-22 08:40:08,NHB250822084008.RAWNE6A,Long Range,1.0,2025-08-22 09:40:07,2025-08-22 09:40:08,NHB250822094008.RAWNE7K,Long Range,1.0,2025-08-22 10:40:07,2025-08-22 10:40:07,NHB250822104007.RAWNE8V,Long Range,0.0
1536,2025-08-22 08:00:08,NHB250822080008.RAWNE5F,NHB250822080303.RAWNE5K,NHB250822081008.RAWNE5N,NHB250822081303.RAWNE5T,2025-08-22 08:00:08,2025-08-22 08:00:08,NHB250822080008.RAWNE5F,Long Range,0.0,2025-08-22 09:00:08,2025-08-22 09:00:08,NHB250822090008.RAWNE6R,Long Range,0.0,2025-08-22 10:00:08,2025-08-22 10:00:07,NHB250822100007.RAWNE80,Long Range,1.0,2025-08-22 11:00:08,2025-08-22 11:00:07,NHB250822110007.RAWNE99,Long Range,1.0
1537,2025-08-22 08:20:08,NHB250822082008.RAWNE5W,NHB250822082303.RAWNE60,NHB250822083007.RAWNE63,NHB250822083303.RAWNE67,2025-08-22 08:20:08,2025-08-22 08:20:08,NHB250822082008.RAWNE5W,Long Range,0.0,2025-08-22 09:20:08,2025-08-22 09:20:08,NHB250822092008.RAWNE75,Long Range,0.0,2025-08-22 10:20:08,2025-08-22 10:20:08,NHB250822102008.RAWNE8E,Long Range,0.0,2025-08-22 11:20:08,2025-08-22 11:20:08,NHB250822112008.RAWNE9P,Long Range,0.0
1538,2025-08-22 08:40:08,NHB250822084008.RAWNE6A,NHB250822084303.RAWNE6E,NHB250822085008.RAWNE6H,NHB250822085304.RAWNE6M,2025-08-22 08:40:08,2025-08-22 08:40:08,NHB250822084008.RAWNE6A,Long Range,0.0,2025-08-22 09:40:08,2025-08-22 09:40:08,NHB250822094008.RAWNE7K,Long Range,0.0,2025-08-22 10:40:08,2025-08-22 10:40:07,NHB250822104007.RAWNE8V,Long Range,1.0,2025-08-22 11:40:08,2025-08-22 11:40:08,NHB250822114008.RAWNEA4,Long Range,0.0
1539,2025-08-22 09:00:08,NHB250822090008.RAWNE6R,NHB250822090303.RAWNE6V,NHB250822091008.RAWNE6Y,NHB250822091304.RAWNE72,2025-08-22 09:00:08,2025-08-22 09:00:08,NHB250822090008.RAWNE6R,Long Range,0.0,2025-08-22 10:00:08,2025-08-22 10:00:07,NHB250822100007.RAWNE80,Long Range,1.0,2025-08-22 11:00:08,2025-08-22 11:00:07,NHB250822110007.RAWNE99,Long Range,1.0,2025-08-22 12:00:08,2025-08-22 12:00:07,NHB250822120007.RAWNEAJ,Long Range,1.0
1540,2025-08-22 09:20:08,NHB250822092008.RAWNE75,NHB250822092304.RAWNE79,NHB250822093008.RAWNE7C,NHB250822093304.RAWNE7G,2025-08-22 09:20:08,2025-08-22 09:20:08,NHB250822092008.RAWNE75,Long Range,0.0,2025-08-22 10:20:08,2025-08-22 10:20:08,NHB250822102008.RAWNE8E,Long Range,0.0,2025-08-22 11:20:08,2025-08-22 11:20:08,NHB250822112008.RAWNE9P,Long Range,0.0,2025-08-22 12:20:08,2025-08-22 12:20:08,NHB250822122008.RAWNEAZ,Long Range,0.0
1541,2025-08-22 09:40:08,NHB250822094008.RAWNE7K,NHB250822094303.RAWNE7P,NHB250822095008.RAWNE7T,NHB250822095304.RAWNE7X,2025-08-22 09:40:08,2025-08-22 09:40:08,NHB250822094008.RAWNE7K,Long Range,0.0,2025-08-22 10:40:08,2025-08-22 10:40:07,NHB250822104007.RAWNE8V,Long Range,1.0,2025-08-22 11:40:08,2025-08-22 11:40:08,NHB250822114008.RAWNEA4,Long Range,0.0,2025-08-22 12:40:08,2025-08-22 12:40:08,NHB250822124008.RAWNEBD,Long Range,0.0
1542,2025-08-22 10:00:07,NHB250822100007.RAWNE80,NHB250822100305.RAWNE84,NHB250822101008.RAWNE87,NHB250822101303.RAWNE8B,2025-08-22 10:00:07,2025-08-22 10:00:07,NHB250822100007.RAWNE80,Long Range,0.0,2025-08-22 11:00:07,2025-08-22 11:00:07,NHB250822110007.RAWNE99,Long Range,0.0,2025-08-22 12:00:07,2025-08-22 12:00:07,NHB250822120007.RAWNEAJ,Long Range,0.0,2025-08-22 13:00:07,2025-08-22 13:00:07,NHB250822130007.RAWNEBU,Long Range,0.0
1543,2025-08-22 10:20:08,NHB250822102008.RAWNE8E,NHB250822102303.RAWNE8J,NHB250822103009.RAWNE8M,NHB250822103303.RAWNE8S,2025-08-22 10:20:08,2025-08-22 10:20:08,NHB250822102008.RAWNE8E,Long Range,0.0,2025-08-22 11:20:08,2025-08-22 11:20:08,NHB250822112008.RAWNE9P,Long Range,0.0,2025-08-22 12:20:08,2025-08-22 12:20:08,NHB250822122008.RAWNEAZ,Long Range,0.0,2025-08-22 13:20:08,2025-08-22 13:20:07,NHB250822132007.RAWNEC8,Long Range,1.0
1544,2025-08-22 10:40:07,NHB250822104007.RAWNE8V,NHB250822104303.RAWNE8Z,NHB250822105009.RAWNE92,NHB250822105303.RAWNE96,2025-08-22 10:40:07,2025-08-22 10:40:07,NHB250822104007.RAWNE8V,Long Range,0.0,2025-08-22 11:40:07,2025-08-22 11:40:08,NHB250822114008.RAWNEA4,Long Range,1.0,2025-08-22 12:40:07,2025-08-22 12:40:08,NHB250822124008.RAWNEBD,Long Range,1.0,2025-08-22 13:40:07,2025-08-22 13:40:08,NHB250822134008.RAWNECN,Long Range,1.0
1545,2025-08-22 11:00:07,NHB250822110007.RAWNE99,NHB250822110304.RAWNE9D,NHB250822111008.RAWNE9G,NHB250822111304.RAWNE9L,2025-08-22 11:00:07,2025-08-22 11:00:07,NHB250822110007.RAWNE99,Long Range,0.0,2025-08-22 12:00:07,2025-08-22 12:00:07,NHB250822120007.RAWNEAJ,Long Range,0.0,2025-08-22 13:00:07,2025-08-22 13:00:07,NHB250822130007.RAWNEBU,Long Range,0.0,2025-08-22 14:00:07,2025-08-22 14:00:08,NHB250822140008.RAWNED3,Long Range,1.0
1546,2025-08-22 11:20:08,NHB250822112008.RAWNE9P,NHB250822112304.RAWNE9U,NHB250822113007.RAWNE9X,NHB250822113304.RAWNEA1,2025-08-22 11:20:08,2025-08-22 11:20:08,NHB250822112008.RAWNE9P,Long Range,0.0,2025-08-22 12:20:08,2025-08-22 12:20:08,NHB250822122008.RAWNEAZ,Long Range,0.0,2025-08-22 13:20:08,2025-08-22 13:20:07,NHB250822132007.RAWNEC8,Long Range,1.0,2025-08-22 14:20:08,2025-08-22 14:20:07,NHB250822142007.RAWNEDH,Long Range,1.0
1547,2025-08-22 11:40:08,NHB250822114008.RAWNEA4,NHB250822114305.RAWNEA8,NHB250822115007.RAWNEAB,NHB250822115303.RAWNEAF,2025-08-22 11:40:08,2025-08-22 11:40:08,NHB250822114008.RAWNEA4,Long Range,0.0,2025-08-22 12:40:08,2025-08-22 12:40:08,NHB250822124008.RAWNEBD,Long Range,0.0,2025-08-22 13:40:08,2025-08-22 13:40:08,NHB250822134008.RAWNECN,Long Range,0.0,2025-08-22 14:40:08,2025-08-22 14:40:08,NHB250822144008.RAWNEDY,Long Range,0.0
1548,2025-08-22 12:00:07,NHB250822120007.RAWNEAJ,NHB250822120303.RAWNEAN,NHB250822121008.RAWNEAS,NHB250822121303.RAWNEAW,2025-08-22 12:00:07,2025-08-22 12:00:07,NHB250822120007.RAWNEAJ,Long Range,0.0,2025-08-22 13:00:07,2025-08-22 13:00:07,NHB250822130007.RAWNEBU,Long Range,0.0,2025-08-22 14:00:07,2025-08-22 14:00:08,NHB250822140008.RAWNED3,Long Range,1.0,2025-08-22 15:00:07,2025-08-22 15:00:07,NHB250822150007.RAWNEEC,Long Range,0.0
1549,2025-08-22 12:20:08,NHB250822122008.RAWNEAZ,NHB250822122303.RAWNEB3,NHB250822123007.RAWNEB6,NHB250822123303.RAWNEBA,2025-08-22 12:20:08,2025-08-22 12:20:08,NHB250822122008.RAWNEAZ,Long Range,0.0,2025-08-22 13:20:08,2025-08-22 13:20:07,NHB250822132007.RAWNEC8,Long Range,1.0,2025-08-22 14:20:08,2025-08-22 14:20:07,NHB250822142007.RAWNEDH,Long Range,1.0,2025-08-22 15:20:08,2025-08-22 15:20:08,NHB250822152008.RAWNEET,Long Range,0.0
1550,2025-08-22 12:40:08,NHB250822124008.RAWNEBD,NHB250822124303.RAWNEBH,NHB250822125007.RAWNEBL,NHB250822125303.RAWNEBR,2025-08-22 12:40:08,2025-08-22 12:40:08,NHB250822124008.RAWNEBD,Long Range,0.0,2025-08-22 13:40:08,2025-08-22 13:40:08,NHB250822134008.RAWNECN,Long Range,0.0,2025-08-22 14:40:08,2025-08-22 14:40:08,NHB250822144008.RAWNEDY,Long Range,0.0,2025-08-22 15:40:08,2025-08-22 15:40:08,NHB250822154008.RAWNEF7,Long Range,0.0
1551,2025-08-22 13:00:07,NHB250822130007.RAWNEBU,NHB250822130304.RAWNEBY,NHB250822131007.RAWNEC1,NHB250822131303.RAWNEC5,2025-08-22 13:00:07,2025-08-22 13:00:07,NHB250822130007.RAWNEBU,Long Range,0.0,2025-08-22 14:00:07,2025-08-22 14:00:08,NHB250822140008.RAWNED3,Long Range,1.0,2025-08-22 15:00:07,2025-08-22 15:00:07,NHB250822150007.RAWNEEC,Long Range,0.0,2025-08-22 16:00:07,2025-08-22 16:00:08,NHB250822160008.RAWNEFM,Long Range,1.0
1552,2025-08-22 13:20:07,NHB250822132007.RAWNEC8,NHB250822132304.RAWNECC,NHB250822133007.RAWNECF,NHB250822133304.RAWNECK,2025-08-22 13:20:07,2025-08-22 13:20:07,NHB250822132007.RAWNEC8,Long Range,0.0,2025-08-22 14:20:07,2025-08-22 14:20:07,NHB250822142007.RAWNEDH,Long Range,0.0,2025-08-22 15:20:07,2025-08-22 15:20:08,NHB250822152008.RAWNEET,Long Range,1.0,2025-08-22 16:20:07,2025-08-22 16:20:08,NHB250822162008.RAWNEG2,Long Range,1.0
1553,2025-08-22 13:40:08,NHB250822134008.RAWNECN,NHB250822134303.RAWNECT,NHB250822135007.RAWNECW,NHB250822135305.RAWNED0,2025-08-22 13:40:08,2025-08-22 13:40:08,NHB250822134008.RAWNECN,Long Range,0.0,2025-08-22 14:40:08,2025-08-22 14:40:08,NHB250822144008.RAWNEDY,Long Range,0.0,2025-08-22 15:40:08,2025-08-22 15:40:08,NHB250822154008.RAWNEF7,Long Range,0.0,2025-08-22 16:40:08,2025-08-22 16:40:08,NHB250822164008.RAWNEGG,Long Range,0.0
1554,2025-08-22 14:00:08,NHB250822140008.RAWNED3,NHB250822140304.RAWNED7,NHB250822141008.RAWNEDA,NHB250822141304.RAWNEDE,2025-08-22 14:00:08,2025-08-22 14:00:08,NHB250822140008.RAWNED3,Long Range,0.0,2025-08-22 15:00:08,2025-08-22 15:00:07,NHB250822150007.RAWNEEC,Long Range,1.0,2025-08-22 16:00:08,2025-08-22 16:00:08,NHB250822160008.RAWNEFM,Long Range,0.0,2025-08-22 17:00:08,2025-08-22 17:00:08,NHB250822170008.RAWNEGX,Long Range,0.0
1555,2025-08-22 14:20:07,NHB250822142007.RAWNEDH,NHB250822142303.RAWNEDM,NHB250822143007.RAWNEDR,NHB250822143303.RAWNEDV,2025-08-22 14:20:07,2025-08-22 14:20:07,NHB250822142007.RAWNEDH,Long Range,0.0,2025-08-22 15:20:07,2025-08-22 15:20:08,NHB250822152008.RAWNEET,Long Range,1.0,2025-08-22 16:20:07,2025-08-22 16:20:08,NHB250822162008.RAWNEG2,Long Range,1.0,2025-08-22 17:20:07,2025-08-22 17:20:07,NHB250822172007.RAWNEHB,Long Range,0.0
1556,2025-08-22 14:40:08,NHB250822144008.RAWNEDY,NHB250822144303.RAWNEE2,NHB250822145008.RAWNEE5,NHB250822145303.RAWNEE9,2025-08-22 14:40:08,2025-08-22 14:40:08,NHB250822144008.RAWNEDY,Long Range,0.0,2025-08-22 15:40:08,2025-08-22 15:40:08,NHB250822154008.RAWNEF7,Long Range,0.0,2025-08-22 16:40:08,2025-08-22 16:40:08,NHB250822164008.RAWNEGG,Long Range,0.0,2025-08-22 17:40:08,2025-08-22 17:40:07,NHB250822174007.RAWNEHS,Long Range,1.0
1557,2025-08-22 15:00:07,NHB250822150007.RAWNEEC,NHB250822150303.RAWNEEG,NHB250822151007.RAWNEEK,NHB250822151303.RAWNEEP,2025-08-22 15:00:07,2025-08-22 15:00:07,NHB250822150007.RAWNEEC,Long Range,0.0,2025-08-22 16:00:07,2025-08-22 16:00:08,NHB250822160008.RAWNEFM,Long Range,1.0,2025-08-22 17:00:07,2025-08-22 17:00:08,NHB250822170008.RAWNEGX,Long Range,1.0,2025-08-22 18:00:07,2025-08-22 18:00:08,NHB250822180008.RAWNEJ6,Long Range,1.0
1558,2025-08-22 15:20:08,NHB250822152008.RAWNEET,NHB250822152303.RAWNEEX,NHB250822153007.RAWNEF0,NHB250822153304.RAWNEF4,2025-08-22 15:20:08,2025-08-22 15:20:08,NHB250822152008.RAWNEET,Long Range,0.0,2025-08-22 16:20:08,2025-08-22 16:20:08,NHB250822162008.RAWNEG2,Long Range,0.0,2025-08-22 17:20:08,2025-08-22 17:20:07,NHB250822172007.RAWNEHB,Long Range,1.0,2025-08-22 18:20:08,2025-08-22 18:20:07,NHB250822182007.RAWNEJL,Long Range,1.0
1559,2025-08-22 15:40:08,NHB250822154008.RAWNEF7,NHB250822154304.RAWNEFB,NHB250822155007.RAWNEFE,NHB250822155304.RAWNEFJ,2025-08-22 15:40:08,2025-08-22 15:40:08,NHB250822154008.RAWNEF7,Long Range,0.0,2025-08-22 16:40:08,2025-08-22 16:40:08,NHB250822164008.RAWNEGG,Long Range,0.0,2025-08-22 17:40:08,2025-08-22 17:40:07,NHB250822174007.RAWNEHS,Long Range,1.0,2025-08-22 18:40:08,2025-08-22 18:40:08,NHB250822184008.RAWNEK1,Long Range,0.0
1560,2025-08-22 16:00:08,NHB250822160008.RAWNEFM,NHB250822160303.RAWNEFS,NHB250822161008.RAWNEFV,NHB250822161304.RAWNEFZ,2025-08-22 16:00:08,2025-08-22 16:00:08,NHB250822160008.RAWNEFM,Long Range,0.0,2025-08-22 17:00:08,2025-08-22 17:00:08,NHB250822170008.RAWNEGX,Long Range,0.0,2025-08-22 18:00:08,2025-08-22 18:00:08,NHB250822180008.RAWNEJ6,Long Range,0.0,2025-08-22 19:00:08,2025-08-22 19:00:07,NHB250822190007.RAWNEKF,Long Range,1.0
1561,2025-08-22 16:20:08,NHB250822162008.RAWNEG2,NHB250822162303.RAWNEG6,NHB250822163007.RAWNEG9,NHB250822163305.RAWNEGD,2025-08-22 16:20:08,2025-08-22 16:20:08,NHB250822162008.RAWNEG2,Long Range,0.0,2025-08-22 17:20:08,2025-08-22 17:20:07,NHB250822172007.RAWNEHB,Long Range,1.0,2025-08-22 18:20:08,2025-08-22 18:20:07,NHB250822182007.RAWNEJL,Long Range,1.0,2025-08-22 19:20:08,2025-08-22 19:20:07,NHB250822192007.RAWNEKW,Long Range,1.0
1562,2025-08-22 16:40:08,NHB250822164008.RAWNEGG,NHB250822164303.RAWNEGL,NHB250822165008.RAWNEGP,NHB250822165303.RAWNEGU,2025-08-22 16:40:08,2025-08-22 16:40:08,NHB250822164008.RAWNEGG,Long Range,0.0,2025-08-22 17:40:08,2025-08-22 17:40:07,NHB250822174007.RAWNEHS,Long Range,1.0,2025-08-22 18:40:08,2025-08-22 18:40:08,NHB250822184008.RAWNEK1,Long Range,0.0,2025-08-22 19:40:08,2025-08-22 19:40:07,NHB250822194007.RAWNELA,Long Range,1.0
1563,2025-08-22 17:00:08,NHB250822170008.RAWNEGX,NHB250822170303.RAWNEH1,NHB250822171008.RAWNEH4,NHB250822171303.RAWNEH8,2025-08-22 17:00:08,2025-08-22 17:00:08,NHB250822170008.RAWNEGX,Long Range,0.0,2025-08-22 18:00:08,2025-08-22 18:00:08,NHB250822180008.RAWNEJ6,Long Range,0.0,2025-08-22 19:00:08,2025-08-22 19:00:07,NHB250822190007.RAWNEKF,Long Range,1.0,2025-08-22 20:00:08,2025-08-22 20:00:08,NHB250822200008.RAWNELR,Long Range,0.0
1564,2025-08-22 17:20:07,NHB250822172007.RAWNEHB,NHB250822172303.RAWNEHF,NHB250822173008.RAWNEHJ,NHB250822173304.RAWNEHN,2025-08-22 17:20:07,2025-08-22 17:20:07,NHB250822172007.RAWNEHB,Long Range,0.0,2025-08-22 18:20:07,2025-08-22 18:20:07,NHB250822182007.RAWNEJL,Long Range,0.0,2025-08-22 19:20:07,2025-08-22 19:20:07,NHB250822192007.RAWNEKW,Long Range,0.0,2025-08-22 20:20:07,2025-08-22 20:20:07,NHB250822202007.RAWNEM5,Long Range,0.0
1565,2025-08-22 17:40:07,NHB250822174007.RAWNEHS,NHB250822174304.RAWNEHW,NHB250822175007.RAWNEHZ,NHB250822175303.RAWNEJ3,2025-08-22 17:40:07,2025-08-22 17:40:07,NHB250822174007.RAWNEHS,Long Range,0.0,2025-08-22 18:40:07,2025-08-22 18:40:08,NHB250822184008.RAWNEK1,Long Range,1.0,2025-08-22 19:40:07,2025-08-22 19:40:07,NHB250822194007.RAWNELA,Long Range,0.0,2025-08-22 20:40:07,2025-08-22 20:40:07,NHB250822204007.RAWNEMK,Long Range,0.0
1566,2025-08-22 18:00:08,NHB250822180008.RAWNEJ6,NHB250822180303.RAWNEJA,NHB250822181007.RAWNEJD,NHB250822181303.RAWNEJH,2025-08-22 18:00:08,2025-08-22 18:00:08,NHB250822180008.RAWNEJ6,Long Range,0.0,2025-08-22 19:00:08,2025-08-22 19:00:07,NHB250822190007.RAWNEKF,Long Range,1.0,2025-08-22 20:00:08,2025-08-22 20:00:08,NHB250822200008.RAWNELR,Long Range,0.0,2025-08-22 21:00:08,2025-08-22 21:00:08,NHB250822210008.RAWNEN0,Long Range,0.0
1567,2025-08-22 18:20:07,NHB250822182007.RAWNEJL,NHB250822182303.RAWNEJR,NHB250822183009.RAWNEJU,NHB250822183303.RAWNEJY,2025-08-22 18:20:07,2025-08-22 18:20:07,NHB250822182007.RAWNEJL,Long Range,0.0,2025-08-22 19:20:07,2025-08-22 19:20:07,NHB250822192007.RAWNEKW,Long Range,0.0,2025-08-22 20:20:07,2025-08-22 20:20:07,NHB250822202007.RAWNEM5,Long Range,0.0,2025-08-22 21:20:07,2025-08-22 21:20:08,NHB250822212008.RAWNENE,Long Range,1.0
1568,2025-08-22 18:40:08,NHB250822184008.RAWNEK1,NHB250822184303.RAWNEK5,NHB250822185007.RAWNEK8,NHB250822185303.RAWNEKC,2025-08-22 18:40:08,2025-08-22 18:40:08,NHB250822184008.RAWNEK1,Long Range,0.0,2025-08-22 19:40:08,2025-08-22 19:40:07,NHB250822194007.RAWNELA,Long Range,1.0,2025-08-22 20:40:08,2025-08-22 20:40:07,NHB250822204007.RAWNEMK,Long Range,1.0,2025-08-22 21:40:08,2025-08-22 21:40:08,NHB250822214008.RAWNENV,Long Range,0.0
1569,2025-08-22 19:00:07,NHB250822190007.RAWNEKF,NHB250822190304.RAWNEKK,NHB250822191007.RAWNEKN,NHB250822191303.RAWNEKT,2025-08-22 19:00:07,2025-08-22 19:00:07,NHB250822190007.RAWNEKF,Long Range,0.0,2025-08-22 20:00:07,2025-08-22 20:00:08,NHB250822200008.RAWNELR,Long Range,1.0,2025-08-22 21:00:07,2025-08-22 21:00:08,NHB250822210008.RAWNEN0,Long Range,1.0,2025-08-22 22:00:07,2025-08-22 22:00:08,NHB250822220008.RAWNEP9,Long Range,1.0
1570,2025-08-22 19:20:07,NHB250822192007.RAWNEKW,NHB250822192303.RAWNEL0,NHB250822193007.RAWNEL3,NHB250822193304.RAWNEL7,2025-08-22 19:20:07,2025-08-22 19:20:07,NHB250822192007.RAWNEKW,Long Range,0.0,2025-08-22 20:20:07,2025-08-22 20:20:07,NHB250822202007.RAWNEM5,Long Range,0.0,2025-08-22 21:20:07,2025-08-22 21:20:08,NHB250822212008.RAWNENE,Long Range,1.0,2025-08-22 22:20:07,2025-08-22 22:20:08,NHB250822222008.RAWNEPP,Long Range,1.0
1571,2025-08-22 19:40:07,NHB250822194007.RAWNELA,NHB250822194304.RAWNELE,NHB250822195007.RAWNELH,NHB250822195303.RAWNELM,2025-08-22 19:40:07,2025-08-22 19:40:07,NHB250822194007.RAWNELA,Long Range,0.0,2025-08-22 20:40:07,2025-08-22 20:40:07,NHB250822204007.RAWNEMK,Long Range,0.0,2025-08-22 21:40:07,2025-08-22 21:40:08,NHB250822214008.RAWNENV,Long Range,1.0,2025-08-22 22:40:07,2025-08-22 22:40:09,NHB250822224009.RAWNER4,Long Range,2.0
1572,2025-08-22 20:00:08,NHB250822200008.RAWNELR,NHB250822200304.RAWNELV,NHB250822201007.RAWNELY,NHB250822201303.RAWNEM2,2025-08-22 20:00:08,2025-08-22 20:00:08,NHB250822200008.RAWNELR,Long Range,0.0,2025-08-22 21:00:08,2025-08-22 21:00:08,NHB250822210008.RAWNEN0,Long Range,0.0,2025-08-22 22:00:08,2025-08-22 22:00:08,NHB250822220008.RAWNEP9,Long Range,0.0,2025-08-22 23:00:08,2025-08-22 23:00:07,NHB250822230007.RAWNERJ,Long Range,1.0
1573,2025-08-22 20:20:07,NHB250822202007.RAWNEM5,NHB250822202304.RAWNEM9,NHB250822203007.RAWNEMC,NHB250822203303.RAWNEMG,2025-08-22 20:20:07,2025-08-22 20:20:07,NHB250822202007.RAWNEM5,Long Range,0.0,2025-08-22 21:20:07,2025-08-22 21:20:08,NHB250822212008.RAWNENE,Long Range,1.0,2025-08-22 22:20:07,2025-08-22 22:20:08,NHB250822222008.RAWNEPP,Long Range,1.0,2025-08-22 23:20:07,2025-08-22 23:20:09,NHB250822232009.RAWNERZ,Long Range,2.0
1574,2025-08-22 20:40:07,NHB250822204007.RAWNEMK,NHB250822204303.RAWNEMP,NHB250822205007.RAWNEMT,NHB250822205303.RAWNEMX,2025-08-22 20:40:07,2025-08-22 20:40:07,NHB250822204007.RAWNEMK,Long Range,0.0,2025-08-22 21:40:07,2025-08-22 21:40:08,NHB250822214008.RAWNENV,Long Range,1.0,2025-08-22 22:40:07,2025-08-22 22:40:09,NHB250822224009.RAWNER4,Long Range,2.0,2025-08-22 23:40:07,2025-08-22 23:40:08,NHB250822234008.RAWNESD,Long Range,1.0
1575,2025-08-22 21:00:08,NHB250822210008.RAWNEN0,NHB250822210304.RAWNEN4,NHB250822211007.RAWNEN7,NHB250822211303.RAWNENB,2025-08-22 21:00:08,2025-08-22 21:00:08,NHB250822210008.RAWNEN0,Long Range,0.0,2025-08-22 22:00:08,2025-08-22 22:00:08,NHB250822220008.RAWNEP9,Long Range,0.0,2025-08-22 23:00:08,2025-08-22 23:00:07,NHB250822230007.RAWNERJ,Long Range,1.0,2025-08-23 00:00:08,2025-08-23 00:00:08,NHB250823000008.RAWNESU,Long Range,0.0
1576,2025-08-22 21:20:08,NHB250822212008.RAWNENE,NHB250822212304.RAWNENJ,NHB250822213008.RAWNENM,NHB250822213303.RAWNENS,2025-08-22 21:20:08,2025-08-22 21:20:08,NHB250822212008.RAWNENE,Long Range,0.0,2025-08-22 22:20:08,2025-08-22 22:20:08,NHB250822222008.RAWNEPP,Long Range,0.0,2025-08-22 23:20:08,2025-08-22 23:20:09,NHB250822232009.RAWNERZ,Long Range,1.0,2025-08-23 00:20:08,2025-08-23 00:20:07,NHB250823002007.RAWNET8,Long Range,1.0
1577,2025-08-22 21:40:08,NHB250822214008.RAWNENV,NHB250822214303.RAWNENZ,NHB250822215007.RAWNEP2,NHB250822215304.RAWNEP6,2025-08-22 21:40:08,2025-08-22 21:40:08,NHB250822214008.RAWNENV,Long Range,0.0,2025-08-22 22:40:08,2025-08-22 22:40:09,NHB250822224009.RAWNER4,Long Range,1.0,2025-08-22 23:40:08,2025-08-22 23:40:08,NHB250822234008.RAWNESD,Long Range,0.0,2025-08-23 00:40:08,2025-08-23 00:40:08,NHB250823004008.RAWNETN,Long Range,0.0
1578,2025-08-22 22:00:08,NHB250822220008.RAWNEP9,NHB250822220304.RAWNEPD,NHB250822221008.RAWNEPG,NHB250822221304.RAWNEPL,2025-08-22 22:00:08,2025-08-22 22:00:08,NHB250822220008.RAWNEP9,Long Range,0.0,2025-08-22 23:00:08,2025-08-22 23:00:07,NHB250822230007.RAWNERJ,Long Range,1.0,2025-08-23 00:00:08,2025-08-23 00:00:08,NHB250823000008.RAWNESU,Long Range,0.0,2025-08-23 01:00:08,2025-08-23 01:00:08,NHB250823010008.RAWNEU3,Long Range,0.0
1579,2025-08-22 22:20:08,NHB250822222008.RAWNEPP,NHB250822222303.RAWNEPU,NHB250822223007.RAWNEPX,NHB250822223303.RAWNER1,2025-08-22 22:20:08,2025-08-22 22:20:08,NHB250822222008.RAWNEPP,Long Range,0.0,2025-08-22 23:20:08,2025-08-22 23:20:09,NHB250822232009.RAWNERZ,Long Range,1.0,2025-08-23 00:20:08,2025-08-23 00:20:07,NHB250823002007.RAWNET8,Long Range,1.0,2025-08-23 01:20:08,2025-08-23 01:20:07,NHB250823012007.RAWNEUH,Long Range,1.0
1580,2025-08-22 22:40:09,NHB250822224009.RAWNER4,NHB250822224303.RAWNER8,NHB250822225007.RAWNERB,NHB250822225304.RAWNERF,2025-08-22 22:40:09,2025-08-22 22:40:09,NHB250822224009.RAWNER4,Long Range,0.0,2025-08-22 23:40:09,2025-08-22 23:40:08,NHB250822234008.RAWNESD,Long Range,1.0,2025-08-23 00:40:09,2025-08-23 00:40:08,NHB250823004008.RAWNETN,Long Range,1.0,2025-08-23 01:40:09,2025-08-23 01:40:08,NHB250823014008.RAWNEUY,Long Range,1.0
1581,2025-08-22 23:00:07,NHB250822230007.RAWNERJ,NHB250822230305.RAWNERN,NHB250822231008.RAWNERS,NHB250822231304.RAWNERW,2025-08-22 23:00:07,2025-08-22 23:00:07,NHB250822230007.RAWNERJ,Long Range,0.0,2025-08-23 00:00:07,2025-08-23 00:00:08,NHB250823000008.RAWNESU,Long Range,1.0,2025-08-23 01:00:07,2025-08-23 01:00:08,NHB250823010008.RAWNEU3,Long Range,1.0,2025-08-23 02:00:07,2025-08-23 02:00:07,NHB250823020007.RAWNEVC,Long Range,0.0
1582,2025-08-22 23:20:09,NHB250822232009.RAWNERZ,NHB250822232304.RAWNES3,NHB250822233008.RAWNES6,NHB250822233304.RAWNESA,2025-08-22 23:20:09,2025-08-22 23:20:09,NHB250822232009.RAWNERZ,Long Range,0.0,2025-08-23 00:20:09,2025-08-23 00:20:07,NHB250823002007.RAWNET8,Long Range,2.0,2025-08-23 01:20:09,2025-08-23 01:20:07,NHB250823012007.RAWNEUH,Long Range,2.0,2025-08-23 02:20:09,2025-08-23 02:20:08,NHB250823022008.RAWNEVT,Long Range,1.0
1583,2025-08-22 23:40:08,NHB250822234008.RAWNESD,NHB250822234303.RAWNESH,NHB250822235007.RAWNESL,NHB250822235304.RAWNESR,2025-08-22 23:40:08,2025-08-22 23:40:08,NHB250822234008.RAWNESD,Long Range,0.0,2025-08-23 00:40:08,2025-08-23 00:40:08,NHB250823004008.RAWNETN,Long Range,0.0,2025-08-23 01:40:08,2025-08-23 01:40:08,NHB250823014008.RAWNEUY,Long Range,0.0,2025-08-23 02:40:08,2025-08-23 02:40:07,NHB250823024007.RAWNEW7,Long Range,1.0
1584,2025-08-23 00:00:08,NHB250823000008.RAWNESU,NHB250823000303.RAWNESY,NHB250823001007.RAWNET1,NHB250823001303.RAWNET5,2025-08-23 00:00:08,2025-08-23 00:00:08,NHB250823000008.RAWNESU,Long Range,0.0,2025-08-23 01:00:08,2025-08-23 01:00:08,NHB250823010008.RAWNEU3,Long Range,0.0,2025-08-23 02:00:08,2025-08-23 02:00:07,NHB250823020007.RAWNEVC,Long Range,1.0,2025-08-23 03:00:08,2025-08-23 03:00:08,NHB250823030008.RAWNEWM,Long Range,0.0
1585,2025-08-23 00:20:07,NHB250823002007.RAWNET8,NHB250823002304.RAWNETC,NHB250823003008.RAWNETF,NHB250823003304.RAWNETK,2025-08-23 00:20:07,2025-08-23 00:20:07,NHB250823002007.RAWNET8,Long Range,0.0,2025-08-23 01:20:07,2025-08-23 01:20:07,NHB250823012007.RAWNEUH,Long Range,0.0,2025-08-23 02:20:07,2025-08-23 02:20:08,NHB250823022008.RAWNEVT,Long Range,1.0,2025-08-23 03:20:07,2025-08-23 03:20:07,NHB250823032007.RAWNEX2,Long Range,0.0
1586,2025-08-23 00:40:08,NHB250823004008.RAWNETN,NHB250823004303.RAWNETT,NHB250823005008.RAWNETW,NHB250823005304.RAWNEU0,2025-08-23 00:40:08,2025-08-23 00:40:08,NHB250823004008.RAWNETN,Long Range,0.0,2025-08-23 01:40:08,2025-08-23 01:40:08,NHB250823014008.RAWNEUY,Long Range,0.0,2025-08-23 02:40:08,2025-08-23 02:40:07,NHB250823024007.RAWNEW7,Long Range,1.0,2025-08-23 03:40:08,2025-08-23 03:40:08,NHB250823034008.RAWNEXG,Long Range,0.0
1587,2025-08-23 01:00:08,NHB250823010008.RAWNEU3,NHB250823010304.RAWNEU7,NHB250823011007.RAWNEUA,NHB250823011304.RAWNEUE,2025-08-23 01:00:08,2025-08-23 01:00:08,NHB250823010008.RAWNEU3,Long Range,0.0,2025-08-23 02:00:08,2025-08-23 02:00:07,NHB250823020007.RAWNEVC,Long Range,1.0,2025-08-23 03:00:08,2025-08-23 03:00:08,NHB250823030008.RAWNEWM,Long Range,0.0,2025-08-23 04:00:08,2025-08-23 04:00:08,NHB250823040008.RAWNEXX,Long Range,0.0
1588,2025-08-23 01:20:07,NHB250823012007.RAWNEUH,NHB250823012303.RAWNEUM,NHB250823013008.RAWNEUR,NHB250823013303.RAWNEUV,2025-08-23 01:20:07,2025-08-23 01:20:07,NHB250823012007.RAWNEUH,Long Range,0.0,2025-08-23 02:20:07,2025-08-23 02:20:08,NHB250823022008.RAWNEVT,Long Range,1.0,2025-08-23 03:20:07,2025-08-23 03:20:07,NHB250823032007.RAWNEX2,Long Range,0.0,2025-08-23 04:20:07,2025-08-23 04:20:08,NHB250823042008.RAWNEYB,Long Range,1.0
1589,2025-08-23 01:40:08,NHB250823014008.RAWNEUY,NHB250823014304.RAWNEV2,NHB250823015008.RAWNEV5,NHB250823015303.RAWNEV9,2025-08-23 01:40:08,2025-08-23 01:40:08,NHB250823014008.RAWNEUY,Long Range,0.0,2025-08-23 02:40:08,2025-08-23 02:40:07,NHB250823024007.RAWNEW7,Long Range,1.0,2025-08-23 03:40:08,2025-08-23 03:40:08,NHB250823034008.RAWNEXG,Long Range,0.0,2025-08-23 04:40:08,2025-08-23 04:40:08,NHB250823044008.RAWNEYS,Long Range,0.0
1590,2025-08-23 02:00:07,NHB250823020007.RAWNEVC,NHB250823020305.RAWNEVG,NHB250823021008.RAWNEVK,NHB250823021303.RAWNEVP,2025-08-23 02:00:07,2025-08-23 02:00:07,NHB250823020007.RAWNEVC,Long Range,0.0,2025-08-23 03:00:07,2025-08-23 03:00:08,NHB250823030008.RAWNEWM,Long Range,1.0,2025-08-23 04:00:07,2025-08-23 04:00:08,NHB250823040008.RAWNEXX,Long Range,1.0,2025-08-23 05:00:07,2025-08-23 05:00:08,NHB250823050008.RAWNEZ6,Long Range,1.0
1591,2025-08-23 02:20:08,NHB250823022008.RAWNEVT,NHB250823022304.RAWNEVX,NHB250823023008.RAWNEW0,NHB250823023303.RAWNEW4,2025-08-23 02:20:08,2025-08-23 02:20:08,NHB250823022008.RAWNEVT,Long Range,0.0,2025-08-23 03:20:08,2025-08-23 03:20:07,NHB250823032007.RAWNEX2,Long Range,1.0,2025-08-23 04:20:08,2025-08-23 04:20:08,NHB250823042008.RAWNEYB,Long Range,0.0,2025-08-23 05:20:08,2025-08-23 05:20:08,NHB250823052008.RAWNEZL,Long Range,0.0
1592,2025-08-23 02:40:07,NHB250823024007.RAWNEW7,NHB250823024303.RAWNEWB,NHB250823025007.RAWNEWE,NHB250823025304.RAWNEWJ,2025-08-23 02:40:07,2025-08-23 02:40:07,NHB250823024007.RAWNEW7,Long Range,0.0,2025-08-23 03:40:07,2025-08-23 03:40:08,NHB250823034008.RAWNEXG,Long Range,1.0,2025-08-23 04:40:07,2025-08-23 04:40:08,NHB250823044008.RAWNEYS,Long Range,1.0,2025-08-23 05:40:07,2025-08-23 05:40:08,NHB250823054008.RAWNF01,Long Range,1.0
1593,2025-08-23 03:00:08,NHB250823030008.RAWNEWM,NHB250823030304.RAWNEWS,NHB250823031007.RAWNEWV,NHB250823031304.RAWNEWZ,2025-08-23 03:00:08,2025-08-23 03:00:08,NHB250823030008.RAWNEWM,Long Range,0.0,2025-08-23 04:00:08,2025-08-23 04:00:08,NHB250823040008.RAWNEXX,Long Range,0.0,2025-08-23 05:00:08,2025-08-23 05:00:08,NHB250823050008.RAWNEZ6,Long Range,0.0,2025-08-23 06:00:08,2025-08-23 06:00:08,NHB250823060008.RAWNF0F,Long Range,0.0
1594,2025-08-23 03:20:07,NHB250823032007.RAWNEX2,NHB250823032305.RAWNEX6,NHB250823033007.RAWNEX9,NHB250823033303.RAWNEXD,2025-08-23 03:20:07,2025-08-23 03:20:07,NHB250823032007.RAWNEX2,Long Range,0.0,2025-08-23 04:20:07,2025-08-23 04:20:08,NHB250823042008.RAWNEYB,Long Range,1.0,2025-08-23 05:20:07,2025-08-23 05:20:08,NHB250823052008.RAWNEZL,Long Range,1.0,2025-08-23 06:20:07,2025-08-23 06:20:08,NHB250823062008.RAWNF0W,Long Range,1.0
1595,2025-08-23 03:40:08,NHB250823034008.RAWNEXG,NHB250823034304.RAWNEXL,NHB250823035008.RAWNEXP,NHB250823035303.RAWNEXU,2025-08-23 03:40:08,2025-08-23 03:40:08,NHB250823034008.RAWNEXG,Long Range,0.0,2025-08-23 04:40:08,2025-08-23 04:40:08,NHB250823044008.RAWNEYS,Long Range,0.0,2025-08-23 05:40:08,2025-08-23 05:40:08,NHB250823054008.RAWNF01,Long Range,0.0,2025-08-23 06:40:08,2025-08-23 06:40:08,NHB250823064008.RAWNF1A,Long Range,0.0
1596,2025-08-23 04:00:08,NHB250823040008.RAWNEXX,NHB250823040304.RAWNEY1,NHB250823041007.RAWNEY4,NHB250823041303.RAWNEY8,2025-08-23 04:00:08,2025-08-23 04:00:08,NHB250823040008.RAWNEXX,Long Range,0.0,2025-08-23 05:00:08,2025-08-23 05:00:08,NHB250823050008.RAWNEZ6,Long Range,0.0,2025-08-23 06:00:08,2025-08-23 06:00:08,NHB250823060008.RAWNF0F,Long Range,0.0,2025-08-23 07:00:08,2025-08-23 07:00:07,NHB250823070007.RAWNF1R,Long Range,1.0
1597,2025-08-23 04:20:08,NHB250823042008.RAWNEYB,NHB250823042304.RAWNEYF,NHB250823043008.RAWNEYJ,NHB250823043304.RAWNEYN,2025-08-23 04:20:08,2025-08-23 04:20:08,NHB250823042008.RAWNEYB,Long Range,0.0,2025-08-23 05:20:08,2025-08-23 05:20:08,NHB250823052008.RAWNEZL,Long Range,0.0,2025-08-23 06:20:08,2025-08-23 06:20:08,NHB250823062008.RAWNF0W,Long Range,0.0,2025-08-23 07:20:08,2025-08-23 07:20:07,NHB250823072007.RAWNF25,Long Range,1.0
1598,2025-08-23 04:40:08,NHB250823044008.RAWNEYS,NHB250823044303.RAWNEYW,NHB250823045007.RAWNEYZ,NHB250823045304.RAWNEZ3,2025-08-23 04:40:08,2025-08-23 04:40:08,NHB250823044008.RAWNEYS,Long Range,0.0,2025-08-23 05:40:08,2025-08-23 05:40:08,NHB250823054008.RAWNF01,Long Range,0.0,2025-08-23 06:40:08,2025-08-23 06:40:08,NHB250823064008.RAWNF1A,Long Range,0.0,2025-08-23 07:40:08,2025-08-23 07:40:07,NHB250823074007.RAWNF2K,Long Range,1.0
1599,2025-08-23 05:00:08,NHB250823050008.RAWNEZ6,NHB250823050303.RAWNEZA,NHB250823051008.RAWNEZD,NHB250823051304.RAWNEZH,2025-08-23 05:00:08,2025-08-23 05:00:08,NHB250823050008.RAWNEZ6,Long Range,0.0,2025-08-23 06:00:08,2025-08-23 06:00:08,NHB250823060008.RAWNF0F,Long Range,0.0,2025-08-23 07:00:08,2025-08-23 07:00:07,NHB250823070007.RAWNF1R,Long Range,1.0,2025-08-23 08:00:08,2025-08-23 08:00:08,NHB250823080008.RAWNF30,Long Range,0.0
1600,2025-08-23 05:20:08,NHB250823052008.RAWNEZL,NHB250823052303.RAWNEZR,NHB250823053009.RAWNEZU,NHB250823053304.RAWNEZY,2025-08-23 05:20:08,2025-08-23 05:20:08,NHB250823052008.RAWNEZL,Long Range,0.0,2025-08-23 06:20:08,2025-08-23 06:20:08,NHB250823062008.RAWNF0W,Long Range,0.0,2025-08-23 07:20:08,2025-08-23 07:20:07,NHB250823072007.RAWNF25,Long Range,1.0,2025-08-23 08:20:08,2025-08-23 08:20:08,NHB250823082008.RAWNF3E,Long Range,0.0
1601,2025-08-23 05:40:08,NHB250823054008.RAWNF01,NHB250823054303.RAWNF05,NHB250823055007.RAWNF08,NHB250823055303.RAWNF0C,2025-08-23 05:40:08,2025-08-23 05:40:08,NHB250823054008.RAWNF01,Long Range,0.0,2025-08-23 06:40:08,2025-08-23 06:40:08,NHB250823064008.RAWNF1A,Long Range,0.0,2025-08-23 07:40:08,2025-08-23 07:40:07,NHB250823074007.RAWNF2K,Long Range,1.0,2025-08-23 08:40:08,2025-08-23 08:40:08,NHB250823084008.RAWNF3V,Long Range,0.0
1602,2025-08-23 06:00:08,NHB250823060008.RAWNF0F,NHB250823060304.RAWNF0K,NHB250823061008.RAWNF0N,NHB250823061304.RAWNF0T,2025-08-23 06:00:08,2025-08-23 06:00:08,NHB250823060008.RAWNF0F,Long Range,0.0,2025-08-23 07:00:08,2025-08-23 07:00:07,NHB250823070007.RAWNF1R,Long Range,1.0,2025-08-23 08:00:08,2025-08-23 08:00:08,NHB250823080008.RAWNF30,Long Range,0.0,2025-08-23 09:00:08,2025-08-23 09:00:08,NHB250823090008.RAWNF49,Long Range,0.0
1603,2025-08-23 06:20:08,NHB250823062008.RAWNF0W,NHB250823062304.RAWNF10,NHB250823063009.RAWNF13,NHB250823063303.RAWNF17,2025-08-23 06:20:08,2025-08-23 06:20:08,NHB250823062008.RAWNF0W,Long Range,0.0,2025-08-23 07:20:08,2025-08-23 07:20:07,NHB250823072007.RAWNF25,Long Range,1.0,2025-08-23 08:20:08,2025-08-23 08:20:08,NHB250823082008.RAWNF3E,Long Range,0.0,2025-08-23 09:20:08,2025-08-23 09:20:08,NHB250823092008.RAWNF4P,Long Range,0.0
1604,2025-08-23 06:40:08,NHB250823064008.RAWNF1A,NHB250823064304.RAWNF1E,NHB250823065008.RAWNF1H,NHB250823065303.RAWNF1M,2025-08-23 06:40:08,2025-08-23 06:40:08,NHB250823064008.RAWNF1A,Long Range,0.0,2025-08-23 07:40:08,2025-08-23 07:40:07,NHB250823074007.RAWNF2K,Long Range,1.0,2025-08-23 08:40:08,2025-08-23 08:40:08,NHB250823084008.RAWNF3V,Long Range,0.0,2025-08-23 09:40:08,2025-08-23 09:40:08,NHB250823094008.RAWNF54,Long Range,0.0
1605,2025-08-23 07:00:07,NHB250823070007.RAWNF1R,NHB250823070304.RAWNF1V,NHB250823071007.RAWNF1Y,NHB250823071303.RAWNF22,2025-08-23 07:00:07,2025-08-23 07:00:07,NHB250823070007.RAWNF1R,Long Range,0.0,2025-08-23 08:00:07,2025-08-23 08:00:08,NHB250823080008.RAWNF30,Long Range,1.0,2025-08-23 09:00:07,2025-08-23 09:00:08,NHB250823090008.RAWNF49,Long Range,1.0,2025-08-23 10:00:07,2025-08-23 10:00:08,NHB250823100008.RAWNF5J,Long Range,1.0
1606,2025-08-23 07:20:07,NHB250823072007.RAWNF25,NHB250823072304.RAWNF29,NHB250823073008.RAWNF2C,NHB250823073303.RAWNF2G,2025-08-23 07:20:07,2025-08-23 07:20:07,NHB250823072007.RAWNF25,Long Range,0.0,2025-08-23 08:20:07,2025-08-23 08:20:08,NHB250823082008.RAWNF3E,Long Range,1.0,2025-08-23 09:20:07,2025-08-23 09:20:08,NHB250823092008.RAWNF4P,Long Range,1.0,2025-08-23 10:20:07,2025-08-23 10:20:08,NHB250823102008.RAWNF5Z,Long Range,1.0
1607,2025-08-23 07:40:07,NHB250823074007.RAWNF2K,NHB250823074303.RAWNF2P,NHB250823075008.RAWNF2T,NHB250823075303.RAWNF2X,2025-08-23 07:40:07,2025-08-23 07:40:07,NHB250823074007.RAWNF2K,Long Range,0.0,2025-08-23 08:40:07,2025-08-23 08:40:08,NHB250823084008.RAWNF3V,Long Range,1.0,2025-08-23 09:40:07,2025-08-23 09:40:08,NHB250823094008.RAWNF54,Long Range,1.0,2025-08-23 10:40:07,2025-08-23 10:40:08,NHB250823104008.RAWNF6D,Long Range,1.0
1608,2025-08-23 08:00:08,NHB250823080008.RAWNF30,NHB250823080303.RAWNF34,NHB250823081008.RAWNF37,NHB250823081304.RAWNF3B,2025-08-23 08:00:08,2025-08-23 08:00:08,NHB250823080008.RAWNF30,Long Range,0.0,2025-08-23 09:00:08,2025-08-23 09:00:08,NHB250823090008.RAWNF49,Long Range,0.0,2025-08-23 10:00:08,2025-08-23 10:00:08,NHB250823100008.RAWNF5J,Long Range,0.0,2025-08-23 11:00:08,2025-08-23 11:00:07,NHB250823110007.RAWNF6U,Long Range,1.0
1609,2025-08-23 08:20:08,NHB250823082008.RAWNF3E,NHB250823082304.RAWNF3J,NHB250823083008.RAWNF3M,NHB250823083304.RAWNF3S,2025-08-23 08:20:08,2025-08-23 08:20:08,NHB250823082008.RAWNF3E,Long Range,0.0,2025-08-23 09:20:08,2025-08-23 09:20:08,NHB250823092008.RAWNF4P,Long Range,0.0,2025-08-23 10:20:08,2025-08-23 10:20:08,NHB250823102008.RAWNF5Z,Long Range,0.0,2025-08-23 11:20:08,2025-08-23 11:20:08,NHB250823112008.RAWNF78,Long Range,0.0
1610,2025-08-23 08:40:08,NHB250823084008.RAWNF3V,NHB250823084303.RAWNF3Z,NHB250823085007.RAWNF42,NHB250823085305.RAWNF46,2025-08-23 08:40:08,2025-08-23 08:40:08,NHB250823084008.RAWNF3V,Long Range,0.0,2025-08-23 09:40:08,2025-08-23 09:40:08,NHB250823094008.RAWNF54,Long Range,0.0,2025-08-23 10:40:08,2025-08-23 10:40:08,NHB250823104008.RAWNF6D,Long Range,0.0,2025-08-23 11:40:08,2025-08-23 11:40:08,NHB250823114008.RAWNF7N,Long Range,0.0
1611,2025-08-23 09:00:08,NHB250823090008.RAWNF49,NHB250823090303.RAWNF4D,NHB250823091008.RAWNF4G,NHB250823091304.RAWNF4L,2025-08-23 09:00:08,2025-08-23 09:00:08,NHB250823090008.RAWNF49,Long Range,0.0,2025-08-23 10:00:08,2025-08-23 10:00:08,NHB250823100008.RAWNF5J,Long Range,0.0,2025-08-23 11:00:08,2025-08-23 11:00:07,NHB250823110007.RAWNF6U,Long Range,1.0,2025-08-23 12:00:08,2025-08-23 12:00:08,NHB250823120008.RAWNF83,Long Range,0.0
1612,2025-08-23 09:20:08,NHB250823092008.RAWNF4P,NHB250823092304.RAWNF4U,NHB250823093007.RAWNF4X,NHB250823093303.RAWNF51,2025-08-23 09:20:08,2025-08-23 09:20:08,NHB250823092008.RAWNF4P,Long Range,0.0,2025-08-23 10:20:08,2025-08-23 10:20:08,NHB250823102008.RAWNF5Z,Long Range,0.0,2025-08-23 11:20:08,2025-08-23 11:20:08,NHB250823112008.RAWNF78,Long Range,0.0,2025-08-23 12:20:08,2025-08-23 12:20:08,NHB250823122008.RAWNF8H,Long Range,0.0
1613,2025-08-23 09:40:08,NHB250823094008.RAWNF54,NHB250823094304.RAWNF58,NHB250823095007.RAWNF5B,NHB250823095303.RAWNF5F,2025-08-23 09:40:08,2025-08-23 09:40:08,NHB250823094008.RAWNF54,Long Range,0.0,2025-08-23 10:40:08,2025-08-23 10:40:08,NHB250823104008.RAWNF6D,Long Range,0.0,2025-08-23 11:40:08,2025-08-23 11:40:08,NHB250823114008.RAWNF7N,Long Range,0.0,2025-08-23 12:40:08,2025-08-23 12:40:08,NHB250823124008.RAWNF8Y,Long Range,0.0
1614,2025-08-23 10:00:08,NHB250823100008.RAWNF5J,NHB250823100304.RAWNF5N,NHB250823101008.RAWNF5S,NHB250823101304.RAWNF5W,2025-08-23 10:00:08,2025-08-23 10:00:08,NHB250823100008.RAWNF5J,Long Range,0.0,2025-08-23 11:00:08,2025-08-23 11:00:07,NHB250823110007.RAWNF6U,Long Range,1.0,2025-08-23 12:00:08,2025-08-23 12:00:08,NHB250823120008.RAWNF83,Long Range,0.0,2025-08-23 13:00:08,2025-08-23 13:00:08,NHB250823130008.RAWNF9C,Long Range,0.0
1615,2025-08-23 10:20:08,NHB250823102008.RAWNF5Z,NHB250823102304.RAWNF63,NHB250823103007.RAWNF66,NHB250823103304.RAWNF6A,2025-08-23 10:20:08,2025-08-23 10:20:08,NHB250823102008.RAWNF5Z,Long Range,0.0,2025-08-23 11:20:08,2025-08-23 11:20:08,NHB250823112008.RAWNF78,Long Range,0.0,2025-08-23 12:20:08,2025-08-23 12:20:08,NHB250823122008.RAWNF8H,Long Range,0.0,2025-08-23 13:20:08,2025-08-23 13:20:08,NHB250823132008.RAWNF9T,Long Range,0.0
1616,2025-08-23 10:40:08,NHB250823104008.RAWNF6D,NHB250823104304.RAWNF6H,NHB250823105008.RAWNF6L,NHB250823105304.RAWNF6R,2025-08-23 10:40:08,2025-08-23 10:40:08,NHB250823104008.RAWNF6D,Long Range,0.0,2025-08-23 11:40:08,2025-08-23 11:40:08,NHB250823114008.RAWNF7N,Long Range,0.0,2025-08-23 12:40:08,2025-08-23 12:40:08,NHB250823124008.RAWNF8Y,Long Range,0.0,2025-08-23 13:40:08,2025-08-23 13:40:07,NHB250823134007.RAWNFA7,Long Range,1.0
1617,2025-08-23 11:00:07,NHB250823110007.RAWNF6U,NHB250823110303.RAWNF6Y,NHB250823111008.RAWNF71,NHB250823111304.RAWNF75,2025-08-23 11:00:07,2025-08-23 11:00:07,NHB250823110007.RAWNF6U,Long Range,0.0,2025-08-23 12:00:07,2025-08-23 12:00:08,NHB250823120008.RAWNF83,Long Range,1.0,2025-08-23 13:00:07,2025-08-23 13:00:08,NHB250823130008.RAWNF9C,Long Range,1.0,2025-08-23 14:00:07,2025-08-23 14:00:08,NHB250823140008.RAWNFAM,Long Range,1.0
1618,2025-08-23 11:20:08,NHB250823112008.RAWNF78,NHB250823112304.RAWNF7C,NHB250823113008.RAWNF7F,NHB250823113303.RAWNF7K,2025-08-23 11:20:08,2025-08-23 11:20:08,NHB250823112008.RAWNF78,Long Range,0.0,2025-08-23 12:20:08,2025-08-23 12:20:08,NHB250823122008.RAWNF8H,Long Range,0.0,2025-08-23 13:20:08,2025-08-23 13:20:08,NHB250823132008.RAWNF9T,Long Range,0.0,2025-08-23 14:20:08,2025-08-23 14:20:09,NHB250823142009.RAWNFB2,Long Range,1.0
1619,2025-08-23 11:40:08,NHB250823114008.RAWNF7N,NHB250823114304.RAWNF7T,NHB250823115008.RAWNF7W,NHB250823115304.RAWNF80,2025-08-23 11:40:08,2025-08-23 11:40:08,NHB250823114008.RAWNF7N,Long Range,0.0,2025-08-23 12:40:08,2025-08-23 12:40:08,NHB250823124008.RAWNF8Y,Long Range,0.0,2025-08-23 13:40:08,2025-08-23 13:40:07,NHB250823134007.RAWNFA7,Long Range,1.0,2025-08-23 14:40:08,2025-08-23 14:40:07,NHB250823144007.RAWNFBG,Long Range,1.0
1620,2025-08-23 12:00:08,NHB250823120008.RAWNF83,NHB250823120304.RAWNF87,NHB250823121007.RAWNF8A,NHB250823121303.RAWNF8E,2025-08-23 12:00:08,2025-08-23 12:00:08,NHB250823120008.RAWNF83,Long Range,0.0,2025-08-23 13:00:08,2025-08-23 13:00:08,NHB250823130008.RAWNF9C,Long Range,0.0,2025-08-23 14:00:08,2025-08-23 14:00:08,NHB250823140008.RAWNFAM,Long Range,0.0,2025-08-23 15:00:08,2025-08-23 15:00:08,NHB250823150008.RAWNFBX,Long Range,0.0
1621,2025-08-23 12:20:08,NHB250823122008.RAWNF8H,NHB250823122303.RAWNF8M,NHB250823123008.RAWNF8R,NHB250823123305.RAWNF8V,2025-08-23 12:20:08,2025-08-23 12:20:08,NHB250823122008.RAWNF8H,Long Range,0.0,2025-08-23 13:20:08,2025-08-23 13:20:08,NHB250823132008.RAWNF9T,Long Range,0.0,2025-08-23 14:20:08,2025-08-23 14:20:09,NHB250823142009.RAWNFB2,Long Range,1.0,2025-08-23 15:20:08,2025-08-23 15:20:08,NHB250823152008.RAWNFCB,Long Range,0.0
1622,2025-08-23 12:40:08,NHB250823124008.RAWNF8Y,NHB250823124304.RAWNF92,NHB250823125007.RAWNF95,NHB250823125305.RAWNF99,2025-08-23 12:40:08,2025-08-23 12:40:08,NHB250823124008.RAWNF8Y,Long Range,0.0,2025-08-23 13:40:08,2025-08-23 13:40:07,NHB250823134007.RAWNFA7,Long Range,1.0,2025-08-23 14:40:08,2025-08-23 14:40:07,NHB250823144007.RAWNFBG,Long Range,1.0,2025-08-23 15:40:08,2025-08-23 15:40:07,NHB250823154007.RAWNFCS,Long Range,1.0
1623,2025-08-23 13:00:08,NHB250823130008.RAWNF9C,NHB250823130304.RAWNF9G,NHB250823131007.RAWNF9K,NHB250823131304.RAWNF9P,2025-08-23 13:00:08,2025-08-23 13:00:08,NHB250823130008.RAWNF9C,Long Range,0.0,2025-08-23 14:00:08,2025-08-23 14:00:08,NHB250823140008.RAWNFAM,Long Range,0.0,2025-08-23 15:00:08,2025-08-23 15:00:08,NHB250823150008.RAWNFBX,Long Range,0.0,2025-08-23 16:00:08,2025-08-23 16:00:08,NHB250823160008.RAWNFD6,Long Range,0.0
1624,2025-08-23 13:20:08,NHB250823132008.RAWNF9T,NHB250823132303.RAWNF9X,NHB250823133007.RAWNFA0,NHB250823133303.RAWNFA4,2025-08-23 13:20:08,2025-08-23 13:20:08,NHB250823132008.RAWNF9T,Long Range,0.0,2025-08-23 14:20:08,2025-08-23 14:20:09,NHB250823142009.RAWNFB2,Long Range,1.0,2025-08-23 15:20:08,2025-08-23 15:20:08,NHB250823152008.RAWNFCB,Long Range,0.0,2025-08-23 16:20:08,2025-08-23 16:20:07,NHB250823162007.RAWNFDL,Long Range,1.0
1625,2025-08-23 13:40:07,NHB250823134007.RAWNFA7,NHB250823134303.RAWNFAB,NHB250823135008.RAWNFAE,NHB250823135304.RAWNFAJ,2025-08-23 13:40:07,2025-08-23 13:40:07,NHB250823134007.RAWNFA7,Long Range,0.0,2025-08-23 14:40:07,2025-08-23 14:40:07,NHB250823144007.RAWNFBG,Long Range,0.0,2025-08-23 15:40:07,2025-08-23 15:40:07,NHB250823154007.RAWNFCS,Long Range,0.0,2025-08-23 16:40:07,2025-08-23 16:40:08,NHB250823164008.RAWNFE1,Long Range,1.0
1626,2025-08-23 14:00:08,NHB250823140008.RAWNFAM,NHB250823140304.RAWNFAS,NHB250823141009.RAWNFAV,NHB250823141304.RAWNFAZ,2025-08-23 14:00:08,2025-08-23 14:00:08,NHB250823140008.RAWNFAM,Long Range,0.0,2025-08-23 15:00:08,2025-08-23 15:00:08,NHB250823150008.RAWNFBX,Long Range,0.0,2025-08-23 16:00:08,2025-08-23 16:00:08,NHB250823160008.RAWNFD6,Long Range,0.0,2025-08-23 17:00:08,2025-08-23 17:00:08,NHB250823170008.RAWNFEF,Long Range,0.0
1627,2025-08-23 14:20:09,NHB250823142009.RAWNFB2,NHB250823142303.RAWNFB6,NHB250823143008.RAWNFB9,NHB250823143304.RAWNFBD,2025-08-23 14:20:09,2025-08-23 14:20:09,NHB250823142009.RAWNFB2,Long Range,0.0,2025-08-23 15:20:09,2025-08-23 15:20:08,NHB250823152008.RAWNFCB,Long Range,1.0,2025-08-23 16:20:09,2025-08-23 16:20:07,NHB250823162007.RAWNFDL,Long Range,2.0,2025-08-23 17:20:09,2025-08-23 17:20:07,NHB250823172007.RAWNFEW,Long Range,2.0
1628,2025-08-23 14:40:07,NHB250823144007.RAWNFBG,NHB250823144304.RAWNFBL,NHB250823145008.RAWNFBP,NHB250823145304.RAWNFBU,2025-08-23 14:40:07,2025-08-23 14:40:07,NHB250823144007.RAWNFBG,Long Range,0.0,2025-08-23 15:40:07,2025-08-23 15:40:07,NHB250823154007.RAWNFCS,Long Range,0.0,2025-08-23 16:40:07,2025-08-23 16:40:08,NHB250823164008.RAWNFE1,Long Range,1.0,2025-08-23 17:40:07,2025-08-23 17:40:08,NHB250823174008.RAWNFFA,Long Range,1.0
1629,2025-08-23 15:00:08,NHB250823150008.RAWNFBX,NHB250823150304.RAWNFC1,NHB250823151007.RAWNFC4,NHB250823151303.RAWNFC8,2025-08-23 15:00:08,2025-08-23 15:00:08,NHB250823150008.RAWNFBX,Long Range,0.0,2025-08-23 16:00:08,2025-08-23 16:00:08,NHB250823160008.RAWNFD6,Long Range,0.0,2025-08-23 17:00:08,2025-08-23 17:00:08,NHB250823170008.RAWNFEF,Long Range,0.0,2025-08-23 18:00:08,2025-08-23 18:00:08,NHB250823180008.RAWNFFR,Long Range,0.0
1630,2025-08-23 15:20:08,NHB250823152008.RAWNFCB,NHB250823152303.RAWNFCF,NHB250823153007.RAWNFCJ,NHB250823153303.RAWNFCN,2025-08-23 15:20:08,2025-08-23 15:20:08,NHB250823152008.RAWNFCB,Long Range,0.0,2025-08-23 16:20:08,2025-08-23 16:20:07,NHB250823162007.RAWNFDL,Long Range,1.0,2025-08-23 17:20:08,2025-08-23 17:20:07,NHB250823172007.RAWNFEW,Long Range,1.0,2025-08-23 18:20:08,2025-08-23 18:20:07,NHB250823182007.RAWNFG5,Long Range,1.0
1631,2025-08-23 15:40:07,NHB250823154007.RAWNFCS,NHB250823154304.RAWNFCW,NHB250823155007.RAWNFCZ,NHB250823155304.RAWNFD3,2025-08-23 15:40:07,2025-08-23 15:40:07,NHB250823154007.RAWNFCS,Long Range,0.0,2025-08-23 16:40:07,2025-08-23 16:40:08,NHB250823164008.RAWNFE1,Long Range,1.0,2025-08-23 17:40:07,2025-08-23 17:40:08,NHB250823174008.RAWNFFA,Long Range,1.0,2025-08-23 18:40:07,2025-08-23 18:40:08,NHB250823184008.RAWNFGK,Long Range,1.0
1632,2025-08-23 16:00:08,NHB250823160008.RAWNFD6,NHB250823160305.RAWNFDA,NHB250823161007.RAWNFDD,NHB250823161304.RAWNFDH,2025-08-23 16:00:08,2025-08-23 16:00:08,NHB250823160008.RAWNFD6,Long Range,0.0,2025-08-23 17:00:08,2025-08-23 17:00:08,NHB250823170008.RAWNFEF,Long Range,0.0,2025-08-23 18:00:08,2025-08-23 18:00:08,NHB250823180008.RAWNFFR,Long Range,0.0,2025-08-23 19:00:08,2025-08-23 19:00:08,NHB250823190008.RAWNFH0,Long Range,0.0
1633,2025-08-23 16:20:07,NHB250823162007.RAWNFDL,NHB250823162304.RAWNFDR,NHB250823163007.RAWNFDU,NHB250823163303.RAWNFDY,2025-08-23 16:20:07,2025-08-23 16:20:07,NHB250823162007.RAWNFDL,Long Range,0.0,2025-08-23 17:20:07,2025-08-23 17:20:07,NHB250823172007.RAWNFEW,Long Range,0.0,2025-08-23 18:20:07,2025-08-23 18:20:07,NHB250823182007.RAWNFG5,Long Range,0.0,2025-08-23 19:20:07,2025-08-23 19:20:09,NHB250823192009.RAWNFHE,Long Range,2.0
1634,2025-08-23 16:40:08,NHB250823164008.RAWNFE1,NHB250823164303.RAWNFE5,NHB250823165009.RAWNFE8,NHB250823165303.RAWNFEC,2025-08-23 16:40:08,2025-08-23 16:40:08,NHB250823164008.RAWNFE1,Long Range,0.0,2025-08-23 17:40:08,2025-08-23 17:40:08,NHB250823174008.RAWNFFA,Long Range,0.0,2025-08-23 18:40:08,2025-08-23 18:40:08,NHB250823184008.RAWNFGK,Long Range,0.0,2025-08-23 19:40:08,2025-08-23 19:40:08,NHB250823194008.RAWNFHV,Long Range,0.0
1635,2025-08-23 17:00:08,NHB250823170008.RAWNFEF,NHB250823170303.RAWNFEK,NHB250823171007.RAWNFEN,NHB250823171304.RAWNFET,2025-08-23 17:00:08,2025-08-23 17:00:08,NHB250823170008.RAWNFEF,Long Range,0.0,2025-08-23 18:00:08,2025-08-23 18:00:08,NHB250823180008.RAWNFFR,Long Range,0.0,2025-08-23 19:00:08,2025-08-23 19:00:08,NHB250823190008.RAWNFH0,Long Range,0.0,2025-08-23 20:00:08,2025-08-23 20:00:08,NHB250823200008.RAWNFJ9,Long Range,0.0
1636,2025-08-23 17:20:07,NHB250823172007.RAWNFEW,NHB250823172303.RAWNFF0,NHB250823173008.RAWNFF3,NHB250823173303.RAWNFF7,2025-08-23 17:20:07,2025-08-23 17:20:07,NHB250823172007.RAWNFEW,Long Range,0.0,2025-08-23 18:20:07,2025-08-23 18:20:07,NHB250823182007.RAWNFG5,Long Range,0.0,2025-08-23 19:20:07,2025-08-23 19:20:09,NHB250823192009.RAWNFHE,Long Range,2.0,2025-08-23 20:20:07,2025-08-23 20:20:07,NHB250823202007.RAWNFJP,Long Range,0.0
1637,2025-08-23 17:40:08,NHB250823174008.RAWNFFA,NHB250823174303.RAWNFFE,NHB250823175008.RAWNFFH,NHB250823175304.RAWNFFM,2025-08-23 17:40:08,2025-08-23 17:40:08,NHB250823174008.RAWNFFA,Long Range,0.0,2025-08-23 18:40:08,2025-08-23 18:40:08,NHB250823184008.RAWNFGK,Long Range,0.0,2025-08-23 19:40:08,2025-08-23 19:40:08,NHB250823194008.RAWNFHV,Long Range,0.0,2025-08-23 20:40:08,2025-08-23 20:40:07,NHB250823204007.RAWNFK4,Long Range,1.0
1638,2025-08-23 18:00:08,NHB250823180008.RAWNFFR,NHB250823180303.RAWNFFV,NHB250823181007.RAWNFFY,NHB250823181303.RAWNFG2,2025-08-23 18:00:08,2025-08-23 18:00:08,NHB250823180008.RAWNFFR,Long Range,0.0,2025-08-23 19:00:08,2025-08-23 19:00:08,NHB250823190008.RAWNFH0,Long Range,0.0,2025-08-23 20:00:08,2025-08-23 20:00:08,NHB250823200008.RAWNFJ9,Long Range,0.0,2025-08-23 21:00:08,2025-08-23 21:00:08,NHB250823210008.RAWNFKJ,Long Range,0.0
1639,2025-08-23 18:20:07,NHB250823182007.RAWNFG5,NHB250823182303.RAWNFG9,NHB250823183008.RAWNFGC,NHB250823183304.RAWNFGG,2025-08-23 18:20:07,2025-08-23 18:20:07,NHB250823182007.RAWNFG5,Long Range,0.0,2025-08-23 19:20:07,2025-08-23 19:20:09,NHB250823192009.RAWNFHE,Long Range,2.0,2025-08-23 20:20:07,2025-08-23 20:20:07,NHB250823202007.RAWNFJP,Long Range,0.0,2025-08-23 21:20:07,2025-08-23 21:20:08,NHB250823212008.RAWNFKZ,Long Range,1.0
1640,2025-08-23 18:40:08,NHB250823184008.RAWNFGK,NHB250823184304.RAWNFGP,NHB250823185007.RAWNFGT,NHB250823185303.RAWNFGX,2025-08-23 18:40:08,2025-08-23 18:40:08,NHB250823184008.RAWNFGK,Long Range,0.0,2025-08-23 19:40:08,2025-08-23 19:40:08,NHB250823194008.RAWNFHV,Long Range,0.0,2025-08-23 20:40:08,2025-08-23 20:40:07,NHB250823204007.RAWNFK4,Long Range,1.0,2025-08-23 21:40:08,2025-08-23 21:40:08,NHB250823214008.RAWNFLD,Long Range,0.0
1641,2025-08-23 19:00:08,NHB250823190008.RAWNFH0,NHB250823190303.RAWNFH4,NHB250823191008.RAWNFH7,NHB250823191304.RAWNFHB,2025-08-23 19:00:08,2025-08-23 19:00:08,NHB250823190008.RAWNFH0,Long Range,0.0,2025-08-23 20:00:08,2025-08-23 20:00:08,NHB250823200008.RAWNFJ9,Long Range,0.0,2025-08-23 21:00:08,2025-08-23 21:00:08,NHB250823210008.RAWNFKJ,Long Range,0.0,2025-08-23 22:00:08,2025-08-23 22:00:08,NHB250823220008.RAWNFLU,Long Range,0.0
1642,2025-08-23 19:20:09,NHB250823192009.RAWNFHE,NHB250823192303.RAWNFHJ,NHB250823193008.RAWNFHM,NHB250823193304.RAWNFHS,2025-08-23 19:20:09,2025-08-23 19:20:09,NHB250823192009.RAWNFHE,Long Range,0.0,2025-08-23 20:20:09,2025-08-23 20:20:07,NHB250823202007.RAWNFJP,Long Range,2.0,2025-08-23 21:20:09,2025-08-23 21:20:08,NHB250823212008.RAWNFKZ,Long Range,1.0,2025-08-23 22:20:09,2025-08-23 22:20:07,NHB250823222007.RAWNFM8,Long Range,2.0
1643,2025-08-23 19:40:08,NHB250823194008.RAWNFHV,NHB250823194303.RAWNFHZ,NHB250823195007.RAWNFJ2,NHB250823195303.RAWNFJ6,2025-08-23 19:40:08,2025-08-23 19:40:08,NHB250823194008.RAWNFHV,Long Range,0.0,2025-08-23 20:40:08,2025-08-23 20:40:07,NHB250823204007.RAWNFK4,Long Range,1.0,2025-08-23 21:40:08,2025-08-23 21:40:08,NHB250823214008.RAWNFLD,Long Range,0.0,2025-08-23 22:40:08,2025-08-23 22:40:08,NHB250823224008.RAWNFMN,Long Range,0.0
1644,2025-08-23 20:00:08,NHB250823200008.RAWNFJ9,NHB250823200303.RAWNFJD,NHB250823201008.RAWNFJG,NHB250823201303.RAWNFJL,2025-08-23 20:00:08,2025-08-23 20:00:08,NHB250823200008.RAWNFJ9,Long Range,0.0,2025-08-23 21:00:08,2025-08-23 21:00:08,NHB250823210008.RAWNFKJ,Long Range,0.0,2025-08-23 22:00:08,2025-08-23 22:00:08,NHB250823220008.RAWNFLU,Long Range,0.0,2025-08-23 23:00:08,2025-08-23 23:00:07,NHB250823230007.RAWNFN3,Long Range,1.0
1645,2025-08-23 20:20:07,NHB250823202007.RAWNFJP,NHB250823202304.RAWNFJU,NHB250823203008.RAWNFJX,NHB250823203304.RAWNFK1,2025-08-23 20:20:07,2025-08-23 20:20:07,NHB250823202007.RAWNFJP,Long Range,0.0,2025-08-23 21:20:07,2025-08-23 21:20:08,NHB250823212008.RAWNFKZ,Long Range,1.0,2025-08-23 22:20:07,2025-08-23 22:20:07,NHB250823222007.RAWNFM8,Long Range,0.0,2025-08-23 23:20:07,2025-08-23 23:20:07,NHB250823232007.RAWNFNH,Long Range,0.0
1646,2025-08-23 20:40:07,NHB250823204007.RAWNFK4,NHB250823204303.RAWNFK8,NHB250823205008.RAWNFKB,NHB250823205303.RAWNFKF,2025-08-23 20:40:07,2025-08-23 20:40:07,NHB250823204007.RAWNFK4,Long Range,0.0,2025-08-23 21:40:07,2025-08-23 21:40:08,NHB250823214008.RAWNFLD,Long Range,1.0,2025-08-23 22:40:07,2025-08-23 22:40:08,NHB250823224008.RAWNFMN,Long Range,1.0,2025-08-23 23:40:07,2025-08-23 23:40:08,NHB250823234008.RAWNFNY,Long Range,1.0
1647,2025-08-23 21:00:08,NHB250823210008.RAWNFKJ,NHB250823210304.RAWNFKN,NHB250823211008.RAWNFKS,NHB250823211303.RAWNFKW,2025-08-23 21:00:08,2025-08-23 21:00:08,NHB250823210008.RAWNFKJ,Long Range,0.0,2025-08-23 22:00:08,2025-08-23 22:00:08,NHB250823220008.RAWNFLU,Long Range,0.0,2025-08-23 23:00:08,2025-08-23 23:00:07,NHB250823230007.RAWNFN3,Long Range,1.0,2025-08-24 00:00:08,2025-08-24 00:00:07,NHB250824000007.RAWNFPC,Long Range,1.0
1648,2025-08-23 21:20:08,NHB250823212008.RAWNFKZ,NHB250823212303.RAWNFL3,NHB250823213007.RAWNFL6,NHB250823213304.RAWNFLA,2025-08-23 21:20:08,2025-08-23 21:20:08,NHB250823212008.RAWNFKZ,Long Range,0.0,2025-08-23 22:20:08,2025-08-23 22:20:07,NHB250823222007.RAWNFM8,Long Range,1.0,2025-08-23 23:20:08,2025-08-23 23:20:07,NHB250823232007.RAWNFNH,Long Range,1.0,2025-08-24 00:20:08,2025-08-24 00:20:08,NHB250824002008.RAWNFPT,Long Range,0.0
1649,2025-08-23 21:40:08,NHB250823214008.RAWNFLD,NHB250823214303.RAWNFLH,NHB250823215008.RAWNFLL,NHB250823215303.RAWNFLR,2025-08-23 21:40:08,2025-08-23 21:40:08,NHB250823214008.RAWNFLD,Long Range,0.0,2025-08-23 22:40:08,2025-08-23 22:40:08,NHB250823224008.RAWNFMN,Long Range,0.0,2025-08-23 23:40:08,2025-08-23 23:40:08,NHB250823234008.RAWNFNY,Long Range,0.0,2025-08-24 00:40:08,2025-08-24 00:40:08,NHB250824004008.RAWNFR7,Long Range,0.0
1650,2025-08-23 22:00:08,NHB250823220008.RAWNFLU,NHB250823220303.RAWNFLY,NHB250823221008.RAWNFM1,NHB250823221303.RAWNFM5,2025-08-23 22:00:08,2025-08-23 22:00:08,NHB250823220008.RAWNFLU,Long Range,0.0,2025-08-23 23:00:08,2025-08-23 23:00:07,NHB250823230007.RAWNFN3,Long Range,1.0,2025-08-24 00:00:08,2025-08-24 00:00:07,NHB250824000007.RAWNFPC,Long Range,1.0,2025-08-24 01:00:08,2025-08-24 01:00:09,NHB250824010009.RAWNFRM,Long Range,1.0
1651,2025-08-23 22:20:07,NHB250823222007.RAWNFM8,NHB250823222303.RAWNFMC,NHB250823223008.RAWNFMF,NHB250823223304.RAWNFMK,2025-08-23 22:20:07,2025-08-23 22:20:07,NHB250823222007.RAWNFM8,Long Range,0.0,2025-08-23 23:20:07,2025-08-23 23:20:07,NHB250823232007.RAWNFNH,Long Range,0.0,2025-08-24 00:20:07,2025-08-24 00:20:08,NHB250824002008.RAWNFPT,Long Range,1.0,2025-08-24 01:20:07,,,,1024.0
1652,2025-08-23 22:40:08,NHB250823224008.RAWNFMN,NHB250823224303.RAWNFMT,NHB250823225007.RAWNFMW,NHB250823225304.RAWNFN0,2025-08-23 22:40:08,2025-08-23 22:40:08,NHB250823224008.RAWNFMN,Long Range,0.0,2025-08-23 23:40:08,2025-08-23 23:40:08,NHB250823234008.RAWNFNY,Long Range,0.0,2025-08-24 00:40:08,2025-08-24 00:40:08,NHB250824004008.RAWNFR7,Long Range,0.0,2025-08-24 01:40:08,,,,1801.0
1653,2025-08-23 23:00:07,NHB250823230007.RAWNFN3,NHB250823230303.RAWNFN7,NHB250823231008.RAWNFNA,NHB250823231304.RAWNFNE,2025-08-23 23:00:07,2025-08-23 23:00:07,NHB250823230007.RAWNFN3,Long Range,0.0,2025-08-24 00:00:07,2025-08-24 00:00:07,NHB250824000007.RAWNFPC,Long Range,0.0,2025-08-24 01:00:07,2025-08-24 01:00:09,NHB250824010009.RAWNFRM,Long Range,2.0,2025-08-24 02:00:07,,,,602.0
1654,2025-08-23 23:20:07,NHB250823232007.RAWNFNH,NHB250823232304.RAWNFNM,NHB250823233008.RAWNFNR,NHB250823233304.RAWNFNV,2025-08-23 23:20:07,2025-08-23 23:20:07,NHB250823232007.RAWNFNH,Long Range,0.0,2025-08-24 00:20:07,2025-08-24 00:20:08,NHB250824002008.RAWNFPT,Long Range,1.0,2025-08-24 01:20:07,,,,1024.0,2025-08-24 02:20:07,2025-08-24 02:20:07,NHB250824022007.RAW6TSF,Long Range,0.0
1655,2025-08-23 23:40:08,NHB250823234008.RAWNFNY,NHB250823234303.RAWNFP2,NHB250823235007.RAWNFP5,NHB250823235304.RAWNFP9,2025-08-23 23:40:08,2025-08-23 23:40:08,NHB250823234008.RAWNFNY,Long Range,0.0,2025-08-24 00:40:08,2025-08-24 00:40:08,NHB250824004008.RAWNFR7,Long Range,0.0,2025-08-24 01:40:08,,,,1801.0,2025-08-24 02:40:08,2025-08-24 02:40:09,NHB250824024009.RAW6TSW,Long Range,1.0
1656,2025-08-24 00:00:07,NHB250824000007.RAWNFPC,NHB250824000303.RAWNFPG,NHB250824001008.RAWNFPK,NHB250824001305.RAWNFPP,2025-08-24 00:00:07,2025-08-24 00:00:07,NHB250824000007.RAWNFPC,Long Range,0.0,2025-08-24 01:00:07,2025-08-24 01:00:09,NHB250824010009.RAWNFRM,Long Range,2.0,2025-08-24 02:00:07,,,,602.0,2025-08-24 03:00:07,2025-08-24 03:00:08,NHB250824030008.RAW6TTA,Long Range,1.0
1657,2025-08-24 00:20:08,NHB250824002008.RAWNFPT,NHB250824002303.RAWNFPX,NHB250824003009.RAWNFR0,NHB250824003303.RAWNFR4,2025-08-24 00:20:08,2025-08-24 00:20:08,NHB250824002008.RAWNFPT,Long Range,0.0,2025-08-24 01:20:08,,,,1025.0,2025-08-24 02:20:08,2025-08-24 02:20:07,NHB250824022007.RAW6TSF,Long Range,1.0,2025-08-24 03:20:08,2025-08-24 03:20:09,NHB250824032009.RAW6TTR,Long Range,1.0
1658,2025-08-24 00:40:08,NHB250824004008.RAWNFR7,NHB250824004304.RAWNFRB,NHB250824005008.RAWNFRE,NHB250824005303.RAWNFRJ,2025-08-24 00:40:08,2025-08-24 00:40:08,NHB250824004008.RAWNFR7,Long Range,0.0,2025-08-24 01:40:08,,,,1801.0,2025-08-24 02:40:08,2025-08-24 02:40:09,NHB250824024009.RAW6TSW,Long Range,1.0,2025-08-24 03:40:08,2025-08-24 03:40:08,NHB250824034008.RAW6TU5,Long Range,0.0
1659,2025-08-24 02:10:09,NHB250824021009.RAW6TS8,NHB250824021304.RAW6TSC,NHB250824022007.RAW6TSF,NHB250824022304.RAW6TSK,2025-08-24 02:10:09,2025-08-24 02:10:09,NHB250824021009.RAW6TS8,Long Range,0.0,2025-08-24 03:10:09,2025-08-24 03:10:08,NHB250824031008.RAW6TTH,Long Range,1.0,2025-08-24 04:10:09,2025-08-24 04:10:08,NHB250824041008.RAW6TUT,Long Range,1.0,2025-08-24 05:10:09,2025-08-24 05:10:07,NHB250824051007.RAW6TW2,Long Range,2.0
1660,2025-08-24 02:30:08,NHB250824023008.RAW6TSN,NHB250824023303.RAW6TST,NHB250824024009.RAW6TSW,NHB250824024303.RAW6TT0,2025-08-24 02:30:08,2025-08-24 02:30:08,NHB250824023008.RAW6TSN,Long Range,0.0,2025-08-24 03:30:08,2025-08-24 03:30:07,NHB250824033007.RAW6TTY,Long Range,1.0,2025-08-24 04:30:08,2025-08-24 04:30:07,NHB250824043007.RAW6TV7,Long Range,1.0,2025-08-24 05:30:08,2025-08-24 05:30:08,NHB250824053008.RAW6TWG,Long Range,0.0
1661,2025-08-24 02:50:07,NHB250824025007.RAW6TT3,NHB250824025303.RAW6TT7,NHB250824030008.RAW6TTA,NHB250824030304.RAW6TTE,2025-08-24 02:50:07,2025-08-24 02:50:07,NHB250824025007.RAW6TT3,Long Range,0.0,2025-08-24 03:50:07,2025-08-24 03:50:09,NHB250824035009.RAW6TUC,Long Range,2.0,2025-08-24 04:50:07,2025-08-24 04:50:08,NHB250824045008.RAW6TVM,Long Range,1.0,2025-08-24 05:50:07,2025-08-24 05:50:07,NHB250824055007.RAW6TWX,Long Range,0.0
1662,2025-08-24 03:10:08,NHB250824031008.RAW6TTH,NHB250824031303.RAW6TTM,NHB250824032009.RAW6TTR,NHB250824032304.RAW6TTV,2025-08-24 03:10:08,2025-08-24 03:10:08,NHB250824031008.RAW6TTH,Long Range,0.0,2025-08-24 04:10:08,2025-08-24 04:10:08,NHB250824041008.RAW6TUT,Long Range,0.0,2025-08-24 05:10:08,2025-08-24 05:10:07,NHB250824051007.RAW6TW2,Long Range,1.0,2025-08-24 06:10:08,2025-08-24 06:10:08,NHB250824061008.RAW6TXB,Long Range,0.0
1663,2025-08-24 03:30:07,NHB250824033007.RAW6TTY,NHB250824033303.RAW6TU2,NHB250824034008.RAW6TU5,NHB250824034304.RAW6TU9,2025-08-24 03:30:07,2025-08-24 03:30:07,NHB250824033007.RAW6TTY,Long Range,0.0,2025-08-24 04:30:07,2025-08-24 04:30:07,NHB250824043007.RAW6TV7,Long Range,0.0,2025-08-24 05:30:07,2025-08-24 05:30:08,NHB250824053008.RAW6TWG,Long Range,1.0,2025-08-24 06:30:07,2025-08-24 06:30:08,NHB250824063008.RAW6TXS,Long Range,1.0
1664,2025-08-24 03:50:09,NHB250824035009.RAW6TUC,NHB250824035304.RAW6TUG,NHB250824040007.RAW6TUK,NHB250824040304.RAW6TUP,2025-08-24 03:50:09,2025-08-24 03:50:09,NHB250824035009.RAW6TUC,Long Range,0.0,2025-08-24 04:50:09,2025-08-24 04:50:08,NHB250824045008.RAW6TVM,Long Range,1.0,2025-08-24 05:50:09,2025-08-24 05:50:07,NHB250824055007.RAW6TWX,Long Range,2.0,2025-08-24 06:50:09,2025-08-24 06:50:08,NHB250824065008.RAW6TY6,Long Range,1.0
1665,2025-08-24 04:10:08,NHB250824041008.RAW6TUT,NHB250824041304.RAW6TUX,NHB250824042008.RAW6TV0,NHB250824042304.RAW6TV4,2025-08-24 04:10:08,2025-08-24 04:10:08,NHB250824041008.RAW6TUT,Long Range,0.0,2025-08-24 05:10:08,2025-08-24 05:10:07,NHB250824051007.RAW6TW2,Long Range,1.0,2025-08-24 06:10:08,2025-08-24 06:10:08,NHB250824061008.RAW6TXB,Long Range,0.0,2025-08-24 07:10:08,2025-08-24 07:10:08,NHB250824071008.RAW6TYL,Long Range,0.0
1666,2025-08-24 04:30:07,NHB250824043007.RAW6TV7,NHB250824043304.RAW6TVB,NHB250824044007.RAW6TVE,NHB250824044304.RAW6TVJ,2025-08-24 04:30:07,2025-08-24 04:30:07,NHB250824043007.RAW6TV7,Long Range,0.0,2025-08-24 05:30:07,2025-08-24 05:30:08,NHB250824053008.RAW6TWG,Long Range,1.0,2025-08-24 06:30:07,2025-08-24 06:30:08,NHB250824063008.RAW6TXS,Long Range,1.0,2025-08-24 07:30:07,2025-08-24 07:30:07,NHB250824073007.RAW6TZ1,Long Range,0.0
1667,2025-08-24 04:50:08,NHB250824045008.RAW6TVM,NHB250824045303.RAW6TVS,NHB250824050007.RAW6TVV,NHB250824050304.RAW6TVZ,2025-08-24 04:50:08,2025-08-24 04:50:08,NHB250824045008.RAW6TVM,Long Range,0.0,2025-08-24 05:50:08,2025-08-24 05:50:07,NHB250824055007.RAW6TWX,Long Range,1.0,2025-08-24 06:50:08,2025-08-24 06:50:08,NHB250824065008.RAW6TY6,Long Range,0.0,2025-08-24 07:50:08,2025-08-24 07:50:08,NHB250824075008.RAW6TZF,Long Range,0.0
1668,2025-08-24 05:10:07,NHB250824051007.RAW6TW2,NHB250824051303.RAW6TW6,NHB250824052007.RAW6TW9,NHB250824052305.RAW6TWD,2025-08-24 05:10:07,2025-08-24 05:10:07,NHB250824051007.RAW6TW2,Long Range,0.0,2025-08-24 06:10:07,2025-08-24 06:10:08,NHB250824061008.RAW6TXB,Long Range,1.0,2025-08-24 07:10:07,2025-08-24 07:10:08,NHB250824071008.RAW6TYL,Long Range,1.0,2025-08-24 08:10:07,2025-08-24 08:10:08,NHB250824081008.RAW6TZW,Long Range,1.0
1669,2025-08-24 05:30:08,NHB250824053008.RAW6TWG,NHB250824053303.RAW6TWL,NHB250824054008.RAW6TWP,NHB250824054303.RAW6TWU,2025-08-24 05:30:08,2025-08-24 05:30:08,NHB250824053008.RAW6TWG,Long Range,0.0,2025-08-24 06:30:08,2025-08-24 06:30:08,NHB250824063008.RAW6TXS,Long Range,0.0,2025-08-24 07:30:08,2025-08-24 07:30:07,NHB250824073007.RAW6TZ1,Long Range,1.0,2025-08-24 08:30:08,2025-08-24 08:30:08,NHB250824083008.RAW6U0A,Long Range,0.0
1670,2025-08-24 05:50:07,NHB250824055007.RAW6TWX,NHB250824055304.RAW6TX1,NHB250824060008.RAW6TX4,NHB250824060303.RAW6TX8,2025-08-24 05:50:07,2025-08-24 05:50:07,NHB250824055007.RAW6TWX,Long Range,0.0,2025-08-24 06:50:07,2025-08-24 06:50:08,NHB250824065008.RAW6TY6,Long Range,1.0,2025-08-24 07:50:07,2025-08-24 07:50:08,NHB250824075008.RAW6TZF,Long Range,1.0,2025-08-24 08:50:07,2025-08-24 08:50:07,NHB250824085007.RAW6U0R,Long Range,0.0
1671,2025-08-24 06:10:08,NHB250824061008.RAW6TXB,NHB250824061303.RAW6TXF,NHB250824062007.RAW6TXJ,NHB250824062303.RAW6TXN,2025-08-24 06:10:08,2025-08-24 06:10:08,NHB250824061008.RAW6TXB,Long Range,0.0,2025-08-24 07:10:08,2025-08-24 07:10:08,NHB250824071008.RAW6TYL,Long Range,0.0,2025-08-24 08:10:08,2025-08-24 08:10:08,NHB250824081008.RAW6TZW,Long Range,0.0,2025-08-24 09:10:08,2025-08-24 09:10:08,NHB250824091008.RAW6U15,Long Range,0.0
1672,2025-08-24 06:30:08,NHB250824063008.RAW6TXS,NHB250824063303.RAW6TXW,NHB250824064007.RAW6TXZ,NHB250824064303.RAW6TY3,2025-08-24 06:30:08,2025-08-24 06:30:08,NHB250824063008.RAW6TXS,Long Range,0.0,2025-08-24 07:30:08,2025-08-24 07:30:07,NHB250824073007.RAW6TZ1,Long Range,1.0,2025-08-24 08:30:08,2025-08-24 08:30:08,NHB250824083008.RAW6U0A,Long Range,0.0,2025-08-24 09:30:08,2025-08-24 09:30:07,NHB250824093007.RAW6U1K,Long Range,1.0
1673,2025-08-24 06:50:08,NHB250824065008.RAW6TY6,NHB250824065304.RAW6TYA,NHB250824070008.RAW6TYD,NHB250824070303.RAW6TYH,2025-08-24 06:50:08,2025-08-24 06:50:08,NHB250824065008.RAW6TY6,Long Range,0.0,2025-08-24 07:50:08,2025-08-24 07:50:08,NHB250824075008.RAW6TZF,Long Range,0.0,2025-08-24 08:50:08,2025-08-24 08:50:07,NHB250824085007.RAW6U0R,Long Range,1.0,2025-08-24 09:50:08,2025-08-24 09:50:08,NHB250824095008.RAW6U20,Long Range,0.0
1674,2025-08-24 07:10:08,NHB250824071008.RAW6TYL,NHB250824071304.RAW6TYR,NHB250824072007.RAW6TYU,NHB250824072304.RAW6TYY,2025-08-24 07:10:08,2025-08-24 07:10:08,NHB250824071008.RAW6TYL,Long Range,0.0,2025-08-24 08:10:08,2025-08-24 08:10:08,NHB250824081008.RAW6TZW,Long Range,0.0,2025-08-24 09:10:08,2025-08-24 09:10:08,NHB250824091008.RAW6U15,Long Range,0.0,2025-08-24 10:10:08,2025-08-24 10:10:08,NHB250824101008.RAW6U2E,Long Range,0.0
1675,2025-08-24 07:30:07,NHB250824073007.RAW6TZ1,NHB250824073303.RAW6TZ5,NHB250824074007.RAW6TZ8,NHB250824074304.RAW6TZC,2025-08-24 07:30:07,2025-08-24 07:30:07,NHB250824073007.RAW6TZ1,Long Range,0.0,2025-08-24 08:30:07,2025-08-24 08:30:08,NHB250824083008.RAW6U0A,Long Range,1.0,2025-08-24 09:30:07,2025-08-24 09:30:07,NHB250824093007.RAW6U1K,Long Range,0.0,2025-08-24 10:30:07,2025-08-24 10:30:08,NHB250824103008.RAW6U2V,Long Range,1.0
1676,2025-08-24 07:50:08,NHB250824075008.RAW6TZF,NHB250824075303.RAW6TZK,NHB250824080008.RAW6TZN,NHB250824080304.RAW6TZT,2025-08-24 07:50:08,2025-08-24 07:50:08,NHB250824075008.RAW6TZF,Long Range,0.0,2025-08-24 08:50:08,2025-08-24 08:50:07,NHB250824085007.RAW6U0R,Long Range,1.0,2025-08-24 09:50:08,2025-08-24 09:50:08,NHB250824095008.RAW6U20,Long Range,0.0,2025-08-24 10:50:08,2025-08-24 10:50:08,NHB250824105008.RAW6U39,Long Range,0.0
1677,2025-08-24 08:10:08,NHB250824081008.RAW6TZW,NHB250824081304.RAW6U00,NHB250824082008.RAW6U03,NHB250824082303.RAW6U07,2025-08-24 08:10:08,2025-08-24 08:10:08,NHB250824081008.RAW6TZW,Long Range,0.0,2025-08-24 09:10:08,2025-08-24 09:10:08,NHB250824091008.RAW6U15,Long Range,0.0,2025-08-24 10:10:08,2025-08-24 10:10:08,NHB250824101008.RAW6U2E,Long Range,0.0,2025-08-24 11:10:08,2025-08-24 11:10:08,NHB250824111008.RAW6U3P,Long Range,0.0
1678,2025-08-24 08:30:08,NHB250824083008.RAW6U0A,NHB250824083303.RAW6U0E,NHB250824084008.RAW6U0H,NHB250824084304.RAW6U0M,2025-08-24 08:30:08,2025-08-24 08:30:08,NHB250824083008.RAW6U0A,Long Range,0.0,2025-08-24 09:30:08,2025-08-24 09:30:07,NHB250824093007.RAW6U1K,Long Range,1.0,2025-08-24 10:30:08,2025-08-24 10:30:08,NHB250824103008.RAW6U2V,Long Range,0.0,2025-08-24 11:30:08,2025-08-24 11:30:07,NHB250824113007.RAW6U44,Long Range,1.0
1679,2025-08-24 08:50:07,NHB250824085007.RAW6U0R,NHB250824085305.RAW6U0V,NHB250824090008.RAW6U0Y,NHB250824090303.RAW6U12,2025-08-24 08:50:07,2025-08-24 08:50:07,NHB250824085007.RAW6U0R,Long Range,0.0,2025-08-24 09:50:07,2025-08-24 09:50:08,NHB250824095008.RAW6U20,Long Range,1.0,2025-08-24 10:50:07,2025-08-24 10:50:08,NHB250824105008.RAW6U39,Long Range,1.0,2025-08-24 11:50:07,2025-08-24 11:50:08,NHB250824115008.RAW6U4J,Long Range,1.0
1680,2025-08-24 09:10:08,NHB250824091008.RAW6U15,NHB250824091303.RAW6U19,NHB250824092008.RAW6U1C,NHB250824092303.RAW6U1G,2025-08-24 09:10:08,2025-08-24 09:10:08,NHB250824091008.RAW6U15,Long Range,0.0,2025-08-24 10:10:08,2025-08-24 10:10:08,NHB250824101008.RAW6U2E,Long Range,0.0,2025-08-24 11:10:08,2025-08-24 11:10:08,NHB250824111008.RAW6U3P,Long Range,0.0,2025-08-24 12:10:08,2025-08-24 12:10:08,NHB250824121008.RAW6U4Z,Long Range,0.0
1681,2025-08-24 09:30:07,NHB250824093007.RAW6U1K,NHB250824093303.RAW6U1P,NHB250824094008.RAW6U1T,NHB250824094304.RAW6U1X,2025-08-24 09:30:07,2025-08-24 09:30:07,NHB250824093007.RAW6U1K,Long Range,0.0,2025-08-24 10:30:07,2025-08-24 10:30:08,NHB250824103008.RAW6U2V,Long Range,1.0,2025-08-24 11:30:07,2025-08-24 11:30:07,NHB250824113007.RAW6U44,Long Range,0.0,2025-08-24 12:30:07,2025-08-24 12:30:08,NHB250824123008.RAW6U5D,Long Range,1.0
1682,2025-08-24 09:50:08,NHB250824095008.RAW6U20,NHB250824095304.RAW6U24,NHB250824100008.RAW6U27,NHB250824100304.RAW6U2B,2025-08-24 09:50:08,2025-08-24 09:50:08,NHB250824095008.RAW6U20,Long Range,0.0,2025-08-24 10:50:08,2025-08-24 10:50:08,NHB250824105008.RAW6U39,Long Range,0.0,2025-08-24 11:50:08,2025-08-24 11:50:08,NHB250824115008.RAW6U4J,Long Range,0.0,2025-08-24 12:50:08,2025-08-24 12:50:08,NHB250824125008.RAW6U5U,Long Range,0.0
1683,2025-08-24 10:10:08,NHB250824101008.RAW6U2E,NHB250824101303.RAW6U2J,NHB250824102008.RAW6U2M,NHB250824102304.RAW6U2S,2025-08-24 10:10:08,2025-08-24 10:10:08,NHB250824101008.RAW6U2E,Long Range,0.0,2025-08-24 11:10:08,2025-08-24 11:10:08,NHB250824111008.RAW6U3P,Long Range,0.0,2025-08-24 12:10:08,2025-08-24 12:10:08,NHB250824121008.RAW6U4Z,Long Range,0.0,2025-08-24 13:10:08,2025-08-24 13:10:08,NHB250824131008.RAW6U68,Long Range,0.0
1684,2025-08-24 10:30:08,NHB250824103008.RAW6U2V,NHB250824103304.RAW6U2Z,NHB250824104008.RAW6U32,NHB250824104304.RAW6U36,2025-08-24 10:30:08,2025-08-24 10:30:08,NHB250824103008.RAW6U2V,Long Range,0.0,2025-08-24 11:30:08,2025-08-24 11:30:07,NHB250824113007.RAW6U44,Long Range,1.0,2025-08-24 12:30:08,2025-08-24 12:30:08,NHB250824123008.RAW6U5D,Long Range,0.0,2025-08-24 13:30:08,2025-08-24 13:30:08,NHB250824133008.RAW6U6N,Long Range,0.0
1685,2025-08-24 10:50:08,NHB250824105008.RAW6U39,NHB250824105304.RAW6U3D,NHB250824110008.RAW6U3G,NHB250824110304.RAW6U3L,2025-08-24 10:50:08,2025-08-24 10:50:08,NHB250824105008.RAW6U39,Long Range,0.0,2025-08-24 11:50:08,2025-08-24 11:50:08,NHB250824115008.RAW6U4J,Long Range,0.0,2025-08-24 12:50:08,2025-08-24 12:50:08,NHB250824125008.RAW6U5U,Long Range,0.0,2025-08-24 13:50:08,2025-08-24 13:50:08,NHB250824135008.RAW6U73,Long Range,0.0
1686,2025-08-24 11:10:08,NHB250824111008.RAW6U3P,NHB250824111304.RAW6U3U,NHB250824112009.RAW6U3X,NHB250824112303.RAW6U41,2025-08-24 11:10:08,2025-08-24 11:10:08,NHB250824111008.RAW6U3P,Long Range,0.0,2025-08-24 12:10:08,2025-08-24 12:10:08,NHB250824121008.RAW6U4Z,Long Range,0.0,2025-08-24 13:10:08,2025-08-24 13:10:08,NHB250824131008.RAW6U68,Long Range,0.0,2025-08-24 14:10:08,2025-08-24 14:10:08,NHB250824141008.RAW6U7H,Long Range,0.0
1687,2025-08-24 11:30:07,NHB250824113007.RAW6U44,NHB250824113304.RAW6U48,NHB250824114008.RAW6U4B,NHB250824114304.RAW6U4F,2025-08-24 11:30:07,2025-08-24 11:30:07,NHB250824113007.RAW6U44,Long Range,0.0,2025-08-24 12:30:07,2025-08-24 12:30:08,NHB250824123008.RAW6U5D,Long Range,1.0,2025-08-24 13:30:07,2025-08-24 13:30:08,NHB250824133008.RAW6U6N,Long Range,1.0,2025-08-24 14:30:07,2025-08-24 14:30:08,NHB250824143008.RAW6U7Y,Long Range,1.0
1688,2025-08-24 11:50:08,NHB250824115008.RAW6U4J,NHB250824115304.RAW6U4N,NHB250824120007.RAW6U4S,NHB250824120304.RAW6U4W,2025-08-24 11:50:08,2025-08-24 11:50:08,NHB250824115008.RAW6U4J,Long Range,0.0,2025-08-24 12:50:08,2025-08-24 12:50:08,NHB250824125008.RAW6U5U,Long Range,0.0,2025-08-24 13:50:08,2025-08-24 13:50:08,NHB250824135008.RAW6U73,Long Range,0.0,2025-08-24 14:50:08,2025-08-24 14:50:08,NHB250824145008.RAW6U8C,Long Range,0.0
1689,2025-08-24 12:10:08,NHB250824121008.RAW6U4Z,NHB250824121305.RAW6U53,NHB250824122007.RAW6U56,NHB250824122304.RAW6U5A,2025-08-24 12:10:08,2025-08-24 12:10:08,NHB250824121008.RAW6U4Z,Long Range,0.0,2025-08-24 13:10:08,2025-08-24 13:10:08,NHB250824131008.RAW6U68,Long Range,0.0,2025-08-24 14:10:08,2025-08-24 14:10:08,NHB250824141008.RAW6U7H,Long Range,0.0,2025-08-24 15:10:08,2025-08-24 15:10:07,NHB250824151007.RAW6U8T,Long Range,1.0
1690,2025-08-24 12:30:08,NHB250824123008.RAW6U5D,NHB250824123305.RAW6U5H,NHB250824124008.RAW6U5L,NHB250824124303.RAW6U5R,2025-08-24 12:30:08,2025-08-24 12:30:08,NHB250824123008.RAW6U5D,Long Range,0.0,2025-08-24 13:30:08,2025-08-24 13:30:08,NHB250824133008.RAW6U6N,Long Range,0.0,2025-08-24 14:30:08,2025-08-24 14:30:08,NHB250824143008.RAW6U7Y,Long Range,0.0,2025-08-24 15:30:08,2025-08-24 15:30:08,NHB250824153008.RAW6U97,Long Range,0.0
1691,2025-08-24 12:50:08,NHB250824125008.RAW6U5U,NHB250824125304.RAW6U5Y,NHB250824130007.RAW6U61,NHB250824130305.RAW6U65,2025-08-24 12:50:08,2025-08-24 12:50:08,NHB250824125008.RAW6U5U,Long Range,0.0,2025-08-24 13:50:08,2025-08-24 13:50:08,NHB250824135008.RAW6U73,Long Range,0.0,2025-08-24 14:50:08,2025-08-24 14:50:08,NHB250824145008.RAW6U8C,Long Range,0.0,2025-08-24 15:50:08,2025-08-24 15:50:08,NHB250824155008.RAW6U9M,Long Range,0.0
1692,2025-08-24 13:10:08,NHB250824131008.RAW6U68,NHB250824131303.RAW6U6C,NHB250824132008.RAW6U6F,NHB250824132303.RAW6U6K,2025-08-24 13:10:08,2025-08-24 13:10:08,NHB250824131008.RAW6U68,Long Range,0.0,2025-08-24 14:10:08,2025-08-24 14:10:08,NHB250824141008.RAW6U7H,Long Range,0.0,2025-08-24 15:10:08,2025-08-24 15:10:07,NHB250824151007.RAW6U8T,Long Range,1.0,2025-08-24 16:10:08,2025-08-24 16:10:08,NHB250824161008.RAW6UA2,Long Range,0.0
1693,2025-08-24 13:30:08,NHB250824133008.RAW6U6N,NHB250824133303.RAW6U6T,NHB250824134008.RAW6U6W,NHB250824134303.RAW6U70,2025-08-24 13:30:08,2025-08-24 13:30:08,NHB250824133008.RAW6U6N,Long Range,0.0,2025-08-24 14:30:08,2025-08-24 14:30:08,NHB250824143008.RAW6U7Y,Long Range,0.0,2025-08-24 15:30:08,2025-08-24 15:30:08,NHB250824153008.RAW6U97,Long Range,0.0,2025-08-24 16:30:08,2025-08-24 16:30:07,NHB250824163007.RAW6UAG,Long Range,1.0
1694,2025-08-24 13:50:08,NHB250824135008.RAW6U73,NHB250824135304.RAW6U77,NHB250824140008.RAW6U7A,NHB250824140304.RAW6U7E,2025-08-24 13:50:08,2025-08-24 13:50:08,NHB250824135008.RAW6U73,Long Range,0.0,2025-08-24 14:50:08,2025-08-24 14:50:08,NHB250824145008.RAW6U8C,Long Range,0.0,2025-08-24 15:50:08,2025-08-24 15:50:08,NHB250824155008.RAW6U9M,Long Range,0.0,2025-08-24 16:50:08,2025-08-24 16:50:07,NHB250824165007.RAW6UAX,Long Range,1.0
1695,2025-08-24 14:10:08,NHB250824141008.RAW6U7H,NHB250824141303.RAW6U7M,NHB250824142008.RAW6U7R,NHB250824142304.RAW6U7V,2025-08-24 14:10:08,2025-08-24 14:10:08,NHB250824141008.RAW6U7H,Long Range,0.0,2025-08-24 15:10:08,2025-08-24 15:10:07,NHB250824151007.RAW6U8T,Long Range,1.0,2025-08-24 16:10:08,2025-08-24 16:10:08,NHB250824161008.RAW6UA2,Long Range,0.0,2025-08-24 17:10:08,2025-08-24 17:10:08,NHB250824171008.RAW6UBB,Long Range,0.0
1696,2025-08-24 14:30:08,NHB250824143008.RAW6U7Y,NHB250824143304.RAW6U82,NHB250824144008.RAW6U85,NHB250824144304.RAW6U89,2025-08-24 14:30:08,2025-08-24 14:30:08,NHB250824143008.RAW6U7Y,Long Range,0.0,2025-08-24 15:30:08,2025-08-24 15:30:08,NHB250824153008.RAW6U97,Long Range,0.0,2025-08-24 16:30:08,2025-08-24 16:30:07,NHB250824163007.RAW6UAG,Long Range,1.0,2025-08-24 17:30:08,2025-08-24 17:30:08,NHB250824173008.RAW6UBS,Long Range,0.0
1697,2025-08-24 14:50:08,NHB250824145008.RAW6U8C,NHB250824145304.RAW6U8G,NHB250824150008.RAW6U8K,NHB250824150304.RAW6U8P,2025-08-24 14:50:08,2025-08-24 14:50:08,NHB250824145008.RAW6U8C,Long Range,0.0,2025-08-24 15:50:08,2025-08-24 15:50:08,NHB250824155008.RAW6U9M,Long Range,0.0,2025-08-24 16:50:08,2025-08-24 16:50:07,NHB250824165007.RAW6UAX,Long Range,1.0,2025-08-24 17:50:08,2025-08-24 17:50:07,NHB250824175007.RAW6UC6,Long Range,1.0
1698,2025-08-24 15:10:07,NHB250824151007.RAW6U8T,NHB250824151303.RAW6U8X,NHB250824152007.RAW6U90,NHB250824152304.RAW6U94,2025-08-24 15:10:07,2025-08-24 15:10:07,NHB250824151007.RAW6U8T,Long Range,0.0,2025-08-24 16:10:07,2025-08-24 16:10:08,NHB250824161008.RAW6UA2,Long Range,1.0,2025-08-24 17:10:07,2025-08-24 17:10:08,NHB250824171008.RAW6UBB,Long Range,1.0,2025-08-24 18:10:07,2025-08-24 18:10:08,NHB250824181008.RAW6UCL,Long Range,1.0
1699,2025-08-24 15:30:08,NHB250824153008.RAW6U97,NHB250824153304.RAW6U9B,NHB250824154008.RAW6U9E,NHB250824154303.RAW6U9J,2025-08-24 15:30:08,2025-08-24 15:30:08,NHB250824153008.RAW6U97,Long Range,0.0,2025-08-24 16:30:08,2025-08-24 16:30:07,NHB250824163007.RAW6UAG,Long Range,1.0,2025-08-24 17:30:08,2025-08-24 17:30:08,NHB250824173008.RAW6UBS,Long Range,0.0,2025-08-24 18:30:08,2025-08-24 18:30:07,NHB250824183007.RAW6UD1,Long Range,1.0
1700,2025-08-24 15:50:08,NHB250824155008.RAW6U9M,NHB250824155304.RAW6U9S,NHB250824160008.RAW6U9V,NHB250824160304.RAW6U9Z,2025-08-24 15:50:08,2025-08-24 15:50:08,NHB250824155008.RAW6U9M,Long Range,0.0,2025-08-24 16:50:08,2025-08-24 16:50:07,NHB250824165007.RAW6UAX,Long Range,1.0,2025-08-24 17:50:08,2025-08-24 17:50:07,NHB250824175007.RAW6UC6,Long Range,1.0,2025-08-24 18:50:08,2025-08-24 18:50:07,NHB250824185007.RAW6UDF,Long Range,1.0
1701,2025-08-24 16:10:08,NHB250824161008.RAW6UA2,NHB250824161304.RAW6UA6,NHB250824162008.RAW6UA9,NHB250824162303.RAW6UAD,2025-08-24 16:10:08,2025-08-24 16:10:08,NHB250824161008.RAW6UA2,Long Range,0.0,2025-08-24 17:10:08,2025-08-24 17:10:08,NHB250824171008.RAW6UBB,Long Range,0.0,2025-08-24 18:10:08,2025-08-24 18:10:08,NHB250824181008.RAW6UCL,Long Range,0.0,2025-08-24 19:10:08,2025-08-24 19:10:09,NHB250824191009.RAW6UDW,Long Range,1.0
1702,2025-08-24 16:30:07,NHB250824163007.RAW6UAG,NHB250824163303.RAW6UAL,NHB250824164008.RAW6UAP,NHB250824164304.RAW6UAU,2025-08-24 16:30:07,2025-08-24 16:30:07,NHB250824163007.RAW6UAG,Long Range,0.0,2025-08-24 17:30:07,2025-08-24 17:30:08,NHB250824173008.RAW6UBS,Long Range,1.0,2025-08-24 18:30:07,2025-08-24 18:30:07,NHB250824183007.RAW6UD1,Long Range,0.0,2025-08-24 19:30:07,2025-08-24 19:30:08,NHB250824193008.RAW6UEA,Long Range,1.0
1703,2025-08-24 16:50:07,NHB250824165007.RAW6UAX,NHB250824165304.RAW6UB1,NHB250824170008.RAW6UB4,NHB250824170303.RAW6UB8,2025-08-24 16:50:07,2025-08-24 16:50:07,NHB250824165007.RAW6UAX,Long Range,0.0,2025-08-24 17:50:07,2025-08-24 17:50:07,NHB250824175007.RAW6UC6,Long Range,0.0,2025-08-24 18:50:07,2025-08-24 18:50:07,NHB250824185007.RAW6UDF,Long Range,0.0,2025-08-24 19:50:07,2025-08-24 19:50:08,NHB250824195008.RAW6UER,Long Range,1.0
1704,2025-08-24 17:10:08,NHB250824171008.RAW6UBB,NHB250824171303.RAW6UBF,NHB250824172008.RAW6UBJ,NHB250824172303.RAW6UBN,2025-08-24 17:10:08,2025-08-24 17:10:08,NHB250824171008.RAW6UBB,Long Range,0.0,2025-08-24 18:10:08,2025-08-24 18:10:08,NHB250824181008.RAW6UCL,Long Range,0.0,2025-08-24 19:10:08,2025-08-24 19:10:09,NHB250824191009.RAW6UDW,Long Range,1.0,2025-08-24 20:10:08,2025-08-24 20:10:07,NHB250824201007.RAW6UF5,Long Range,1.0
1705,2025-08-24 17:30:08,NHB250824173008.RAW6UBS,NHB250824173303.RAW6UBW,NHB250824174007.RAW6UBZ,NHB250824174303.RAW6UC3,2025-08-24 17:30:08,2025-08-24 17:30:08,NHB250824173008.RAW6UBS,Long Range,0.0,2025-08-24 18:30:08,2025-08-24 18:30:07,NHB250824183007.RAW6UD1,Long Range,1.0,2025-08-24 19:30:08,2025-08-24 19:30:08,NHB250824193008.RAW6UEA,Long Range,0.0,2025-08-24 20:30:08,2025-08-24 20:30:08,NHB250824203008.RAW6UFK,Long Range,0.0
1706,2025-08-24 17:50:07,NHB250824175007.RAW6UC6,NHB250824175303.RAW6UCA,NHB250824180007.RAW6UCD,NHB250824180304.RAW6UCH,2025-08-24 17:50:07,2025-08-24 17:50:07,NHB250824175007.RAW6UC6,Long Range,0.0,2025-08-24 18:50:07,2025-08-24 18:50:07,NHB250824185007.RAW6UDF,Long Range,0.0,2025-08-24 19:50:07,2025-08-24 19:50:08,NHB250824195008.RAW6UER,Long Range,1.0,2025-08-24 20:50:07,2025-08-24 20:50:08,NHB250824205008.RAW6UG0,Long Range,1.0
1707,2025-08-24 18:10:08,NHB250824181008.RAW6UCL,NHB250824181303.RAW6UCR,NHB250824182007.RAW6UCU,NHB250824182303.RAW6UCY,2025-08-24 18:10:08,2025-08-24 18:10:08,NHB250824181008.RAW6UCL,Long Range,0.0,2025-08-24 19:10:08,2025-08-24 19:10:09,NHB250824191009.RAW6UDW,Long Range,1.0,2025-08-24 20:10:08,2025-08-24 20:10:07,NHB250824201007.RAW6UF5,Long Range,1.0,2025-08-24 21:10:08,2025-08-24 21:10:07,NHB250824211007.RAW6UGE,Long Range,1.0
1708,2025-08-24 18:30:07,NHB250824183007.RAW6UD1,NHB250824183303.RAW6UD5,NHB250824184008.RAW6UD8,NHB250824184303.RAW6UDC,2025-08-24 18:30:07,2025-08-24 18:30:07,NHB250824183007.RAW6UD1,Long Range,0.0,2025-08-24 19:30:07,2025-08-24 19:30:08,NHB250824193008.RAW6UEA,Long Range,1.0,2025-08-24 20:30:07,2025-08-24 20:30:08,NHB250824203008.RAW6UFK,Long Range,1.0,2025-08-24 21:30:07,2025-08-24 21:30:08,NHB250824213008.RAW6UGV,Long Range,1.0
1709,2025-08-24 18:50:07,NHB250824185007.RAW6UDF,NHB250824185304.RAW6UDK,NHB250824190008.RAW6UDN,NHB250824190304.RAW6UDT,2025-08-24 18:50:07,2025-08-24 18:50:07,NHB250824185007.RAW6UDF,Long Range,0.0,2025-08-24 19:50:07,2025-08-24 19:50:08,NHB250824195008.RAW6UER,Long Range,1.0,2025-08-24 20:50:07,2025-08-24 20:50:08,NHB250824205008.RAW6UG0,Long Range,1.0,2025-08-24 21:50:07,2025-08-24 21:50:07,NHB250824215007.RAW6UH9,Long Range,0.0
1710,2025-08-24 19:10:09,NHB250824191009.RAW6UDW,NHB250824191304.RAW6UE0,NHB250824192007.RAW6UE3,NHB250824192303.RAW6UE7,2025-08-24 19:10:09,2025-08-24 19:10:09,NHB250824191009.RAW6UDW,Long Range,0.0,2025-08-24 20:10:09,2025-08-24 20:10:07,NHB250824201007.RAW6UF5,Long Range,2.0,2025-08-24 21:10:09,2025-08-24 21:10:07,NHB250824211007.RAW6UGE,Long Range,2.0,2025-08-24 22:10:09,2025-08-24 22:10:07,NHB250824221007.RAW6UHP,Long Range,2.0
1711,2025-08-24 19:30:08,NHB250824193008.RAW6UEA,NHB250824193303.RAW6UEE,NHB250824194008.RAW6UEH,NHB250824194303.RAW6UEM,2025-08-24 19:30:08,2025-08-24 19:30:08,NHB250824193008.RAW6UEA,Long Range,0.0,2025-08-24 20:30:08,2025-08-24 20:30:08,NHB250824203008.RAW6UFK,Long Range,0.0,2025-08-24 21:30:08,2025-08-24 21:30:08,NHB250824213008.RAW6UGV,Long Range,0.0,2025-08-24 22:30:08,2025-08-24 22:30:08,NHB250824223008.RAW6UJ4,Long Range,0.0
1712,2025-08-24 19:50:08,NHB250824195008.RAW6UER,NHB250824195304.RAW6UEV,NHB250824200008.RAW6UEY,NHB250824200304.RAW6UF2,2025-08-24 19:50:08,2025-08-24 19:50:08,NHB250824195008.RAW6UER,Long Range,0.0,2025-08-24 20:50:08,2025-08-24 20:50:08,NHB250824205008.RAW6UG0,Long Range,0.0,2025-08-24 21:50:08,2025-08-24 21:50:07,NHB250824215007.RAW6UH9,Long Range,1.0,2025-08-24 22:50:08,2025-08-24 22:50:07,NHB250824225007.RAW6UJJ,Long Range,1.0
1713,2025-08-24 20:10:07,NHB250824201007.RAW6UF5,NHB250824201304.RAW6UF9,NHB250824202008.RAW6UFC,NHB250824202304.RAW6UFG,2025-08-24 20:10:07,2025-08-24 20:10:07,NHB250824201007.RAW6UF5,Long Range,0.0,2025-08-24 21:10:07,2025-08-24 21:10:07,NHB250824211007.RAW6UGE,Long Range,0.0,2025-08-24 22:10:07,2025-08-24 22:10:07,NHB250824221007.RAW6UHP,Long Range,0.0,2025-08-24 23:10:07,2025-08-24 23:10:07,NHB250824231007.RAW6UJZ,Long Range,0.0
1714,2025-08-24 20:30:08,NHB250824203008.RAW6UFK,NHB250824203304.RAW6UFP,NHB250824204008.RAW6UFT,NHB250824204303.RAW6UFX,2025-08-24 20:30:08,2025-08-24 20:30:08,NHB250824203008.RAW6UFK,Long Range,0.0,2025-08-24 21:30:08,2025-08-24 21:30:08,NHB250824213008.RAW6UGV,Long Range,0.0,2025-08-24 22:30:08,2025-08-24 22:30:08,NHB250824223008.RAW6UJ4,Long Range,0.0,2025-08-24 23:30:08,2025-08-24 23:30:08,NHB250824233008.RAW6UKD,Long Range,0.0
1715,2025-08-24 20:50:08,NHB250824205008.RAW6UG0,NHB250824205304.RAW6UG4,NHB250824210008.RAW6UG7,NHB250824210304.RAW6UGB,2025-08-24 20:50:08,2025-08-24 20:50:08,NHB250824205008.RAW6UG0,Long Range,0.0,2025-08-24 21:50:08,2025-08-24 21:50:07,NHB250824215007.RAW6UH9,Long Range,1.0,2025-08-24 22:50:08,2025-08-24 22:50:07,NHB250824225007.RAW6UJJ,Long Range,1.0,2025-08-24 23:50:08,2025-08-24 23:50:07,NHB250824235007.RAW6UKU,Long Range,1.0
1716,2025-08-24 21:10:07,NHB250824211007.RAW6UGE,NHB250824211303.RAW6UGJ,NHB250824212008.RAW6UGM,NHB250824212303.RAW6UGS,2025-08-24 21:10:07,2025-08-24 21:10:07,NHB250824211007.RAW6UGE,Long Range,0.0,2025-08-24 22:10:07,2025-08-24 22:10:07,NHB250824221007.RAW6UHP,Long Range,0.0,2025-08-24 23:10:07,2025-08-24 23:10:07,NHB250824231007.RAW6UJZ,Long Range,0.0,2025-08-25 00:10:07,2025-08-25 00:10:07,NHB250825001007.RAW6UL8,Long Range,0.0
1717,2025-08-24 21:30:08,NHB250824213008.RAW6UGV,NHB250824213304.RAW6UGZ,NHB250824214008.RAW6UH2,NHB250824214304.RAW6UH6,2025-08-24 21:30:08,2025-08-24 21:30:08,NHB250824213008.RAW6UGV,Long Range,0.0,2025-08-24 22:30:08,2025-08-24 22:30:08,NHB250824223008.RAW6UJ4,Long Range,0.0,2025-08-24 23:30:08,2025-08-24 23:30:08,NHB250824233008.RAW6UKD,Long Range,0.0,2025-08-25 00:30:08,2025-08-25 00:30:08,NHB250825003008.RAW6ULN,Long Range,0.0
1718,2025-08-24 21:50:07,NHB250824215007.RAW6UH9,NHB250824215304.RAW6UHD,NHB250824220008.RAW6UHG,NHB250824220304.RAW6UHL,2025-08-24 21:50:07,2025-08-24 21:50:07,NHB250824215007.RAW6UH9,Long Range,0.0,2025-08-24 22:50:07,2025-08-24 22:50:07,NHB250824225007.RAW6UJJ,Long Range,0.0,2025-08-24 23:50:07,2025-08-24 23:50:07,NHB250824235007.RAW6UKU,Long Range,0.0,2025-08-25 00:50:07,2025-08-25 00:50:08,NHB250825005008.RAW6UM3,Long Range,1.0
1719,2025-08-24 22:10:07,NHB250824221007.RAW6UHP,NHB250824221303.RAW6UHU,NHB250824222008.RAW6UHX,NHB250824222304.RAW6UJ1,2025-08-24 22:10:07,2025-08-24 22:10:07,NHB250824221007.RAW6UHP,Long Range,0.0,2025-08-24 23:10:07,2025-08-24 23:10:07,NHB250824231007.RAW6UJZ,Long Range,0.0,2025-08-25 00:10:07,2025-08-25 00:10:07,NHB250825001007.RAW6UL8,Long Range,0.0,2025-08-25 01:10:07,2025-08-25 01:10:07,NHB250825011007.RAW6UMH,Long Range,0.0
1720,2025-08-24 22:30:08,NHB250824223008.RAW6UJ4,NHB250824223304.RAW6UJ8,NHB250824224008.RAW6UJB,NHB250824224303.RAW6UJF,2025-08-24 22:30:08,2025-08-24 22:30:08,NHB250824223008.RAW6UJ4,Long Range,0.0,2025-08-24 23:30:08,2025-08-24 23:30:08,NHB250824233008.RAW6UKD,Long Range,0.0,2025-08-25 00:30:08,2025-08-25 00:30:08,NHB250825003008.RAW6ULN,Long Range,0.0,2025-08-25 01:30:08,2025-08-25 01:30:08,NHB250825013008.RAW6UMY,Long Range,0.0
1721,2025-08-24 22:50:07,NHB250824225007.RAW6UJJ,NHB250824225303.RAW6UJN,NHB250824230007.RAW6UJS,NHB250824230304.RAW6UJW,2025-08-24 22:50:07,2025-08-24 22:50:07,NHB250824225007.RAW6UJJ,Long Range,0.0,2025-08-24 23:50:07,2025-08-24 23:50:07,NHB250824235007.RAW6UKU,Long Range,0.0,2025-08-25 00:50:07,2025-08-25 00:50:08,NHB250825005008.RAW6UM3,Long Range,1.0,2025-08-25 01:50:07,2025-08-25 01:50:07,NHB250825015007.RAW6UNC,Long Range,0.0
1722,2025-08-24 23:10:07,NHB250824231007.RAW6UJZ,NHB250824231303.RAW6UK3,NHB250824232007.RAW6UK6,NHB250824232304.RAW6UKA,2025-08-24 23:10:07,2025-08-24 23:10:07,NHB250824231007.RAW6UJZ,Long Range,0.0,2025-08-25 00:10:07,2025-08-25 00:10:07,NHB250825001007.RAW6UL8,Long Range,0.0,2025-08-25 01:10:07,2025-08-25 01:10:07,NHB250825011007.RAW6UMH,Long Range,0.0,2025-08-25 02:10:07,2025-08-25 02:10:07,NHB250825021007.RAW6UNT,Long Range,0.0
1723,2025-08-24 23:30:08,NHB250824233008.RAW6UKD,NHB250824233304.RAW6UKH,NHB250824234007.RAW6UKL,NHB250824234303.RAW6UKR,2025-08-24 23:30:08,2025-08-24 23:30:08,NHB250824233008.RAW6UKD,Long Range,0.0,2025-08-25 00:30:08,2025-08-25 00:30:08,NHB250825003008.RAW6ULN,Long Range,0.0,2025-08-25 01:30:08,2025-08-25 01:30:08,NHB250825013008.RAW6UMY,Long Range,0.0,2025-08-25 02:30:08,2025-08-25 02:30:07,NHB250825023007.RAW6UP7,Long Range,1.0
1724,2025-08-24 23:50:07,NHB250824235007.RAW6UKU,NHB250824235303.RAW6UKY,NHB250825000007.RAW6UL1,NHB250825000304.RAW6UL5,2025-08-24 23:50:07,2025-08-24 23:50:07,NHB250824235007.RAW6UKU,Long Range,0.0,2025-08-25 00:50:07,2025-08-25 00:50:08,NHB250825005008.RAW6UM3,Long Range,1.0,2025-08-25 01:50:07,2025-08-25 01:50:07,NHB250825015007.RAW6UNC,Long Range,0.0,2025-08-25 02:50:07,2025-08-25 02:50:08,NHB250825025008.RAW6UPM,Long Range,1.0
1725,2025-08-25 00:10:07,NHB250825001007.RAW6UL8,NHB250825001303.RAW6ULC,NHB250825002007.RAW6ULF,NHB250825002304.RAW6ULK,2025-08-25 00:10:07,2025-08-25 00:10:07,NHB250825001007.RAW6UL8,Long Range,0.0,2025-08-25 01:10:07,2025-08-25 01:10:07,NHB250825011007.RAW6UMH,Long Range,0.0,2025-08-25 02:10:07,2025-08-25 02:10:07,NHB250825021007.RAW6UNT,Long Range,0.0,2025-08-25 03:10:07,2025-08-25 03:10:07,NHB250825031007.RAW6UR2,Long Range,0.0
1726,2025-08-25 00:30:08,NHB250825003008.RAW6ULN,NHB250825003303.RAW6ULT,NHB250825004007.RAW6ULW,NHB250825004304.RAW6UM0,2025-08-25 00:30:08,2025-08-25 00:30:08,NHB250825003008.RAW6ULN,Long Range,0.0,2025-08-25 01:30:08,2025-08-25 01:30:08,NHB250825013008.RAW6UMY,Long Range,0.0,2025-08-25 02:30:08,2025-08-25 02:30:07,NHB250825023007.RAW6UP7,Long Range,1.0,2025-08-25 03:30:08,2025-08-25 03:30:07,NHB250825033007.RAW6URG,Long Range,1.0
1727,2025-08-25 00:50:08,NHB250825005008.RAW6UM3,NHB250825005303.RAW6UM7,NHB250825010007.RAW6UMA,NHB250825010303.RAW6UME,2025-08-25 00:50:08,2025-08-25 00:50:08,NHB250825005008.RAW6UM3,Long Range,0.0,2025-08-25 01:50:08,2025-08-25 01:50:07,NHB250825015007.RAW6UNC,Long Range,1.0,2025-08-25 02:50:08,2025-08-25 02:50:08,NHB250825025008.RAW6UPM,Long Range,0.0,2025-08-25 03:50:08,2025-08-25 03:50:08,NHB250825035008.RAW6URX,Long Range,0.0
1728,2025-08-25 01:10:07,NHB250825011007.RAW6UMH,NHB250825011304.RAW6UMM,NHB250825012007.RAW6UMR,NHB250825012303.RAW6UMV,2025-08-25 01:10:07,2025-08-25 01:10:07,NHB250825011007.RAW6UMH,Long Range,0.0,2025-08-25 02:10:07,2025-08-25 02:10:07,NHB250825021007.RAW6UNT,Long Range,0.0,2025-08-25 03:10:07,2025-08-25 03:10:07,NHB250825031007.RAW6UR2,Long Range,0.0,2025-08-25 04:10:07,2025-08-25 04:10:08,NHB250825041008.RAW6USB,Long Range,1.0
1729,2025-08-25 01:30:08,NHB250825013008.RAW6UMY,NHB250825013303.RAW6UN2,NHB250825014008.RAW6UN5,NHB250825014303.RAW6UN9,2025-08-25 01:30:08,2025-08-25 01:30:08,NHB250825013008.RAW6UMY,Long Range,0.0,2025-08-25 02:30:08,2025-08-25 02:30:07,NHB250825023007.RAW6UP7,Long Range,1.0,2025-08-25 03:30:08,2025-08-25 03:30:07,NHB250825033007.RAW6URG,Long Range,1.0,2025-08-25 04:30:08,2025-08-25 04:30:08,NHB250825043008.RAW6USS,Long Range,0.0
1730,2025-08-25 01:50:07,NHB250825015007.RAW6UNC,NHB250825015304.RAW6UNG,NHB250825020008.RAW6UNK,NHB250825020303.RAW6UNP,2025-08-25 01:50:07,2025-08-25 01:50:07,NHB250825015007.RAW6UNC,Long Range,0.0,2025-08-25 02:50:07,2025-08-25 02:50:08,NHB250825025008.RAW6UPM,Long Range,1.0,2025-08-25 03:50:07,2025-08-25 03:50:08,NHB250825035008.RAW6URX,Long Range,1.0,2025-08-25 04:50:07,2025-08-25 04:50:08,NHB250825045008.RAW6UT6,Long Range,1.0
1731,2025-08-25 02:10:07,NHB250825021007.RAW6UNT,NHB250825021304.RAW6UNX,NHB250825022007.RAW6UP0,NHB250825022304.RAW6UP4,2025-08-25 02:10:07,2025-08-25 02:10:07,NHB250825021007.RAW6UNT,Long Range,0.0,2025-08-25 03:10:07,2025-08-25 03:10:07,NHB250825031007.RAW6UR2,Long Range,0.0,2025-08-25 04:10:07,2025-08-25 04:10:08,NHB250825041008.RAW6USB,Long Range,1.0,2025-08-25 05:10:07,2025-08-25 05:10:09,NHB250825051009.RAW6UTL,Long Range,2.0
1732,2025-08-25 02:30:07,NHB250825023007.RAW6UP7,NHB250825023304.RAW6UPB,NHB250825024008.RAW6UPE,NHB250825024304.RAW6UPJ,2025-08-25 02:30:07,2025-08-25 02:30:07,NHB250825023007.RAW6UP7,Long Range,0.0,2025-08-25 03:30:07,2025-08-25 03:30:07,NHB250825033007.RAW6URG,Long Range,0.0,2025-08-25 04:30:07,2025-08-25 04:30:08,NHB250825043008.RAW6USS,Long Range,1.0,2025-08-25 05:30:07,2025-08-25 05:30:08,NHB250825053008.RAW6UU1,Long Range,1.0
1733,2025-08-25 02:50:08,NHB250825025008.RAW6UPM,NHB250825025303.RAW6UPS,NHB250825030008.RAW6UPV,NHB250825030304.RAW6UPZ,2025-08-25 02:50:08,2025-08-25 02:50:08,NHB250825025008.RAW6UPM,Long Range,0.0,2025-08-25 03:50:08,2025-08-25 03:50:08,NHB250825035008.RAW6URX,Long Range,0.0,2025-08-25 04:50:08,2025-08-25 04:50:08,NHB250825045008.RAW6UT6,Long Range,0.0,2025-08-25 05:50:08,2025-08-25 05:50:07,NHB250825055007.RAW6UUF,Long Range,1.0
1734,2025-08-25 03:10:07,NHB250825031007.RAW6UR2,NHB250825031303.RAW6UR6,NHB250825032007.RAW6UR9,NHB250825032304.RAW6URD,2025-08-25 03:10:07,2025-08-25 03:10:07,NHB250825031007.RAW6UR2,Long Range,0.0,2025-08-25 04:10:07,2025-08-25 04:10:08,NHB250825041008.RAW6USB,Long Range,1.0,2025-08-25 05:10:07,2025-08-25 05:10:09,NHB250825051009.RAW6UTL,Long Range,2.0,2025-08-25 06:10:07,2025-08-25 06:10:08,NHB250825061008.RAW6UUW,Long Range,1.0
1735,2025-08-25 03:30:07,NHB250825033007.RAW6URG,NHB250825033304.RAW6URL,NHB250825034008.RAW6URP,NHB250825034303.RAW6URU,2025-08-25 03:30:07,2025-08-25 03:30:07,NHB250825033007.RAW6URG,Long Range,0.0,2025-08-25 04:30:07,2025-08-25 04:30:08,NHB250825043008.RAW6USS,Long Range,1.0,2025-08-25 05:30:07,2025-08-25 05:30:08,NHB250825053008.RAW6UU1,Long Range,1.0,2025-08-25 06:30:07,2025-08-25 06:30:08,NHB250825063008.RAW6UVA,Long Range,1.0
1736,2025-08-25 03:50:08,NHB250825035008.RAW6URX,NHB250825035304.RAW6US1,NHB250825040008.RAW6US4,NHB250825040303.RAW6US8,2025-08-25 03:50:08,2025-08-25 03:50:08,NHB250825035008.RAW6URX,Long Range,0.0,2025-08-25 04:50:08,2025-08-25 04:50:08,NHB250825045008.RAW6UT6,Long Range,0.0,2025-08-25 05:50:08,2025-08-25 05:50:07,NHB250825055007.RAW6UUF,Long Range,1.0,2025-08-25 06:50:08,2025-08-25 06:50:08,NHB250825065008.RAW6UVR,Long Range,0.0
1737,2025-08-25 04:10:08,NHB250825041008.RAW6USB,NHB250825041303.RAW6USF,NHB250825042007.RAW6USJ,NHB250825042303.RAW6USN,2025-08-25 04:10:08,2025-08-25 04:10:08,NHB250825041008.RAW6USB,Long Range,0.0,2025-08-25 05:10:08,2025-08-25 05:10:09,NHB250825051009.RAW6UTL,Long Range,1.0,2025-08-25 06:10:08,2025-08-25 06:10:08,NHB250825061008.RAW6UUW,Long Range,0.0,2025-08-25 07:10:08,2025-08-25 07:10:08,NHB250825071008.RAW6UW5,Long Range,0.0
1738,2025-08-25 04:30:08,NHB250825043008.RAW6USS,NHB250825043303.RAW6USW,NHB250825044008.RAW6USZ,NHB250825044304.RAW6UT3,2025-08-25 04:30:08,2025-08-25 04:30:08,NHB250825043008.RAW6USS,Long Range,0.0,2025-08-25 05:30:08,2025-08-25 05:30:08,NHB250825053008.RAW6UU1,Long Range,0.0,2025-08-25 06:30:08,2025-08-25 06:30:08,NHB250825063008.RAW6UVA,Long Range,0.0,2025-08-25 07:30:08,2025-08-25 07:30:08,NHB250825073008.RAW6UWK,Long Range,0.0
1739,2025-08-25 04:50:08,NHB250825045008.RAW6UT6,NHB250825045304.RAW6UTA,NHB250825050008.RAW6UTD,NHB250825050303.RAW6UTH,2025-08-25 04:50:08,2025-08-25 04:50:08,NHB250825045008.RAW6UT6,Long Range,0.0,2025-08-25 05:50:08,2025-08-25 05:50:07,NHB250825055007.RAW6UUF,Long Range,1.0,2025-08-25 06:50:08,2025-08-25 06:50:08,NHB250825065008.RAW6UVR,Long Range,0.0,2025-08-25 07:50:08,2025-08-25 07:50:08,NHB250825075008.RAW6UX0,Long Range,0.0
1740,2025-08-25 05:10:09,NHB250825051009.RAW6UTL,NHB250825051304.RAW6UTR,NHB250825052008.RAW6UTU,NHB250825052304.RAW6UTY,2025-08-25 05:10:09,2025-08-25 05:10:09,NHB250825051009.RAW6UTL,Long Range,0.0,2025-08-25 06:10:09,2025-08-25 06:10:08,NHB250825061008.RAW6UUW,Long Range,1.0,2025-08-25 07:10:09,2025-08-25 07:10:08,NHB250825071008.RAW6UW5,Long Range,1.0,2025-08-25 08:10:09,2025-08-25 08:10:08,NHB250825081008.RAW6UXE,Long Range,1.0
1741,2025-08-25 05:30:08,NHB250825053008.RAW6UU1,NHB250825053303.RAW6UU5,NHB250825054008.RAW6UU8,NHB250825054304.RAW6UUC,2025-08-25 05:30:08,2025-08-25 05:30:08,NHB250825053008.RAW6UU1,Long Range,0.0,2025-08-25 06:30:08,2025-08-25 06:30:08,NHB250825063008.RAW6UVA,Long Range,0.0,2025-08-25 07:30:08,2025-08-25 07:30:08,NHB250825073008.RAW6UWK,Long Range,0.0,2025-08-25 08:30:08,2025-08-25 08:30:08,NHB250825083008.RAW6UXV,Long Range,0.0
1742,2025-08-25 05:50:07,NHB250825055007.RAW6UUF,NHB250825055304.RAW6UUK,NHB250825060008.RAW6UUN,NHB250825060303.RAW6UUT,2025-08-25 05:50:07,2025-08-25 05:50:07,NHB250825055007.RAW6UUF,Long Range,0.0,2025-08-25 06:50:07,2025-08-25 06:50:08,NHB250825065008.RAW6UVR,Long Range,1.0,2025-08-25 07:50:07,2025-08-25 07:50:08,NHB250825075008.RAW6UX0,Long Range,1.0,2025-08-25 08:50:07,2025-08-25 08:50:08,NHB250825085008.RAW6UY9,Long Range,1.0
1743,2025-08-25 06:10:08,NHB250825061008.RAW6UUW,NHB250825061303.RAW6UV0,NHB250825062007.RAW6UV3,NHB250825062304.RAW6UV7,2025-08-25 06:10:08,2025-08-25 06:10:08,NHB250825061008.RAW6UUW,Long Range,0.0,2025-08-25 07:10:08,2025-08-25 07:10:08,NHB250825071008.RAW6UW5,Long Range,0.0,2025-08-25 08:10:08,2025-08-25 08:10:08,NHB250825081008.RAW6UXE,Long Range,0.0,2025-08-25 09:10:08,2025-08-25 09:10:08,NHB250825091008.RAW6UYP,Long Range,0.0
1744,2025-08-25 06:30:08,NHB250825063008.RAW6UVA,NHB250825063304.RAW6UVE,NHB250825064009.RAW6UVH,NHB250825064304.RAW6UVM,2025-08-25 06:30:08,2025-08-25 06:30:08,NHB250825063008.RAW6UVA,Long Range,0.0,2025-08-25 07:30:08,2025-08-25 07:30:08,NHB250825073008.RAW6UWK,Long Range,0.0,2025-08-25 08:30:08,2025-08-25 08:30:08,NHB250825083008.RAW6UXV,Long Range,0.0,2025-08-25 09:30:08,2025-08-25 09:30:08,NHB250825093008.RAW6UZ4,Long Range,0.0
1745,2025-08-25 06:50:08,NHB250825065008.RAW6UVR,NHB250825065304.RAW6UVV,NHB250825070007.RAW6UVY,NHB250825070303.RAW6UW2,2025-08-25 06:50:08,2025-08-25 06:50:08,NHB250825065008.RAW6UVR,Long Range,0.0,2025-08-25 07:50:08,2025-08-25 07:50:08,NHB250825075008.RAW6UX0,Long Range,0.0,2025-08-25 08:50:08,2025-08-25 08:50:08,NHB250825085008.RAW6UY9,Long Range,0.0,2025-08-25 09:50:08,2025-08-25 09:50:08,NHB250825095008.RAW6UZJ,Long Range,0.0
1746,2025-08-25 07:10:08,NHB250825071008.RAW6UW5,NHB250825071303.RAW6UW9,NHB250825072008.RAW6UWC,NHB250825072303.RAW6UWG,2025-08-25 07:10:08,2025-08-25 07:10:08,NHB250825071008.RAW6UW5,Long Range,0.0,2025-08-25 08:10:08,2025-08-25 08:10:08,NHB250825081008.RAW6UXE,Long Range,0.0,2025-08-25 09:10:08,2025-08-25 09:10:08,NHB250825091008.RAW6UYP,Long Range,0.0,2025-08-25 10:10:08,2025-08-25 10:10:07,NHB250825101007.RAW6UZZ,Long Range,1.0
1747,2025-08-25 07:30:08,NHB250825073008.RAW6UWK,NHB250825073304.RAW6UWP,NHB250825074009.RAW6UWT,NHB250825074304.RAW6UWX,2025-08-25 07:30:08,2025-08-25 07:30:08,NHB250825073008.RAW6UWK,Long Range,0.0,2025-08-25 08:30:08,2025-08-25 08:30:08,NHB250825083008.RAW6UXV,Long Range,0.0,2025-08-25 09:30:08,2025-08-25 09:30:08,NHB250825093008.RAW6UZ4,Long Range,0.0,2025-08-25 10:30:08,2025-08-25 10:30:08,NHB250825103008.RAW6V0D,Long Range,0.0
1748,2025-08-25 07:50:08,NHB250825075008.RAW6UX0,NHB250825075304.RAW6UX4,NHB250825080008.RAW6UX7,NHB250825080304.RAW6UXB,2025-08-25 07:50:08,2025-08-25 07:50:08,NHB250825075008.RAW6UX0,Long Range,0.0,2025-08-25 08:50:08,2025-08-25 08:50:08,NHB250825085008.RAW6UY9,Long Range,0.0,2025-08-25 09:50:08,2025-08-25 09:50:08,NHB250825095008.RAW6UZJ,Long Range,0.0,2025-08-25 10:50:08,2025-08-25 10:50:07,NHB250825105007.RAW6V0U,Long Range,1.0
1749,2025-08-25 08:10:08,NHB250825081008.RAW6UXE,NHB250825081304.RAW6UXJ,NHB250825082008.RAW6UXM,NHB250825082303.RAW6UXS,2025-08-25 08:10:08,2025-08-25 08:10:08,NHB250825081008.RAW6UXE,Long Range,0.0,2025-08-25 09:10:08,2025-08-25 09:10:08,NHB250825091008.RAW6UYP,Long Range,0.0,2025-08-25 10:10:08,2025-08-25 10:10:07,NHB250825101007.RAW6UZZ,Long Range,1.0,2025-08-25 11:10:08,2025-08-25 11:10:08,NHB250825111008.RAW6V18,Long Range,0.0
1750,2025-08-25 08:30:08,NHB250825083008.RAW6UXV,NHB250825083303.RAW6UXZ,NHB250825084008.RAW6UY2,NHB250825084304.RAW6UY6,2025-08-25 08:30:08,2025-08-25 08:30:08,NHB250825083008.RAW6UXV,Long Range,0.0,2025-08-25 09:30:08,2025-08-25 09:30:08,NHB250825093008.RAW6UZ4,Long Range,0.0,2025-08-25 10:30:08,2025-08-25 10:30:08,NHB250825103008.RAW6V0D,Long Range,0.0,2025-08-25 11:30:08,2025-08-25 11:30:08,NHB250825113008.RAW6V1N,Long Range,0.0
1751,2025-08-25 08:50:08,NHB250825085008.RAW6UY9,NHB250825085303.RAW6UYD,NHB250825090007.RAW6UYG,NHB250825090304.RAW6UYL,2025-08-25 08:50:08,2025-08-25 08:50:08,NHB250825085008.RAW6UY9,Long Range,0.0,2025-08-25 09:50:08,2025-08-25 09:50:08,NHB250825095008.RAW6UZJ,Long Range,0.0,2025-08-25 10:50:08,2025-08-25 10:50:07,NHB250825105007.RAW6V0U,Long Range,1.0,2025-08-25 11:50:08,2025-08-25 11:50:08,NHB250825115008.RAW6V23,Long Range,0.0
1752,2025-08-25 09:10:08,NHB250825091008.RAW6UYP,NHB250825091303.RAW6UYU,NHB250825092007.RAW6UYX,NHB250825092304.RAW6UZ1,2025-08-25 09:10:08,2025-08-25 09:10:08,NHB250825091008.RAW6UYP,Long Range,0.0,2025-08-25 10:10:08,2025-08-25 10:10:07,NHB250825101007.RAW6UZZ,Long Range,1.0,2025-08-25 11:10:08,2025-08-25 11:10:08,NHB250825111008.RAW6V18,Long Range,0.0,2025-08-25 12:10:08,2025-08-25 12:10:08,NHB250825121008.RAW6V2H,Long Range,0.0
1753,2025-08-25 09:30:08,NHB250825093008.RAW6UZ4,NHB250825093304.RAW6UZ8,NHB250825094008.RAW6UZB,NHB250825094303.RAW6UZF,2025-08-25 09:30:08,2025-08-25 09:30:08,NHB250825093008.RAW6UZ4,Long Range,0.0,2025-08-25 10:30:08,2025-08-25 10:30:08,NHB250825103008.RAW6V0D,Long Range,0.0,2025-08-25 11:30:08,2025-08-25 11:30:08,NHB250825113008.RAW6V1N,Long Range,0.0,2025-08-25 12:30:08,2025-08-25 12:30:08,NHB250825123008.RAW6V2Y,Long Range,0.0
1754,2025-08-25 09:50:08,NHB250825095008.RAW6UZJ,NHB250825095304.RAW6UZN,NHB250825100007.RAW6UZS,NHB250825100304.RAW6UZW,2025-08-25 09:50:08,2025-08-25 09:50:08,NHB250825095008.RAW6UZJ,Long Range,0.0,2025-08-25 10:50:08,2025-08-25 10:50:07,NHB250825105007.RAW6V0U,Long Range,1.0,2025-08-25 11:50:08,2025-08-25 11:50:08,NHB250825115008.RAW6V23,Long Range,0.0,2025-08-25 12:50:08,2025-08-25 12:50:08,NHB250825125008.RAW6V3C,Long Range,0.0
1755,2025-08-25 10:10:07,NHB250825101007.RAW6UZZ,NHB250825101304.RAW6V03,NHB250825102008.RAW6V06,NHB250825102304.RAW6V0A,2025-08-25 10:10:07,2025-08-25 10:10:07,NHB250825101007.RAW6UZZ,Long Range,0.0,2025-08-25 11:10:07,2025-08-25 11:10:08,NHB250825111008.RAW6V18,Long Range,1.0,2025-08-25 12:10:07,2025-08-25 12:10:08,NHB250825121008.RAW6V2H,Long Range,1.0,2025-08-25 13:10:07,2025-08-25 13:10:08,NHB250825131008.RAW6V3T,Long Range,1.0
1756,2025-08-25 10:30:08,NHB250825103008.RAW6V0D,NHB250825103303.RAW6V0H,NHB250825104008.RAW6V0L,NHB250825104305.RAW6V0R,2025-08-25 10:30:08,2025-08-25 10:30:08,NHB250825103008.RAW6V0D,Long Range,0.0,2025-08-25 11:30:08,2025-08-25 11:30:08,NHB250825113008.RAW6V1N,Long Range,0.0,2025-08-25 12:30:08,2025-08-25 12:30:08,NHB250825123008.RAW6V2Y,Long Range,0.0,2025-08-25 13:30:08,2025-08-25 13:30:07,NHB250825133007.RAW6V47,Long Range,1.0
1757,2025-08-25 10:50:07,NHB250825105007.RAW6V0U,NHB250825105303.RAW6V0Y,NHB250825110008.RAW6V11,NHB250825110303.RAW6V15,2025-08-25 10:50:07,2025-08-25 10:50:07,NHB250825105007.RAW6V0U,Long Range,0.0,2025-08-25 11:50:07,2025-08-25 11:50:08,NHB250825115008.RAW6V23,Long Range,1.0,2025-08-25 12:50:07,2025-08-25 12:50:08,NHB250825125008.RAW6V3C,Long Range,1.0,2025-08-25 13:50:07,2025-08-25 13:50:08,NHB250825135008.RAW6V4M,Long Range,1.0
1758,2025-08-25 11:10:08,NHB250825111008.RAW6V18,NHB250825111303.RAW6V1C,NHB250825112008.RAW6V1F,NHB250825112304.RAW6V1K,2025-08-25 11:10:08,2025-08-25 11:10:08,NHB250825111008.RAW6V18,Long Range,0.0,2025-08-25 12:10:08,2025-08-25 12:10:08,NHB250825121008.RAW6V2H,Long Range,0.0,2025-08-25 13:10:08,2025-08-25 13:10:08,NHB250825131008.RAW6V3T,Long Range,0.0,2025-08-25 14:10:08,2025-08-25 14:10:07,NHB250825141007.RAW6V52,Long Range,1.0
1759,2025-08-25 11:30:08,NHB250825113008.RAW6V1N,NHB250825113303.RAW6V1T,NHB250825114007.RAW6V1W,NHB250825114303.RAW6V20,2025-08-25 11:30:08,2025-08-25 11:30:08,NHB250825113008.RAW6V1N,Long Range,0.0,2025-08-25 12:30:08,2025-08-25 12:30:08,NHB250825123008.RAW6V2Y,Long Range,0.0,2025-08-25 13:30:08,2025-08-25 13:30:07,NHB250825133007.RAW6V47,Long Range,1.0,2025-08-25 14:30:08,2025-08-25 14:30:08,NHB250825143008.RAW6V5G,Long Range,0.0
1760,2025-08-25 11:50:08,NHB250825115008.RAW6V23,NHB250825115303.RAW6V27,NHB250825120008.RAW6V2A,NHB250825120304.RAW6V2E,2025-08-25 11:50:08,2025-08-25 11:50:08,NHB250825115008.RAW6V23,Long Range,0.0,2025-08-25 12:50:08,2025-08-25 12:50:08,NHB250825125008.RAW6V3C,Long Range,0.0,2025-08-25 13:50:08,2025-08-25 13:50:08,NHB250825135008.RAW6V4M,Long Range,0.0,2025-08-25 14:50:08,2025-08-25 14:50:07,NHB250825145007.RAW6V5X,Long Range,1.0
1761,2025-08-25 12:10:08,NHB250825121008.RAW6V2H,NHB250825121303.RAW6V2M,NHB250825122008.RAW6V2R,NHB250825122303.RAW6V2V,2025-08-25 12:10:08,2025-08-25 12:10:08,NHB250825121008.RAW6V2H,Long Range,0.0,2025-08-25 13:10:08,2025-08-25 13:10:08,NHB250825131008.RAW6V3T,Long Range,0.0,2025-08-25 14:10:08,2025-08-25 14:10:07,NHB250825141007.RAW6V52,Long Range,1.0,2025-08-25 15:10:08,2025-08-25 15:10:08,NHB250825151008.RAW6V6B,Long Range,0.0
1762,2025-08-25 12:30:08,NHB250825123008.RAW6V2Y,NHB250825123304.RAW6V32,NHB250825124008.RAW6V35,NHB250825124304.RAW6V39,2025-08-25 12:30:08,2025-08-25 12:30:08,NHB250825123008.RAW6V2Y,Long Range,0.0,2025-08-25 13:30:08,2025-08-25 13:30:07,NHB250825133007.RAW6V47,Long Range,1.0,2025-08-25 14:30:08,2025-08-25 14:30:08,NHB250825143008.RAW6V5G,Long Range,0.0,2025-08-25 15:30:08,2025-08-25 15:30:07,NHB250825153007.RAW6V6S,Long Range,1.0
1763,2025-08-25 12:50:08,NHB250825125008.RAW6V3C,NHB250825125303.RAW6V3G,NHB250825130008.RAW6V3K,NHB250825130303.RAW6V3P,2025-08-25 12:50:08,2025-08-25 12:50:08,NHB250825125008.RAW6V3C,Long Range,0.0,2025-08-25 13:50:08,2025-08-25 13:50:08,NHB250825135008.RAW6V4M,Long Range,0.0,2025-08-25 14:50:08,2025-08-25 14:50:07,NHB250825145007.RAW6V5X,Long Range,1.0,2025-08-25 15:50:08,2025-08-25 15:50:08,NHB250825155008.RAW6V76,Long Range,0.0
1764,2025-08-25 13:10:08,NHB250825131008.RAW6V3T,NHB250825131303.RAW6V3X,NHB250825132008.RAW6V40,NHB250825132304.RAW6V44,2025-08-25 13:10:08,2025-08-25 13:10:08,NHB250825131008.RAW6V3T,Long Range,0.0,2025-08-25 14:10:08,2025-08-25 14:10:07,NHB250825141007.RAW6V52,Long Range,1.0,2025-08-25 15:10:08,2025-08-25 15:10:08,NHB250825151008.RAW6V6B,Long Range,0.0,2025-08-25 16:10:08,2025-08-25 16:10:08,NHB250825161008.RAW6V7L,Long Range,0.0
1765,2025-08-25 13:30:07,NHB250825133007.RAW6V47,NHB250825133304.RAW6V4B,NHB250825134007.RAW6V4E,NHB250825134303.RAW6V4J,2025-08-25 13:30:07,2025-08-25 13:30:07,NHB250825133007.RAW6V47,Long Range,0.0,2025-08-25 14:30:07,2025-08-25 14:30:08,NHB250825143008.RAW6V5G,Long Range,1.0,2025-08-25 15:30:07,2025-08-25 15:30:07,NHB250825153007.RAW6V6S,Long Range,0.0,2025-08-25 16:30:07,2025-08-25 16:30:09,NHB250825163009.RAW6V81,Long Range,2.0
1766,2025-08-25 13:50:08,NHB250825135008.RAW6V4M,NHB250825135303.RAW6V4S,NHB250825140008.RAW6V4V,NHB250825140304.RAW6V4Z,2025-08-25 13:50:08,2025-08-25 13:50:08,NHB250825135008.RAW6V4M,Long Range,0.0,2025-08-25 14:50:08,2025-08-25 14:50:07,NHB250825145007.RAW6V5X,Long Range,1.0,2025-08-25 15:50:08,2025-08-25 15:50:08,NHB250825155008.RAW6V76,Long Range,0.0,2025-08-25 16:50:08,2025-08-25 16:50:08,NHB250825165008.RAW6V8F,Long Range,0.0
1767,2025-08-25 14:10:07,NHB250825141007.RAW6V52,NHB250825141303.RAW6V56,NHB250825142007.RAW6V59,NHB250825142304.RAW6V5D,2025-08-25 14:10:07,2025-08-25 14:10:07,NHB250825141007.RAW6V52,Long Range,0.0,2025-08-25 15:10:07,2025-08-25 15:10:08,NHB250825151008.RAW6V6B,Long Range,1.0,2025-08-25 16:10:07,2025-08-25 16:10:08,NHB250825161008.RAW6V7L,Long Range,1.0,2025-08-25 17:10:07,2025-08-25 17:10:08,NHB250825171008.RAW6V8W,Long Range,1.0
1768,2025-08-25 14:30:08,NHB250825143008.RAW6V5G,NHB250825143304.RAW6V5L,NHB250825144008.RAW6V5P,NHB250825144303.RAW6V5U,2025-08-25 14:30:08,2025-08-25 14:30:08,NHB250825143008.RAW6V5G,Long Range,0.0,2025-08-25 15:30:08,2025-08-25 15:30:07,NHB250825153007.RAW6V6S,Long Range,1.0,2025-08-25 16:30:08,2025-08-25 16:30:09,NHB250825163009.RAW6V81,Long Range,1.0,2025-08-25 17:30:08,2025-08-25 17:30:08,NHB250825173008.RAW6V9A,Long Range,0.0
1769,2025-08-25 14:50:07,NHB250825145007.RAW6V5X,NHB250825145304.RAW6V61,NHB250825150008.RAW6V64,NHB250825150303.RAW6V68,2025-08-25 14:50:07,2025-08-25 14:50:07,NHB250825145007.RAW6V5X,Long Range,0.0,2025-08-25 15:50:07,2025-08-25 15:50:08,NHB250825155008.RAW6V76,Long Range,1.0,2025-08-25 16:50:07,2025-08-25 16:50:08,NHB250825165008.RAW6V8F,Long Range,1.0,2025-08-25 17:50:07,2025-08-25 17:50:08,NHB250825175008.RAW6V9R,Long Range,1.0
1770,2025-08-25 15:10:08,NHB250825151008.RAW6V6B,NHB250825151304.RAW6V6F,NHB250825152008.RAW6V6J,NHB250825152304.RAW6V6N,2025-08-25 15:10:08,2025-08-25 15:10:08,NHB250825151008.RAW6V6B,Long Range,0.0,2025-08-25 16:10:08,2025-08-25 16:10:08,NHB250825161008.RAW6V7L,Long Range,0.0,2025-08-25 17:10:08,2025-08-25 17:10:08,NHB250825171008.RAW6V8W,Long Range,0.0,2025-08-25 18:10:08,2025-08-25 18:10:08,NHB250825181008.RAW6VA5,Long Range,0.0
1771,2025-08-25 15:30:07,NHB250825153007.RAW6V6S,NHB250825153303.RAW6V6W,NHB250825154007.RAW6V6Z,NHB250825154303.RAW6V73,2025-08-25 15:30:07,2025-08-25 15:30:07,NHB250825153007.RAW6V6S,Long Range,0.0,2025-08-25 16:30:07,2025-08-25 16:30:09,NHB250825163009.RAW6V81,Long Range,2.0,2025-08-25 17:30:07,2025-08-25 17:30:08,NHB250825173008.RAW6V9A,Long Range,1.0,2025-08-25 18:30:07,2025-08-25 18:30:07,NHB250825183007.RAW6VAK,Long Range,0.0
1772,2025-08-25 15:50:08,NHB250825155008.RAW6V76,NHB250825155304.RAW6V7A,NHB250825160008.RAW6V7D,NHB250825160303.RAW6V7H,2025-08-25 15:50:08,2025-08-25 15:50:08,NHB250825155008.RAW6V76,Long Range,0.0,2025-08-25 16:50:08,2025-08-25 16:50:08,NHB250825165008.RAW6V8F,Long Range,0.0,2025-08-25 17:50:08,2025-08-25 17:50:08,NHB250825175008.RAW6V9R,Long Range,0.0,2025-08-25 18:50:08,2025-08-25 18:50:08,NHB250825185008.RAW6VB0,Long Range,0.0
1773,2025-08-25 16:10:08,NHB250825161008.RAW6V7L,NHB250825161303.RAW6V7R,NHB250825162007.RAW6V7U,NHB250825162303.RAW6V7Y,2025-08-25 16:10:08,2025-08-25 16:10:08,NHB250825161008.RAW6V7L,Long Range,0.0,2025-08-25 17:10:08,2025-08-25 17:10:08,NHB250825171008.RAW6V8W,Long Range,0.0,2025-08-25 18:10:08,2025-08-25 18:10:08,NHB250825181008.RAW6VA5,Long Range,0.0,2025-08-25 19:10:08,2025-08-25 19:10:08,NHB250825191008.RAW6VBE,Long Range,0.0
1774,2025-08-25 16:30:09,NHB250825163009.RAW6V81,NHB250825163303.RAW6V85,NHB250825164009.RAW6V88,NHB250825164304.RAW6V8C,2025-08-25 16:30:09,2025-08-25 16:30:09,NHB250825163009.RAW6V81,Long Range,0.0,2025-08-25 17:30:09,2025-08-25 17:30:08,NHB250825173008.RAW6V9A,Long Range,1.0,2025-08-25 18:30:09,2025-08-25 18:30:07,NHB250825183007.RAW6VAK,Long Range,2.0,2025-08-25 19:30:09,2025-08-25 19:30:08,NHB250825193008.RAW6VBV,Long Range,1.0
1775,2025-08-25 16:50:08,NHB250825165008.RAW6V8F,NHB250825165304.RAW6V8K,NHB250825170007.RAW6V8N,NHB250825170304.RAW6V8T,2025-08-25 16:50:08,2025-08-25 16:50:08,NHB250825165008.RAW6V8F,Long Range,0.0,2025-08-25 17:50:08,2025-08-25 17:50:08,NHB250825175008.RAW6V9R,Long Range,0.0,2025-08-25 18:50:08,2025-08-25 18:50:08,NHB250825185008.RAW6VB0,Long Range,0.0,2025-08-25 19:50:08,2025-08-25 19:50:07,NHB250825195007.RAW6VC9,Long Range,1.0
1776,2025-08-25 17:10:08,NHB250825171008.RAW6V8W,NHB250825171304.RAW6V90,NHB250825172007.RAW6V93,NHB250825172304.RAW6V97,2025-08-25 17:10:08,2025-08-25 17:10:08,NHB250825171008.RAW6V8W,Long Range,0.0,2025-08-25 18:10:08,2025-08-25 18:10:08,NHB250825181008.RAW6VA5,Long Range,0.0,2025-08-25 19:10:08,2025-08-25 19:10:08,NHB250825191008.RAW6VBE,Long Range,0.0,2025-08-25 20:10:08,2025-08-25 20:10:07,NHB250825201007.RAW6VCP,Long Range,1.0
1777,2025-08-25 17:30:08,NHB250825173008.RAW6V9A,NHB250825173303.RAW6V9E,NHB250825174007.RAW6V9H,NHB250825174303.RAW6V9M,2025-08-25 17:30:08,2025-08-25 17:30:08,NHB250825173008.RAW6V9A,Long Range,0.0,2025-08-25 18:30:08,2025-08-25 18:30:07,NHB250825183007.RAW6VAK,Long Range,1.0,2025-08-25 19:30:08,2025-08-25 19:30:08,NHB250825193008.RAW6VBV,Long Range,0.0,2025-08-25 20:30:08,2025-08-25 20:30:07,NHB250825203007.RAW6VD4,Long Range,1.0
1778,2025-08-25 17:50:08,NHB250825175008.RAW6V9R,NHB250825175303.RAW6V9V,NHB250825180007.RAW6V9Y,NHB250825180304.RAW6VA2,2025-08-25 17:50:08,2025-08-25 17:50:08,NHB250825175008.RAW6V9R,Long Range,0.0,2025-08-25 18:50:08,2025-08-25 18:50:08,NHB250825185008.RAW6VB0,Long Range,0.0,2025-08-25 19:50:08,2025-08-25 19:50:07,NHB250825195007.RAW6VC9,Long Range,1.0,2025-08-25 20:50:08,2025-08-25 20:50:07,NHB250825205007.RAW6VDJ,Long Range,1.0
1779,2025-08-25 18:10:08,NHB250825181008.RAW6VA5,NHB250825181303.RAW6VA9,NHB250825182007.RAW6VAC,NHB250825182304.RAW6VAG,2025-08-25 18:10:08,2025-08-25 18:10:08,NHB250825181008.RAW6VA5,Long Range,0.0,2025-08-25 19:10:08,2025-08-25 19:10:08,NHB250825191008.RAW6VBE,Long Range,0.0,2025-08-25 20:10:08,2025-08-25 20:10:07,NHB250825201007.RAW6VCP,Long Range,1.0,2025-08-25 21:10:08,2025-08-25 21:10:07,NHB250825211007.RAW6VDZ,Long Range,1.0
1780,2025-08-25 18:30:07,NHB250825183007.RAW6VAK,NHB250825183303.RAW6VAP,NHB250825184008.RAW6VAT,NHB250825184305.RAW6VAX,2025-08-25 18:30:07,2025-08-25 18:30:07,NHB250825183007.RAW6VAK,Long Range,0.0,2025-08-25 19:30:07,2025-08-25 19:30:08,NHB250825193008.RAW6VBV,Long Range,1.0,2025-08-25 20:30:07,2025-08-25 20:30:07,NHB250825203007.RAW6VD4,Long Range,0.0,2025-08-25 21:30:07,2025-08-25 21:30:08,NHB250825213008.RAW6VED,Long Range,1.0
1781,2025-08-25 18:50:08,NHB250825185008.RAW6VB0,NHB250825185303.RAW6VB4,NHB250825190008.RAW6VB7,NHB250825190304.RAW6VBB,2025-08-25 18:50:08,2025-08-25 18:50:08,NHB250825185008.RAW6VB0,Long Range,0.0,2025-08-25 19:50:08,2025-08-25 19:50:07,NHB250825195007.RAW6VC9,Long Range,1.0,2025-08-25 20:50:08,2025-08-25 20:50:07,NHB250825205007.RAW6VDJ,Long Range,1.0,2025-08-25 21:50:08,2025-08-25 21:50:08,NHB250825215008.RAW6VEU,Long Range,0.0
1782,2025-08-25 19:10:08,NHB250825191008.RAW6VBE,NHB250825191303.RAW6VBJ,NHB250825192008.RAW6VBM,NHB250825192303.RAW6VBS,2025-08-25 19:10:08,2025-08-25 19:10:08,NHB250825191008.RAW6VBE,Long Range,0.0,2025-08-25 20:10:08,2025-08-25 20:10:07,NHB250825201007.RAW6VCP,Long Range,1.0,2025-08-25 21:10:08,2025-08-25 21:10:07,NHB250825211007.RAW6VDZ,Long Range,1.0,2025-08-25 22:10:08,2025-08-25 22:10:09,NHB250825221009.RAW6VF8,Long Range,1.0
1783,2025-08-25 19:30:08,NHB250825193008.RAW6VBV,NHB250825193304.RAW6VBZ,NHB250825194008.RAW6VC2,NHB250825194304.RAW6VC6,2025-08-25 19:30:08,2025-08-25 19:30:08,NHB250825193008.RAW6VBV,Long Range,0.0,2025-08-25 20:30:08,2025-08-25 20:30:07,NHB250825203007.RAW6VD4,Long Range,1.0,2025-08-25 21:30:08,2025-08-25 21:30:08,NHB250825213008.RAW6VED,Long Range,0.0,2025-08-25 22:30:08,2025-08-25 22:30:08,NHB250825223008.RAW6VFN,Long Range,0.0
1784,2025-08-25 19:50:07,NHB250825195007.RAW6VC9,NHB250825195304.RAW6VCD,NHB250825200007.RAW6VCG,NHB250825200303.RAW6VCL,2025-08-25 19:50:07,2025-08-25 19:50:07,NHB250825195007.RAW6VC9,Long Range,0.0,2025-08-25 20:50:07,2025-08-25 20:50:07,NHB250825205007.RAW6VDJ,Long Range,0.0,2025-08-25 21:50:07,2025-08-25 21:50:08,NHB250825215008.RAW6VEU,Long Range,1.0,2025-08-25 22:50:07,2025-08-25 22:50:07,NHB250825225007.RAW6VG3,Long Range,0.0
1785,2025-08-25 20:10:07,NHB250825201007.RAW6VCP,NHB250825201303.RAW6VCU,NHB250825202008.RAW6VCX,NHB250825202304.RAW6VD1,2025-08-25 20:10:07,2025-08-25 20:10:07,NHB250825201007.RAW6VCP,Long Range,0.0,2025-08-25 21:10:07,2025-08-25 21:10:07,NHB250825211007.RAW6VDZ,Long Range,0.0,2025-08-25 22:10:07,2025-08-25 22:10:09,NHB250825221009.RAW6VF8,Long Range,2.0,2025-08-25 23:10:07,2025-08-25 23:10:08,NHB250825231008.RAW6VGH,Long Range,1.0
1786,2025-08-25 20:30:07,NHB250825203007.RAW6VD4,NHB250825203304.RAW6VD8,NHB250825204007.RAW6VDB,NHB250825204304.RAW6VDF,2025-08-25 20:30:07,2025-08-25 20:30:07,NHB250825203007.RAW6VD4,Long Range,0.0,2025-08-25 21:30:07,2025-08-25 21:30:08,NHB250825213008.RAW6VED,Long Range,1.0,2025-08-25 22:30:07,2025-08-25 22:30:08,NHB250825223008.RAW6VFN,Long Range,1.0,2025-08-25 23:30:07,2025-08-25 23:30:08,NHB250825233008.RAW6VGY,Long Range,1.0
1787,2025-08-25 20:50:07,NHB250825205007.RAW6VDJ,NHB250825205305.RAW6VDN,NHB250825210007.RAW6VDS,NHB250825210305.RAW6VDW,2025-08-25 20:50:07,2025-08-25 20:50:07,NHB250825205007.RAW6VDJ,Long Range,0.0,2025-08-25 21:50:07,2025-08-25 21:50:08,NHB250825215008.RAW6VEU,Long Range,1.0,2025-08-25 22:50:07,2025-08-25 22:50:07,NHB250825225007.RAW6VG3,Long Range,0.0,2025-08-25 23:50:07,2025-08-25 23:50:08,NHB250825235008.RAW6VHC,Long Range,1.0
1788,2025-08-25 21:10:07,NHB250825211007.RAW6VDZ,NHB250825211304.RAW6VE3,NHB250825212008.RAW6VE6,NHB250825212304.RAW6VEA,2025-08-25 21:10:07,2025-08-25 21:10:07,NHB250825211007.RAW6VDZ,Long Range,0.0,2025-08-25 22:10:07,2025-08-25 22:10:09,NHB250825221009.RAW6VF8,Long Range,2.0,2025-08-25 23:10:07,2025-08-25 23:10:08,NHB250825231008.RAW6VGH,Long Range,1.0,2025-08-26 00:10:07,2025-08-26 00:10:08,NHB250826001008.RAW6VHT,Long Range,1.0
1789,2025-08-25 21:30:08,NHB250825213008.RAW6VED,NHB250825213304.RAW6VEH,NHB250825214007.RAW6VEL,NHB250825214303.RAW6VER,2025-08-25 21:30:08,2025-08-25 21:30:08,NHB250825213008.RAW6VED,Long Range,0.0,2025-08-25 22:30:08,2025-08-25 22:30:08,NHB250825223008.RAW6VFN,Long Range,0.0,2025-08-25 23:30:08,2025-08-25 23:30:08,NHB250825233008.RAW6VGY,Long Range,0.0,2025-08-26 00:30:08,2025-08-26 00:30:07,NHB250826003007.RAW6VJ7,Long Range,1.0
1790,2025-08-25 21:50:08,NHB250825215008.RAW6VEU,NHB250825215304.RAW6VEY,NHB250825220008.RAW6VF1,NHB250825220304.RAW6VF5,2025-08-25 21:50:08,2025-08-25 21:50:08,NHB250825215008.RAW6VEU,Long Range,0.0,2025-08-25 22:50:08,2025-08-25 22:50:07,NHB250825225007.RAW6VG3,Long Range,1.0,2025-08-25 23:50:08,2025-08-25 23:50:08,NHB250825235008.RAW6VHC,Long Range,0.0,2025-08-26 00:50:08,2025-08-26 00:50:08,NHB250826005008.RAW6VJM,Long Range,0.0
1791,2025-08-25 22:10:09,NHB250825221009.RAW6VF8,NHB250825221303.RAW6VFC,NHB250825222007.RAW6VFF,NHB250825222304.RAW6VFK,2025-08-25 22:10:09,2025-08-25 22:10:09,NHB250825221009.RAW6VF8,Long Range,0.0,2025-08-25 23:10:09,2025-08-25 23:10:08,NHB250825231008.RAW6VGH,Long Range,1.0,2025-08-26 00:10:09,2025-08-26 00:10:08,NHB250826001008.RAW6VHT,Long Range,1.0,2025-08-26 01:10:09,2025-08-26 01:10:08,NHB250826011008.RAW6VK2,Long Range,1.0
1792,2025-08-25 22:30:08,NHB250825223008.RAW6VFN,NHB250825223304.RAW6VFT,NHB250825224008.RAW6VFW,NHB250825224304.RAW6VG0,2025-08-25 22:30:08,2025-08-25 22:30:08,NHB250825223008.RAW6VFN,Long Range,0.0,2025-08-25 23:30:08,2025-08-25 23:30:08,NHB250825233008.RAW6VGY,Long Range,0.0,2025-08-26 00:30:08,2025-08-26 00:30:07,NHB250826003007.RAW6VJ7,Long Range,1.0,2025-08-26 01:30:08,2025-08-26 01:30:09,NHB250826013009.RAW6VKG,Long Range,1.0
1793,2025-08-25 22:50:07,NHB250825225007.RAW6VG3,NHB250825225303.RAW6VG7,NHB250825230007.RAW6VGA,NHB250825230304.RAW6VGE,2025-08-25 22:50:07,2025-08-25 22:50:07,NHB250825225007.RAW6VG3,Long Range,0.0,2025-08-25 23:50:07,2025-08-25 23:50:08,NHB250825235008.RAW6VHC,Long Range,1.0,2025-08-26 00:50:07,2025-08-26 00:50:08,NHB250826005008.RAW6VJM,Long Range,1.0,2025-08-26 01:50:07,2025-08-26 01:50:07,NHB250826015007.RAW6VKX,Long Range,0.0
1794,2025-08-25 23:10:08,NHB250825231008.RAW6VGH,NHB250825231304.RAW6VGM,NHB250825232008.RAW6VGR,NHB250825232304.RAW6VGV,2025-08-25 23:10:08,2025-08-25 23:10:08,NHB250825231008.RAW6VGH,Long Range,0.0,2025-08-26 00:10:08,2025-08-26 00:10:08,NHB250826001008.RAW6VHT,Long Range,0.0,2025-08-26 01:10:08,2025-08-26 01:10:08,NHB250826011008.RAW6VK2,Long Range,0.0,2025-08-26 02:10:08,2025-08-26 02:10:07,NHB250826021007.RAW6VLB,Long Range,1.0
1795,2025-08-25 23:30:08,NHB250825233008.RAW6VGY,NHB250825233304.RAW6VH2,NHB250825234008.RAW6VH5,NHB250825234303.RAW6VH9,2025-08-25 23:30:08,2025-08-25 23:30:08,NHB250825233008.RAW6VGY,Long Range,0.0,2025-08-26 00:30:08,2025-08-26 00:30:07,NHB250826003007.RAW6VJ7,Long Range,1.0,2025-08-26 01:30:08,2025-08-26 01:30:09,NHB250826013009.RAW6VKG,Long Range,1.0,2025-08-26 02:30:08,2025-08-26 02:30:08,NHB250826023008.RAW6VLS,Long Range,0.0
1796,2025-08-25 23:50:08,NHB250825235008.RAW6VHC,NHB250825235303.RAW6VHG,NHB250826000008.RAW6VHK,NHB250826000304.RAW6VHP,2025-08-25 23:50:08,2025-08-25 23:50:08,NHB250825235008.RAW6VHC,Long Range,0.0,2025-08-26 00:50:08,2025-08-26 00:50:08,NHB250826005008.RAW6VJM,Long Range,0.0,2025-08-26 01:50:08,2025-08-26 01:50:07,NHB250826015007.RAW6VKX,Long Range,1.0,2025-08-26 02:50:08,2025-08-26 02:50:08,NHB250826025008.RAW6VM6,Long Range,0.0
1797,2025-08-26 00:10:08,NHB250826001008.RAW6VHT,NHB250826001303.RAW6VHX,NHB250826002008.RAW6VJ0,NHB250826002303.RAW6VJ4,2025-08-26 00:10:08,2025-08-26 00:10:08,NHB250826001008.RAW6VHT,Long Range,0.0,2025-08-26 01:10:08,2025-08-26 01:10:08,NHB250826011008.RAW6VK2,Long Range,0.0,2025-08-26 02:10:08,2025-08-26 02:10:07,NHB250826021007.RAW6VLB,Long Range,1.0,2025-08-26 03:10:08,2025-08-26 03:10:07,NHB250826031007.RAW6VML,Long Range,1.0
1798,2025-08-26 00:30:07,NHB250826003007.RAW6VJ7,NHB250826003304.RAW6VJB,NHB250826004007.RAW6VJE,NHB250826004303.RAW6VJJ,2025-08-26 00:30:07,2025-08-26 00:30:07,NHB250826003007.RAW6VJ7,Long Range,0.0,2025-08-26 01:30:07,2025-08-26 01:30:09,NHB250826013009.RAW6VKG,Long Range,2.0,2025-08-26 02:30:07,2025-08-26 02:30:08,NHB250826023008.RAW6VLS,Long Range,1.0,2025-08-26 03:30:07,2025-08-26 03:30:08,NHB250826033008.RAW6VN1,Long Range,1.0
1799,2025-08-26 00:50:08,NHB250826005008.RAW6VJM,NHB250826005304.RAW6VJS,NHB250826010008.RAW6VJV,NHB250826010304.RAW6VJZ,2025-08-26 00:50:08,2025-08-26 00:50:08,NHB250826005008.RAW6VJM,Long Range,0.0,2025-08-26 01:50:08,2025-08-26 01:50:07,NHB250826015007.RAW6VKX,Long Range,1.0,2025-08-26 02:50:08,2025-08-26 02:50:08,NHB250826025008.RAW6VM6,Long Range,0.0,2025-08-26 03:50:08,2025-08-26 03:50:07,NHB250826035007.RAW6VNF,Long Range,1.0
1800,2025-08-26 01:10:08,NHB250826011008.RAW6VK2,NHB250826011303.RAW6VK6,NHB250826012008.RAW6VK9,NHB250826012303.RAW6VKD,2025-08-26 01:10:08,2025-08-26 01:10:08,NHB250826011008.RAW6VK2,Long Range,0.0,2025-08-26 02:10:08,2025-08-26 02:10:07,NHB250826021007.RAW6VLB,Long Range,1.0,2025-08-26 03:10:08,2025-08-26 03:10:07,NHB250826031007.RAW6VML,Long Range,1.0,2025-08-26 04:10:08,2025-08-26 04:10:08,NHB250826041008.RAW6VNW,Long Range,0.0
1801,2025-08-26 01:30:09,NHB250826013009.RAW6VKG,NHB250826013305.RAW6VKL,NHB250826014007.RAW6VKP,NHB250826014304.RAW6VKU,2025-08-26 01:30:09,2025-08-26 01:30:09,NHB250826013009.RAW6VKG,Long Range,0.0,2025-08-26 02:30:09,2025-08-26 02:30:08,NHB250826023008.RAW6VLS,Long Range,1.0,2025-08-26 03:30:09,2025-08-26 03:30:08,NHB250826033008.RAW6VN1,Long Range,1.0,2025-08-26 04:30:09,2025-08-26 04:30:08,NHB250826043008.RAW6VPA,Long Range,1.0
1802,2025-08-26 01:50:07,NHB250826015007.RAW6VKX,NHB250826015303.RAW6VL1,NHB250826020008.RAW6VL4,NHB250826020303.RAW6VL8,2025-08-26 01:50:07,2025-08-26 01:50:07,NHB250826015007.RAW6VKX,Long Range,0.0,2025-08-26 02:50:07,2025-08-26 02:50:08,NHB250826025008.RAW6VM6,Long Range,1.0,2025-08-26 03:50:07,2025-08-26 03:50:07,NHB250826035007.RAW6VNF,Long Range,0.0,2025-08-26 04:50:07,2025-08-26 04:50:07,NHB250826045007.RAW6VPR,Long Range,0.0
1803,2025-08-26 02:10:07,NHB250826021007.RAW6VLB,NHB250826021304.RAW6VLF,NHB250826022008.RAW6VLJ,NHB250826022303.RAW6VLN,2025-08-26 02:10:07,2025-08-26 02:10:07,NHB250826021007.RAW6VLB,Long Range,0.0,2025-08-26 03:10:07,2025-08-26 03:10:07,NHB250826031007.RAW6VML,Long Range,0.0,2025-08-26 04:10:07,2025-08-26 04:10:08,NHB250826041008.RAW6VNW,Long Range,1.0,2025-08-26 05:10:07,2025-08-26 05:10:08,NHB250826051008.RAW6VR5,Long Range,1.0
1804,2025-08-26 02:30:08,NHB250826023008.RAW6VLS,NHB250826023304.RAW6VLW,NHB250826024008.RAW6VLZ,NHB250826024304.RAW6VM3,2025-08-26 02:30:08,2025-08-26 02:30:08,NHB250826023008.RAW6VLS,Long Range,0.0,2025-08-26 03:30:08,2025-08-26 03:30:08,NHB250826033008.RAW6VN1,Long Range,0.0,2025-08-26 04:30:08,2025-08-26 04:30:08,NHB250826043008.RAW6VPA,Long Range,0.0,2025-08-26 05:30:08,2025-08-26 05:30:08,NHB250826053008.RAW6VRK,Long Range,0.0
1805,2025-08-26 02:50:08,NHB250826025008.RAW6VM6,NHB250826025303.RAW6VMA,NHB250826030008.RAW6VMD,NHB250826030304.RAW6VMH,2025-08-26 02:50:08,2025-08-26 02:50:08,NHB250826025008.RAW6VM6,Long Range,0.0,2025-08-26 03:50:08,2025-08-26 03:50:07,NHB250826035007.RAW6VNF,Long Range,1.0,2025-08-26 04:50:08,2025-08-26 04:50:07,NHB250826045007.RAW6VPR,Long Range,1.0,2025-08-26 05:50:08,2025-08-26 05:50:07,NHB250826055007.RAW6VS0,Long Range,1.0
1806,2025-08-26 03:10:07,NHB250826031007.RAW6VML,NHB250826031304.RAW6VMR,NHB250826032008.RAW6VMU,NHB250826032303.RAW6VMY,2025-08-26 03:10:07,2025-08-26 03:10:07,NHB250826031007.RAW6VML,Long Range,0.0,2025-08-26 04:10:07,2025-08-26 04:10:08,NHB250826041008.RAW6VNW,Long Range,1.0,2025-08-26 05:10:07,2025-08-26 05:10:08,NHB250826051008.RAW6VR5,Long Range,1.0,2025-08-26 06:10:07,2025-08-26 06:10:09,NHB250826061009.RAW6VSE,Long Range,2.0
1807,2025-08-26 03:30:08,NHB250826033008.RAW6VN1,NHB250826033303.RAW6VN5,NHB250826034008.RAW6VN8,NHB250826034304.RAW6VNC,2025-08-26 03:30:08,2025-08-26 03:30:08,NHB250826033008.RAW6VN1,Long Range,0.0,2025-08-26 04:30:08,2025-08-26 04:30:08,NHB250826043008.RAW6VPA,Long Range,0.0,2025-08-26 05:30:08,2025-08-26 05:30:08,NHB250826053008.RAW6VRK,Long Range,0.0,2025-08-26 06:30:08,2025-08-26 06:30:08,NHB250826063008.RAW6VSV,Long Range,0.0
1808,2025-08-26 03:50:07,NHB250826035007.RAW6VNF,NHB250826035303.RAW6VNK,NHB250826040008.RAW6VNN,NHB250826040303.RAW6VNT,2025-08-26 03:50:07,2025-08-26 03:50:07,NHB250826035007.RAW6VNF,Long Range,0.0,2025-08-26 04:50:07,2025-08-26 04:50:07,NHB250826045007.RAW6VPR,Long Range,0.0,2025-08-26 05:50:07,2025-08-26 05:50:07,NHB250826055007.RAW6VS0,Long Range,0.0,2025-08-26 06:50:07,2025-08-26 06:50:07,NHB250826065007.RAW6VT9,Long Range,0.0
1809,2025-08-26 04:10:08,NHB250826041008.RAW6VNW,NHB250826041303.RAW6VP0,NHB250826042007.RAW6VP3,NHB250826042303.RAW6VP7,2025-08-26 04:10:08,2025-08-26 04:10:08,NHB250826041008.RAW6VNW,Long Range,0.0,2025-08-26 05:10:08,2025-08-26 05:10:08,NHB250826051008.RAW6VR5,Long Range,0.0,2025-08-26 06:10:08,2025-08-26 06:10:09,NHB250826061009.RAW6VSE,Long Range,1.0,2025-08-26 07:10:08,2025-08-26 07:10:09,NHB250826071009.RAW6VTP,Long Range,1.0
1810,2025-08-26 04:30:08,NHB250826043008.RAW6VPA,NHB250826043303.RAW6VPE,NHB250826044007.RAW6VPH,NHB250826044304.RAW6VPM,2025-08-26 04:30:08,2025-08-26 04:30:08,NHB250826043008.RAW6VPA,Long Range,0.0,2025-08-26 05:30:08,2025-08-26 05:30:08,NHB250826053008.RAW6VRK,Long Range,0.0,2025-08-26 06:30:08,2025-08-26 06:30:08,NHB250826063008.RAW6VSV,Long Range,0.0,2025-08-26 07:30:08,2025-08-26 07:30:08,NHB250826073008.RAW6VU4,Long Range,0.0
1811,2025-08-26 04:50:07,NHB250826045007.RAW6VPR,NHB250826045303.RAW6VPV,NHB250826050009.RAW6VPY,NHB250826050303.RAW6VR2,2025-08-26 04:50:07,2025-08-26 04:50:07,NHB250826045007.RAW6VPR,Long Range,0.0,2025-08-26 05:50:07,2025-08-26 05:50:07,NHB250826055007.RAW6VS0,Long Range,0.0,2025-08-26 06:50:07,2025-08-26 06:50:07,NHB250826065007.RAW6VT9,Long Range,0.0,2025-08-26 07:50:07,2025-08-26 07:50:07,NHB250826075007.RAW6VUJ,Long Range,0.0
1812,2025-08-26 05:10:08,NHB250826051008.RAW6VR5,NHB250826051305.RAW6VR9,NHB250826052008.RAW6VRC,NHB250826052304.RAW6VRG,2025-08-26 05:10:08,2025-08-26 05:10:08,NHB250826051008.RAW6VR5,Long Range,0.0,2025-08-26 06:10:08,2025-08-26 06:10:09,NHB250826061009.RAW6VSE,Long Range,1.0,2025-08-26 07:10:08,2025-08-26 07:10:09,NHB250826071009.RAW6VTP,Long Range,1.0,2025-08-26 08:10:08,2025-08-26 08:10:08,NHB250826081008.RAW6VUZ,Long Range,0.0
1813,2025-08-26 05:30:08,NHB250826053008.RAW6VRK,NHB250826053304.RAW6VRP,NHB250826054008.RAW6VRT,NHB250826054304.RAW6VRX,2025-08-26 05:30:08,2025-08-26 05:30:08,NHB250826053008.RAW6VRK,Long Range,0.0,2025-08-26 06:30:08,2025-08-26 06:30:08,NHB250826063008.RAW6VSV,Long Range,0.0,2025-08-26 07:30:08,2025-08-26 07:30:08,NHB250826073008.RAW6VU4,Long Range,0.0,2025-08-26 08:30:08,2025-08-26 08:30:08,NHB250826083008.RAW6VVD,Long Range,0.0
1814,2025-08-26 05:50:07,NHB250826055007.RAW6VS0,NHB250826055303.RAW6VS4,NHB250826060007.RAW6VS7,NHB250826060304.RAW6VSB,2025-08-26 05:50:07,2025-08-26 05:50:07,NHB250826055007.RAW6VS0,Long Range,0.0,2025-08-26 06:50:07,2025-08-26 06:50:07,NHB250826065007.RAW6VT9,Long Range,0.0,2025-08-26 07:50:07,2025-08-26 07:50:07,NHB250826075007.RAW6VUJ,Long Range,0.0,2025-08-26 08:50:07,2025-08-26 08:50:08,NHB250826085008.RAW6VVU,Long Range,1.0
1815,2025-08-26 06:10:09,NHB250826061009.RAW6VSE,NHB250826061304.RAW6VSJ,NHB250826062007.RAW6VSM,NHB250826062303.RAW6VSS,2025-08-26 06:10:09,2025-08-26 06:10:09,NHB250826061009.RAW6VSE,Long Range,0.0,2025-08-26 07:10:09,2025-08-26 07:10:09,NHB250826071009.RAW6VTP,Long Range,0.0,2025-08-26 08:10:09,2025-08-26 08:10:08,NHB250826081008.RAW6VUZ,Long Range,1.0,2025-08-26 09:10:09,2025-08-26 09:10:08,NHB250826091008.RAW6VW8,Long Range,1.0
1816,2025-08-26 06:30:08,NHB250826063008.RAW6VSV,NHB250826063304.RAW6VSZ,NHB250826064008.RAW6VT2,NHB250826064304.RAW6VT6,2025-08-26 06:30:08,2025-08-26 06:30:08,NHB250826063008.RAW6VSV,Long Range,0.0,2025-08-26 07:30:08,2025-08-26 07:30:08,NHB250826073008.RAW6VU4,Long Range,0.0,2025-08-26 08:30:08,2025-08-26 08:30:08,NHB250826083008.RAW6VVD,Long Range,0.0,2025-08-26 09:30:08,2025-08-26 09:30:07,NHB250826093007.RAW6VWN,Long Range,1.0
1817,2025-08-26 06:50:07,NHB250826065007.RAW6VT9,NHB250826065304.RAW6VTD,NHB250826070008.RAW6VTG,NHB250826070304.RAW6VTL,2025-08-26 06:50:07,2025-08-26 06:50:07,NHB250826065007.RAW6VT9,Long Range,0.0,2025-08-26 07:50:07,2025-08-26 07:50:07,NHB250826075007.RAW6VUJ,Long Range,0.0,2025-08-26 08:50:07,2025-08-26 08:50:08,NHB250826085008.RAW6VVU,Long Range,1.0,2025-08-26 09:50:07,2025-08-26 09:50:07,NHB250826095007.RAW6VX3,Long Range,0.0
1818,2025-08-26 07:10:09,NHB250826071009.RAW6VTP,NHB250826071303.RAW6VTU,NHB250826072008.RAW6VTX,NHB250826072303.RAW6VU1,2025-08-26 07:10:09,2025-08-26 07:10:09,NHB250826071009.RAW6VTP,Long Range,0.0,2025-08-26 08:10:09,2025-08-26 08:10:08,NHB250826081008.RAW6VUZ,Long Range,1.0,2025-08-26 09:10:09,2025-08-26 09:10:08,NHB250826091008.RAW6VW8,Long Range,1.0,2025-08-26 10:10:09,2025-08-26 10:10:08,NHB250826101008.RAW6VXH,Long Range,1.0
1819,2025-08-26 07:30:08,NHB250826073008.RAW6VU4,NHB250826073303.RAW6VU8,NHB250826074008.RAW6VUB,NHB250826074303.RAW6VUF,2025-08-26 07:30:08,2025-08-26 07:30:08,NHB250826073008.RAW6VU4,Long Range,0.0,2025-08-26 08:30:08,2025-08-26 08:30:08,NHB250826083008.RAW6VVD,Long Range,0.0,2025-08-26 09:30:08,2025-08-26 09:30:07,NHB250826093007.RAW6VWN,Long Range,1.0,2025-08-26 10:30:08,2025-08-26 10:30:08,NHB250826103008.RAW6VXY,Long Range,0.0
1820,2025-08-26 07:50:07,NHB250826075007.RAW6VUJ,NHB250826075303.RAW6VUN,NHB250826080008.RAW6VUS,NHB250826080303.RAW6VUW,2025-08-26 07:50:07,2025-08-26 07:50:07,NHB250826075007.RAW6VUJ,Long Range,0.0,2025-08-26 08:50:07,2025-08-26 08:50:08,NHB250826085008.RAW6VVU,Long Range,1.0,2025-08-26 09:50:07,2025-08-26 09:50:07,NHB250826095007.RAW6VX3,Long Range,0.0,2025-08-26 10:50:07,2025-08-26 10:50:07,NHB250826105007.RAW6VYC,Long Range,0.0
1821,2025-08-26 08:10:08,NHB250826081008.RAW6VUZ,NHB250826081304.RAW6VV3,NHB250826082007.RAW6VV6,NHB250826082304.RAW6VVA,2025-08-26 08:10:08,2025-08-26 08:10:08,NHB250826081008.RAW6VUZ,Long Range,0.0,2025-08-26 09:10:08,2025-08-26 09:10:08,NHB250826091008.RAW6VW8,Long Range,0.0,2025-08-26 10:10:08,2025-08-26 10:10:08,NHB250826101008.RAW6VXH,Long Range,0.0,2025-08-26 11:10:08,2025-08-26 11:10:08,NHB250826111008.RAW6VYT,Long Range,0.0
1822,2025-08-26 08:30:08,NHB250826083008.RAW6VVD,NHB250826083303.RAW6VVH,NHB250826084008.RAW6VVL,NHB250826084304.RAW6VVR,2025-08-26 08:30:08,2025-08-26 08:30:08,NHB250826083008.RAW6VVD,Long Range,0.0,2025-08-26 09:30:08,2025-08-26 09:30:07,NHB250826093007.RAW6VWN,Long Range,1.0,2025-08-26 10:30:08,2025-08-26 10:30:08,NHB250826103008.RAW6VXY,Long Range,0.0,2025-08-26 11:30:08,2025-08-26 11:30:07,NHB250826113007.RAW6VZ7,Long Range,1.0
1823,2025-08-26 08:50:08,NHB250826085008.RAW6VVU,NHB250826085303.RAW6VVY,NHB250826090008.RAW6VW1,NHB250826090303.RAW6VW5,2025-08-26 08:50:08,2025-08-26 08:50:08,NHB250826085008.RAW6VVU,Long Range,0.0,2025-08-26 09:50:08,2025-08-26 09:50:07,NHB250826095007.RAW6VX3,Long Range,1.0,2025-08-26 10:50:08,2025-08-26 10:50:07,NHB250826105007.RAW6VYC,Long Range,1.0,2025-08-26 11:50:08,2025-08-26 11:50:07,NHB250826115007.RAW6VZM,Long Range,1.0
1824,2025-08-26 09:10:08,NHB250826091008.RAW6VW8,NHB250826091303.RAW6VWC,NHB250826092008.RAW6VWF,NHB250826092304.RAW6VWK,2025-08-26 09:10:08,2025-08-26 09:10:08,NHB250826091008.RAW6VW8,Long Range,0.0,2025-08-26 10:10:08,2025-08-26 10:10:08,NHB250826101008.RAW6VXH,Long Range,0.0,2025-08-26 11:10:08,2025-08-26 11:10:08,NHB250826111008.RAW6VYT,Long Range,0.0,2025-08-26 12:10:08,2025-08-26 12:10:08,NHB250826121008.RAW6W02,Long Range,0.0
1825,2025-08-26 09:30:07,NHB250826093007.RAW6VWN,NHB250826093303.RAW6VWT,NHB250826094007.RAW6VWW,NHB250826094303.RAW6VX0,2025-08-26 09:30:07,2025-08-26 09:30:07,NHB250826093007.RAW6VWN,Long Range,0.0,2025-08-26 10:30:07,2025-08-26 10:30:08,NHB250826103008.RAW6VXY,Long Range,1.0,2025-08-26 11:30:07,2025-08-26 11:30:07,NHB250826113007.RAW6VZ7,Long Range,0.0,2025-08-26 12:30:07,2025-08-26 12:30:08,NHB250826123008.RAW6W0G,Long Range,1.0
1826,2025-08-26 09:50:07,NHB250826095007.RAW6VX3,NHB250826095304.RAW6VX7,NHB250826100007.RAW6VXA,NHB250826100303.RAW6VXE,2025-08-26 09:50:07,2025-08-26 09:50:07,NHB250826095007.RAW6VX3,Long Range,0.0,2025-08-26 10:50:07,2025-08-26 10:50:07,NHB250826105007.RAW6VYC,Long Range,0.0,2025-08-26 11:50:07,2025-08-26 11:50:07,NHB250826115007.RAW6VZM,Long Range,0.0,2025-08-26 12:50:07,2025-08-26 12:50:07,NHB250826125007.RAW6W0X,Long Range,0.0
1827,2025-08-26 10:10:08,NHB250826101008.RAW6VXH,NHB250826101303.RAW6VXM,NHB250826102008.RAW6VXR,NHB250826102303.RAW6VXV,2025-08-26 10:10:08,2025-08-26 10:10:08,NHB250826101008.RAW6VXH,Long Range,0.0,2025-08-26 11:10:08,2025-08-26 11:10:08,NHB250826111008.RAW6VYT,Long Range,0.0,2025-08-26 12:10:08,2025-08-26 12:10:08,NHB250826121008.RAW6W02,Long Range,0.0,2025-08-26 13:10:08,2025-08-26 13:10:07,NHB250826131007.RAW6W1B,Long Range,1.0
1828,2025-08-26 10:30:08,NHB250826103008.RAW6VXY,NHB250826103304.RAW6VY2,NHB250826104007.RAW6VY5,NHB250826104303.RAW6VY9,2025-08-26 10:30:08,2025-08-26 10:30:08,NHB250826103008.RAW6VXY,Long Range,0.0,2025-08-26 11:30:08,2025-08-26 11:30:07,NHB250826113007.RAW6VZ7,Long Range,1.0,2025-08-26 12:30:08,2025-08-26 12:30:08,NHB250826123008.RAW6W0G,Long Range,0.0,2025-08-26 13:30:08,2025-08-26 13:30:08,NHB250826133008.RAW6W1S,Long Range,0.0
1829,2025-08-26 10:50:07,NHB250826105007.RAW6VYC,NHB250826105304.RAW6VYG,NHB250826110008.RAW6VYK,NHB250826110303.RAW6VYP,2025-08-26 10:50:07,2025-08-26 10:50:07,NHB250826105007.RAW6VYC,Long Range,0.0,2025-08-26 11:50:07,2025-08-26 11:50:07,NHB250826115007.RAW6VZM,Long Range,0.0,2025-08-26 12:50:07,2025-08-26 12:50:07,NHB250826125007.RAW6W0X,Long Range,0.0,2025-08-26 13:50:07,2025-08-26 13:50:07,NHB250826135007.RAW6W26,Long Range,0.0
1830,2025-08-26 11:10:08,NHB250826111008.RAW6VYT,NHB250826111303.RAW6VYX,NHB250826112008.RAW6VZ0,NHB250826112303.RAW6VZ4,2025-08-26 11:10:08,2025-08-26 11:10:08,NHB250826111008.RAW6VYT,Long Range,0.0,2025-08-26 12:10:08,2025-08-26 12:10:08,NHB250826121008.RAW6W02,Long Range,0.0,2025-08-26 13:10:08,2025-08-26 13:10:07,NHB250826131007.RAW6W1B,Long Range,1.0,2025-08-26 14:10:08,2025-08-26 14:10:08,NHB250826141008.RAW6W2L,Long Range,0.0
1831,2025-08-26 11:30:07,NHB250826113007.RAW6VZ7,NHB250826113303.RAW6VZB,NHB250826114008.RAW6VZE,NHB250826114304.RAW6VZJ,2025-08-26 11:30:07,2025-08-26 11:30:07,NHB250826113007.RAW6VZ7,Long Range,0.0,2025-08-26 12:30:07,2025-08-26 12:30:08,NHB250826123008.RAW6W0G,Long Range,1.0,2025-08-26 13:30:07,2025-08-26 13:30:08,NHB250826133008.RAW6W1S,Long Range,1.0,2025-08-26 14:30:07,2025-08-26 14:30:08,NHB250826143008.RAW6W31,Long Range,1.0
1832,2025-08-26 11:50:07,NHB250826115007.RAW6VZM,NHB250826115304.RAW6VZS,NHB250826120008.RAW6VZV,NHB250826120304.RAW6VZZ,2025-08-26 11:50:07,2025-08-26 11:50:07,NHB250826115007.RAW6VZM,Long Range,0.0,2025-08-26 12:50:07,2025-08-26 12:50:07,NHB250826125007.RAW6W0X,Long Range,0.0,2025-08-26 13:50:07,2025-08-26 13:50:07,NHB250826135007.RAW6W26,Long Range,0.0,2025-08-26 14:50:07,2025-08-26 14:50:08,NHB250826145008.RAW6W3F,Long Range,1.0
1833,2025-08-26 12:10:08,NHB250826121008.RAW6W02,NHB250826121304.RAW6W06,NHB250826122008.RAW6W09,NHB250826122303.RAW6W0D,2025-08-26 12:10:08,2025-08-26 12:10:08,NHB250826121008.RAW6W02,Long Range,0.0,2025-08-26 13:10:08,2025-08-26 13:10:07,NHB250826131007.RAW6W1B,Long Range,1.0,2025-08-26 14:10:08,2025-08-26 14:10:08,NHB250826141008.RAW6W2L,Long Range,0.0,2025-08-26 15:10:08,2025-08-26 15:10:07,NHB250826151007.RAW6W3W,Long Range,1.0
1834,2025-08-26 12:30:08,NHB250826123008.RAW6W0G,NHB250826123303.RAW6W0L,NHB250826124008.RAW6W0P,NHB250826124304.RAW6W0U,2025-08-26 12:30:08,2025-08-26 12:30:08,NHB250826123008.RAW6W0G,Long Range,0.0,2025-08-26 13:30:08,2025-08-26 13:30:08,NHB250826133008.RAW6W1S,Long Range,0.0,2025-08-26 14:30:08,2025-08-26 14:30:08,NHB250826143008.RAW6W31,Long Range,0.0,2025-08-26 15:30:08,2025-08-26 15:30:07,NHB250826153007.RAW6W4A,Long Range,1.0
1835,2025-08-26 12:50:07,NHB250826125007.RAW6W0X,NHB250826125304.RAW6W11,NHB250826130008.RAW6W14,NHB250826130304.RAW6W18,2025-08-26 12:50:07,2025-08-26 12:50:07,NHB250826125007.RAW6W0X,Long Range,0.0,2025-08-26 13:50:07,2025-08-26 13:50:07,NHB250826135007.RAW6W26,Long Range,0.0,2025-08-26 14:50:07,2025-08-26 14:50:08,NHB250826145008.RAW6W3F,Long Range,1.0,2025-08-26 15:50:07,2025-08-26 15:50:08,NHB250826155008.RAW6W4R,Long Range,1.0
1836,2025-08-26 13:10:07,NHB250826131007.RAW6W1B,NHB250826131304.RAW6W1F,NHB250826132008.RAW6W1J,NHB250826132303.RAW6W1N,2025-08-26 13:10:07,2025-08-26 13:10:07,NHB250826131007.RAW6W1B,Long Range,0.0,2025-08-26 14:10:07,2025-08-26 14:10:08,NHB250826141008.RAW6W2L,Long Range,1.0,2025-08-26 15:10:07,2025-08-26 15:10:07,NHB250826151007.RAW6W3W,Long Range,0.0,2025-08-26 16:10:07,2025-08-26 16:10:07,NHB250826161007.RAW6W55,Long Range,0.0
1837,2025-08-26 13:30:08,NHB250826133008.RAW6W1S,NHB250826133303.RAW6W1W,NHB250826134007.RAW6W1Z,NHB250826134303.RAW6W23,2025-08-26 13:30:08,2025-08-26 13:30:08,NHB250826133008.RAW6W1S,Long Range,0.0,2025-08-26 14:30:08,2025-08-26 14:30:08,NHB250826143008.RAW6W31,Long Range,0.0,2025-08-26 15:30:08,2025-08-26 15:30:07,NHB250826153007.RAW6W4A,Long Range,1.0,2025-08-26 16:30:08,2025-08-26 16:30:07,NHB250826163007.RAW6W5K,Long Range,1.0
1838,2025-08-26 13:50:07,NHB250826135007.RAW6W26,NHB250826135304.RAW6W2A,NHB250826140008.RAW6W2D,NHB250826140304.RAW6W2H,2025-08-26 13:50:07,2025-08-26 13:50:07,NHB250826135007.RAW6W26,Long Range,0.0,2025-08-26 14:50:07,2025-08-26 14:50:08,NHB250826145008.RAW6W3F,Long Range,1.0,2025-08-26 15:50:07,2025-08-26 15:50:08,NHB250826155008.RAW6W4R,Long Range,1.0,2025-08-26 16:50:07,2025-08-26 16:50:08,NHB250826165008.RAW6W60,Long Range,1.0
1839,2025-08-26 14:10:08,NHB250826141008.RAW6W2L,NHB250826141303.RAW6W2R,NHB250826142008.RAW6W2U,NHB250826142303.RAW6W2Y,2025-08-26 14:10:08,2025-08-26 14:10:08,NHB250826141008.RAW6W2L,Long Range,0.0,2025-08-26 15:10:08,2025-08-26 15:10:07,NHB250826151007.RAW6W3W,Long Range,1.0,2025-08-26 16:10:08,2025-08-26 16:10:07,NHB250826161007.RAW6W55,Long Range,1.0,2025-08-26 17:10:08,2025-08-26 17:10:08,NHB250826171008.RAW6W6E,Long Range,0.0
1840,2025-08-26 14:30:08,NHB250826143008.RAW6W31,NHB250826143303.RAW6W35,NHB250826144007.RAW6W38,NHB250826144304.RAW6W3C,2025-08-26 14:30:08,2025-08-26 14:30:08,NHB250826143008.RAW6W31,Long Range,0.0,2025-08-26 15:30:08,2025-08-26 15:30:07,NHB250826153007.RAW6W4A,Long Range,1.0,2025-08-26 16:30:08,2025-08-26 16:30:07,NHB250826163007.RAW6W5K,Long Range,1.0,2025-08-26 17:30:08,2025-08-26 17:30:07,NHB250826173007.RAW6W6V,Long Range,1.0
1841,2025-08-26 14:50:08,NHB250826145008.RAW6W3F,NHB250826145303.RAW6W3K,NHB250826150007.RAW6W3N,NHB250826150304.RAW6W3T,2025-08-26 14:50:08,2025-08-26 14:50:08,NHB250826145008.RAW6W3F,Long Range,0.0,2025-08-26 15:50:08,2025-08-26 15:50:08,NHB250826155008.RAW6W4R,Long Range,0.0,2025-08-26 16:50:08,2025-08-26 16:50:08,NHB250826165008.RAW6W60,Long Range,0.0,2025-08-26 17:50:08,2025-08-26 17:50:07,NHB250826175007.RAW6W79,Long Range,1.0
1842,2025-08-26 15:10:07,NHB250826151007.RAW6W3W,NHB250826151303.RAW6W40,NHB250826152008.RAW6W43,NHB250826152303.RAW6W47,2025-08-26 15:10:07,2025-08-26 15:10:07,NHB250826151007.RAW6W3W,Long Range,0.0,2025-08-26 16:10:07,2025-08-26 16:10:07,NHB250826161007.RAW6W55,Long Range,0.0,2025-08-26 17:10:07,2025-08-26 17:10:08,NHB250826171008.RAW6W6E,Long Range,1.0,2025-08-26 18:10:07,2025-08-26 18:10:08,NHB250826181008.RAW6W7P,Long Range,1.0
1843,2025-08-26 15:30:07,NHB250826153007.RAW6W4A,NHB250826153303.RAW6W4E,NHB250826154007.RAW6W4H,NHB250826154304.RAW6W4M,2025-08-26 15:30:07,2025-08-26 15:30:07,NHB250826153007.RAW6W4A,Long Range,0.0,2025-08-26 16:30:07,2025-08-26 16:30:07,NHB250826163007.RAW6W5K,Long Range,0.0,2025-08-26 17:30:07,2025-08-26 17:30:07,NHB250826173007.RAW6W6V,Long Range,0.0,2025-08-26 18:30:07,2025-08-26 18:30:08,NHB250826183008.RAW6W84,Long Range,1.0
1844,2025-08-26 15:50:08,NHB250826155008.RAW6W4R,NHB250826155304.RAW6W4V,NHB250826160008.RAW6W4Y,NHB250826160304.RAW6W52,2025-08-26 15:50:08,2025-08-26 15:50:08,NHB250826155008.RAW6W4R,Long Range,0.0,2025-08-26 16:50:08,2025-08-26 16:50:08,NHB250826165008.RAW6W60,Long Range,0.0,2025-08-26 17:50:08,2025-08-26 17:50:07,NHB250826175007.RAW6W79,Long Range,1.0,2025-08-26 18:50:08,2025-08-26 18:50:07,NHB250826185007.RAW6W8J,Long Range,1.0
1845,2025-08-26 16:10:07,NHB250826161007.RAW6W55,NHB250826161303.RAW6W59,NHB250826162008.RAW6W5C,NHB250826162305.RAW6W5G,2025-08-26 16:10:07,2025-08-26 16:10:07,NHB250826161007.RAW6W55,Long Range,0.0,2025-08-26 17:10:07,2025-08-26 17:10:08,NHB250826171008.RAW6W6E,Long Range,1.0,2025-08-26 18:10:07,2025-08-26 18:10:08,NHB250826181008.RAW6W7P,Long Range,1.0,2025-08-26 19:10:07,2025-08-26 19:10:08,NHB250826191008.RAW6W8Z,Long Range,1.0
1846,2025-08-26 16:30:07,NHB250826163007.RAW6W5K,NHB250826163304.RAW6W5P,NHB250826164008.RAW6W5T,NHB250826164303.RAW6W5X,2025-08-26 16:30:07,2025-08-26 16:30:07,NHB250826163007.RAW6W5K,Long Range,0.0,2025-08-26 17:30:07,2025-08-26 17:30:07,NHB250826173007.RAW6W6V,Long Range,0.0,2025-08-26 18:30:07,2025-08-26 18:30:08,NHB250826183008.RAW6W84,Long Range,1.0,2025-08-26 19:30:07,2025-08-26 19:30:08,NHB250826193008.RAW6W9D,Long Range,1.0
1847,2025-08-26 16:50:08,NHB250826165008.RAW6W60,NHB250826165304.RAW6W64,NHB250826170008.RAW6W67,NHB250826170303.RAW6W6B,2025-08-26 16:50:08,2025-08-26 16:50:08,NHB250826165008.RAW6W60,Long Range,0.0,2025-08-26 17:50:08,2025-08-26 17:50:07,NHB250826175007.RAW6W79,Long Range,1.0,2025-08-26 18:50:08,2025-08-26 18:50:07,NHB250826185007.RAW6W8J,Long Range,1.0,2025-08-26 19:50:08,2025-08-26 19:50:08,NHB250826195008.RAW6W9U,Long Range,0.0
1848,2025-08-26 17:10:08,NHB250826171008.RAW6W6E,NHB250826171304.RAW6W6J,NHB250826172008.RAW6W6M,NHB250826172304.RAW6W6S,2025-08-26 17:10:08,2025-08-26 17:10:08,NHB250826171008.RAW6W6E,Long Range,0.0,2025-08-26 18:10:08,2025-08-26 18:10:08,NHB250826181008.RAW6W7P,Long Range,0.0,2025-08-26 19:10:08,2025-08-26 19:10:08,NHB250826191008.RAW6W8Z,Long Range,0.0,2025-08-26 20:10:08,2025-08-26 20:10:08,NHB250826201008.RAW6WA8,Long Range,0.0
1849,2025-08-26 17:30:07,NHB250826173007.RAW6W6V,NHB250826173304.RAW6W6Z,NHB250826174008.RAW6W72,NHB250826174303.RAW6W76,2025-08-26 17:30:07,2025-08-26 17:30:07,NHB250826173007.RAW6W6V,Long Range,0.0,2025-08-26 18:30:07,2025-08-26 18:30:08,NHB250826183008.RAW6W84,Long Range,1.0,2025-08-26 19:30:07,2025-08-26 19:30:08,NHB250826193008.RAW6W9D,Long Range,1.0,2025-08-26 20:30:07,2025-08-26 20:30:08,NHB250826203008.RAW6WAN,Long Range,1.0
1850,2025-08-26 17:50:07,NHB250826175007.RAW6W79,NHB250826175303.RAW6W7D,NHB250826180008.RAW6W7G,NHB250826180304.RAW6W7L,2025-08-26 17:50:07,2025-08-26 17:50:07,NHB250826175007.RAW6W79,Long Range,0.0,2025-08-26 18:50:07,2025-08-26 18:50:07,NHB250826185007.RAW6W8J,Long Range,0.0,2025-08-26 19:50:07,2025-08-26 19:50:08,NHB250826195008.RAW6W9U,Long Range,1.0,2025-08-26 20:50:07,2025-08-26 20:50:07,NHB250826205007.RAW6WB3,Long Range,0.0
1851,2025-08-26 18:10:08,NHB250826181008.RAW6W7P,NHB250826181303.RAW6W7U,NHB250826182008.RAW6W7X,NHB250826182303.RAW6W81,2025-08-26 18:10:08,2025-08-26 18:10:08,NHB250826181008.RAW6W7P,Long Range,0.0,2025-08-26 19:10:08,2025-08-26 19:10:08,NHB250826191008.RAW6W8Z,Long Range,0.0,2025-08-26 20:10:08,2025-08-26 20:10:08,NHB250826201008.RAW6WA8,Long Range,0.0,2025-08-26 21:10:08,2025-08-26 21:10:08,NHB250826211008.RAW6WBH,Long Range,0.0
1852,2025-08-26 18:30:08,NHB250826183008.RAW6W84,NHB250826183303.RAW6W88,NHB250826184007.RAW6W8B,NHB250826184303.RAW6W8F,2025-08-26 18:30:08,2025-08-26 18:30:08,NHB250826183008.RAW6W84,Long Range,0.0,2025-08-26 19:30:08,2025-08-26 19:30:08,NHB250826193008.RAW6W9D,Long Range,0.0,2025-08-26 20:30:08,2025-08-26 20:30:08,NHB250826203008.RAW6WAN,Long Range,0.0,2025-08-26 21:30:08,2025-08-26 21:30:09,NHB250826213009.RAW6WBY,Long Range,1.0
1853,2025-08-26 18:50:07,NHB250826185007.RAW6W8J,NHB250826185304.RAW6W8N,NHB250826190007.RAW6W8S,NHB250826190303.RAW6W8W,2025-08-26 18:50:07,2025-08-26 18:50:07,NHB250826185007.RAW6W8J,Long Range,0.0,2025-08-26 19:50:07,2025-08-26 19:50:08,NHB250826195008.RAW6W9U,Long Range,1.0,2025-08-26 20:50:07,2025-08-26 20:50:07,NHB250826205007.RAW6WB3,Long Range,0.0,2025-08-26 21:50:07,2025-08-26 21:50:07,NHB250826215007.RAW6WCC,Long Range,0.0
1854,2025-08-26 19:10:08,NHB250826191008.RAW6W8Z,NHB250826191304.RAW6W93,NHB250826192008.RAW6W96,NHB250826192303.RAW6W9A,2025-08-26 19:10:08,2025-08-26 19:10:08,NHB250826191008.RAW6W8Z,Long Range,0.0,2025-08-26 20:10:08,2025-08-26 20:10:08,NHB250826201008.RAW6WA8,Long Range,0.0,2025-08-26 21:10:08,2025-08-26 21:10:08,NHB250826211008.RAW6WBH,Long Range,0.0,2025-08-26 22:10:08,2025-08-26 22:10:09,NHB250826221009.RAW6WCT,Long Range,1.0
1855,2025-08-26 19:30:08,NHB250826193008.RAW6W9D,NHB250826193303.RAW6W9H,NHB250826194008.RAW6W9L,NHB250826194303.RAW6W9R,2025-08-26 19:30:08,2025-08-26 19:30:08,NHB250826193008.RAW6W9D,Long Range,0.0,2025-08-26 20:30:08,2025-08-26 20:30:08,NHB250826203008.RAW6WAN,Long Range,0.0,2025-08-26 21:30:08,2025-08-26 21:30:09,NHB250826213009.RAW6WBY,Long Range,1.0,2025-08-26 22:30:08,2025-08-26 22:30:08,NHB250826223008.RAW6WD7,Long Range,0.0
1856,2025-08-26 19:50:08,NHB250826195008.RAW6W9U,NHB250826195303.RAW6W9Y,NHB250826200007.RAW6WA1,NHB250826200304.RAW6WA5,2025-08-26 19:50:08,2025-08-26 19:50:08,NHB250826195008.RAW6W9U,Long Range,0.0,2025-08-26 20:50:08,2025-08-26 20:50:07,NHB250826205007.RAW6WB3,Long Range,1.0,2025-08-26 21:50:08,2025-08-26 21:50:07,NHB250826215007.RAW6WCC,Long Range,1.0,2025-08-26 22:50:08,2025-08-26 22:50:08,NHB250826225008.RAW6WDM,Long Range,0.0
1857,2025-08-26 20:10:08,NHB250826201008.RAW6WA8,NHB250826201304.RAW6WAC,NHB250826202008.RAW6WAF,NHB250826202303.RAW6WAK,2025-08-26 20:10:08,2025-08-26 20:10:08,NHB250826201008.RAW6WA8,Long Range,0.0,2025-08-26 21:10:08,2025-08-26 21:10:08,NHB250826211008.RAW6WBH,Long Range,0.0,2025-08-26 22:10:08,2025-08-26 22:10:09,NHB250826221009.RAW6WCT,Long Range,1.0,2025-08-26 23:10:08,2025-08-26 23:10:08,NHB250826231008.RAW6WE2,Long Range,0.0
1858,2025-08-26 20:30:08,NHB250826203008.RAW6WAN,NHB250826203304.RAW6WAT,NHB250826204007.RAW6WAW,NHB250826204304.RAW6WB0,2025-08-26 20:30:08,2025-08-26 20:30:08,NHB250826203008.RAW6WAN,Long Range,0.0,2025-08-26 21:30:08,2025-08-26 21:30:09,NHB250826213009.RAW6WBY,Long Range,1.0,2025-08-26 22:30:08,2025-08-26 22:30:08,NHB250826223008.RAW6WD7,Long Range,0.0,2025-08-26 23:30:08,2025-08-26 23:30:08,NHB250826233008.RAW6WEG,Long Range,0.0
1859,2025-08-26 20:50:07,NHB250826205007.RAW6WB3,NHB250826205303.RAW6WB7,NHB250826210007.RAW6WBA,NHB250826210303.RAW6WBE,2025-08-26 20:50:07,2025-08-26 20:50:07,NHB250826205007.RAW6WB3,Long Range,0.0,2025-08-26 21:50:07,2025-08-26 21:50:07,NHB250826215007.RAW6WCC,Long Range,0.0,2025-08-26 22:50:07,2025-08-26 22:50:08,NHB250826225008.RAW6WDM,Long Range,1.0,2025-08-26 23:50:07,2025-08-26 23:50:08,NHB250826235008.RAW6WEX,Long Range,1.0
1860,2025-08-26 21:10:08,NHB250826211008.RAW6WBH,NHB250826211303.RAW6WBM,NHB250826212009.RAW6WBR,NHB250826212303.RAW6WBV,2025-08-26 21:10:08,2025-08-26 21:10:08,NHB250826211008.RAW6WBH,Long Range,0.0,2025-08-26 22:10:08,2025-08-26 22:10:09,NHB250826221009.RAW6WCT,Long Range,1.0,2025-08-26 23:10:08,2025-08-26 23:10:08,NHB250826231008.RAW6WE2,Long Range,0.0,2025-08-27 00:10:08,2025-08-27 00:10:09,NHB250827001009.RAW6WFB,Long Range,1.0
1861,2025-08-26 21:30:09,NHB250826213009.RAW6WBY,NHB250826213305.RAW6WC2,NHB250826214008.RAW6WC5,NHB250826214304.RAW6WC9,2025-08-26 21:30:09,2025-08-26 21:30:09,NHB250826213009.RAW6WBY,Long Range,0.0,2025-08-26 22:30:09,2025-08-26 22:30:08,NHB250826223008.RAW6WD7,Long Range,1.0,2025-08-26 23:30:09,2025-08-26 23:30:08,NHB250826233008.RAW6WEG,Long Range,1.0,2025-08-27 00:30:09,2025-08-27 00:30:08,NHB250827003008.RAW6WFS,Long Range,1.0
1862,2025-08-26 21:50:07,NHB250826215007.RAW6WCC,NHB250826215304.RAW6WCG,NHB250826220007.RAW6WCK,NHB250826220303.RAW6WCP,2025-08-26 21:50:07,2025-08-26 21:50:07,NHB250826215007.RAW6WCC,Long Range,0.0,2025-08-26 22:50:07,2025-08-26 22:50:08,NHB250826225008.RAW6WDM,Long Range,1.0,2025-08-26 23:50:07,2025-08-26 23:50:08,NHB250826235008.RAW6WEX,Long Range,1.0,2025-08-27 00:50:07,2025-08-27 00:50:08,NHB250827005008.RAW6WG6,Long Range,1.0
1863,2025-08-26 22:10:09,NHB250826221009.RAW6WCT,NHB250826221303.RAW6WCX,NHB250826222008.RAW6WD0,NHB250826222304.RAW6WD4,2025-08-26 22:10:09,2025-08-26 22:10:09,NHB250826221009.RAW6WCT,Long Range,0.0,2025-08-26 23:10:09,2025-08-26 23:10:08,NHB250826231008.RAW6WE2,Long Range,1.0,2025-08-27 00:10:09,2025-08-27 00:10:09,NHB250827001009.RAW6WFB,Long Range,0.0,2025-08-27 01:10:09,2025-08-27 01:10:08,NHB250827011008.RAW6WGL,Long Range,1.0
1864,2025-08-26 22:30:08,NHB250826223008.RAW6WD7,NHB250826223304.RAW6WDB,NHB250826224007.RAW6WDE,NHB250826224303.RAW6WDJ,2025-08-26 22:30:08,2025-08-26 22:30:08,NHB250826223008.RAW6WD7,Long Range,0.0,2025-08-26 23:30:08,2025-08-26 23:30:08,NHB250826233008.RAW6WEG,Long Range,0.0,2025-08-27 00:30:08,2025-08-27 00:30:08,NHB250827003008.RAW6WFS,Long Range,0.0,2025-08-27 01:30:08,2025-08-27 01:30:08,NHB250827013008.RAW6WH1,Long Range,0.0
1865,2025-08-26 22:50:08,NHB250826225008.RAW6WDM,NHB250826225303.RAW6WDS,NHB250826230008.RAW6WDV,NHB250826230304.RAW6WDZ,2025-08-26 22:50:08,2025-08-26 22:50:08,NHB250826225008.RAW6WDM,Long Range,0.0,2025-08-26 23:50:08,2025-08-26 23:50:08,NHB250826235008.RAW6WEX,Long Range,0.0,2025-08-27 00:50:08,2025-08-27 00:50:08,NHB250827005008.RAW6WG6,Long Range,0.0,2025-08-27 01:50:08,2025-08-27 01:50:07,NHB250827015007.RAW6WHF,Long Range,1.0
1866,2025-08-26 23:10:08,NHB250826231008.RAW6WE2,NHB250826231303.RAW6WE6,NHB250826232008.RAW6WE9,NHB250826232303.RAW6WED,2025-08-26 23:10:08,2025-08-26 23:10:08,NHB250826231008.RAW6WE2,Long Range,0.0,2025-08-27 00:10:08,2025-08-27 00:10:09,NHB250827001009.RAW6WFB,Long Range,1.0,2025-08-27 01:10:08,2025-08-27 01:10:08,NHB250827011008.RAW6WGL,Long Range,0.0,2025-08-27 02:10:08,2025-08-27 02:10:08,NHB250827021008.RAW6WHW,Long Range,0.0
1867,2025-08-26 23:30:08,NHB250826233008.RAW6WEG,NHB250826233303.RAW6WEL,NHB250826234007.RAW6WEP,NHB250826234303.RAW6WEU,2025-08-26 23:30:08,2025-08-26 23:30:08,NHB250826233008.RAW6WEG,Long Range,0.0,2025-08-27 00:30:08,2025-08-27 00:30:08,NHB250827003008.RAW6WFS,Long Range,0.0,2025-08-27 01:30:08,2025-08-27 01:30:08,NHB250827013008.RAW6WH1,Long Range,0.0,2025-08-27 02:30:08,2025-08-27 02:30:08,NHB250827023008.RAW6WJA,Long Range,0.0
1868,2025-08-26 23:50:08,NHB250826235008.RAW6WEX,NHB250826235303.RAW6WF1,NHB250827000007.RAW6WF4,NHB250827000304.RAW6WF8,2025-08-26 23:50:08,2025-08-26 23:50:08,NHB250826235008.RAW6WEX,Long Range,0.0,2025-08-27 00:50:08,2025-08-27 00:50:08,NHB250827005008.RAW6WG6,Long Range,0.0,2025-08-27 01:50:08,2025-08-27 01:50:07,NHB250827015007.RAW6WHF,Long Range,1.0,2025-08-27 02:50:08,2025-08-27 02:50:08,NHB250827025008.RAW6WJR,Long Range,0.0
1869,2025-08-27 00:10:09,NHB250827001009.RAW6WFB,NHB250827001305.RAW6WFF,NHB250827002008.RAW6WFJ,NHB250827002304.RAW6WFN,2025-08-27 00:10:09,2025-08-27 00:10:09,NHB250827001009.RAW6WFB,Long Range,0.0,2025-08-27 01:10:09,2025-08-27 01:10:08,NHB250827011008.RAW6WGL,Long Range,1.0,2025-08-27 02:10:09,2025-08-27 02:10:08,NHB250827021008.RAW6WHW,Long Range,1.0,2025-08-27 03:10:09,2025-08-27 03:10:08,NHB250827031008.RAW6WK5,Long Range,1.0
1870,2025-08-27 00:30:08,NHB250827003008.RAW6WFS,NHB250827003303.RAW6WFW,NHB250827004007.RAW6WFZ,NHB250827004303.RAW6WG3,2025-08-27 00:30:08,2025-08-27 00:30:08,NHB250827003008.RAW6WFS,Long Range,0.0,2025-08-27 01:30:08,2025-08-27 01:30:08,NHB250827013008.RAW6WH1,Long Range,0.0,2025-08-27 02:30:08,2025-08-27 02:30:08,NHB250827023008.RAW6WJA,Long Range,0.0,2025-08-27 03:30:08,2025-08-27 03:30:08,NHB250827033008.RAW6WKK,Long Range,0.0
1871,2025-08-27 00:50:08,NHB250827005008.RAW6WG6,NHB250827005303.RAW6WGA,NHB250827010007.RAW6WGD,NHB250827010304.RAW6WGH,2025-08-27 00:50:08,2025-08-27 00:50:08,NHB250827005008.RAW6WG6,Long Range,0.0,2025-08-27 01:50:08,2025-08-27 01:50:07,NHB250827015007.RAW6WHF,Long Range,1.0,2025-08-27 02:50:08,2025-08-27 02:50:08,NHB250827025008.RAW6WJR,Long Range,0.0,2025-08-27 03:50:08,2025-08-27 03:50:07,NHB250827035007.RAW6WL0,Long Range,1.0
1872,2025-08-27 01:10:08,NHB250827011008.RAW6WGL,NHB250827011304.RAW6WGR,NHB250827012009.RAW6WGU,NHB250827012303.RAW6WGY,2025-08-27 01:10:08,2025-08-27 01:10:08,NHB250827011008.RAW6WGL,Long Range,0.0,2025-08-27 02:10:08,2025-08-27 02:10:08,NHB250827021008.RAW6WHW,Long Range,0.0,2025-08-27 03:10:08,2025-08-27 03:10:08,NHB250827031008.RAW6WK5,Long Range,0.0,2025-08-27 04:10:08,2025-08-27 04:10:08,NHB250827041008.RAW6WLE,Long Range,0.0
1873,2025-08-27 01:30:08,NHB250827013008.RAW6WH1,NHB250827013304.RAW6WH5,NHB250827014008.RAW6WH8,NHB250827014304.RAW6WHC,2025-08-27 01:30:08,2025-08-27 01:30:08,NHB250827013008.RAW6WH1,Long Range,0.0,2025-08-27 02:30:08,2025-08-27 02:30:08,NHB250827023008.RAW6WJA,Long Range,0.0,2025-08-27 03:30:08,2025-08-27 03:30:08,NHB250827033008.RAW6WKK,Long Range,0.0,2025-08-27 04:30:08,2025-08-27 04:30:07,NHB250827043007.RAW6WLV,Long Range,1.0
1874,2025-08-27 01:50:07,NHB250827015007.RAW6WHF,NHB250827015304.RAW6WHK,NHB250827020008.RAW6WHN,NHB250827020303.RAW6WHT,2025-08-27 01:50:07,2025-08-27 01:50:07,NHB250827015007.RAW6WHF,Long Range,0.0,2025-08-27 02:50:07,2025-08-27 02:50:08,NHB250827025008.RAW6WJR,Long Range,1.0,2025-08-27 03:50:07,2025-08-27 03:50:07,NHB250827035007.RAW6WL0,Long Range,0.0,2025-08-27 04:50:07,2025-08-27 04:50:08,NHB250827045008.RAW6WM9,Long Range,1.0
1875,2025-08-27 02:10:08,NHB250827021008.RAW6WHW,NHB250827021304.RAW6WJ0,NHB250827022007.RAW6WJ3,NHB250827022303.RAW6WJ7,2025-08-27 02:10:08,2025-08-27 02:10:08,NHB250827021008.RAW6WHW,Long Range,0.0,2025-08-27 03:10:08,2025-08-27 03:10:08,NHB250827031008.RAW6WK5,Long Range,0.0,2025-08-27 04:10:08,2025-08-27 04:10:08,NHB250827041008.RAW6WLE,Long Range,0.0,2025-08-27 05:10:08,2025-08-27 05:10:08,NHB250827051008.RAW6WMP,Long Range,0.0
1876,2025-08-27 02:30:08,NHB250827023008.RAW6WJA,NHB250827023304.RAW6WJE,NHB250827024007.RAW6WJH,NHB250827024303.RAW6WJM,2025-08-27 02:30:08,2025-08-27 02:30:08,NHB250827023008.RAW6WJA,Long Range,0.0,2025-08-27 03:30:08,2025-08-27 03:30:08,NHB250827033008.RAW6WKK,Long Range,0.0,2025-08-27 04:30:08,2025-08-27 04:30:07,NHB250827043007.RAW6WLV,Long Range,1.0,2025-08-27 05:30:08,2025-08-27 05:30:07,NHB250827053007.RAW6WN4,Long Range,1.0
1877,2025-08-27 02:50:08,NHB250827025008.RAW6WJR,NHB250827025303.RAW6WJV,NHB250827030007.RAW6WJY,NHB250827030304.RAW6WK2,2025-08-27 02:50:08,2025-08-27 02:50:08,NHB250827025008.RAW6WJR,Long Range,0.0,2025-08-27 03:50:08,2025-08-27 03:50:07,NHB250827035007.RAW6WL0,Long Range,1.0,2025-08-27 04:50:08,2025-08-27 04:50:08,NHB250827045008.RAW6WM9,Long Range,0.0,2025-08-27 05:50:08,2025-08-27 05:50:08,NHB250827055008.RAW6WNJ,Long Range,0.0
1878,2025-08-27 03:10:08,NHB250827031008.RAW6WK5,NHB250827031303.RAW6WK9,NHB250827032008.RAW6WKC,NHB250827032303.RAW6WKG,2025-08-27 03:10:08,2025-08-27 03:10:08,NHB250827031008.RAW6WK5,Long Range,0.0,2025-08-27 04:10:08,2025-08-27 04:10:08,NHB250827041008.RAW6WLE,Long Range,0.0,2025-08-27 05:10:08,2025-08-27 05:10:08,NHB250827051008.RAW6WMP,Long Range,0.0,2025-08-27 06:10:08,2025-08-27 06:10:08,NHB250827061008.RAW6WNZ,Long Range,0.0
1879,2025-08-27 03:30:08,NHB250827033008.RAW6WKK,NHB250827033303.RAW6WKP,NHB250827034008.RAW6WKT,NHB250827034303.RAW6WKX,2025-08-27 03:30:08,2025-08-27 03:30:08,NHB250827033008.RAW6WKK,Long Range,0.0,2025-08-27 04:30:08,2025-08-27 04:30:07,NHB250827043007.RAW6WLV,Long Range,1.0,2025-08-27 05:30:08,2025-08-27 05:30:07,NHB250827053007.RAW6WN4,Long Range,1.0,2025-08-27 06:30:08,2025-08-27 06:30:07,NHB250827063007.RAW6WPD,Long Range,1.0
1880,2025-08-27 03:50:07,NHB250827035007.RAW6WL0,NHB250827035304.RAW6WL4,NHB250827040007.RAW6WL7,NHB250827040303.RAW6WLB,2025-08-27 03:50:07,2025-08-27 03:50:07,NHB250827035007.RAW6WL0,Long Range,0.0,2025-08-27 04:50:07,2025-08-27 04:50:08,NHB250827045008.RAW6WM9,Long Range,1.0,2025-08-27 05:50:07,2025-08-27 05:50:08,NHB250827055008.RAW6WNJ,Long Range,1.0,2025-08-27 06:50:07,2025-08-27 06:50:08,NHB250827065008.RAW6WPU,Long Range,1.0
1881,2025-08-27 04:10:08,NHB250827041008.RAW6WLE,NHB250827041303.RAW6WLJ,NHB250827042008.RAW6WLM,NHB250827042304.RAW6WLS,2025-08-27 04:10:08,2025-08-27 04:10:08,NHB250827041008.RAW6WLE,Long Range,0.0,2025-08-27 05:10:08,2025-08-27 05:10:08,NHB250827051008.RAW6WMP,Long Range,0.0,2025-08-27 06:10:08,2025-08-27 06:10:08,NHB250827061008.RAW6WNZ,Long Range,0.0,2025-08-27 07:10:08,2025-08-27 07:10:07,NHB250827071007.RAW6WR8,Long Range,1.0
1882,2025-08-27 04:30:07,NHB250827043007.RAW6WLV,NHB250827043304.RAW6WLZ,NHB250827044008.RAW6WM2,NHB250827044304.RAW6WM6,2025-08-27 04:30:07,2025-08-27 04:30:07,NHB250827043007.RAW6WLV,Long Range,0.0,2025-08-27 05:30:07,2025-08-27 05:30:07,NHB250827053007.RAW6WN4,Long Range,0.0,2025-08-27 06:30:07,2025-08-27 06:30:07,NHB250827063007.RAW6WPD,Long Range,0.0,2025-08-27 07:30:07,2025-08-27 07:30:08,NHB250827073008.RAW6WRN,Long Range,1.0
1883,2025-08-27 04:50:08,NHB250827045008.RAW6WM9,NHB250827045304.RAW6WMD,NHB250827050008.RAW6WMG,NHB250827050303.RAW6WML,2025-08-27 04:50:08,2025-08-27 04:50:08,NHB250827045008.RAW6WM9,Long Range,0.0,2025-08-27 05:50:08,2025-08-27 05:50:08,NHB250827055008.RAW6WNJ,Long Range,0.0,2025-08-27 06:50:08,2025-08-27 06:50:08,NHB250827065008.RAW6WPU,Long Range,0.0,2025-08-27 07:50:08,2025-08-27 07:50:08,NHB250827075008.RAW6WS3,Long Range,0.0
1884,2025-08-27 05:10:08,NHB250827051008.RAW6WMP,NHB250827051304.RAW6WMU,NHB250827052009.RAW6WMX,NHB250827052303.RAW6WN1,2025-08-27 05:10:08,2025-08-27 05:10:08,NHB250827051008.RAW6WMP,Long Range,0.0,2025-08-27 06:10:08,2025-08-27 06:10:08,NHB250827061008.RAW6WNZ,Long Range,0.0,2025-08-27 07:10:08,2025-08-27 07:10:07,NHB250827071007.RAW6WR8,Long Range,1.0,2025-08-27 08:10:08,2025-08-27 08:10:07,NHB250827081007.RAW6WSH,Long Range,1.0
1885,2025-08-27 05:30:07,NHB250827053007.RAW6WN4,NHB250827053304.RAW6WN8,NHB250827054008.RAW6WNB,NHB250827054303.RAW6WNF,2025-08-27 05:30:07,2025-08-27 05:30:07,NHB250827053007.RAW6WN4,Long Range,0.0,2025-08-27 06:30:07,2025-08-27 06:30:07,NHB250827063007.RAW6WPD,Long Range,0.0,2025-08-27 07:30:07,2025-08-27 07:30:08,NHB250827073008.RAW6WRN,Long Range,1.0,2025-08-27 08:30:07,2025-08-27 08:30:08,NHB250827083008.RAW6WSY,Long Range,1.0
1886,2025-08-27 05:50:08,NHB250827055008.RAW6WNJ,NHB250827055303.RAW6WNN,NHB250827060008.RAW6WNS,NHB250827060303.RAW6WNW,2025-08-27 05:50:08,2025-08-27 05:50:08,NHB250827055008.RAW6WNJ,Long Range,0.0,2025-08-27 06:50:08,2025-08-27 06:50:08,NHB250827065008.RAW6WPU,Long Range,0.0,2025-08-27 07:50:08,2025-08-27 07:50:08,NHB250827075008.RAW6WS3,Long Range,0.0,2025-08-27 08:50:08,2025-08-27 08:50:08,NHB250827085008.RAW6WTC,Long Range,0.0
1887,2025-08-27 06:10:08,NHB250827061008.RAW6WNZ,NHB250827061303.RAW6WP3,NHB250827062007.RAW6WP6,NHB250827062305.RAW6WPA,2025-08-27 06:10:08,2025-08-27 06:10:08,NHB250827061008.RAW6WNZ,Long Range,0.0,2025-08-27 07:10:08,2025-08-27 07:10:07,NHB250827071007.RAW6WR8,Long Range,1.0,2025-08-27 08:10:08,2025-08-27 08:10:07,NHB250827081007.RAW6WSH,Long Range,1.0,2025-08-27 09:10:08,2025-08-27 09:10:08,NHB250827091008.RAW6WTT,Long Range,0.0
1888,2025-08-27 06:30:07,NHB250827063007.RAW6WPD,NHB250827063304.RAW6WPH,NHB250827064008.RAW6WPL,NHB250827064304.RAW6WPR,2025-08-27 06:30:07,2025-08-27 06:30:07,NHB250827063007.RAW6WPD,Long Range,0.0,2025-08-27 07:30:07,2025-08-27 07:30:08,NHB250827073008.RAW6WRN,Long Range,1.0,2025-08-27 08:30:07,2025-08-27 08:30:08,NHB250827083008.RAW6WSY,Long Range,1.0,2025-08-27 09:30:07,2025-08-27 09:30:08,NHB250827093008.RAW6WU7,Long Range,1.0
1889,2025-08-27 06:50:08,NHB250827065008.RAW6WPU,NHB250827065304.RAW6WPY,NHB250827070009.RAW6WR1,NHB250827070304.RAW6WR5,2025-08-27 06:50:08,2025-08-27 06:50:08,NHB250827065008.RAW6WPU,Long Range,0.0,2025-08-27 07:50:08,2025-08-27 07:50:08,NHB250827075008.RAW6WS3,Long Range,0.0,2025-08-27 08:50:08,2025-08-27 08:50:08,NHB250827085008.RAW6WTC,Long Range,0.0,2025-08-27 09:50:08,2025-08-27 09:50:07,NHB250827095007.RAW6WUM,Long Range,1.0
1890,2025-08-27 07:10:07,NHB250827071007.RAW6WR8,NHB250827071303.RAW6WRC,NHB250827072008.RAW6WRF,NHB250827072303.RAW6WRK,2025-08-27 07:10:07,2025-08-27 07:10:07,NHB250827071007.RAW6WR8,Long Range,0.0,2025-08-27 08:10:07,2025-08-27 08:10:07,NHB250827081007.RAW6WSH,Long Range,0.0,2025-08-27 09:10:07,2025-08-27 09:10:08,NHB250827091008.RAW6WTT,Long Range,1.0,2025-08-27 10:10:07,2025-08-27 10:10:07,NHB250827101007.RAW6WV2,Long Range,0.0
1891,2025-08-27 07:30:08,NHB250827073008.RAW6WRN,NHB250827073304.RAW6WRT,NHB250827074008.RAW6WRW,NHB250827074303.RAW6WS0,2025-08-27 07:30:08,2025-08-27 07:30:08,NHB250827073008.RAW6WRN,Long Range,0.0,2025-08-27 08:30:08,2025-08-27 08:30:08,NHB250827083008.RAW6WSY,Long Range,0.0,2025-08-27 09:30:08,2025-08-27 09:30:08,NHB250827093008.RAW6WU7,Long Range,0.0,2025-08-27 10:30:08,2025-08-27 10:30:09,NHB250827103009.RAW6WVG,Long Range,1.0
1892,2025-08-27 07:50:08,NHB250827075008.RAW6WS3,NHB250827075304.RAW6WS7,NHB250827080008.RAW6WSA,NHB250827080304.RAW6WSE,2025-08-27 07:50:08,2025-08-27 07:50:08,NHB250827075008.RAW6WS3,Long Range,0.0,2025-08-27 08:50:08,2025-08-27 08:50:08,NHB250827085008.RAW6WTC,Long Range,0.0,2025-08-27 09:50:08,2025-08-27 09:50:07,NHB250827095007.RAW6WUM,Long Range,1.0,2025-08-27 10:50:08,2025-08-27 10:50:08,NHB250827105008.RAW6WVX,Long Range,0.0
1893,2025-08-27 08:10:07,NHB250827081007.RAW6WSH,NHB250827081304.RAW6WSM,NHB250827082008.RAW6WSR,NHB250827082303.RAW6WSV,2025-08-27 08:10:07,2025-08-27 08:10:07,NHB250827081007.RAW6WSH,Long Range,0.0,2025-08-27 09:10:07,2025-08-27 09:10:08,NHB250827091008.RAW6WTT,Long Range,1.0,2025-08-27 10:10:07,2025-08-27 10:10:07,NHB250827101007.RAW6WV2,Long Range,0.0,2025-08-27 11:10:07,2025-08-27 11:10:08,NHB250827111008.RAW6WWB,Long Range,1.0
1894,2025-08-27 08:30:08,NHB250827083008.RAW6WSY,NHB250827083304.RAW6WT2,NHB250827084007.RAW6WT5,NHB250827084304.RAW6WT9,2025-08-27 08:30:08,2025-08-27 08:30:08,NHB250827083008.RAW6WSY,Long Range,0.0,2025-08-27 09:30:08,2025-08-27 09:30:08,NHB250827093008.RAW6WU7,Long Range,0.0,2025-08-27 10:30:08,2025-08-27 10:30:09,NHB250827103009.RAW6WVG,Long Range,1.0,2025-08-27 11:30:08,2025-08-27 11:30:07,NHB250827113007.RAW6WWS,Long Range,1.0
1895,2025-08-27 08:50:08,NHB250827085008.RAW6WTC,NHB250827085303.RAW6WTG,NHB250827090008.RAW6WTK,NHB250827090304.RAW6WTP,2025-08-27 08:50:08,2025-08-27 08:50:08,NHB250827085008.RAW6WTC,Long Range,0.0,2025-08-27 09:50:08,2025-08-27 09:50:07,NHB250827095007.RAW6WUM,Long Range,1.0,2025-08-27 10:50:08,2025-08-27 10:50:08,NHB250827105008.RAW6WVX,Long Range,0.0,2025-08-27 11:50:08,2025-08-27 11:50:07,NHB250827115007.RAW6WX6,Long Range,1.0
1896,2025-08-27 09:10:08,NHB250827091008.RAW6WTT,NHB250827091303.RAW6WTX,NHB250827092008.RAW6WU0,NHB250827092304.RAW6WU4,2025-08-27 09:10:08,2025-08-27 09:10:08,NHB250827091008.RAW6WTT,Long Range,0.0,2025-08-27 10:10:08,2025-08-27 10:10:07,NHB250827101007.RAW6WV2,Long Range,1.0,2025-08-27 11:10:08,2025-08-27 11:10:08,NHB250827111008.RAW6WWB,Long Range,0.0,2025-08-27 12:10:08,2025-08-27 12:10:09,NHB250827121009.RAW6WXL,Long Range,1.0
1897,2025-08-27 09:30:08,NHB250827093008.RAW6WU7,NHB250827093303.RAW6WUB,NHB250827094009.RAW6WUE,NHB250827094304.RAW6WUJ,2025-08-27 09:30:08,2025-08-27 09:30:08,NHB250827093008.RAW6WU7,Long Range,0.0,2025-08-27 10:30:08,2025-08-27 10:30:09,NHB250827103009.RAW6WVG,Long Range,1.0,2025-08-27 11:30:08,2025-08-27 11:30:07,NHB250827113007.RAW6WWS,Long Range,1.0,2025-08-27 12:30:08,2025-08-27 12:30:08,NHB250827123008.RAW6WY1,Long Range,0.0
1898,2025-08-27 09:50:07,NHB250827095007.RAW6WUM,NHB250827095304.RAW6WUS,NHB250827100009.RAW6WUV,NHB250827100304.RAW6WUZ,2025-08-27 09:50:07,2025-08-27 09:50:07,NHB250827095007.RAW6WUM,Long Range,0.0,2025-08-27 10:50:07,2025-08-27 10:50:08,NHB250827105008.RAW6WVX,Long Range,1.0,2025-08-27 11:50:07,2025-08-27 11:50:07,NHB250827115007.RAW6WX6,Long Range,0.0,2025-08-27 12:50:07,2025-08-27 12:50:08,NHB250827125008.RAW6WYF,Long Range,1.0
1899,2025-08-27 10:10:07,NHB250827101007.RAW6WV2,NHB250827101303.RAW6WV6,NHB250827102008.RAW6WV9,NHB250827102303.RAW6WVD,2025-08-27 10:10:07,2025-08-27 10:10:07,NHB250827101007.RAW6WV2,Long Range,0.0,2025-08-27 11:10:07,2025-08-27 11:10:08,NHB250827111008.RAW6WWB,Long Range,1.0,2025-08-27 12:10:07,2025-08-27 12:10:09,NHB250827121009.RAW6WXL,Long Range,2.0,2025-08-27 13:10:07,2025-08-27 13:10:07,NHB250827131007.RAW6WYW,Long Range,0.0
1900,2025-08-27 10:30:09,NHB250827103009.RAW6WVG,NHB250827103303.RAW6WVL,NHB250827104008.RAW6WVP,NHB250827104305.RAW6WVU,2025-08-27 10:30:09,2025-08-27 10:30:09,NHB250827103009.RAW6WVG,Long Range,0.0,2025-08-27 11:30:09,2025-08-27 11:30:07,NHB250827113007.RAW6WWS,Long Range,2.0,2025-08-27 12:30:09,2025-08-27 12:30:08,NHB250827123008.RAW6WY1,Long Range,1.0,2025-08-27 13:30:09,2025-08-27 13:30:08,NHB250827133008.RAW6WZA,Long Range,1.0
1901,2025-08-27 10:50:08,NHB250827105008.RAW6WVX,NHB250827105303.RAW6WW1,NHB250827110007.RAW6WW4,NHB250827110303.RAW6WW8,2025-08-27 10:50:08,2025-08-27 10:50:08,NHB250827105008.RAW6WVX,Long Range,0.0,2025-08-27 11:50:08,2025-08-27 11:50:07,NHB250827115007.RAW6WX6,Long Range,1.0,2025-08-27 12:50:08,2025-08-27 12:50:08,NHB250827125008.RAW6WYF,Long Range,0.0,2025-08-27 13:50:08,2025-08-27 13:50:07,NHB250827135007.RAW6WZR,Long Range,1.0
1902,2025-08-27 11:10:08,NHB250827111008.RAW6WWB,NHB250827111303.RAW6WWF,NHB250827112008.RAW6WWJ,NHB250827112304.RAW6WWN,2025-08-27 11:10:08,2025-08-27 11:10:08,NHB250827111008.RAW6WWB,Long Range,0.0,2025-08-27 12:10:08,2025-08-27 12:10:09,NHB250827121009.RAW6WXL,Long Range,1.0,2025-08-27 13:10:08,2025-08-27 13:10:07,NHB250827131007.RAW6WYW,Long Range,1.0,2025-08-27 14:10:08,2025-08-27 14:10:08,NHB250827141008.RAW6X05,Long Range,0.0
1903,2025-08-27 11:30:07,NHB250827113007.RAW6WWS,NHB250827113303.RAW6WWW,NHB250827114007.RAW6WWZ,NHB250827114303.RAW6WX3,2025-08-27 11:30:07,2025-08-27 11:30:07,NHB250827113007.RAW6WWS,Long Range,0.0,2025-08-27 12:30:07,2025-08-27 12:30:08,NHB250827123008.RAW6WY1,Long Range,1.0,2025-08-27 13:30:07,2025-08-27 13:30:08,NHB250827133008.RAW6WZA,Long Range,1.0,2025-08-27 14:30:07,2025-08-27 14:30:08,NHB250827143008.RAW6X0K,Long Range,1.0
1904,2025-08-27 11:50:07,NHB250827115007.RAW6WX6,NHB250827115303.RAW6WXA,NHB250827120008.RAW6WXD,NHB250827120303.RAW6WXH,2025-08-27 11:50:07,2025-08-27 11:50:07,NHB250827115007.RAW6WX6,Long Range,0.0,2025-08-27 12:50:07,2025-08-27 12:50:08,NHB250827125008.RAW6WYF,Long Range,1.0,2025-08-27 13:50:07,2025-08-27 13:50:07,NHB250827135007.RAW6WZR,Long Range,0.0,2025-08-27 14:50:07,2025-08-27 14:50:07,NHB250827145007.RAW6X10,Long Range,0.0
1905,2025-08-27 12:10:09,NHB250827121009.RAW6WXL,NHB250827121303.RAW6WXR,NHB250827122007.RAW6WXU,NHB250827122303.RAW6WXY,2025-08-27 12:10:09,2025-08-27 12:10:09,NHB250827121009.RAW6WXL,Long Range,0.0,2025-08-27 13:10:09,2025-08-27 13:10:07,NHB250827131007.RAW6WYW,Long Range,2.0,2025-08-27 14:10:09,2025-08-27 14:10:08,NHB250827141008.RAW6X05,Long Range,1.0,2025-08-27 15:10:09,2025-08-27 15:10:08,NHB250827151008.RAW6X1E,Long Range,1.0
1906,2025-08-27 12:30:08,NHB250827123008.RAW6WY1,NHB250827123304.RAW6WY5,NHB250827124008.RAW6WY8,NHB250827124303.RAW6WYC,2025-08-27 12:30:08,2025-08-27 12:30:08,NHB250827123008.RAW6WY1,Long Range,0.0,2025-08-27 13:30:08,2025-08-27 13:30:08,NHB250827133008.RAW6WZA,Long Range,0.0,2025-08-27 14:30:08,2025-08-27 14:30:08,NHB250827143008.RAW6X0K,Long Range,0.0,2025-08-27 15:30:08,2025-08-27 15:30:07,NHB250827153007.RAW6X1V,Long Range,1.0
1907,2025-08-27 12:50:08,NHB250827125008.RAW6WYF,NHB250827125303.RAW6WYK,NHB250827130007.RAW6WYN,NHB250827130303.RAW6WYT,2025-08-27 12:50:08,2025-08-27 12:50:08,NHB250827125008.RAW6WYF,Long Range,0.0,2025-08-27 13:50:08,2025-08-27 13:50:07,NHB250827135007.RAW6WZR,Long Range,1.0,2025-08-27 14:50:08,2025-08-27 14:50:07,NHB250827145007.RAW6X10,Long Range,1.0,2025-08-27 15:50:08,2025-08-27 15:50:07,NHB250827155007.RAW6X29,Long Range,1.0
1908,2025-08-27 13:10:07,NHB250827131007.RAW6WYW,NHB250827131303.RAW6WZ0,NHB250827132008.RAW6WZ3,NHB250827132305.RAW6WZ7,2025-08-27 13:10:07,2025-08-27 13:10:07,NHB250827131007.RAW6WYW,Long Range,0.0,2025-08-27 14:10:07,2025-08-27 14:10:08,NHB250827141008.RAW6X05,Long Range,1.0,2025-08-27 15:10:07,2025-08-27 15:10:08,NHB250827151008.RAW6X1E,Long Range,1.0,2025-08-27 16:10:07,2025-08-27 16:10:08,NHB250827161008.RAW6X2P,Long Range,1.0
1909,2025-08-27 13:30:08,NHB250827133008.RAW6WZA,NHB250827133303.RAW6WZE,NHB250827134008.RAW6WZH,NHB250827134303.RAW6WZM,2025-08-27 13:30:08,2025-08-27 13:30:08,NHB250827133008.RAW6WZA,Long Range,0.0,2025-08-27 14:30:08,2025-08-27 14:30:08,NHB250827143008.RAW6X0K,Long Range,0.0,2025-08-27 15:30:08,2025-08-27 15:30:07,NHB250827153007.RAW6X1V,Long Range,1.0,2025-08-27 16:30:08,2025-08-27 16:30:08,NHB250827163008.RAW6X34,Long Range,0.0
1910,2025-08-27 13:50:07,NHB250827135007.RAW6WZR,NHB250827135304.RAW6WZV,NHB250827140008.RAW6WZY,NHB250827140304.RAW6X02,2025-08-27 13:50:07,2025-08-27 13:50:07,NHB250827135007.RAW6WZR,Long Range,0.0,2025-08-27 14:50:07,2025-08-27 14:50:07,NHB250827145007.RAW6X10,Long Range,0.0,2025-08-27 15:50:07,2025-08-27 15:50:07,NHB250827155007.RAW6X29,Long Range,0.0,2025-08-27 16:50:07,2025-08-27 16:50:08,NHB250827165008.RAW6X3J,Long Range,1.0
1911,2025-08-27 14:10:08,NHB250827141008.RAW6X05,NHB250827141305.RAW6X09,NHB250827142008.RAW6X0C,NHB250827142303.RAW6X0G,2025-08-27 14:10:08,2025-08-27 14:10:08,NHB250827141008.RAW6X05,Long Range,0.0,2025-08-27 15:10:08,2025-08-27 15:10:08,NHB250827151008.RAW6X1E,Long Range,0.0,2025-08-27 16:10:08,2025-08-27 16:10:08,NHB250827161008.RAW6X2P,Long Range,0.0,2025-08-27 17:10:08,2025-08-27 17:10:08,NHB250827171008.RAW6X3Z,Long Range,0.0
1912,2025-08-27 14:30:08,NHB250827143008.RAW6X0K,NHB250827143303.RAW6X0P,NHB250827144007.RAW6X0T,NHB250827144304.RAW6X0X,2025-08-27 14:30:08,2025-08-27 14:30:08,NHB250827143008.RAW6X0K,Long Range,0.0,2025-08-27 15:30:08,2025-08-27 15:30:07,NHB250827153007.RAW6X1V,Long Range,1.0,2025-08-27 16:30:08,2025-08-27 16:30:08,NHB250827163008.RAW6X34,Long Range,0.0,2025-08-27 17:30:08,2025-08-27 17:30:07,NHB250827173007.RAW6X4D,Long Range,1.0
1913,2025-08-27 14:50:07,NHB250827145007.RAW6X10,NHB250827145303.RAW6X14,NHB250827150007.RAW6X17,NHB250827150303.RAW6X1B,2025-08-27 14:50:07,2025-08-27 14:50:07,NHB250827145007.RAW6X10,Long Range,0.0,2025-08-27 15:50:07,2025-08-27 15:50:07,NHB250827155007.RAW6X29,Long Range,0.0,2025-08-27 16:50:07,2025-08-27 16:50:08,NHB250827165008.RAW6X3J,Long Range,1.0,2025-08-27 17:50:07,2025-08-27 17:50:08,NHB250827175008.RAW6X4U,Long Range,1.0
1914,2025-08-27 15:10:08,NHB250827151008.RAW6X1E,NHB250827151304.RAW6X1J,NHB250827152008.RAW6X1M,NHB250827152303.RAW6X1S,2025-08-27 15:10:08,2025-08-27 15:10:08,NHB250827151008.RAW6X1E,Long Range,0.0,2025-08-27 16:10:08,2025-08-27 16:10:08,NHB250827161008.RAW6X2P,Long Range,0.0,2025-08-27 17:10:08,2025-08-27 17:10:08,NHB250827171008.RAW6X3Z,Long Range,0.0,2025-08-27 18:10:08,2025-08-27 18:10:08,NHB250827181008.RAWCX47,Long Range,0.0
1915,2025-08-27 15:30:07,NHB250827153007.RAW6X1V,NHB250827153304.RAW6X1Z,NHB250827154007.RAW6X22,NHB250827154304.RAW6X26,2025-08-27 15:30:07,2025-08-27 15:30:07,NHB250827153007.RAW6X1V,Long Range,0.0,2025-08-27 16:30:07,2025-08-27 16:30:08,NHB250827163008.RAW6X34,Long Range,1.0,2025-08-27 17:30:07,2025-08-27 17:30:07,NHB250827173007.RAW6X4D,Long Range,0.0,2025-08-27 18:30:07,2025-08-27 18:30:07,NHB250827183007.RAWCX37,Long Range,0.0
1916,2025-08-27 15:50:07,NHB250827155007.RAW6X29,NHB250827155303.RAW6X2D,NHB250827160008.RAW6X2G,NHB250827160303.RAW6X2L,2025-08-27 15:50:07,2025-08-27 15:50:07,NHB250827155007.RAW6X29,Long Range,0.0,2025-08-27 16:50:07,2025-08-27 16:50:08,NHB250827165008.RAW6X3J,Long Range,1.0,2025-08-27 17:50:07,2025-08-27 17:50:08,NHB250827175008.RAW6X4U,Long Range,1.0,2025-08-27 18:50:07,2025-08-27 18:50:07,NHB250827185007.RAWCX3B,Long Range,0.0
1917,2025-08-27 16:10:08,NHB250827161008.RAW6X2P,NHB250827161304.RAW6X2U,NHB250827162008.RAW6X2X,NHB250827162303.RAW6X31,2025-08-27 16:10:08,2025-08-27 16:10:08,NHB250827161008.RAW6X2P,Long Range,0.0,2025-08-27 17:10:08,2025-08-27 17:10:08,NHB250827171008.RAW6X3Z,Long Range,0.0,2025-08-27 18:10:08,2025-08-27 18:10:08,NHB250827181008.RAWCX47,Long Range,0.0,2025-08-27 19:10:08,2025-08-27 19:10:07,NHB250827191007.RAWCX44,Long Range,1.0
1918,2025-08-27 16:30:08,NHB250827163008.RAW6X34,NHB250827163303.RAW6X38,NHB250827164007.RAW6X3B,NHB250827164304.RAW6X3F,2025-08-27 16:30:08,2025-08-27 16:30:08,NHB250827163008.RAW6X34,Long Range,0.0,2025-08-27 17:30:08,2025-08-27 17:30:07,NHB250827173007.RAW6X4D,Long Range,1.0,2025-08-27 18:30:08,2025-08-27 18:30:07,NHB250827183007.RAWCX37,Long Range,1.0,2025-08-27 19:30:08,2025-08-27 19:30:09,NHB250827193009.RAWCX4L,Long Range,1.0
1919,2025-08-27 16:50:08,NHB250827165008.RAW6X3J,NHB250827165304.RAW6X3N,NHB250827170008.RAW6X3S,NHB250827170303.RAW6X3W,2025-08-27 16:50:08,2025-08-27 16:50:08,NHB250827165008.RAW6X3J,Long Range,0.0,2025-08-27 17:50:08,2025-08-27 17:50:08,NHB250827175008.RAW6X4U,Long Range,0.0,2025-08-27 18:50:08,2025-08-27 18:50:07,NHB250827185007.RAWCX3B,Long Range,1.0,2025-08-27 19:50:08,2025-08-27 19:50:08,NHB250827195008.RAWCX51,Long Range,0.0
1920,2025-08-27 17:10:08,NHB250827171008.RAW6X3Z,NHB250827171304.RAW6X43,NHB250827172008.RAW6X46,NHB250827172304.RAW6X4A,2025-08-27 17:10:08,2025-08-27 17:10:08,NHB250827171008.RAW6X3Z,Long Range,0.0,2025-08-27 18:10:08,2025-08-27 18:10:08,NHB250827181008.RAWCX47,Long Range,0.0,2025-08-27 19:10:08,2025-08-27 19:10:07,NHB250827191007.RAWCX44,Long Range,1.0,2025-08-27 20:10:08,2025-08-27 20:10:08,NHB250827201008.RAWCX5F,Long Range,0.0
1921,2025-08-27 17:30:07,NHB250827173007.RAW6X4D,NHB250827173304.RAW6X4H,NHB250827174008.RAW6X4L,NHB250827174303.RAW6X4R,2025-08-27 17:30:07,2025-08-27 17:30:07,NHB250827173007.RAW6X4D,Long Range,0.0,2025-08-27 18:30:07,2025-08-27 18:30:07,NHB250827183007.RAWCX37,Long Range,0.0,2025-08-27 19:30:07,2025-08-27 19:30:09,NHB250827193009.RAWCX4L,Long Range,2.0,2025-08-27 20:30:07,2025-08-27 20:30:08,NHB250827203008.RAWCX5W,Long Range,1.0
1922,2025-08-27 17:50:08,NHB250827175008.RAW6X4U,NHB250827175304.RAW6X4Y,NHB250827180009.RAW6X51,NHB250827180304.RAW6X55,2025-08-27 17:50:08,2025-08-27 17:50:08,NHB250827175008.RAW6X4U,Long Range,0.0,2025-08-27 18:50:08,2025-08-27 18:50:07,NHB250827185007.RAWCX3B,Long Range,1.0,2025-08-27 19:50:08,2025-08-27 19:50:08,NHB250827195008.RAWCX51,Long Range,0.0,2025-08-27 20:50:08,2025-08-27 20:50:08,NHB250827205008.RAWCX6A,Long Range,0.0
1923,2025-08-27 18:10:08,NHB250827181008.RAWCX47,NHB250827181304.RAWCX43,NHB250827182007.RAWCX46,NHB250827182303.RAWCX36,2025-08-27 18:10:08,2025-08-27 18:10:08,NHB250827181008.RAWCX47,Long Range,0.0,2025-08-27 19:10:08,2025-08-27 19:10:07,NHB250827191007.RAWCX44,Long Range,1.0,2025-08-27 20:10:08,2025-08-27 20:10:08,NHB250827201008.RAWCX5F,Long Range,0.0,2025-08-27 21:10:08,2025-08-27 21:10:08,NHB250827211008.RAWCX6R,Long Range,0.0
1924,2025-08-27 18:30:07,NHB250827183007.RAWCX37,NHB250827183305.RAWCX38,NHB250827184008.RAWCX39,NHB250827184303.RAWCX3A,2025-08-27 18:30:07,2025-08-27 18:30:07,NHB250827183007.RAWCX37,Long Range,0.0,2025-08-27 19:30:07,2025-08-27 19:30:09,NHB250827193009.RAWCX4L,Long Range,2.0,2025-08-27 20:30:07,2025-08-27 20:30:08,NHB250827203008.RAWCX5W,Long Range,1.0,2025-08-27 21:30:07,2025-08-27 21:30:08,NHB250827213008.RAWCX75,Long Range,1.0
1925,2025-08-27 18:50:07,NHB250827185007.RAWCX3B,NHB250827185304.RAWCX3E,NHB250827190007.RAWCX3W,NHB250827190303.RAWCX40,2025-08-27 18:50:07,2025-08-27 18:50:07,NHB250827185007.RAWCX3B,Long Range,0.0,2025-08-27 19:50:07,2025-08-27 19:50:08,NHB250827195008.RAWCX51,Long Range,1.0,2025-08-27 20:50:07,2025-08-27 20:50:08,NHB250827205008.RAWCX6A,Long Range,1.0,2025-08-27 21:50:07,2025-08-27 21:50:08,NHB250827215008.RAWCX7K,Long Range,1.0
1926,2025-08-27 19:10:07,NHB250827191007.RAWCX44,NHB250827191303.RAWCX4A,NHB250827192008.RAWCX4D,NHB250827192303.RAWCX4H,2025-08-27 19:10:07,2025-08-27 19:10:07,NHB250827191007.RAWCX44,Long Range,0.0,2025-08-27 20:10:07,2025-08-27 20:10:08,NHB250827201008.RAWCX5F,Long Range,1.0,2025-08-27 21:10:07,2025-08-27 21:10:08,NHB250827211008.RAWCX6R,Long Range,1.0,2025-08-27 22:10:07,2025-08-27 22:10:07,NHB250827221007.RAWCX80,Long Range,0.0
1927,2025-08-27 19:30:09,NHB250827193009.RAWCX4L,NHB250827193303.RAWCX4R,NHB250827194008.RAWCX4U,NHB250827194304.RAWCX4Y,2025-08-27 19:30:09,2025-08-27 19:30:09,NHB250827193009.RAWCX4L,Long Range,0.0,2025-08-27 20:30:09,2025-08-27 20:30:08,NHB250827203008.RAWCX5W,Long Range,1.0,2025-08-27 21:30:09,2025-08-27 21:30:08,NHB250827213008.RAWCX75,Long Range,1.0,2025-08-27 22:30:09,2025-08-27 22:30:08,NHB250827223008.RAWCX8E,Long Range,1.0
1928,2025-08-27 19:50:08,NHB250827195008.RAWCX51,NHB250827195303.RAWCX55,NHB250827200008.RAWCX58,NHB250827200304.RAWCX5C,2025-08-27 19:50:08,2025-08-27 19:50:08,NHB250827195008.RAWCX51,Long Range,0.0,2025-08-27 20:50:08,2025-08-27 20:50:08,NHB250827205008.RAWCX6A,Long Range,0.0,2025-08-27 21:50:08,2025-08-27 21:50:08,NHB250827215008.RAWCX7K,Long Range,0.0,2025-08-27 22:50:08,2025-08-27 22:50:08,NHB250827225008.RAWCX8V,Long Range,0.0
1929,2025-08-27 20:10:08,NHB250827201008.RAWCX5F,NHB250827201305.RAWCX5K,NHB250827202008.RAWCX5N,NHB250827202303.RAWCX5T,2025-08-27 20:10:08,2025-08-27 20:10:08,NHB250827201008.RAWCX5F,Long Range,0.0,2025-08-27 21:10:08,2025-08-27 21:10:08,NHB250827211008.RAWCX6R,Long Range,0.0,2025-08-27 22:10:08,2025-08-27 22:10:07,NHB250827221007.RAWCX80,Long Range,1.0,2025-08-27 23:10:08,2025-08-27 23:10:08,NHB250827231008.RAWCX99,Long Range,0.0
1930,2025-08-27 20:30:08,NHB250827203008.RAWCX5W,NHB250827203304.RAWCX60,NHB250827204008.RAWCX63,NHB250827204303.RAWCX67,2025-08-27 20:30:08,2025-08-27 20:30:08,NHB250827203008.RAWCX5W,Long Range,0.0,2025-08-27 21:30:08,2025-08-27 21:30:08,NHB250827213008.RAWCX75,Long Range,0.0,2025-08-27 22:30:08,2025-08-27 22:30:08,NHB250827223008.RAWCX8E,Long Range,0.0,2025-08-27 23:30:08,2025-08-27 23:30:08,NHB250827233008.RAWCX9P,Long Range,0.0
1931,2025-08-27 20:50:08,NHB250827205008.RAWCX6A,NHB250827205304.RAWCX6E,NHB250827210007.RAWCX6H,NHB250827210304.RAWCX6M,2025-08-27 20:50:08,2025-08-27 20:50:08,NHB250827205008.RAWCX6A,Long Range,0.0,2025-08-27 21:50:08,2025-08-27 21:50:08,NHB250827215008.RAWCX7K,Long Range,0.0,2025-08-27 22:50:08,2025-08-27 22:50:08,NHB250827225008.RAWCX8V,Long Range,0.0,2025-08-27 23:50:08,2025-08-27 23:50:07,NHB250827235007.RAWCXA4,Long Range,1.0
1932,2025-08-27 21:10:08,NHB250827211008.RAWCX6R,NHB250827211304.RAWCX6V,NHB250827212008.RAWCX6Y,NHB250827212303.RAWCX72,2025-08-27 21:10:08,2025-08-27 21:10:08,NHB250827211008.RAWCX6R,Long Range,0.0,2025-08-27 22:10:08,2025-08-27 22:10:07,NHB250827221007.RAWCX80,Long Range,1.0,2025-08-27 23:10:08,2025-08-27 23:10:08,NHB250827231008.RAWCX99,Long Range,0.0,2025-08-28 00:10:08,2025-08-28 00:10:07,NHB250828001007.RAWCXAJ,Long Range,1.0
1933,2025-08-27 21:30:08,NHB250827213008.RAWCX75,NHB250827213304.RAWCX79,NHB250827214008.RAWCX7C,NHB250827214303.RAWCX7G,2025-08-27 21:30:08,2025-08-27 21:30:08,NHB250827213008.RAWCX75,Long Range,0.0,2025-08-27 22:30:08,2025-08-27 22:30:08,NHB250827223008.RAWCX8E,Long Range,0.0,2025-08-27 23:30:08,2025-08-27 23:30:08,NHB250827233008.RAWCX9P,Long Range,0.0,2025-08-28 00:30:08,2025-08-28 00:30:08,NHB250828003008.RAWCXAZ,Long Range,0.0
1934,2025-08-27 21:50:08,NHB250827215008.RAWCX7K,NHB250827215303.RAWCX7P,NHB250827220009.RAWCX7T,NHB250827220304.RAWCX7X,2025-08-27 21:50:08,2025-08-27 21:50:08,NHB250827215008.RAWCX7K,Long Range,0.0,2025-08-27 22:50:08,2025-08-27 22:50:08,NHB250827225008.RAWCX8V,Long Range,0.0,2025-08-27 23:50:08,2025-08-27 23:50:07,NHB250827235007.RAWCXA4,Long Range,1.0,2025-08-28 00:50:08,2025-08-28 00:50:07,NHB250828005007.RAWCXBD,Long Range,1.0
1935,2025-08-27 22:10:07,NHB250827221007.RAWCX80,NHB250827221303.RAWCX84,NHB250827222007.RAWCX87,NHB250827222303.RAWCX8B,2025-08-27 22:10:07,2025-08-27 22:10:07,NHB250827221007.RAWCX80,Long Range,0.0,2025-08-27 23:10:07,2025-08-27 23:10:08,NHB250827231008.RAWCX99,Long Range,1.0,2025-08-28 00:10:07,2025-08-28 00:10:07,NHB250828001007.RAWCXAJ,Long Range,0.0,2025-08-28 01:10:07,2025-08-28 01:10:07,NHB250828011007.RAWCXBU,Long Range,0.0
1936,2025-08-27 22:30:08,NHB250827223008.RAWCX8E,NHB250827223303.RAWCX8J,NHB250827224008.RAWCX8M,NHB250827224303.RAWCX8S,2025-08-27 22:30:08,2025-08-27 22:30:08,NHB250827223008.RAWCX8E,Long Range,0.0,2025-08-27 23:30:08,2025-08-27 23:30:08,NHB250827233008.RAWCX9P,Long Range,0.0,2025-08-28 00:30:08,2025-08-28 00:30:08,NHB250828003008.RAWCXAZ,Long Range,0.0,2025-08-28 01:30:08,2025-08-28 01:30:08,NHB250828013008.RAWCXC8,Long Range,0.0
1937,2025-08-27 22:50:08,NHB250827225008.RAWCX8V,NHB250827225304.RAWCX8Z,NHB250827230008.RAWCX92,NHB250827230304.RAWCX96,2025-08-27 22:50:08,2025-08-27 22:50:08,NHB250827225008.RAWCX8V,Long Range,0.0,2025-08-27 23:50:08,2025-08-27 23:50:07,NHB250827235007.RAWCXA4,Long Range,1.0,2025-08-28 00:50:08,2025-08-28 00:50:07,NHB250828005007.RAWCXBD,Long Range,1.0,2025-08-28 01:50:08,2025-08-28 01:50:08,NHB250828015008.RAWCXCN,Long Range,0.0
1938,2025-08-27 23:10:08,NHB250827231008.RAWCX99,NHB250827231303.RAWCX9D,NHB250827232008.RAWCX9G,NHB250827232303.RAWCX9L,2025-08-27 23:10:08,2025-08-27 23:10:08,NHB250827231008.RAWCX99,Long Range,0.0,2025-08-28 00:10:08,2025-08-28 00:10:07,NHB250828001007.RAWCXAJ,Long Range,1.0,2025-08-28 01:10:08,2025-08-28 01:10:07,NHB250828011007.RAWCXBU,Long Range,1.0,2025-08-28 02:10:08,2025-08-28 02:10:07,NHB250828021007.RAWCXD3,Long Range,1.0
1939,2025-08-27 23:30:08,NHB250827233008.RAWCX9P,NHB250827233303.RAWCX9U,NHB250827234008.RAWCX9X,NHB250827234304.RAWCXA1,2025-08-27 23:30:08,2025-08-27 23:30:08,NHB250827233008.RAWCX9P,Long Range,0.0,2025-08-28 00:30:08,2025-08-28 00:30:08,NHB250828003008.RAWCXAZ,Long Range,0.0,2025-08-28 01:30:08,2025-08-28 01:30:08,NHB250828013008.RAWCXC8,Long Range,0.0,2025-08-28 02:30:08,2025-08-28 02:30:08,NHB250828023008.RAWCXDH,Long Range,0.0
1940,2025-08-27 23:50:07,NHB250827235007.RAWCXA4,NHB250827235303.RAWCXA8,NHB250828000008.RAWCXAB,NHB250828000304.RAWCXAF,2025-08-27 23:50:07,2025-08-27 23:50:07,NHB250827235007.RAWCXA4,Long Range,0.0,2025-08-28 00:50:07,2025-08-28 00:50:07,NHB250828005007.RAWCXBD,Long Range,0.0,2025-08-28 01:50:07,2025-08-28 01:50:08,NHB250828015008.RAWCXCN,Long Range,1.0,2025-08-28 02:50:07,2025-08-28 02:50:07,NHB250828025007.RAWCXDY,Long Range,0.0
1941,2025-08-28 00:10:07,NHB250828001007.RAWCXAJ,NHB250828001304.RAWCXAN,NHB250828002008.RAWCXAS,NHB250828002303.RAWCXAW,2025-08-28 00:10:07,2025-08-28 00:10:07,NHB250828001007.RAWCXAJ,Long Range,0.0,2025-08-28 01:10:07,2025-08-28 01:10:07,NHB250828011007.RAWCXBU,Long Range,0.0,2025-08-28 02:10:07,2025-08-28 02:10:07,NHB250828021007.RAWCXD3,Long Range,0.0,2025-08-28 03:10:07,2025-08-28 03:10:08,NHB250828031008.RAWCXEC,Long Range,1.0
1942,2025-08-28 00:30:08,NHB250828003008.RAWCXAZ,NHB250828003303.RAWCXB3,NHB250828004008.RAWCXB6,NHB250828004303.RAWCXBA,2025-08-28 00:30:08,2025-08-28 00:30:08,NHB250828003008.RAWCXAZ,Long Range,0.0,2025-08-28 01:30:08,2025-08-28 01:30:08,NHB250828013008.RAWCXC8,Long Range,0.0,2025-08-28 02:30:08,2025-08-28 02:30:08,NHB250828023008.RAWCXDH,Long Range,0.0,2025-08-28 03:30:08,2025-08-28 03:30:08,NHB250828033008.RAWCXET,Long Range,0.0
1943,2025-08-28 00:50:07,NHB250828005007.RAWCXBD,NHB250828005303.RAWCXBH,NHB250828010007.RAWCXBL,NHB250828010303.RAWCXBR,2025-08-28 00:50:07,2025-08-28 00:50:07,NHB250828005007.RAWCXBD,Long Range,0.0,2025-08-28 01:50:07,2025-08-28 01:50:08,NHB250828015008.RAWCXCN,Long Range,1.0,2025-08-28 02:50:07,2025-08-28 02:50:07,NHB250828025007.RAWCXDY,Long Range,0.0,2025-08-28 03:50:07,2025-08-28 03:50:08,NHB250828035008.RAWCXF7,Long Range,1.0
1944,2025-08-28 01:10:07,NHB250828011007.RAWCXBU,NHB250828011303.RAWCXBY,NHB250828012007.RAWCXC1,NHB250828012304.RAWCXC5,2025-08-28 01:10:07,2025-08-28 01:10:07,NHB250828011007.RAWCXBU,Long Range,0.0,2025-08-28 02:10:07,2025-08-28 02:10:07,NHB250828021007.RAWCXD3,Long Range,0.0,2025-08-28 03:10:07,2025-08-28 03:10:08,NHB250828031008.RAWCXEC,Long Range,1.0,2025-08-28 04:10:07,2025-08-28 04:10:08,NHB250828041008.RAWCXFM,Long Range,1.0
1945,2025-08-28 01:30:08,NHB250828013008.RAWCXC8,NHB250828013303.RAWCXCC,NHB250828014007.RAWCXCF,NHB250828014303.RAWCXCK,2025-08-28 01:30:08,2025-08-28 01:30:08,NHB250828013008.RAWCXC8,Long Range,0.0,2025-08-28 02:30:08,2025-08-28 02:30:08,NHB250828023008.RAWCXDH,Long Range,0.0,2025-08-28 03:30:08,2025-08-28 03:30:08,NHB250828033008.RAWCXET,Long Range,0.0,2025-08-28 04:30:08,2025-08-28 04:30:08,NHB250828043008.RAWCXG2,Long Range,0.0
1946,2025-08-28 01:50:08,NHB250828015008.RAWCXCN,NHB250828015303.RAWCXCT,NHB250828020008.RAWCXCW,NHB250828020303.RAWCXD0,2025-08-28 01:50:08,2025-08-28 01:50:08,NHB250828015008.RAWCXCN,Long Range,0.0,2025-08-28 02:50:08,2025-08-28 02:50:07,NHB250828025007.RAWCXDY,Long Range,1.0,2025-08-28 03:50:08,2025-08-28 03:50:08,NHB250828035008.RAWCXF7,Long Range,0.0,2025-08-28 04:50:08,2025-08-28 04:50:08,NHB250828045008.RAWCXGG,Long Range,0.0
1947,2025-08-28 02:10:07,NHB250828021007.RAWCXD3,NHB250828021304.RAWCXD7,NHB250828022007.RAWCXDA,NHB250828022303.RAWCXDE,2025-08-28 02:10:07,2025-08-28 02:10:07,NHB250828021007.RAWCXD3,Long Range,0.0,2025-08-28 03:10:07,2025-08-28 03:10:08,NHB250828031008.RAWCXEC,Long Range,1.0,2025-08-28 04:10:07,2025-08-28 04:10:08,NHB250828041008.RAWCXFM,Long Range,1.0,2025-08-28 05:10:07,2025-08-28 05:10:07,NHB250828051007.RAWCXGX,Long Range,0.0
1948,2025-08-28 02:30:08,NHB250828023008.RAWCXDH,NHB250828023304.RAWCXDM,NHB250828024007.RAWCXDR,NHB250828024303.RAWCXDV,2025-08-28 02:30:08,2025-08-28 02:30:08,NHB250828023008.RAWCXDH,Long Range,0.0,2025-08-28 03:30:08,2025-08-28 03:30:08,NHB250828033008.RAWCXET,Long Range,0.0,2025-08-28 04:30:08,2025-08-28 04:30:08,NHB250828043008.RAWCXG2,Long Range,0.0,2025-08-28 05:30:08,2025-08-28 05:30:07,NHB250828053007.RAWCXHB,Long Range,1.0
1949,2025-08-28 02:50:07,NHB250828025007.RAWCXDY,NHB250828025303.RAWCXE2,NHB250828030008.RAWCXE5,NHB250828030304.RAWCXE9,2025-08-28 02:50:07,2025-08-28 02:50:07,NHB250828025007.RAWCXDY,Long Range,0.0,2025-08-28 03:50:07,2025-08-28 03:50:08,NHB250828035008.RAWCXF7,Long Range,1.0,2025-08-28 04:50:07,2025-08-28 04:50:08,NHB250828045008.RAWCXGG,Long Range,1.0,2025-08-28 05:50:07,2025-08-28 05:50:07,NHB250828055007.RAWCXHS,Long Range,0.0
1950,2025-08-28 03:10:08,NHB250828031008.RAWCXEC,NHB250828031304.RAWCXEG,NHB250828032008.RAWCXEK,NHB250828032303.RAWCXEP,2025-08-28 03:10:08,2025-08-28 03:10:08,NHB250828031008.RAWCXEC,Long Range,0.0,2025-08-28 04:10:08,2025-08-28 04:10:08,NHB250828041008.RAWCXFM,Long Range,0.0,2025-08-28 05:10:08,2025-08-28 05:10:07,NHB250828051007.RAWCXGX,Long Range,1.0,2025-08-28 06:10:08,2025-08-28 06:10:08,NHB250828061008.RAWCXJ6,Long Range,0.0
1951,2025-08-28 03:30:08,NHB250828033008.RAWCXET,NHB250828033303.RAWCXEX,NHB250828034008.RAWCXF0,NHB250828034303.RAWCXF4,2025-08-28 03:30:08,2025-08-28 03:30:08,NHB250828033008.RAWCXET,Long Range,0.0,2025-08-28 04:30:08,2025-08-28 04:30:08,NHB250828043008.RAWCXG2,Long Range,0.0,2025-08-28 05:30:08,2025-08-28 05:30:07,NHB250828053007.RAWCXHB,Long Range,1.0,2025-08-28 06:30:08,2025-08-28 06:30:07,NHB250828063007.RAWCXJL,Long Range,1.0
1952,2025-08-28 03:50:08,NHB250828035008.RAWCXF7,NHB250828035304.RAWCXFB,NHB250828040008.RAWCXFE,NHB250828040303.RAWCXFJ,2025-08-28 03:50:08,2025-08-28 03:50:08,NHB250828035008.RAWCXF7,Long Range,0.0,2025-08-28 04:50:08,2025-08-28 04:50:08,NHB250828045008.RAWCXGG,Long Range,0.0,2025-08-28 05:50:08,2025-08-28 05:50:07,NHB250828055007.RAWCXHS,Long Range,1.0,2025-08-28 06:50:08,2025-08-28 06:50:09,NHB250828065009.RAWCXK1,Long Range,1.0
1953,2025-08-28 04:10:08,NHB250828041008.RAWCXFM,NHB250828041303.RAWCXFS,NHB250828042007.RAWCXFV,NHB250828042303.RAWCXFZ,2025-08-28 04:10:08,2025-08-28 04:10:08,NHB250828041008.RAWCXFM,Long Range,0.0,2025-08-28 05:10:08,2025-08-28 05:10:07,NHB250828051007.RAWCXGX,Long Range,1.0,2025-08-28 06:10:08,2025-08-28 06:10:08,NHB250828061008.RAWCXJ6,Long Range,0.0,2025-08-28 07:10:08,2025-08-28 07:10:08,NHB250828071008.RAWCXKF,Long Range,0.0
1954,2025-08-28 04:30:08,NHB250828043008.RAWCXG2,NHB250828043303.RAWCXG6,NHB250828044008.RAWCXG9,NHB250828044304.RAWCXGD,2025-08-28 04:30:08,2025-08-28 04:30:08,NHB250828043008.RAWCXG2,Long Range,0.0,2025-08-28 05:30:08,2025-08-28 05:30:07,NHB250828053007.RAWCXHB,Long Range,1.0,2025-08-28 06:30:08,2025-08-28 06:30:07,NHB250828063007.RAWCXJL,Long Range,1.0,2025-08-28 07:30:08,2025-08-28 07:30:08,NHB250828073008.RAWCXKW,Long Range,0.0
1955,2025-08-28 04:50:08,NHB250828045008.RAWCXGG,NHB250828045304.RAWCXGL,NHB250828050008.RAWCXGP,NHB250828050304.RAWCXGU,2025-08-28 04:50:08,2025-08-28 04:50:08,NHB250828045008.RAWCXGG,Long Range,0.0,2025-08-28 05:50:08,2025-08-28 05:50:07,NHB250828055007.RAWCXHS,Long Range,1.0,2025-08-28 06:50:08,2025-08-28 06:50:09,NHB250828065009.RAWCXK1,Long Range,1.0,2025-08-28 07:50:08,2025-08-28 07:50:08,NHB250828075008.RAWCXLA,Long Range,0.0
1956,2025-08-28 05:10:07,NHB250828051007.RAWCXGX,NHB250828051303.RAWCXH1,NHB250828052007.RAWCXH4,NHB250828052304.RAWCXH8,2025-08-28 05:10:07,2025-08-28 05:10:07,NHB250828051007.RAWCXGX,Long Range,0.0,2025-08-28 06:10:07,2025-08-28 06:10:08,NHB250828061008.RAWCXJ6,Long Range,1.0,2025-08-28 07:10:07,2025-08-28 07:10:08,NHB250828071008.RAWCXKF,Long Range,1.0,2025-08-28 08:10:07,2025-08-28 08:10:08,NHB250828081008.RAWCXLR,Long Range,1.0
1957,2025-08-28 05:30:07,NHB250828053007.RAWCXHB,NHB250828053304.RAWCXHF,NHB250828054007.RAWCXHJ,NHB250828054303.RAWCXHN,2025-08-28 05:30:07,2025-08-28 05:30:07,NHB250828053007.RAWCXHB,Long Range,0.0,2025-08-28 06:30:07,2025-08-28 06:30:07,NHB250828063007.RAWCXJL,Long Range,0.0,2025-08-28 07:30:07,2025-08-28 07:30:08,NHB250828073008.RAWCXKW,Long Range,1.0,2025-08-28 08:30:07,2025-08-28 08:30:08,NHB250828083008.RAWCXM5,Long Range,1.0
1958,2025-08-28 05:50:07,NHB250828055007.RAWCXHS,NHB250828055304.RAWCXHW,NHB250828060009.RAWCXHZ,NHB250828060304.RAWCXJ3,2025-08-28 05:50:07,2025-08-28 05:50:07,NHB250828055007.RAWCXHS,Long Range,0.0,2025-08-28 06:50:07,2025-08-28 06:50:09,NHB250828065009.RAWCXK1,Long Range,2.0,2025-08-28 07:50:07,2025-08-28 07:50:08,NHB250828075008.RAWCXLA,Long Range,1.0,2025-08-28 08:50:07,2025-08-28 08:50:07,NHB250828085007.RAWCXMK,Long Range,0.0
1959,2025-08-28 06:10:08,NHB250828061008.RAWCXJ6,NHB250828061304.RAWCXJA,NHB250828062008.RAWCXJD,NHB250828062304.RAWCXJH,2025-08-28 06:10:08,2025-08-28 06:10:08,NHB250828061008.RAWCXJ6,Long Range,0.0,2025-08-28 07:10:08,2025-08-28 07:10:08,NHB250828071008.RAWCXKF,Long Range,0.0,2025-08-28 08:10:08,2025-08-28 08:10:08,NHB250828081008.RAWCXLR,Long Range,0.0,2025-08-28 09:10:08,2025-08-28 09:10:07,NHB250828091007.RAWCXN0,Long Range,1.0
1960,2025-08-28 06:30:07,NHB250828063007.RAWCXJL,NHB250828063304.RAWCXJR,NHB250828064008.RAWCXJU,NHB250828064303.RAWCXJY,2025-08-28 06:30:07,2025-08-28 06:30:07,NHB250828063007.RAWCXJL,Long Range,0.0,2025-08-28 07:30:07,2025-08-28 07:30:08,NHB250828073008.RAWCXKW,Long Range,1.0,2025-08-28 08:30:07,2025-08-28 08:30:08,NHB250828083008.RAWCXM5,Long Range,1.0,2025-08-28 09:30:07,2025-08-28 09:30:08,NHB250828093008.RAWCXNE,Long Range,1.0
1961,2025-08-28 06:50:09,NHB250828065009.RAWCXK1,NHB250828065304.RAWCXK5,NHB250828070007.RAWCXK8,NHB250828070303.RAWCXKC,2025-08-28 06:50:09,2025-08-28 06:50:09,NHB250828065009.RAWCXK1,Long Range,0.0,2025-08-28 07:50:09,2025-08-28 07:50:08,NHB250828075008.RAWCXLA,Long Range,1.0,2025-08-28 08:50:09,2025-08-28 08:50:07,NHB250828085007.RAWCXMK,Long Range,2.0,2025-08-28 09:50:09,2025-08-28 09:50:07,NHB250828095007.RAWCXNV,Long Range,2.0
1962,2025-08-28 07:10:08,NHB250828071008.RAWCXKF,NHB250828071303.RAWCXKK,NHB250828072008.RAWCXKN,NHB250828072304.RAWCXKT,2025-08-28 07:10:08,2025-08-28 07:10:08,NHB250828071008.RAWCXKF,Long Range,0.0,2025-08-28 08:10:08,2025-08-28 08:10:08,NHB250828081008.RAWCXLR,Long Range,0.0,2025-08-28 09:10:08,2025-08-28 09:10:07,NHB250828091007.RAWCXN0,Long Range,1.0,2025-08-28 10:10:08,2025-08-28 10:10:08,NHB250828101008.RAWCXP9,Long Range,0.0
1963,2025-08-28 07:30:08,NHB250828073008.RAWCXKW,NHB250828073304.RAWCXL0,NHB250828074007.RAWCXL3,NHB250828074304.RAWCXL7,2025-08-28 07:30:08,2025-08-28 07:30:08,NHB250828073008.RAWCXKW,Long Range,0.0,2025-08-28 08:30:08,2025-08-28 08:30:08,NHB250828083008.RAWCXM5,Long Range,0.0,2025-08-28 09:30:08,2025-08-28 09:30:08,NHB250828093008.RAWCXNE,Long Range,0.0,2025-08-28 10:30:08,2025-08-28 10:30:08,NHB250828103008.RAWCXPP,Long Range,0.0
1964,2025-08-28 07:50:08,NHB250828075008.RAWCXLA,NHB250828075304.RAWCXLE,NHB250828080007.RAWCXLH,NHB250828080304.RAWCXLM,2025-08-28 07:50:08,2025-08-28 07:50:08,NHB250828075008.RAWCXLA,Long Range,0.0,2025-08-28 08:50:08,2025-08-28 08:50:07,NHB250828085007.RAWCXMK,Long Range,1.0,2025-08-28 09:50:08,2025-08-28 09:50:07,NHB250828095007.RAWCXNV,Long Range,1.0,2025-08-28 10:50:08,2025-08-28 10:50:08,NHB250828105008.RAWCXR4,Long Range,0.0
1965,2025-08-28 08:10:08,NHB250828081008.RAWCXLR,NHB250828081305.RAWCXLV,NHB250828082008.RAWCXLY,NHB250828082304.RAWCXM2,2025-08-28 08:10:08,2025-08-28 08:10:08,NHB250828081008.RAWCXLR,Long Range,0.0,2025-08-28 09:10:08,2025-08-28 09:10:07,NHB250828091007.RAWCXN0,Long Range,1.0,2025-08-28 10:10:08,2025-08-28 10:10:08,NHB250828101008.RAWCXP9,Long Range,0.0,2025-08-28 11:10:08,2025-08-28 11:10:08,NHB250828111008.RAWCXRJ,Long Range,0.0
1966,2025-08-28 08:30:08,NHB250828083008.RAWCXM5,NHB250828083304.RAWCXM9,NHB250828084008.RAWCXMC,NHB250828084304.RAWCXMG,2025-08-28 08:30:08,2025-08-28 08:30:08,NHB250828083008.RAWCXM5,Long Range,0.0,2025-08-28 09:30:08,2025-08-28 09:30:08,NHB250828093008.RAWCXNE,Long Range,0.0,2025-08-28 10:30:08,2025-08-28 10:30:08,NHB250828103008.RAWCXPP,Long Range,0.0,2025-08-28 11:30:08,2025-08-28 11:30:08,NHB250828113008.RAWCXRZ,Long Range,0.0
1967,2025-08-28 08:50:07,NHB250828085007.RAWCXMK,NHB250828085304.RAWCXMP,NHB250828090008.RAWCXMT,NHB250828090304.RAWCXMX,2025-08-28 08:50:07,2025-08-28 08:50:07,NHB250828085007.RAWCXMK,Long Range,0.0,2025-08-28 09:50:07,2025-08-28 09:50:07,NHB250828095007.RAWCXNV,Long Range,0.0,2025-08-28 10:50:07,2025-08-28 10:50:08,NHB250828105008.RAWCXR4,Long Range,1.0,2025-08-28 11:50:07,2025-08-28 11:50:08,NHB250828115008.RAWCXSD,Long Range,1.0
1968,2025-08-28 09:10:07,NHB250828091007.RAWCXN0,NHB250828091304.RAWCXN4,NHB250828092008.RAWCXN7,NHB250828092303.RAWCXNB,2025-08-28 09:10:07,2025-08-28 09:10:07,NHB250828091007.RAWCXN0,Long Range,0.0,2025-08-28 10:10:07,2025-08-28 10:10:08,NHB250828101008.RAWCXP9,Long Range,1.0,2025-08-28 11:10:07,2025-08-28 11:10:08,NHB250828111008.RAWCXRJ,Long Range,1.0,2025-08-28 12:10:07,2025-08-28 12:10:08,NHB250828121008.RAWCXSU,Long Range,1.0
1969,2025-08-28 09:30:08,NHB250828093008.RAWCXNE,NHB250828093304.RAWCXNJ,NHB250828094007.RAWCXNM,NHB250828094303.RAWCXNS,2025-08-28 09:30:08,2025-08-28 09:30:08,NHB250828093008.RAWCXNE,Long Range,0.0,2025-08-28 10:30:08,2025-08-28 10:30:08,NHB250828103008.RAWCXPP,Long Range,0.0,2025-08-28 11:30:08,2025-08-28 11:30:08,NHB250828113008.RAWCXRZ,Long Range,0.0,2025-08-28 12:30:08,2025-08-28 12:30:07,NHB250828123007.RAWCXT8,Long Range,1.0
1970,2025-08-28 09:50:07,NHB250828095007.RAWCXNV,NHB250828095303.RAWCXNZ,NHB250828100008.RAWCXP2,NHB250828100303.RAWCXP6,2025-08-28 09:50:07,2025-08-28 09:50:07,NHB250828095007.RAWCXNV,Long Range,0.0,2025-08-28 10:50:07,2025-08-28 10:50:08,NHB250828105008.RAWCXR4,Long Range,1.0,2025-08-28 11:50:07,2025-08-28 11:50:08,NHB250828115008.RAWCXSD,Long Range,1.0,2025-08-28 12:50:07,2025-08-28 12:50:07,NHB250828125007.RAWCXTN,Long Range,0.0
1971,2025-08-28 10:10:08,NHB250828101008.RAWCXP9,NHB250828101305.RAWCXPD,NHB250828102008.RAWCXPG,NHB250828102304.RAWCXPL,2025-08-28 10:10:08,2025-08-28 10:10:08,NHB250828101008.RAWCXP9,Long Range,0.0,2025-08-28 11:10:08,2025-08-28 11:10:08,NHB250828111008.RAWCXRJ,Long Range,0.0,2025-08-28 12:10:08,2025-08-28 12:10:08,NHB250828121008.RAWCXSU,Long Range,0.0,2025-08-28 13:10:08,2025-08-28 13:10:07,NHB250828131007.RAWCXU3,Long Range,1.0
1972,2025-08-28 10:30:08,NHB250828103008.RAWCXPP,NHB250828103304.RAWCXPU,NHB250828104007.RAWCXPX,NHB250828104303.RAWCXR1,2025-08-28 10:30:08,2025-08-28 10:30:08,NHB250828103008.RAWCXPP,Long Range,0.0,2025-08-28 11:30:08,2025-08-28 11:30:08,NHB250828113008.RAWCXRZ,Long Range,0.0,2025-08-28 12:30:08,2025-08-28 12:30:07,NHB250828123007.RAWCXT8,Long Range,1.0,2025-08-28 13:30:08,2025-08-28 13:30:08,NHB250828133008.RAWCXUH,Long Range,0.0
1973,2025-08-28 10:50:08,NHB250828105008.RAWCXR4,NHB250828105303.RAWCXR8,NHB250828110008.RAWCXRB,NHB250828110304.RAWCXRF,2025-08-28 10:50:08,2025-08-28 10:50:08,NHB250828105008.RAWCXR4,Long Range,0.0,2025-08-28 11:50:08,2025-08-28 11:50:08,NHB250828115008.RAWCXSD,Long Range,0.0,2025-08-28 12:50:08,2025-08-28 12:50:07,NHB250828125007.RAWCXTN,Long Range,1.0,2025-08-28 13:50:08,2025-08-28 13:50:07,NHB250828135007.RAWCXUY,Long Range,1.0
1974,2025-08-28 11:10:08,NHB250828111008.RAWCXRJ,NHB250828111304.RAWCXRN,NHB250828112009.RAWCXRS,NHB250828112303.RAWCXRW,2025-08-28 11:10:08,2025-08-28 11:10:08,NHB250828111008.RAWCXRJ,Long Range,0.0,2025-08-28 12:10:08,2025-08-28 12:10:08,NHB250828121008.RAWCXSU,Long Range,0.0,2025-08-28 13:10:08,2025-08-28 13:10:07,NHB250828131007.RAWCXU3,Long Range,1.0,2025-08-28 14:10:08,2025-08-28 14:10:08,NHB250828141008.RAWCXVC,Long Range,0.0
1975,2025-08-28 11:30:08,NHB250828113008.RAWCXRZ,NHB250828113304.RAWCXS3,NHB250828114007.RAWCXS6,NHB250828114305.RAWCXSA,2025-08-28 11:30:08,2025-08-28 11:30:08,NHB250828113008.RAWCXRZ,Long Range,0.0,2025-08-28 12:30:08,2025-08-28 12:30:07,NHB250828123007.RAWCXT8,Long Range,1.0,2025-08-28 13:30:08,2025-08-28 13:30:08,NHB250828133008.RAWCXUH,Long Range,0.0,2025-08-28 14:30:08,2025-08-28 14:30:08,NHB250828143008.RAWCXVT,Long Range,0.0
1976,2025-08-28 11:50:08,NHB250828115008.RAWCXSD,NHB250828115304.RAWCXSH,NHB250828120007.RAWCXSL,NHB250828120304.RAWCXSR,2025-08-28 11:50:08,2025-08-28 11:50:08,NHB250828115008.RAWCXSD,Long Range,0.0,2025-08-28 12:50:08,2025-08-28 12:50:07,NHB250828125007.RAWCXTN,Long Range,1.0,2025-08-28 13:50:08,2025-08-28 13:50:07,NHB250828135007.RAWCXUY,Long Range,1.0,2025-08-28 14:50:08,2025-08-28 14:50:08,NHB250828145008.RAWCXW7,Long Range,0.0
1977,2025-08-28 12:10:08,NHB250828121008.RAWCXSU,NHB250828121303.RAWCXSY,NHB250828122007.RAWCXT1,NHB250828122304.RAWCXT5,2025-08-28 12:10:08,2025-08-28 12:10:08,NHB250828121008.RAWCXSU,Long Range,0.0,2025-08-28 13:10:08,2025-08-28 13:10:07,NHB250828131007.RAWCXU3,Long Range,1.0,2025-08-28 14:10:08,2025-08-28 14:10:08,NHB250828141008.RAWCXVC,Long Range,0.0,2025-08-28 15:10:08,2025-08-28 15:10:08,NHB250828151008.RAWCXWM,Long Range,0.0
1978,2025-08-28 12:30:07,NHB250828123007.RAWCXT8,NHB250828123303.RAWCXTC,NHB250828124007.RAWCXTF,NHB250828124303.RAWCXTK,2025-08-28 12:30:07,2025-08-28 12:30:07,NHB250828123007.RAWCXT8,Long Range,0.0,2025-08-28 13:30:07,2025-08-28 13:30:08,NHB250828133008.RAWCXUH,Long Range,1.0,2025-08-28 14:30:07,2025-08-28 14:30:08,NHB250828143008.RAWCXVT,Long Range,1.0,2025-08-28 15:30:07,2025-08-28 15:30:09,NHB250828153009.RAWCXX2,Long Range,2.0
1979,2025-08-28 12:50:07,NHB250828125007.RAWCXTN,NHB250828125304.RAWCXTT,NHB250828130007.RAWCXTW,NHB250828130304.RAWCXU0,2025-08-28 12:50:07,2025-08-28 12:50:07,NHB250828125007.RAWCXTN,Long Range,0.0,2025-08-28 13:50:07,2025-08-28 13:50:07,NHB250828135007.RAWCXUY,Long Range,0.0,2025-08-28 14:50:07,2025-08-28 14:50:08,NHB250828145008.RAWCXW7,Long Range,1.0,2025-08-28 15:50:07,2025-08-28 15:50:07,NHB250828155007.RAWCXXG,Long Range,0.0
1980,2025-08-28 13:10:07,NHB250828131007.RAWCXU3,NHB250828131303.RAWCXU7,NHB250828132009.RAWCXUA,NHB250828132304.RAWCXUE,2025-08-28 13:10:07,2025-08-28 13:10:07,NHB250828131007.RAWCXU3,Long Range,0.0,2025-08-28 14:10:07,2025-08-28 14:10:08,NHB250828141008.RAWCXVC,Long Range,1.0,2025-08-28 15:10:07,2025-08-28 15:10:08,NHB250828151008.RAWCXWM,Long Range,1.0,2025-08-28 16:10:07,2025-08-28 16:10:08,NHB250828161008.RAWCXXX,Long Range,1.0
1981,2025-08-28 13:30:08,NHB250828133008.RAWCXUH,NHB250828133303.RAWCXUM,NHB250828134007.RAWCXUR,NHB250828134304.RAWCXUV,2025-08-28 13:30:08,2025-08-28 13:30:08,NHB250828133008.RAWCXUH,Long Range,0.0,2025-08-28 14:30:08,2025-08-28 14:30:08,NHB250828143008.RAWCXVT,Long Range,0.0,2025-08-28 15:30:08,2025-08-28 15:30:09,NHB250828153009.RAWCXX2,Long Range,1.0,2025-08-28 16:30:08,2025-08-28 16:30:08,NHB250828163008.RAWCXYB,Long Range,0.0
1982,2025-08-28 13:50:07,NHB250828135007.RAWCXUY,NHB250828135304.RAWCXV2,NHB250828140008.RAWCXV5,NHB250828140303.RAWCXV9,2025-08-28 13:50:07,2025-08-28 13:50:07,NHB250828135007.RAWCXUY,Long Range,0.0,2025-08-28 14:50:07,2025-08-28 14:50:08,NHB250828145008.RAWCXW7,Long Range,1.0,2025-08-28 15:50:07,2025-08-28 15:50:07,NHB250828155007.RAWCXXG,Long Range,0.0,2025-08-28 16:50:07,2025-08-28 16:50:07,NHB250828165007.RAWCXYS,Long Range,0.0
1983,2025-08-28 14:10:08,NHB250828141008.RAWCXVC,NHB250828141303.RAWCXVG,NHB250828142008.RAWCXVK,NHB250828142303.RAWCXVP,2025-08-28 14:10:08,2025-08-28 14:10:08,NHB250828141008.RAWCXVC,Long Range,0.0,2025-08-28 15:10:08,2025-08-28 15:10:08,NHB250828151008.RAWCXWM,Long Range,0.0,2025-08-28 16:10:08,2025-08-28 16:10:08,NHB250828161008.RAWCXXX,Long Range,0.0,2025-08-28 17:10:08,2025-08-28 17:10:07,NHB250828171007.RAWCXZ6,Long Range,1.0
1984,2025-08-28 14:30:08,NHB250828143008.RAWCXVT,NHB250828143305.RAWCXVX,NHB250828144007.RAWCXW0,NHB250828144303.RAWCXW4,2025-08-28 14:30:08,2025-08-28 14:30:08,NHB250828143008.RAWCXVT,Long Range,0.0,2025-08-28 15:30:08,2025-08-28 15:30:09,NHB250828153009.RAWCXX2,Long Range,1.0,2025-08-28 16:30:08,2025-08-28 16:30:08,NHB250828163008.RAWCXYB,Long Range,0.0,2025-08-28 17:30:08,2025-08-28 17:30:08,NHB250828173008.RAWCXZL,Long Range,0.0
1985,2025-08-28 14:50:08,NHB250828145008.RAWCXW7,NHB250828145303.RAWCXWB,NHB250828150007.RAWCXWE,NHB250828150303.RAWCXWJ,2025-08-28 14:50:08,2025-08-28 14:50:08,NHB250828145008.RAWCXW7,Long Range,0.0,2025-08-28 15:50:08,2025-08-28 15:50:07,NHB250828155007.RAWCXXG,Long Range,1.0,2025-08-28 16:50:08,2025-08-28 16:50:07,NHB250828165007.RAWCXYS,Long Range,1.0,2025-08-28 17:50:08,2025-08-28 17:50:09,NHB250828175009.RAWCY01,Long Range,1.0
1986,2025-08-28 15:10:08,NHB250828151008.RAWCXWM,NHB250828151304.RAWCXWS,NHB250828152008.RAWCXWV,NHB250828152304.RAWCXWZ,2025-08-28 15:10:08,2025-08-28 15:10:08,NHB250828151008.RAWCXWM,Long Range,0.0,2025-08-28 16:10:08,2025-08-28 16:10:08,NHB250828161008.RAWCXXX,Long Range,0.0,2025-08-28 17:10:08,2025-08-28 17:10:07,NHB250828171007.RAWCXZ6,Long Range,1.0,2025-08-28 18:10:08,2025-08-28 18:10:09,NHB250828181009.RAWCY0F,Long Range,1.0
1987,2025-08-28 15:30:09,NHB250828153009.RAWCXX2,NHB250828153303.RAWCXX6,NHB250828154007.RAWCXX9,NHB250828154303.RAWCXXD,2025-08-28 15:30:09,2025-08-28 15:30:09,NHB250828153009.RAWCXX2,Long Range,0.0,2025-08-28 16:30:09,2025-08-28 16:30:08,NHB250828163008.RAWCXYB,Long Range,1.0,2025-08-28 17:30:09,2025-08-28 17:30:08,NHB250828173008.RAWCXZL,Long Range,1.0,2025-08-28 18:30:09,2025-08-28 18:30:08,NHB250828183008.RAWCY0W,Long Range,1.0
1988,2025-08-28 15:50:07,NHB250828155007.RAWCXXG,NHB250828155304.RAWCXXL,NHB250828160008.RAWCXXP,NHB250828160303.RAWCXXU,2025-08-28 15:50:07,2025-08-28 15:50:07,NHB250828155007.RAWCXXG,Long Range,0.0,2025-08-28 16:50:07,2025-08-28 16:50:07,NHB250828165007.RAWCXYS,Long Range,0.0,2025-08-28 17:50:07,2025-08-28 17:50:09,NHB250828175009.RAWCY01,Long Range,2.0,2025-08-28 18:50:07,2025-08-28 18:50:08,NHB250828185008.RAWCY1A,Long Range,1.0
1989,2025-08-28 16:10:08,NHB250828161008.RAWCXXX,NHB250828161304.RAWCXY1,NHB250828162008.RAWCXY4,NHB250828162303.RAWCXY8,2025-08-28 16:10:08,2025-08-28 16:10:08,NHB250828161008.RAWCXXX,Long Range,0.0,2025-08-28 17:10:08,2025-08-28 17:10:07,NHB250828171007.RAWCXZ6,Long Range,1.0,2025-08-28 18:10:08,2025-08-28 18:10:09,NHB250828181009.RAWCY0F,Long Range,1.0,2025-08-28 19:10:08,2025-08-28 19:10:08,NHB250828191008.RAWCY1R,Long Range,0.0
1990,2025-08-28 16:30:08,NHB250828163008.RAWCXYB,NHB250828163303.RAWCXYF,NHB250828164007.RAWCXYJ,NHB250828164303.RAWCXYN,2025-08-28 16:30:08,2025-08-28 16:30:08,NHB250828163008.RAWCXYB,Long Range,0.0,2025-08-28 17:30:08,2025-08-28 17:30:08,NHB250828173008.RAWCXZL,Long Range,0.0,2025-08-28 18:30:08,2025-08-28 18:30:08,NHB250828183008.RAWCY0W,Long Range,0.0,2025-08-28 19:30:08,2025-08-28 19:30:08,NHB250828193008.RAWCY25,Long Range,0.0
1991,2025-08-28 16:50:07,NHB250828165007.RAWCXYS,NHB250828165303.RAWCXYW,NHB250828170008.RAWCXYZ,NHB250828170303.RAWCXZ3,2025-08-28 16:50:07,2025-08-28 16:50:07,NHB250828165007.RAWCXYS,Long Range,0.0,2025-08-28 17:50:07,2025-08-28 17:50:09,NHB250828175009.RAWCY01,Long Range,2.0,2025-08-28 18:50:07,2025-08-28 18:50:08,NHB250828185008.RAWCY1A,Long Range,1.0,2025-08-28 19:50:07,2025-08-28 19:50:08,NHB250828195008.RAWCY2K,Long Range,1.0
1992,2025-08-28 17:10:07,NHB250828171007.RAWCXZ6,NHB250828171303.RAWCXZA,NHB250828172007.RAWCXZD,NHB250828172303.RAWCXZH,2025-08-28 17:10:07,2025-08-28 17:10:07,NHB250828171007.RAWCXZ6,Long Range,0.0,2025-08-28 18:10:07,2025-08-28 18:10:09,NHB250828181009.RAWCY0F,Long Range,2.0,2025-08-28 19:10:07,2025-08-28 19:10:08,NHB250828191008.RAWCY1R,Long Range,1.0,2025-08-28 20:10:07,2025-08-28 20:10:08,NHB250828201008.RAWCY30,Long Range,1.0
1993,2025-08-28 17:30:08,NHB250828173008.RAWCXZL,NHB250828173303.RAWCXZR,NHB250828174007.RAWCXZU,NHB250828174303.RAWCXZY,2025-08-28 17:30:08,2025-08-28 17:30:08,NHB250828173008.RAWCXZL,Long Range,0.0,2025-08-28 18:30:08,2025-08-28 18:30:08,NHB250828183008.RAWCY0W,Long Range,0.0,2025-08-28 19:30:08,2025-08-28 19:30:08,NHB250828193008.RAWCY25,Long Range,0.0,2025-08-28 20:30:08,2025-08-28 20:30:08,NHB250828203008.RAWCY3E,Long Range,0.0
1994,2025-08-28 17:50:09,NHB250828175009.RAWCY01,NHB250828175304.RAWCY05,NHB250828180007.RAWCY08,NHB250828180304.RAWCY0C,2025-08-28 17:50:09,2025-08-28 17:50:09,NHB250828175009.RAWCY01,Long Range,0.0,2025-08-28 18:50:09,2025-08-28 18:50:08,NHB250828185008.RAWCY1A,Long Range,1.0,2025-08-28 19:50:09,2025-08-28 19:50:08,NHB250828195008.RAWCY2K,Long Range,1.0,2025-08-28 20:50:09,2025-08-28 20:50:07,NHB250828205007.RAWCY3V,Long Range,2.0
1995,2025-08-28 18:10:09,NHB250828181009.RAWCY0F,NHB250828181304.RAWCY0K,NHB250828182008.RAWCY0N,NHB250828182304.RAWCY0T,2025-08-28 18:10:09,2025-08-28 18:10:09,NHB250828181009.RAWCY0F,Long Range,0.0,2025-08-28 19:10:09,2025-08-28 19:10:08,NHB250828191008.RAWCY1R,Long Range,1.0,2025-08-28 20:10:09,2025-08-28 20:10:08,NHB250828201008.RAWCY30,Long Range,1.0,2025-08-28 21:10:09,2025-08-28 21:10:07,NHB250828211007.RAWCY49,Long Range,2.0
1996,2025-08-28 18:30:08,NHB250828183008.RAWCY0W,NHB250828183303.RAWCY10,NHB250828184008.RAWCY13,NHB250828184303.RAWCY17,2025-08-28 18:30:08,2025-08-28 18:30:08,NHB250828183008.RAWCY0W,Long Range,0.0,2025-08-28 19:30:08,2025-08-28 19:30:08,NHB250828193008.RAWCY25,Long Range,0.0,2025-08-28 20:30:08,2025-08-28 20:30:08,NHB250828203008.RAWCY3E,Long Range,0.0,2025-08-28 21:30:08,2025-08-28 21:30:08,NHB250828213008.RAWCY4P,Long Range,0.0
1997,2025-08-28 18:50:08,NHB250828185008.RAWCY1A,NHB250828185303.RAWCY1E,NHB250828190007.RAWCY1H,NHB250828190303.RAWCY1M,2025-08-28 18:50:08,2025-08-28 18:50:08,NHB250828185008.RAWCY1A,Long Range,0.0,2025-08-28 19:50:08,2025-08-28 19:50:08,NHB250828195008.RAWCY2K,Long Range,0.0,2025-08-28 20:50:08,2025-08-28 20:50:07,NHB250828205007.RAWCY3V,Long Range,1.0,2025-08-28 21:50:08,2025-08-28 21:50:07,NHB250828215007.RAWCY54,Long Range,1.0
1998,2025-08-28 19:10:08,NHB250828191008.RAWCY1R,NHB250828191303.RAWCY1V,NHB250828192007.RAWCY1Y,NHB250828192303.RAWCY22,2025-08-28 19:10:08,2025-08-28 19:10:08,NHB250828191008.RAWCY1R,Long Range,0.0,2025-08-28 20:10:08,2025-08-28 20:10:08,NHB250828201008.RAWCY30,Long Range,0.0,2025-08-28 21:10:08,2025-08-28 21:10:07,NHB250828211007.RAWCY49,Long Range,1.0,2025-08-28 22:10:08,2025-08-28 22:10:07,NHB250828221007.RAWCY5J,Long Range,1.0
1999,2025-08-28 19:30:08,NHB250828193008.RAWCY25,NHB250828193304.RAWCY29,NHB250828194007.RAWCY2C,NHB250828194304.RAWCY2G,2025-08-28 19:30:08,2025-08-28 19:30:08,NHB250828193008.RAWCY25,Long Range,0.0,2025-08-28 20:30:08,2025-08-28 20:30:08,NHB250828203008.RAWCY3E,Long Range,0.0,2025-08-28 21:30:08,2025-08-28 21:30:08,NHB250828213008.RAWCY4P,Long Range,0.0,2025-08-28 22:30:08,2025-08-28 22:30:08,NHB250828223008.RAWCY5Z,Long Range,0.0
2000,2025-08-28 19:50:08,NHB250828195008.RAWCY2K,NHB250828195304.RAWCY2P,NHB250828200007.RAWCY2T,NHB250828200304.RAWCY2X,2025-08-28 19:50:08,2025-08-28 19:50:08,NHB250828195008.RAWCY2K,Long Range,0.0,2025-08-28 20:50:08,2025-08-28 20:50:07,NHB250828205007.RAWCY3V,Long Range,1.0,2025-08-28 21:50:08,2025-08-28 21:50:07,NHB250828215007.RAWCY54,Long Range,1.0,2025-08-28 22:50:08,2025-08-28 22:50:07,NHB250828225007.RAWCY6D,Long Range,1.0
2001,2025-08-28 20:10:08,NHB250828201008.RAWCY30,NHB250828201304.RAWCY34,NHB250828202008.RAWCY37,NHB250828202303.RAWCY3B,2025-08-28 20:10:08,2025-08-28 20:10:08,NHB250828201008.RAWCY30,Long Range,0.0,2025-08-28 21:10:08,2025-08-28 21:10:07,NHB250828211007.RAWCY49,Long Range,1.0,2025-08-28 22:10:08,2025-08-28 22:10:07,NHB250828221007.RAWCY5J,Long Range,1.0,2025-08-28 23:10:08,2025-08-28 23:10:07,NHB250828231007.RAWCY6U,Long Range,1.0
2002,2025-08-28 20:30:08,NHB250828203008.RAWCY3E,NHB250828203304.RAWCY3J,NHB250828204007.RAWCY3M,NHB250828204303.RAWCY3S,2025-08-28 20:30:08,2025-08-28 20:30:08,NHB250828203008.RAWCY3E,Long Range,0.0,2025-08-28 21:30:08,2025-08-28 21:30:08,NHB250828213008.RAWCY4P,Long Range,0.0,2025-08-28 22:30:08,2025-08-28 22:30:08,NHB250828223008.RAWCY5Z,Long Range,0.0,2025-08-28 23:30:08,2025-08-28 23:30:08,NHB250828233008.RAWCY78,Long Range,0.0
2003,2025-08-28 20:50:07,NHB250828205007.RAWCY3V,NHB250828205303.RAWCY3Z,NHB250828210008.RAWCY42,NHB250828210303.RAWCY46,2025-08-28 20:50:07,2025-08-28 20:50:07,NHB250828205007.RAWCY3V,Long Range,0.0,2025-08-28 21:50:07,2025-08-28 21:50:07,NHB250828215007.RAWCY54,Long Range,0.0,2025-08-28 22:50:07,2025-08-28 22:50:07,NHB250828225007.RAWCY6D,Long Range,0.0,2025-08-28 23:50:07,2025-08-28 23:50:07,NHB250828235007.RAWCY7N,Long Range,0.0
2004,2025-08-28 21:10:07,NHB250828211007.RAWCY49,NHB250828211303.RAWCY4D,NHB250828212007.RAWCY4G,NHB250828212304.RAWCY4L,2025-08-28 21:10:07,2025-08-28 21:10:07,NHB250828211007.RAWCY49,Long Range,0.0,2025-08-28 22:10:07,2025-08-28 22:10:07,NHB250828221007.RAWCY5J,Long Range,0.0,2025-08-28 23:10:07,2025-08-28 23:10:07,NHB250828231007.RAWCY6U,Long Range,0.0,2025-08-29 00:10:07,2025-08-29 00:10:08,NHB250829001008.RAWCY83,Long Range,1.0
2005,2025-08-28 21:30:08,NHB250828213008.RAWCY4P,NHB250828213304.RAWCY4U,NHB250828214007.RAWCY4X,NHB250828214303.RAWCY51,2025-08-28 21:30:08,2025-08-28 21:30:08,NHB250828213008.RAWCY4P,Long Range,0.0,2025-08-28 22:30:08,2025-08-28 22:30:08,NHB250828223008.RAWCY5Z,Long Range,0.0,2025-08-28 23:30:08,2025-08-28 23:30:08,NHB250828233008.RAWCY78,Long Range,0.0,2025-08-29 00:30:08,2025-08-29 00:30:08,NHB250829003008.RAWCY8H,Long Range,0.0
2006,2025-08-28 21:50:07,NHB250828215007.RAWCY54,NHB250828215305.RAWCY58,NHB250828220007.RAWCY5B,NHB250828220305.RAWCY5F,2025-08-28 21:50:07,2025-08-28 21:50:07,NHB250828215007.RAWCY54,Long Range,0.0,2025-08-28 22:50:07,2025-08-28 22:50:07,NHB250828225007.RAWCY6D,Long Range,0.0,2025-08-28 23:50:07,2025-08-28 23:50:07,NHB250828235007.RAWCY7N,Long Range,0.0,2025-08-29 00:50:07,2025-08-29 00:50:08,NHB250829005008.RAWCY8Y,Long Range,1.0
2007,2025-08-28 22:10:07,NHB250828221007.RAWCY5J,NHB250828221304.RAWCY5N,NHB250828222008.RAWCY5S,NHB250828222303.RAWCY5W,2025-08-28 22:10:07,2025-08-28 22:10:07,NHB250828221007.RAWCY5J,Long Range,0.0,2025-08-28 23:10:07,2025-08-28 23:10:07,NHB250828231007.RAWCY6U,Long Range,0.0,2025-08-29 00:10:07,2025-08-29 00:10:08,NHB250829001008.RAWCY83,Long Range,1.0,2025-08-29 01:10:07,2025-08-29 01:10:07,NHB250829011007.RAWCY9C,Long Range,0.0
2008,2025-08-28 22:30:08,NHB250828223008.RAWCY5Z,NHB250828223304.RAWCY63,NHB250828224008.RAWCY66,NHB250828224303.RAWCY6A,2025-08-28 22:30:08,2025-08-28 22:30:08,NHB250828223008.RAWCY5Z,Long Range,0.0,2025-08-28 23:30:08,2025-08-28 23:30:08,NHB250828233008.RAWCY78,Long Range,0.0,2025-08-29 00:30:08,2025-08-29 00:30:08,NHB250829003008.RAWCY8H,Long Range,0.0,2025-08-29 01:30:08,2025-08-29 01:30:07,NHB250829013007.RAWLFWJ,Long Range,1.0
2009,2025-08-28 22:50:07,NHB250828225007.RAWCY6D,NHB250828225303.RAWCY6H,NHB250828230008.RAWCY6L,NHB250828230303.RAWCY6R,2025-08-28 22:50:07,2025-08-28 22:50:07,NHB250828225007.RAWCY6D,Long Range,0.0,2025-08-28 23:50:07,2025-08-28 23:50:07,NHB250828235007.RAWCY7N,Long Range,0.0,2025-08-29 00:50:07,2025-08-29 00:50:08,NHB250829005008.RAWCY8Y,Long Range,1.0,2025-08-29 01:50:07,2025-08-29 01:50:07,NHB250829015007.RAWLFWZ,Long Range,0.0
2010,2025-08-28 23:10:07,NHB250828231007.RAWCY6U,NHB250828231303.RAWCY6Y,NHB250828232008.RAWCY71,NHB250828232304.RAWCY75,2025-08-28 23:10:07,2025-08-28 23:10:07,NHB250828231007.RAWCY6U,Long Range,0.0,2025-08-29 00:10:07,2025-08-29 00:10:08,NHB250829001008.RAWCY83,Long Range,1.0,2025-08-29 01:10:07,2025-08-29 01:10:07,NHB250829011007.RAWCY9C,Long Range,0.0,2025-08-29 02:10:07,2025-08-29 02:10:07,NHB250829021007.RAWLFXD,Long Range,0.0
2011,2025-08-28 23:30:08,NHB250828233008.RAWCY78,NHB250828233303.RAWCY7C,NHB250828234008.RAWCY7F,NHB250828234303.RAWCY7K,2025-08-28 23:30:08,2025-08-28 23:30:08,NHB250828233008.RAWCY78,Long Range,0.0,2025-08-29 00:30:08,2025-08-29 00:30:08,NHB250829003008.RAWCY8H,Long Range,0.0,2025-08-29 01:30:08,2025-08-29 01:30:07,NHB250829013007.RAWLFWJ,Long Range,1.0,2025-08-29 02:30:08,2025-08-29 02:30:09,NHB250829023009.RAWLFXU,Long Range,1.0
2012,2025-08-28 23:50:07,NHB250828235007.RAWCY7N,NHB250828235303.RAWCY7T,NHB250829000008.RAWCY7W,NHB250829000303.RAWCY80,2025-08-28 23:50:07,2025-08-28 23:50:07,NHB250828235007.RAWCY7N,Long Range,0.0,2025-08-29 00:50:07,2025-08-29 00:50:08,NHB250829005008.RAWCY8Y,Long Range,1.0,2025-08-29 01:50:07,2025-08-29 01:50:07,NHB250829015007.RAWLFWZ,Long Range,0.0,2025-08-29 02:50:07,2025-08-29 02:50:07,NHB250829025007.RAWLFY8,Long Range,0.0
2013,2025-08-29 00:10:08,NHB250829001008.RAWCY83,NHB250829001303.RAWCY87,NHB250829002008.RAWCY8A,NHB250829002303.RAWCY8E,2025-08-29 00:10:08,2025-08-29 00:10:08,NHB250829001008.RAWCY83,Long Range,0.0,2025-08-29 01:10:08,2025-08-29 01:10:07,NHB250829011007.RAWCY9C,Long Range,1.0,2025-08-29 02:10:08,2025-08-29 02:10:07,NHB250829021007.RAWLFXD,Long Range,1.0,2025-08-29 03:10:08,2025-08-29 03:10:08,NHB250829031008.RAWLFYN,Long Range,0.0
2014,2025-08-29 00:30:08,NHB250829003008.RAWCY8H,NHB250829003303.RAWCY8M,NHB250829004008.RAWCY8R,NHB250829004304.RAWCY8V,2025-08-29 00:30:08,2025-08-29 00:30:08,NHB250829003008.RAWCY8H,Long Range,0.0,2025-08-29 01:30:08,2025-08-29 01:30:07,NHB250829013007.RAWLFWJ,Long Range,1.0,2025-08-29 02:30:08,2025-08-29 02:30:09,NHB250829023009.RAWLFXU,Long Range,1.0,2025-08-29 03:30:08,2025-08-29 03:30:08,NHB250829033008.RAWLFZ3,Long Range,0.0
2015,2025-08-29 00:50:08,NHB250829005008.RAWCY8Y,NHB250829005304.RAWCY92,NHB250829010008.RAWCY95,NHB250829010304.RAWCY99,2025-08-29 00:50:08,2025-08-29 00:50:08,NHB250829005008.RAWCY8Y,Long Range,0.0,2025-08-29 01:50:08,2025-08-29 01:50:07,NHB250829015007.RAWLFWZ,Long Range,1.0,2025-08-29 02:50:08,2025-08-29 02:50:07,NHB250829025007.RAWLFY8,Long Range,1.0,2025-08-29 03:50:08,2025-08-29 03:50:09,NHB250829035009.RAWLFZH,Long Range,1.0
2016,2025-08-29 01:10:07,NHB250829011007.RAWCY9C,NHB250829011304.RAWCY9G,NHB250829012007.RAWCY9K,NHB250829012303.RAWLFWF,2025-08-29 01:10:07,2025-08-29 01:10:07,NHB250829011007.RAWCY9C,Long Range,0.0,2025-08-29 02:10:07,2025-08-29 02:10:07,NHB250829021007.RAWLFXD,Long Range,0.0,2025-08-29 03:10:07,2025-08-29 03:10:08,NHB250829031008.RAWLFYN,Long Range,1.0,2025-08-29 04:10:07,2025-08-29 04:10:09,NHB250829041009.RAWLFZY,Long Range,2.0
2017,2025-08-29 01:30:07,NHB250829013007.RAWLFWJ,NHB250829013303.RAWLFWN,NHB250829014008.RAWLFWS,NHB250829014303.RAWLFWW,2025-08-29 01:30:07,2025-08-29 01:30:07,NHB250829013007.RAWLFWJ,Long Range,0.0,2025-08-29 02:30:07,2025-08-29 02:30:09,NHB250829023009.RAWLFXU,Long Range,2.0,2025-08-29 03:30:07,2025-08-29 03:30:08,NHB250829033008.RAWLFZ3,Long Range,1.0,2025-08-29 04:30:07,2025-08-29 04:30:08,NHB250829043008.RAWLG0C,Long Range,1.0
2018,2025-08-29 01:50:07,NHB250829015007.RAWLFWZ,NHB250829015304.RAWLFX3,NHB250829020008.RAWLFX6,NHB250829020304.RAWLFXA,2025-08-29 01:50:07,2025-08-29 01:50:07,NHB250829015007.RAWLFWZ,Long Range,0.0,2025-08-29 02:50:07,2025-08-29 02:50:07,NHB250829025007.RAWLFY8,Long Range,0.0,2025-08-29 03:50:07,2025-08-29 03:50:09,NHB250829035009.RAWLFZH,Long Range,2.0,2025-08-29 04:50:07,2025-08-29 04:50:09,NHB250829045009.RAWLG0T,Long Range,2.0
2019,2025-08-29 02:10:07,NHB250829021007.RAWLFXD,NHB250829021304.RAWLFXH,NHB250829022008.RAWLFXL,NHB250829022304.RAWLFXR,2025-08-29 02:10:07,2025-08-29 02:10:07,NHB250829021007.RAWLFXD,Long Range,0.0,2025-08-29 03:10:07,2025-08-29 03:10:08,NHB250829031008.RAWLFYN,Long Range,1.0,2025-08-29 04:10:07,2025-08-29 04:10:09,NHB250829041009.RAWLFZY,Long Range,2.0,2025-08-29 05:10:07,2025-08-29 05:10:07,NHB250829051007.RAWLG17,Long Range,0.0
2020,2025-08-29 02:30:09,NHB250829023009.RAWLFXU,NHB250829023303.RAWLFXY,NHB250829024008.RAWLFY1,NHB250829024304.RAWLFY5,2025-08-29 02:30:09,2025-08-29 02:30:09,NHB250829023009.RAWLFXU,Long Range,0.0,2025-08-29 03:30:09,2025-08-29 03:30:08,NHB250829033008.RAWLFZ3,Long Range,1.0,2025-08-29 04:30:09,2025-08-29 04:30:08,NHB250829043008.RAWLG0C,Long Range,1.0,2025-08-29 05:30:09,2025-08-29 05:30:08,NHB250829053008.RAWLG1M,Long Range,1.0
2021,2025-08-29 02:50:07,NHB250829025007.RAWLFY8,NHB250829025303.RAWLFYC,NHB250829030008.RAWLFYF,NHB250829030304.RAWLFYK,2025-08-29 02:50:07,2025-08-29 02:50:07,NHB250829025007.RAWLFY8,Long Range,0.0,2025-08-29 03:50:07,2025-08-29 03:50:09,NHB250829035009.RAWLFZH,Long Range,2.0,2025-08-29 04:50:07,2025-08-29 04:50:09,NHB250829045009.RAWLG0T,Long Range,2.0,2025-08-29 05:50:07,2025-08-29 05:50:08,NHB250829055008.RAWLG22,Long Range,1.0
2022,2025-08-29 03:10:08,NHB250829031008.RAWLFYN,NHB250829031304.RAWLFYT,NHB250829032008.RAWLFYW,NHB250829032304.RAWLFZ0,2025-08-29 03:10:08,2025-08-29 03:10:08,NHB250829031008.RAWLFYN,Long Range,0.0,2025-08-29 04:10:08,2025-08-29 04:10:09,NHB250829041009.RAWLFZY,Long Range,1.0,2025-08-29 05:10:08,2025-08-29 05:10:07,NHB250829051007.RAWLG17,Long Range,1.0,2025-08-29 06:10:08,2025-08-29 06:10:08,NHB250829061008.RAWLG2G,Long Range,0.0
2023,2025-08-29 03:30:08,NHB250829033008.RAWLFZ3,NHB250829033304.RAWLFZ7,NHB250829034008.RAWLFZA,NHB250829034303.RAWLFZE,2025-08-29 03:30:08,2025-08-29 03:30:08,NHB250829033008.RAWLFZ3,Long Range,0.0,2025-08-29 04:30:08,2025-08-29 04:30:08,NHB250829043008.RAWLG0C,Long Range,0.0,2025-08-29 05:30:08,2025-08-29 05:30:08,NHB250829053008.RAWLG1M,Long Range,0.0,2025-08-29 06:30:08,2025-08-29 06:30:09,NHB250829063009.RAWLG2X,Long Range,1.0
2024,2025-08-29 03:50:09,NHB250829035009.RAWLFZH,NHB250829035304.RAWLFZM,NHB250829040008.RAWLFZR,NHB250829040303.RAWLFZV,2025-08-29 03:50:09,2025-08-29 03:50:09,NHB250829035009.RAWLFZH,Long Range,0.0,2025-08-29 04:50:09,2025-08-29 04:50:09,NHB250829045009.RAWLG0T,Long Range,0.0,2025-08-29 05:50:09,2025-08-29 05:50:08,NHB250829055008.RAWLG22,Long Range,1.0,2025-08-29 06:50:09,2025-08-29 06:50:08,NHB250829065008.RAWLG3B,Long Range,1.0
2025,2025-08-29 04:10:09,NHB250829041009.RAWLFZY,NHB250829041304.RAWLG02,NHB250829042007.RAWLG05,NHB250829042303.RAWLG09,2025-08-29 04:10:09,2025-08-29 04:10:09,NHB250829041009.RAWLFZY,Long Range,0.0,2025-08-29 05:10:09,2025-08-29 05:10:07,NHB250829051007.RAWLG17,Long Range,2.0,2025-08-29 06:10:09,2025-08-29 06:10:08,NHB250829061008.RAWLG2G,Long Range,1.0,2025-08-29 07:10:09,2025-08-29 07:10:07,NHB250829071007.RAWLG3S,Long Range,2.0
2026,2025-08-29 04:30:08,NHB250829043008.RAWLG0C,NHB250829043304.RAWLG0G,NHB250829044008.RAWLG0K,NHB250829044303.RAWLG0P,2025-08-29 04:30:08,2025-08-29 04:30:08,NHB250829043008.RAWLG0C,Long Range,0.0,2025-08-29 05:30:08,2025-08-29 05:30:08,NHB250829053008.RAWLG1M,Long Range,0.0,2025-08-29 06:30:08,2025-08-29 06:30:09,NHB250829063009.RAWLG2X,Long Range,1.0,2025-08-29 07:30:08,2025-08-29 07:30:08,NHB250829073008.RAWLG46,Long Range,0.0
2027,2025-08-29 04:50:09,NHB250829045009.RAWLG0T,NHB250829045303.RAWLG0X,NHB250829050008.RAWLG10,NHB250829050303.RAWLG14,2025-08-29 04:50:09,2025-08-29 04:50:09,NHB250829045009.RAWLG0T,Long Range,0.0,2025-08-29 05:50:09,2025-08-29 05:50:08,NHB250829055008.RAWLG22,Long Range,1.0,2025-08-29 06:50:09,2025-08-29 06:50:08,NHB250829065008.RAWLG3B,Long Range,1.0,2025-08-29 07:50:09,2025-08-29 07:50:08,NHB250829075008.RAWLG4L,Long Range,1.0
2028,2025-08-29 05:10:07,NHB250829051007.RAWLG17,NHB250829051303.RAWLG1B,NHB250829052007.RAWLG1E,NHB250829052304.RAWLG1J,2025-08-29 05:10:07,2025-08-29 05:10:07,NHB250829051007.RAWLG17,Long Range,0.0,2025-08-29 06:10:07,2025-08-29 06:10:08,NHB250829061008.RAWLG2G,Long Range,1.0,2025-08-29 07:10:07,2025-08-29 07:10:07,NHB250829071007.RAWLG3S,Long Range,0.0,2025-08-29 08:10:07,2025-08-29 08:10:08,NHB250829081008.RAWLG51,Long Range,1.0
2029,2025-08-29 05:30:08,NHB250829053008.RAWLG1M,NHB250829053305.RAWLG1S,NHB250829054007.RAWLG1V,NHB250829054303.RAWLG1Z,2025-08-29 05:30:08,2025-08-29 05:30:08,NHB250829053008.RAWLG1M,Long Range,0.0,2025-08-29 06:30:08,2025-08-29 06:30:09,NHB250829063009.RAWLG2X,Long Range,1.0,2025-08-29 07:30:08,2025-08-29 07:30:08,NHB250829073008.RAWLG46,Long Range,0.0,2025-08-29 08:30:08,2025-08-29 08:30:08,NHB250829083008.RAWLG5F,Long Range,0.0
2030,2025-08-29 05:50:08,NHB250829055008.RAWLG22,NHB250829055304.RAWLG26,NHB250829060008.RAWLG29,NHB250829060303.RAWLG2D,2025-08-29 05:50:08,2025-08-29 05:50:08,NHB250829055008.RAWLG22,Long Range,0.0,2025-08-29 06:50:08,2025-08-29 06:50:08,NHB250829065008.RAWLG3B,Long Range,0.0,2025-08-29 07:50:08,2025-08-29 07:50:08,NHB250829075008.RAWLG4L,Long Range,0.0,2025-08-29 08:50:08,2025-08-29 08:50:08,NHB250829085008.RAWLG5W,Long Range,0.0
2031,2025-08-29 06:10:08,NHB250829061008.RAWLG2G,NHB250829061305.RAWLG2L,NHB250829062008.RAWLG2P,NHB250829062304.RAWLG2U,2025-08-29 06:10:08,2025-08-29 06:10:08,NHB250829061008.RAWLG2G,Long Range,0.0,2025-08-29 07:10:08,2025-08-29 07:10:07,NHB250829071007.RAWLG3S,Long Range,1.0,2025-08-29 08:10:08,2025-08-29 08:10:08,NHB250829081008.RAWLG51,Long Range,0.0,2025-08-29 09:10:08,2025-08-29 09:10:08,NHB250829091008.RAWLG6A,Long Range,0.0
2032,2025-08-29 06:30:09,NHB250829063009.RAWLG2X,NHB250829063304.RAWLG31,NHB250829064009.RAWLG34,NHB250829064303.RAWLG38,2025-08-29 06:30:09,2025-08-29 06:30:09,NHB250829063009.RAWLG2X,Long Range,0.0,2025-08-29 07:30:09,2025-08-29 07:30:08,NHB250829073008.RAWLG46,Long Range,1.0,2025-08-29 08:30:09,2025-08-29 08:30:08,NHB250829083008.RAWLG5F,Long Range,1.0,2025-08-29 09:30:09,2025-08-29 09:30:08,NHB250829093008.RAWLG6R,Long Range,1.0
2033,2025-08-29 06:50:08,NHB250829065008.RAWLG3B,NHB250829065305.RAWLG3F,NHB250829070008.RAWLG3J,NHB250829070303.RAWLG3N,2025-08-29 06:50:08,2025-08-29 06:50:08,NHB250829065008.RAWLG3B,Long Range,0.0,2025-08-29 07:50:08,2025-08-29 07:50:08,NHB250829075008.RAWLG4L,Long Range,0.0,2025-08-29 08:50:08,2025-08-29 08:50:08,NHB250829085008.RAWLG5W,Long Range,0.0,2025-08-29 09:50:08,2025-08-29 09:50:08,NHB250829095008.RAWLG75,Long Range,0.0
2034,2025-08-29 07:10:07,NHB250829071007.RAWLG3S,NHB250829071304.RAWLG3W,NHB250829072008.RAWLG3Z,NHB250829072304.RAWLG43,2025-08-29 07:10:07,2025-08-29 07:10:07,NHB250829071007.RAWLG3S,Long Range,0.0,2025-08-29 08:10:07,2025-08-29 08:10:08,NHB250829081008.RAWLG51,Long Range,1.0,2025-08-29 09:10:07,2025-08-29 09:10:08,NHB250829091008.RAWLG6A,Long Range,1.0,2025-08-29 10:10:07,2025-08-29 10:10:07,NHB250829101007.RAWLG7K,Long Range,0.0
2035,2025-08-29 07:30:08,NHB250829073008.RAWLG46,NHB250829073304.RAWLG4A,NHB250829074008.RAWLG4D,NHB250829074303.RAWLG4H,2025-08-29 07:30:08,2025-08-29 07:30:08,NHB250829073008.RAWLG46,Long Range,0.0,2025-08-29 08:30:08,2025-08-29 08:30:08,NHB250829083008.RAWLG5F,Long Range,0.0,2025-08-29 09:30:08,2025-08-29 09:30:08,NHB250829093008.RAWLG6R,Long Range,0.0,2025-08-29 10:30:08,2025-08-29 10:30:08,NHB250829103008.RAWLG80,Long Range,0.0
2036,2025-08-29 07:50:08,NHB250829075008.RAWLG4L,NHB250829075304.RAWLG4R,NHB250829080009.RAWLG4U,NHB250829080305.RAWLG4Y,2025-08-29 07:50:08,2025-08-29 07:50:08,NHB250829075008.RAWLG4L,Long Range,0.0,2025-08-29 08:50:08,2025-08-29 08:50:08,NHB250829085008.RAWLG5W,Long Range,0.0,2025-08-29 09:50:08,2025-08-29 09:50:08,NHB250829095008.RAWLG75,Long Range,0.0,2025-08-29 10:50:08,2025-08-29 10:50:09,NHB250829105009.RAWLG8E,Long Range,1.0
2037,2025-08-29 08:10:08,NHB250829081008.RAWLG51,NHB250829081303.RAWLG55,NHB250829082008.RAWLG58,NHB250829082304.RAWLG5C,2025-08-29 08:10:08,2025-08-29 08:10:08,NHB250829081008.RAWLG51,Long Range,0.0,2025-08-29 09:10:08,2025-08-29 09:10:08,NHB250829091008.RAWLG6A,Long Range,0.0,2025-08-29 10:10:08,2025-08-29 10:10:07,NHB250829101007.RAWLG7K,Long Range,1.0,2025-08-29 11:10:08,2025-08-29 11:10:07,NHB250829111007.RAWLG8V,Long Range,1.0
2038,2025-08-29 08:30:08,NHB250829083008.RAWLG5F,NHB250829083303.RAWLG5K,NHB250829084008.RAWLG5N,NHB250829084304.RAWLG5T,2025-08-29 08:30:08,2025-08-29 08:30:08,NHB250829083008.RAWLG5F,Long Range,0.0,2025-08-29 09:30:08,2025-08-29 09:30:08,NHB250829093008.RAWLG6R,Long Range,0.0,2025-08-29 10:30:08,2025-08-29 10:30:08,NHB250829103008.RAWLG80,Long Range,0.0,2025-08-29 11:30:08,2025-08-29 11:30:08,NHB250829113008.RAWLG99,Long Range,0.0
2039,2025-08-29 08:50:08,NHB250829085008.RAWLG5W,NHB250829085303.RAWLG60,NHB250829090008.RAWLG63,NHB250829090304.RAWLG67,2025-08-29 08:50:08,2025-08-29 08:50:08,NHB250829085008.RAWLG5W,Long Range,0.0,2025-08-29 09:50:08,2025-08-29 09:50:08,NHB250829095008.RAWLG75,Long Range,0.0,2025-08-29 10:50:08,2025-08-29 10:50:09,NHB250829105009.RAWLG8E,Long Range,1.0,2025-08-29 11:50:08,2025-08-29 11:50:08,NHB250829115008.RAWLG9P,Long Range,0.0
2040,2025-08-29 09:10:08,NHB250829091008.RAWLG6A,NHB250829091303.RAWLG6E,NHB250829092007.RAWLG6H,NHB250829092304.RAWLG6M,2025-08-29 09:10:08,2025-08-29 09:10:08,NHB250829091008.RAWLG6A,Long Range,0.0,2025-08-29 10:10:08,2025-08-29 10:10:07,NHB250829101007.RAWLG7K,Long Range,1.0,2025-08-29 11:10:08,2025-08-29 11:10:07,NHB250829111007.RAWLG8V,Long Range,1.0,2025-08-29 12:10:08,2025-08-29 12:10:08,NHB250829121008.RAWLGA4,Long Range,0.0
2041,2025-08-29 09:30:08,NHB250829093008.RAWLG6R,NHB250829093303.RAWLG6V,NHB250829094008.RAWLG6Y,NHB250829094304.RAWLG72,2025-08-29 09:30:08,2025-08-29 09:30:08,NHB250829093008.RAWLG6R,Long Range,0.0,2025-08-29 10:30:08,2025-08-29 10:30:08,NHB250829103008.RAWLG80,Long Range,0.0,2025-08-29 11:30:08,2025-08-29 11:30:08,NHB250829113008.RAWLG99,Long Range,0.0,2025-08-29 12:30:08,2025-08-29 12:30:08,NHB250829123008.RAWLGAJ,Long Range,0.0
2042,2025-08-29 09:50:08,NHB250829095008.RAWLG75,NHB250829095304.RAWLG79,NHB250829100008.RAWLG7C,NHB250829100303.RAWLG7G,2025-08-29 09:50:08,2025-08-29 09:50:08,NHB250829095008.RAWLG75,Long Range,0.0,2025-08-29 10:50:08,2025-08-29 10:50:09,NHB250829105009.RAWLG8E,Long Range,1.0,2025-08-29 11:50:08,2025-08-29 11:50:08,NHB250829115008.RAWLG9P,Long Range,0.0,2025-08-29 12:50:08,2025-08-29 12:50:08,NHB250829125008.RAWLGAZ,Long Range,0.0
2043,2025-08-29 10:10:07,NHB250829101007.RAWLG7K,NHB250829101304.RAWLG7P,NHB250829102007.RAWLG7T,NHB250829102304.RAWLG7X,2025-08-29 10:10:07,2025-08-29 10:10:07,NHB250829101007.RAWLG7K,Long Range,0.0,2025-08-29 11:10:07,2025-08-29 11:10:07,NHB250829111007.RAWLG8V,Long Range,0.0,2025-08-29 12:10:07,2025-08-29 12:10:08,NHB250829121008.RAWLGA4,Long Range,1.0,2025-08-29 13:10:07,2025-08-29 13:10:08,NHB250829131008.RAWLGBD,Long Range,1.0
2044,2025-08-29 10:30:08,NHB250829103008.RAWLG80,NHB250829103303.RAWLG84,NHB250829104008.RAWLG87,NHB250829104303.RAWLG8B,2025-08-29 10:30:08,2025-08-29 10:30:08,NHB250829103008.RAWLG80,Long Range,0.0,2025-08-29 11:30:08,2025-08-29 11:30:08,NHB250829113008.RAWLG99,Long Range,0.0,2025-08-29 12:30:08,2025-08-29 12:30:08,NHB250829123008.RAWLGAJ,Long Range,0.0,2025-08-29 13:30:08,2025-08-29 13:30:08,NHB250829133008.RAWLGBU,Long Range,0.0
2045,2025-08-29 10:50:09,NHB250829105009.RAWLG8E,NHB250829105303.RAWLG8J,NHB250829110008.RAWLG8M,NHB250829110303.RAWLG8S,2025-08-29 10:50:09,2025-08-29 10:50:09,NHB250829105009.RAWLG8E,Long Range,0.0,2025-08-29 11:50:09,2025-08-29 11:50:08,NHB250829115008.RAWLG9P,Long Range,1.0,2025-08-29 12:50:09,2025-08-29 12:50:08,NHB250829125008.RAWLGAZ,Long Range,1.0,2025-08-29 13:50:09,2025-08-29 13:50:08,NHB250829135008.RAWLGC8,Long Range,1.0
2046,2025-08-29 11:10:07,NHB250829111007.RAWLG8V,NHB250829111303.RAWLG8Z,NHB250829112008.RAWLG92,NHB250829112304.RAWLG96,2025-08-29 11:10:07,2025-08-29 11:10:07,NHB250829111007.RAWLG8V,Long Range,0.0,2025-08-29 12:10:07,2025-08-29 12:10:08,NHB250829121008.RAWLGA4,Long Range,1.0,2025-08-29 13:10:07,2025-08-29 13:10:08,NHB250829131008.RAWLGBD,Long Range,1.0,2025-08-29 14:10:07,2025-08-29 14:10:07,NHB250829141007.RAWLGCN,Long Range,0.0
2047,2025-08-29 11:30:08,NHB250829113008.RAWLG99,NHB250829113303.RAWLG9D,NHB250829114008.RAWLG9G,NHB250829114303.RAWLG9L,2025-08-29 11:30:08,2025-08-29 11:30:08,NHB250829113008.RAWLG99,Long Range,0.0,2025-08-29 12:30:08,2025-08-29 12:30:08,NHB250829123008.RAWLGAJ,Long Range,0.0,2025-08-29 13:30:08,2025-08-29 13:30:08,NHB250829133008.RAWLGBU,Long Range,0.0,2025-08-29 14:30:08,2025-08-29 14:30:07,NHB250829143007.RAWLGD3,Long Range,1.0
2048,2025-08-29 11:50:08,NHB250829115008.RAWLG9P,NHB250829115304.RAWLG9U,NHB250829120008.RAWLG9X,NHB250829120303.RAWLGA1,2025-08-29 11:50:08,2025-08-29 11:50:08,NHB250829115008.RAWLG9P,Long Range,0.0,2025-08-29 12:50:08,2025-08-29 12:50:08,NHB250829125008.RAWLGAZ,Long Range,0.0,2025-08-29 13:50:08,2025-08-29 13:50:08,NHB250829135008.RAWLGC8,Long Range,0.0,2025-08-29 14:50:08,2025-08-29 14:50:07,NHB250829145007.RAWLGDH,Long Range,1.0
2049,2025-08-29 12:10:08,NHB250829121008.RAWLGA4,NHB250829121304.RAWLGA8,NHB250829122007.RAWLGAB,NHB250829122303.RAWLGAF,2025-08-29 12:10:08,2025-08-29 12:10:08,NHB250829121008.RAWLGA4,Long Range,0.0,2025-08-29 13:10:08,2025-08-29 13:10:08,NHB250829131008.RAWLGBD,Long Range,0.0,2025-08-29 14:10:08,2025-08-29 14:10:07,NHB250829141007.RAWLGCN,Long Range,1.0,2025-08-29 15:10:08,2025-08-29 15:10:09,NHB250829151009.RAWLGDY,Long Range,1.0
2050,2025-08-29 12:30:08,NHB250829123008.RAWLGAJ,NHB250829123304.RAWLGAN,NHB250829124008.RAWLGAS,NHB250829124303.RAWLGAW,2025-08-29 12:30:08,2025-08-29 12:30:08,NHB250829123008.RAWLGAJ,Long Range,0.0,2025-08-29 13:30:08,2025-08-29 13:30:08,NHB250829133008.RAWLGBU,Long Range,0.0,2025-08-29 14:30:08,2025-08-29 14:30:07,NHB250829143007.RAWLGD3,Long Range,1.0,2025-08-29 15:30:08,2025-08-29 15:30:07,NHB250829153007.RAWLGEC,Long Range,1.0
2051,2025-08-29 12:50:08,NHB250829125008.RAWLGAZ,NHB250829125303.RAWLGB3,NHB250829130008.RAWLGB6,NHB250829130303.RAWLGBA,2025-08-29 12:50:08,2025-08-29 12:50:08,NHB250829125008.RAWLGAZ,Long Range,0.0,2025-08-29 13:50:08,2025-08-29 13:50:08,NHB250829135008.RAWLGC8,Long Range,0.0,2025-08-29 14:50:08,2025-08-29 14:50:07,NHB250829145007.RAWLGDH,Long Range,1.0,2025-08-29 15:50:08,2025-08-29 15:50:07,NHB250829155007.RAWLGET,Long Range,1.0
2052,2025-08-29 13:10:08,NHB250829131008.RAWLGBD,NHB250829131304.RAWLGBH,NHB250829132008.RAWLGBL,NHB250829132303.RAWLGBR,2025-08-29 13:10:08,2025-08-29 13:10:08,NHB250829131008.RAWLGBD,Long Range,0.0,2025-08-29 14:10:08,2025-08-29 14:10:07,NHB250829141007.RAWLGCN,Long Range,1.0,2025-08-29 15:10:08,2025-08-29 15:10:09,NHB250829151009.RAWLGDY,Long Range,1.0,2025-08-29 16:10:08,2025-08-29 16:10:07,NHB250829161007.RAWLGF7,Long Range,1.0
2053,2025-08-29 13:30:08,NHB250829133008.RAWLGBU,NHB250829133303.RAWLGBY,NHB250829134008.RAWLGC1,NHB250829134303.RAWLGC5,2025-08-29 13:30:08,2025-08-29 13:30:08,NHB250829133008.RAWLGBU,Long Range,0.0,2025-08-29 14:30:08,2025-08-29 14:30:07,NHB250829143007.RAWLGD3,Long Range,1.0,2025-08-29 15:30:08,2025-08-29 15:30:07,NHB250829153007.RAWLGEC,Long Range,1.0,2025-08-29 16:30:08,2025-08-29 16:30:08,NHB250829163008.RAWLGFM,Long Range,0.0
2054,2025-08-29 13:50:08,NHB250829135008.RAWLGC8,NHB250829135303.RAWLGCC,NHB250829140008.RAWLGCF,NHB250829140303.RAWLGCK,2025-08-29 13:50:08,2025-08-29 13:50:08,NHB250829135008.RAWLGC8,Long Range,0.0,2025-08-29 14:50:08,2025-08-29 14:50:07,NHB250829145007.RAWLGDH,Long Range,1.0,2025-08-29 15:50:08,2025-08-29 15:50:07,NHB250829155007.RAWLGET,Long Range,1.0,2025-08-29 16:50:08,2025-08-29 16:50:08,NHB250829165008.RAWLGG2,Long Range,0.0
2055,2025-08-29 14:10:07,NHB250829141007.RAWLGCN,NHB250829141303.RAWLGCT,NHB250829142008.RAWLGCW,NHB250829142303.RAWLGD0,2025-08-29 14:10:07,2025-08-29 14:10:07,NHB250829141007.RAWLGCN,Long Range,0.0,2025-08-29 15:10:07,2025-08-29 15:10:09,NHB250829151009.RAWLGDY,Long Range,2.0,2025-08-29 16:10:07,2025-08-29 16:10:07,NHB250829161007.RAWLGF7,Long Range,0.0,2025-08-29 17:10:07,2025-08-29 17:10:08,NHB250829171008.RAWLGGG,Long Range,1.0
2056,2025-08-29 14:30:07,NHB250829143007.RAWLGD3,NHB250829143303.RAWLGD7,NHB250829144007.RAWLGDA,NHB250829144305.RAWLGDE,2025-08-29 14:30:07,2025-08-29 14:30:07,NHB250829143007.RAWLGD3,Long Range,0.0,2025-08-29 15:30:07,2025-08-29 15:30:07,NHB250829153007.RAWLGEC,Long Range,0.0,2025-08-29 16:30:07,2025-08-29 16:30:08,NHB250829163008.RAWLGFM,Long Range,1.0,2025-08-29 17:30:07,2025-08-29 17:30:08,NHB250829173008.RAWLGGX,Long Range,1.0
2057,2025-08-29 14:50:07,NHB250829145007.RAWLGDH,NHB250829145303.RAWLGDM,NHB250829150008.RAWLGDR,NHB250829150303.RAWLGDV,2025-08-29 14:50:07,2025-08-29 14:50:07,NHB250829145007.RAWLGDH,Long Range,0.0,2025-08-29 15:50:07,2025-08-29 15:50:07,NHB250829155007.RAWLGET,Long Range,0.0,2025-08-29 16:50:07,2025-08-29 16:50:08,NHB250829165008.RAWLGG2,Long Range,1.0,2025-08-29 17:50:07,2025-08-29 17:50:07,NHB250829175007.RAWLGHB,Long Range,0.0
2058,2025-08-29 15:10:09,NHB250829151009.RAWLGDY,NHB250829151303.RAWLGE2,NHB250829152007.RAWLGE5,NHB250829152303.RAWLGE9,2025-08-29 15:10:09,2025-08-29 15:10:09,NHB250829151009.RAWLGDY,Long Range,0.0,2025-08-29 16:10:09,2025-08-29 16:10:07,NHB250829161007.RAWLGF7,Long Range,2.0,2025-08-29 17:10:09,2025-08-29 17:10:08,NHB250829171008.RAWLGGG,Long Range,1.0,2025-08-29 18:10:09,2025-08-29 18:10:08,NHB250829181008.RAWLGHS,Long Range,1.0
2059,2025-08-29 15:30:07,NHB250829153007.RAWLGEC,NHB250829153303.RAWLGEG,NHB250829154007.RAWLGEK,NHB250829154303.RAWLGEP,2025-08-29 15:30:07,2025-08-29 15:30:07,NHB250829153007.RAWLGEC,Long Range,0.0,2025-08-29 16:30:07,2025-08-29 16:30:08,NHB250829163008.RAWLGFM,Long Range,1.0,2025-08-29 17:30:07,2025-08-29 17:30:08,NHB250829173008.RAWLGGX,Long Range,1.0,2025-08-29 18:30:07,2025-08-29 18:30:08,NHB250829183008.RAWLGJ6,Long Range,1.0
2060,2025-08-29 15:50:07,NHB250829155007.RAWLGET,NHB250829155303.RAWLGEX,NHB250829160008.RAWLGF0,NHB250829160303.RAWLGF4,2025-08-29 15:50:07,2025-08-29 15:50:07,NHB250829155007.RAWLGET,Long Range,0.0,2025-08-29 16:50:07,2025-08-29 16:50:08,NHB250829165008.RAWLGG2,Long Range,1.0,2025-08-29 17:50:07,2025-08-29 17:50:07,NHB250829175007.RAWLGHB,Long Range,0.0,2025-08-29 18:50:07,2025-08-29 18:50:07,NHB250829185007.RAWLGJL,Long Range,0.0
2061,2025-08-29 16:10:07,NHB250829161007.RAWLGF7,NHB250829161304.RAWLGFB,NHB250829162008.RAWLGFE,NHB250829162303.RAWLGFJ,2025-08-29 16:10:07,2025-08-29 16:10:07,NHB250829161007.RAWLGF7,Long Range,0.0,2025-08-29 17:10:07,2025-08-29 17:10:08,NHB250829171008.RAWLGGG,Long Range,1.0,2025-08-29 18:10:07,2025-08-29 18:10:08,NHB250829181008.RAWLGHS,Long Range,1.0,2025-08-29 19:10:07,2025-08-29 19:10:07,NHB250829191007.RAWLGK1,Long Range,0.0
2062,2025-08-29 16:30:08,NHB250829163008.RAWLGFM,NHB250829163304.RAWLGFS,NHB250829164008.RAWLGFV,NHB250829164303.RAWLGFZ,2025-08-29 16:30:08,2025-08-29 16:30:08,NHB250829163008.RAWLGFM,Long Range,0.0,2025-08-29 17:30:08,2025-08-29 17:30:08,NHB250829173008.RAWLGGX,Long Range,0.0,2025-08-29 18:30:08,2025-08-29 18:30:08,NHB250829183008.RAWLGJ6,Long Range,0.0,2025-08-29 19:30:08,2025-08-29 19:30:09,NHB250829193009.RAWLGKF,Long Range,1.0
2063,2025-08-29 16:50:08,NHB250829165008.RAWLGG2,NHB250829165303.RAWLGG6,NHB250829170008.RAWLGG9,NHB250829170303.RAWLGGD,2025-08-29 16:50:08,2025-08-29 16:50:08,NHB250829165008.RAWLGG2,Long Range,0.0,2025-08-29 17:50:08,2025-08-29 17:50:07,NHB250829175007.RAWLGHB,Long Range,1.0,2025-08-29 18:50:08,2025-08-29 18:50:07,NHB250829185007.RAWLGJL,Long Range,1.0,2025-08-29 19:50:08,2025-08-29 19:50:08,NHB250829195008.RAWLGKW,Long Range,0.0
2064,2025-08-29 17:10:08,NHB250829171008.RAWLGGG,NHB250829171303.RAWLGGL,NHB250829172008.RAWLGGP,NHB250829172303.RAWLGGU,2025-08-29 17:10:08,2025-08-29 17:10:08,NHB250829171008.RAWLGGG,Long Range,0.0,2025-08-29 18:10:08,2025-08-29 18:10:08,NHB250829181008.RAWLGHS,Long Range,0.0,2025-08-29 19:10:08,2025-08-29 19:10:07,NHB250829191007.RAWLGK1,Long Range,1.0,2025-08-29 20:10:08,2025-08-29 20:10:08,NHB250829201008.RAWLGLA,Long Range,0.0
2065,2025-08-29 17:30:08,NHB250829173008.RAWLGGX,NHB250829173304.RAWLGH1,NHB250829174008.RAWLGH4,NHB250829174305.RAWLGH8,2025-08-29 17:30:08,2025-08-29 17:30:08,NHB250829173008.RAWLGGX,Long Range,0.0,2025-08-29 18:30:08,2025-08-29 18:30:08,NHB250829183008.RAWLGJ6,Long Range,0.0,2025-08-29 19:30:08,2025-08-29 19:30:09,NHB250829193009.RAWLGKF,Long Range,1.0,2025-08-29 20:30:08,2025-08-29 20:30:08,NHB250829203008.RAWLGLR,Long Range,0.0
2066,2025-08-29 17:50:07,NHB250829175007.RAWLGHB,NHB250829175303.RAWLGHF,NHB250829180008.RAWLGHJ,NHB250829180304.RAWLGHN,2025-08-29 17:50:07,2025-08-29 17:50:07,NHB250829175007.RAWLGHB,Long Range,0.0,2025-08-29 18:50:07,2025-08-29 18:50:07,NHB250829185007.RAWLGJL,Long Range,0.0,2025-08-29 19:50:07,2025-08-29 19:50:08,NHB250829195008.RAWLGKW,Long Range,1.0,2025-08-29 20:50:07,2025-08-29 20:50:08,NHB250829205008.RAWLGM5,Long Range,1.0
2067,2025-08-29 18:10:08,NHB250829181008.RAWLGHS,NHB250829181303.RAWLGHW,NHB250829182007.RAWLGHZ,NHB250829182304.RAWLGJ3,2025-08-29 18:10:08,2025-08-29 18:10:08,NHB250829181008.RAWLGHS,Long Range,0.0,2025-08-29 19:10:08,2025-08-29 19:10:07,NHB250829191007.RAWLGK1,Long Range,1.0,2025-08-29 20:10:08,2025-08-29 20:10:08,NHB250829201008.RAWLGLA,Long Range,0.0,2025-08-29 21:10:08,2025-08-29 21:10:07,NHB250829211007.RAWLGMK,Long Range,1.0
2068,2025-08-29 18:30:08,NHB250829183008.RAWLGJ6,NHB250829183304.RAWLGJA,NHB250829184008.RAWLGJD,NHB250829184303.RAWLGJH,2025-08-29 18:30:08,2025-08-29 18:30:08,NHB250829183008.RAWLGJ6,Long Range,0.0,2025-08-29 19:30:08,2025-08-29 19:30:09,NHB250829193009.RAWLGKF,Long Range,1.0,2025-08-29 20:30:08,2025-08-29 20:30:08,NHB250829203008.RAWLGLR,Long Range,0.0,2025-08-29 21:30:08,2025-08-29 21:30:08,NHB250829213008.RAWLGN0,Long Range,0.0
2069,2025-08-29 18:50:07,NHB250829185007.RAWLGJL,NHB250829185303.RAWLGJR,NHB250829190008.RAWLGJU,NHB250829190304.RAWLGJY,2025-08-29 18:50:07,2025-08-29 18:50:07,NHB250829185007.RAWLGJL,Long Range,0.0,2025-08-29 19:50:07,2025-08-29 19:50:08,NHB250829195008.RAWLGKW,Long Range,1.0,2025-08-29 20:50:07,2025-08-29 20:50:08,NHB250829205008.RAWLGM5,Long Range,1.0,2025-08-29 21:50:07,2025-08-29 21:50:08,NHB250829215008.RAWLGNE,Long Range,1.0
2070,2025-08-29 19:10:07,NHB250829191007.RAWLGK1,NHB250829191303.RAWLGK5,NHB250829192008.RAWLGK8,NHB250829192303.RAWLGKC,2025-08-29 19:10:07,2025-08-29 19:10:07,NHB250829191007.RAWLGK1,Long Range,0.0,2025-08-29 20:10:07,2025-08-29 20:10:08,NHB250829201008.RAWLGLA,Long Range,1.0,2025-08-29 21:10:07,2025-08-29 21:10:07,NHB250829211007.RAWLGMK,Long Range,0.0,2025-08-29 22:10:07,2025-08-29 22:10:08,NHB250829221008.RAWLGNV,Long Range,1.0
2071,2025-08-29 19:30:09,NHB250829193009.RAWLGKF,NHB250829193303.RAWLGKK,NHB250829194008.RAWLGKN,NHB250829194304.RAWLGKT,2025-08-29 19:30:09,2025-08-29 19:30:09,NHB250829193009.RAWLGKF,Long Range,0.0,2025-08-29 20:30:09,2025-08-29 20:30:08,NHB250829203008.RAWLGLR,Long Range,1.0,2025-08-29 21:30:09,2025-08-29 21:30:08,NHB250829213008.RAWLGN0,Long Range,1.0,2025-08-29 22:30:09,2025-08-29 22:30:08,NHB250829223008.RAWLGP9,Long Range,1.0
2072,2025-08-29 19:50:08,NHB250829195008.RAWLGKW,NHB250829195303.RAWLGL0,NHB250829200007.RAWLGL3,NHB250829200304.RAWLGL7,2025-08-29 19:50:08,2025-08-29 19:50:08,NHB250829195008.RAWLGKW,Long Range,0.0,2025-08-29 20:50:08,2025-08-29 20:50:08,NHB250829205008.RAWLGM5,Long Range,0.0,2025-08-29 21:50:08,2025-08-29 21:50:08,NHB250829215008.RAWLGNE,Long Range,0.0,2025-08-29 22:50:08,2025-08-29 22:50:08,NHB250829225008.RAWLGPP,Long Range,0.0
2073,2025-08-29 20:10:08,NHB250829201008.RAWLGLA,NHB250829201304.RAWLGLE,NHB250829202008.RAWLGLH,NHB250829202303.RAWLGLM,2025-08-29 20:10:08,2025-08-29 20:10:08,NHB250829201008.RAWLGLA,Long Range,0.0,2025-08-29 21:10:08,2025-08-29 21:10:07,NHB250829211007.RAWLGMK,Long Range,1.0,2025-08-29 22:10:08,2025-08-29 22:10:08,NHB250829221008.RAWLGNV,Long Range,0.0,2025-08-29 23:10:08,2025-08-29 23:10:08,NHB250829231008.RAWLGR4,Long Range,0.0
2074,2025-08-29 20:30:08,NHB250829203008.RAWLGLR,NHB250829203304.RAWLGLV,NHB250829204008.RAWLGLY,NHB250829204304.RAWLGM2,2025-08-29 20:30:08,2025-08-29 20:30:08,NHB250829203008.RAWLGLR,Long Range,0.0,2025-08-29 21:30:08,2025-08-29 21:30:08,NHB250829213008.RAWLGN0,Long Range,0.0,2025-08-29 22:30:08,2025-08-29 22:30:08,NHB250829223008.RAWLGP9,Long Range,0.0,2025-08-29 23:30:08,2025-08-29 23:30:07,NHB250829233007.RAWLGRJ,Long Range,1.0
2075,2025-08-29 20:50:08,NHB250829205008.RAWLGM5,NHB250829205303.RAWLGM9,NHB250829210007.RAWLGMC,NHB250829210303.RAWLGMG,2025-08-29 20:50:08,2025-08-29 20:50:08,NHB250829205008.RAWLGM5,Long Range,0.0,2025-08-29 21:50:08,2025-08-29 21:50:08,NHB250829215008.RAWLGNE,Long Range,0.0,2025-08-29 22:50:08,2025-08-29 22:50:08,NHB250829225008.RAWLGPP,Long Range,0.0,2025-08-29 23:50:08,2025-08-29 23:50:08,NHB250829235008.RAWLGRZ,Long Range,0.0
2076,2025-08-29 21:10:07,NHB250829211007.RAWLGMK,NHB250829211303.RAWLGMP,NHB250829212008.RAWLGMT,NHB250829212304.RAWLGMX,2025-08-29 21:10:07,2025-08-29 21:10:07,NHB250829211007.RAWLGMK,Long Range,0.0,2025-08-29 22:10:07,2025-08-29 22:10:08,NHB250829221008.RAWLGNV,Long Range,1.0,2025-08-29 23:10:07,2025-08-29 23:10:08,NHB250829231008.RAWLGR4,Long Range,1.0,2025-08-30 00:10:07,2025-08-30 00:10:07,NHB250830001007.RAWLGSD,Long Range,0.0
2077,2025-08-29 21:30:08,NHB250829213008.RAWLGN0,NHB250829213304.RAWLGN4,NHB250829214007.RAWLGN7,NHB250829214304.RAWLGNB,2025-08-29 21:30:08,2025-08-29 21:30:08,NHB250829213008.RAWLGN0,Long Range,0.0,2025-08-29 22:30:08,2025-08-29 22:30:08,NHB250829223008.RAWLGP9,Long Range,0.0,2025-08-29 23:30:08,2025-08-29 23:30:07,NHB250829233007.RAWLGRJ,Long Range,1.0,2025-08-30 00:30:08,2025-08-30 00:30:07,NHB250830003007.RAWLGSU,Long Range,1.0
2078,2025-08-29 21:50:08,NHB250829215008.RAWLGNE,NHB250829215303.RAWLGNJ,NHB250829220008.RAWLGNM,NHB250829220304.RAWLGNS,2025-08-29 21:50:08,2025-08-29 21:50:08,NHB250829215008.RAWLGNE,Long Range,0.0,2025-08-29 22:50:08,2025-08-29 22:50:08,NHB250829225008.RAWLGPP,Long Range,0.0,2025-08-29 23:50:08,2025-08-29 23:50:08,NHB250829235008.RAWLGRZ,Long Range,0.0,2025-08-30 00:50:08,2025-08-30 00:50:08,NHB250830005008.RAWLGT8,Long Range,0.0
2079,2025-08-29 22:10:08,NHB250829221008.RAWLGNV,NHB250829221304.RAWLGNZ,NHB250829222007.RAWLGP2,NHB250829222304.RAWLGP6,2025-08-29 22:10:08,2025-08-29 22:10:08,NHB250829221008.RAWLGNV,Long Range,0.0,2025-08-29 23:10:08,2025-08-29 23:10:08,NHB250829231008.RAWLGR4,Long Range,0.0,2025-08-30 00:10:08,2025-08-30 00:10:07,NHB250830001007.RAWLGSD,Long Range,1.0,2025-08-30 01:10:08,2025-08-30 01:10:08,NHB250830011008.RAWLGTN,Long Range,0.0
2080,2025-08-29 22:30:08,NHB250829223008.RAWLGP9,NHB250829223304.RAWLGPD,NHB250829224008.RAWLGPG,NHB250829224303.RAWLGPL,2025-08-29 22:30:08,2025-08-29 22:30:08,NHB250829223008.RAWLGP9,Long Range,0.0,2025-08-29 23:30:08,2025-08-29 23:30:07,NHB250829233007.RAWLGRJ,Long Range,1.0,2025-08-30 00:30:08,2025-08-30 00:30:07,NHB250830003007.RAWLGSU,Long Range,1.0,2025-08-30 01:30:08,2025-08-30 01:30:07,NHB250830013007.RAWLGU3,Long Range,1.0
2081,2025-08-29 22:50:08,NHB250829225008.RAWLGPP,NHB250829225303.RAWLGPU,NHB250829230008.RAWLGPX,NHB250829230303.RAWLGR1,2025-08-29 22:50:08,2025-08-29 22:50:08,NHB250829225008.RAWLGPP,Long Range,0.0,2025-08-29 23:50:08,2025-08-29 23:50:08,NHB250829235008.RAWLGRZ,Long Range,0.0,2025-08-30 00:50:08,2025-08-30 00:50:08,NHB250830005008.RAWLGT8,Long Range,0.0,2025-08-30 01:50:08,2025-08-30 01:50:08,NHB250830015008.RAWLGUH,Long Range,0.0
2082,2025-08-29 23:10:08,NHB250829231008.RAWLGR4,NHB250829231303.RAWLGR8,NHB250829232008.RAWLGRB,NHB250829232304.RAWLGRF,2025-08-29 23:10:08,2025-08-29 23:10:08,NHB250829231008.RAWLGR4,Long Range,0.0,2025-08-30 00:10:08,2025-08-30 00:10:07,NHB250830001007.RAWLGSD,Long Range,1.0,2025-08-30 01:10:08,2025-08-30 01:10:08,NHB250830011008.RAWLGTN,Long Range,0.0,2025-08-30 02:10:08,2025-08-30 02:10:08,NHB250830021008.RAWLGUY,Long Range,0.0
2083,2025-08-29 23:30:07,NHB250829233007.RAWLGRJ,NHB250829233304.RAWLGRN,NHB250829234007.RAWLGRS,NHB250829234303.RAWLGRW,2025-08-29 23:30:07,2025-08-29 23:30:07,NHB250829233007.RAWLGRJ,Long Range,0.0,2025-08-30 00:30:07,2025-08-30 00:30:07,NHB250830003007.RAWLGSU,Long Range,0.0,2025-08-30 01:30:07,2025-08-30 01:30:07,NHB250830013007.RAWLGU3,Long Range,0.0,2025-08-30 02:30:07,2025-08-30 02:30:07,NHB250830023007.RAWLGVC,Long Range,0.0
2084,2025-08-29 23:50:08,NHB250829235008.RAWLGRZ,NHB250829235304.RAWLGS3,NHB250830000007.RAWLGS6,NHB250830000303.RAWLGSA,2025-08-29 23:50:08,2025-08-29 23:50:08,NHB250829235008.RAWLGRZ,Long Range,0.0,2025-08-30 00:50:08,2025-08-30 00:50:08,NHB250830005008.RAWLGT8,Long Range,0.0,2025-08-30 01:50:08,2025-08-30 01:50:08,NHB250830015008.RAWLGUH,Long Range,0.0,2025-08-30 02:50:08,2025-08-30 02:50:08,NHB250830025008.RAWLGVT,Long Range,0.0
2085,2025-08-30 00:10:07,NHB250830001007.RAWLGSD,NHB250830001303.RAWLGSH,NHB250830002007.RAWLGSL,NHB250830002303.RAWLGSR,2025-08-30 00:10:07,2025-08-30 00:10:07,NHB250830001007.RAWLGSD,Long Range,0.0,2025-08-30 01:10:07,2025-08-30 01:10:08,NHB250830011008.RAWLGTN,Long Range,1.0,2025-08-30 02:10:07,2025-08-30 02:10:08,NHB250830021008.RAWLGUY,Long Range,1.0,2025-08-30 03:10:07,2025-08-30 03:10:07,NHB250830031007.RAWLGW7,Long Range,0.0
2086,2025-08-30 00:30:07,NHB250830003007.RAWLGSU,NHB250830003303.RAWLGSY,NHB250830004008.RAWLGT1,NHB250830004304.RAWLGT5,2025-08-30 00:30:07,2025-08-30 00:30:07,NHB250830003007.RAWLGSU,Long Range,0.0,2025-08-30 01:30:07,2025-08-30 01:30:07,NHB250830013007.RAWLGU3,Long Range,0.0,2025-08-30 02:30:07,2025-08-30 02:30:07,NHB250830023007.RAWLGVC,Long Range,0.0,2025-08-30 03:30:07,2025-08-30 03:30:08,NHB250830033008.RAWLGWM,Long Range,1.0
2087,2025-08-30 00:50:08,NHB250830005008.RAWLGT8,NHB250830005304.RAWLGTC,NHB250830010008.RAWLGTF,NHB250830010305.RAWLGTK,2025-08-30 00:50:08,2025-08-30 00:50:08,NHB250830005008.RAWLGT8,Long Range,0.0,2025-08-30 01:50:08,2025-08-30 01:50:08,NHB250830015008.RAWLGUH,Long Range,0.0,2025-08-30 02:50:08,2025-08-30 02:50:08,NHB250830025008.RAWLGVT,Long Range,0.0,2025-08-30 03:50:08,2025-08-30 03:50:08,NHB250830035008.RAWLGX2,Long Range,0.0
2088,2025-08-30 01:10:08,NHB250830011008.RAWLGTN,NHB250830011303.RAWLGTT,NHB250830012008.RAWLGTW,NHB250830012303.RAWLGU0,2025-08-30 01:10:08,2025-08-30 01:10:08,NHB250830011008.RAWLGTN,Long Range,0.0,2025-08-30 02:10:08,2025-08-30 02:10:08,NHB250830021008.RAWLGUY,Long Range,0.0,2025-08-30 03:10:08,2025-08-30 03:10:07,NHB250830031007.RAWLGW7,Long Range,1.0,2025-08-30 04:10:08,2025-08-30 04:10:07,NHB250830041007.RAWLGXG,Long Range,1.0
2089,2025-08-30 01:30:07,NHB250830013007.RAWLGU3,NHB250830013303.RAWLGU7,NHB250830014008.RAWLGUA,NHB250830014303.RAWLGUE,2025-08-30 01:30:07,2025-08-30 01:30:07,NHB250830013007.RAWLGU3,Long Range,0.0,2025-08-30 02:30:07,2025-08-30 02:30:07,NHB250830023007.RAWLGVC,Long Range,0.0,2025-08-30 03:30:07,2025-08-30 03:30:08,NHB250830033008.RAWLGWM,Long Range,1.0,2025-08-30 04:30:07,2025-08-30 04:30:07,NHB250830043007.RAWLGXX,Long Range,0.0
2090,2025-08-30 01:50:08,NHB250830015008.RAWLGUH,NHB250830015303.RAWLGUM,NHB250830020008.RAWLGUR,NHB250830020303.RAWLGUV,2025-08-30 01:50:08,2025-08-30 01:50:08,NHB250830015008.RAWLGUH,Long Range,0.0,2025-08-30 02:50:08,2025-08-30 02:50:08,NHB250830025008.RAWLGVT,Long Range,0.0,2025-08-30 03:50:08,2025-08-30 03:50:08,NHB250830035008.RAWLGX2,Long Range,0.0,2025-08-30 04:50:08,2025-08-30 04:50:08,NHB250830045008.RAWLGYB,Long Range,0.0
2091,2025-08-30 02:10:08,NHB250830021008.RAWLGUY,NHB250830021304.RAWLGV2,NHB250830022008.RAWLGV5,NHB250830022303.RAWLGV9,2025-08-30 02:10:08,2025-08-30 02:10:08,NHB250830021008.RAWLGUY,Long Range,0.0,2025-08-30 03:10:08,2025-08-30 03:10:07,NHB250830031007.RAWLGW7,Long Range,1.0,2025-08-30 04:10:08,2025-08-30 04:10:07,NHB250830041007.RAWLGXG,Long Range,1.0,2025-08-30 05:10:08,2025-08-30 05:10:08,NHB250830051008.RAWLGYS,Long Range,0.0
2092,2025-08-30 02:30:07,NHB250830023007.RAWLGVC,NHB250830023304.RAWLGVG,NHB250830024008.RAWLGVK,NHB250830024304.RAWLGVP,2025-08-30 02:30:07,2025-08-30 02:30:07,NHB250830023007.RAWLGVC,Long Range,0.0,2025-08-30 03:30:07,2025-08-30 03:30:08,NHB250830033008.RAWLGWM,Long Range,1.0,2025-08-30 04:30:07,2025-08-30 04:30:07,NHB250830043007.RAWLGXX,Long Range,0.0,2025-08-30 05:30:07,2025-08-30 05:30:07,NHB250830053007.RAWLGZ6,Long Range,0.0
2093,2025-08-30 02:50:08,NHB250830025008.RAWLGVT,NHB250830025304.RAWLGVX,NHB250830030008.RAWLGW0,NHB250830030304.RAWLGW4,2025-08-30 02:50:08,2025-08-30 02:50:08,NHB250830025008.RAWLGVT,Long Range,0.0,2025-08-30 03:50:08,2025-08-30 03:50:08,NHB250830035008.RAWLGX2,Long Range,0.0,2025-08-30 04:50:08,2025-08-30 04:50:08,NHB250830045008.RAWLGYB,Long Range,0.0,2025-08-30 05:50:08,2025-08-30 05:50:08,NHB250830055008.RAWLGZL,Long Range,0.0
2094,2025-08-30 03:10:07,NHB250830031007.RAWLGW7,NHB250830031304.RAWLGWB,NHB250830032008.RAWLGWE,NHB250830032304.RAWLGWJ,2025-08-30 03:10:07,2025-08-30 03:10:07,NHB250830031007.RAWLGW7,Long Range,0.0,2025-08-30 04:10:07,2025-08-30 04:10:07,NHB250830041007.RAWLGXG,Long Range,0.0,2025-08-30 05:10:07,2025-08-30 05:10:08,NHB250830051008.RAWLGYS,Long Range,1.0,2025-08-30 06:10:07,2025-08-30 06:10:08,NHB250830061008.RAWLH01,Long Range,1.0
2095,2025-08-30 03:30:08,NHB250830033008.RAWLGWM,NHB250830033303.RAWLGWS,NHB250830034007.RAWLGWV,NHB250830034303.RAWLGWZ,2025-08-30 03:30:08,2025-08-30 03:30:08,NHB250830033008.RAWLGWM,Long Range,0.0,2025-08-30 04:30:08,2025-08-30 04:30:07,NHB250830043007.RAWLGXX,Long Range,1.0,2025-08-30 05:30:08,2025-08-30 05:30:07,NHB250830053007.RAWLGZ6,Long Range,1.0,2025-08-30 06:30:08,2025-08-30 06:30:08,NHB250830063008.RAWLH0F,Long Range,0.0
2096,2025-08-30 03:50:08,NHB250830035008.RAWLGX2,NHB250830035304.RAWLGX6,NHB250830040008.RAWLGX9,NHB250830040304.RAWLGXD,2025-08-30 03:50:08,2025-08-30 03:50:08,NHB250830035008.RAWLGX2,Long Range,0.0,2025-08-30 04:50:08,2025-08-30 04:50:08,NHB250830045008.RAWLGYB,Long Range,0.0,2025-08-30 05:50:08,2025-08-30 05:50:08,NHB250830055008.RAWLGZL,Long Range,0.0,2025-08-30 06:50:08,2025-08-30 06:50:07,NHB250830065007.RAWLH0W,Long Range,1.0
2097,2025-08-30 04:10:07,NHB250830041007.RAWLGXG,NHB250830041305.RAWLGXL,NHB250830042008.RAWLGXP,NHB250830042303.RAWLGXU,2025-08-30 04:10:07,2025-08-30 04:10:07,NHB250830041007.RAWLGXG,Long Range,0.0,2025-08-30 05:10:07,2025-08-30 05:10:08,NHB250830051008.RAWLGYS,Long Range,1.0,2025-08-30 06:10:07,2025-08-30 06:10:08,NHB250830061008.RAWLH01,Long Range,1.0,2025-08-30 07:10:07,2025-08-30 07:10:07,NHB250830071007.RAWLH1A,Long Range,0.0
2098,2025-08-30 04:30:07,NHB250830043007.RAWLGXX,NHB250830043304.RAWLGY1,NHB250830044007.RAWLGY4,NHB250830044303.RAWLGY8,2025-08-30 04:30:07,2025-08-30 04:30:07,NHB250830043007.RAWLGXX,Long Range,0.0,2025-08-30 05:30:07,2025-08-30 05:30:07,NHB250830053007.RAWLGZ6,Long Range,0.0,2025-08-30 06:30:07,2025-08-30 06:30:08,NHB250830063008.RAWLH0F,Long Range,1.0,2025-08-30 07:30:07,2025-08-30 07:30:08,NHB250830073008.RAWLH1R,Long Range,1.0
2099,2025-08-30 04:50:08,NHB250830045008.RAWLGYB,NHB250830045304.RAWLGYF,NHB250830050008.RAWLGYJ,NHB250830050304.RAWLGYN,2025-08-30 04:50:08,2025-08-30 04:50:08,NHB250830045008.RAWLGYB,Long Range,0.0,2025-08-30 05:50:08,2025-08-30 05:50:08,NHB250830055008.RAWLGZL,Long Range,0.0,2025-08-30 06:50:08,2025-08-30 06:50:07,NHB250830065007.RAWLH0W,Long Range,1.0,2025-08-30 07:50:08,2025-08-30 07:50:08,NHB250830075008.RAWLH25,Long Range,0.0
2100,2025-08-30 05:10:08,NHB250830051008.RAWLGYS,NHB250830051303.RAWLGYW,NHB250830052008.RAWLGYZ,NHB250830052303.RAWLGZ3,2025-08-30 05:10:08,2025-08-30 05:10:08,NHB250830051008.RAWLGYS,Long Range,0.0,2025-08-30 06:10:08,2025-08-30 06:10:08,NHB250830061008.RAWLH01,Long Range,0.0,2025-08-30 07:10:08,2025-08-30 07:10:07,NHB250830071007.RAWLH1A,Long Range,1.0,2025-08-30 08:10:08,2025-08-30 08:10:07,NHB250830081007.RAWLH2K,Long Range,1.0
2101,2025-08-30 05:30:07,NHB250830053007.RAWLGZ6,NHB250830053303.RAWLGZA,NHB250830054008.RAWLGZD,NHB250830054303.RAWLGZH,2025-08-30 05:30:07,2025-08-30 05:30:07,NHB250830053007.RAWLGZ6,Long Range,0.0,2025-08-30 06:30:07,2025-08-30 06:30:08,NHB250830063008.RAWLH0F,Long Range,1.0,2025-08-30 07:30:07,2025-08-30 07:30:08,NHB250830073008.RAWLH1R,Long Range,1.0,2025-08-30 08:30:07,2025-08-30 08:30:08,NHB250830083008.RAWLH30,Long Range,1.0
2102,2025-08-30 05:50:08,NHB250830055008.RAWLGZL,NHB250830055304.RAWLGZR,NHB250830060009.RAWLGZU,NHB250830060304.RAWLGZY,2025-08-30 05:50:08,2025-08-30 05:50:08,NHB250830055008.RAWLGZL,Long Range,0.0,2025-08-30 06:50:08,2025-08-30 06:50:07,NHB250830065007.RAWLH0W,Long Range,1.0,2025-08-30 07:50:08,2025-08-30 07:50:08,NHB250830075008.RAWLH25,Long Range,0.0,2025-08-30 08:50:08,2025-08-30 08:50:07,NHB250830085007.RAWLH3E,Long Range,1.0
2103,2025-08-30 06:10:08,NHB250830061008.RAWLH01,NHB250830061304.RAWLH05,NHB250830062008.RAWLH08,NHB250830062304.RAWLH0C,2025-08-30 06:10:08,2025-08-30 06:10:08,NHB250830061008.RAWLH01,Long Range,0.0,2025-08-30 07:10:08,2025-08-30 07:10:07,NHB250830071007.RAWLH1A,Long Range,1.0,2025-08-30 08:10:08,2025-08-30 08:10:07,NHB250830081007.RAWLH2K,Long Range,1.0,2025-08-30 09:10:08,2025-08-30 09:10:08,NHB250830091008.RAWLH3V,Long Range,0.0
2104,2025-08-30 06:30:08,NHB250830063008.RAWLH0F,NHB250830063304.RAWLH0K,NHB250830064007.RAWLH0N,NHB250830064304.RAWLH0T,2025-08-30 06:30:08,2025-08-30 06:30:08,NHB250830063008.RAWLH0F,Long Range,0.0,2025-08-30 07:30:08,2025-08-30 07:30:08,NHB250830073008.RAWLH1R,Long Range,0.0,2025-08-30 08:30:08,2025-08-30 08:30:08,NHB250830083008.RAWLH30,Long Range,0.0,2025-08-30 09:30:08,2025-08-30 09:30:08,NHB250830093008.RAWLH49,Long Range,0.0
2105,2025-08-30 06:50:07,NHB250830065007.RAWLH0W,NHB250830065304.RAWLH10,NHB250830070007.RAWLH13,NHB250830070303.RAWLH17,2025-08-30 06:50:07,2025-08-30 06:50:07,NHB250830065007.RAWLH0W,Long Range,0.0,2025-08-30 07:50:07,2025-08-30 07:50:08,NHB250830075008.RAWLH25,Long Range,1.0,2025-08-30 08:50:07,2025-08-30 08:50:07,NHB250830085007.RAWLH3E,Long Range,0.0,2025-08-30 09:50:07,2025-08-30 09:50:08,NHB250830095008.RAWLH4P,Long Range,1.0
2106,2025-08-30 07:10:07,NHB250830071007.RAWLH1A,NHB250830071304.RAWLH1E,NHB250830072008.RAWLH1H,NHB250830072304.RAWLH1M,2025-08-30 07:10:07,2025-08-30 07:10:07,NHB250830071007.RAWLH1A,Long Range,0.0,2025-08-30 08:10:07,2025-08-30 08:10:07,NHB250830081007.RAWLH2K,Long Range,0.0,2025-08-30 09:10:07,2025-08-30 09:10:08,NHB250830091008.RAWLH3V,Long Range,1.0,2025-08-30 10:10:07,2025-08-30 10:10:07,NHB250830101007.RAWLH54,Long Range,0.0
2107,2025-08-30 07:30:08,NHB250830073008.RAWLH1R,NHB250830073303.RAWLH1V,NHB250830074008.RAWLH1Y,NHB250830074304.RAWLH22,2025-08-30 07:30:08,2025-08-30 07:30:08,NHB250830073008.RAWLH1R,Long Range,0.0,2025-08-30 08:30:08,2025-08-30 08:30:08,NHB250830083008.RAWLH30,Long Range,0.0,2025-08-30 09:30:08,2025-08-30 09:30:08,NHB250830093008.RAWLH49,Long Range,0.0,2025-08-30 10:30:08,2025-08-30 10:30:07,NHB250830103007.RAWLH5J,Long Range,1.0
2108,2025-08-30 07:50:08,NHB250830075008.RAWLH25,NHB250830075303.RAWLH29,NHB250830080007.RAWLH2C,NHB250830080303.RAWLH2G,2025-08-30 07:50:08,2025-08-30 07:50:08,NHB250830075008.RAWLH25,Long Range,0.0,2025-08-30 08:50:08,2025-08-30 08:50:07,NHB250830085007.RAWLH3E,Long Range,1.0,2025-08-30 09:50:08,2025-08-30 09:50:08,NHB250830095008.RAWLH4P,Long Range,0.0,2025-08-30 10:50:08,2025-08-30 10:50:08,NHB250830105008.RAWLH5Z,Long Range,0.0
2109,2025-08-30 08:10:07,NHB250830081007.RAWLH2K,NHB250830081304.RAWLH2P,NHB250830082008.RAWLH2T,NHB250830082303.RAWLH2X,2025-08-30 08:10:07,2025-08-30 08:10:07,NHB250830081007.RAWLH2K,Long Range,0.0,2025-08-30 09:10:07,2025-08-30 09:10:08,NHB250830091008.RAWLH3V,Long Range,1.0,2025-08-30 10:10:07,2025-08-30 10:10:07,NHB250830101007.RAWLH54,Long Range,0.0,2025-08-30 11:10:07,2025-08-30 11:10:08,NHB250830111008.RAWLH6D,Long Range,1.0
2110,2025-08-30 08:30:08,NHB250830083008.RAWLH30,NHB250830083303.RAWLH34,NHB250830084007.RAWLH37,NHB250830084303.RAWLH3B,2025-08-30 08:30:08,2025-08-30 08:30:08,NHB250830083008.RAWLH30,Long Range,0.0,2025-08-30 09:30:08,2025-08-30 09:30:08,NHB250830093008.RAWLH49,Long Range,0.0,2025-08-30 10:30:08,2025-08-30 10:30:07,NHB250830103007.RAWLH5J,Long Range,1.0,2025-08-30 11:30:08,2025-08-30 11:30:08,NHB250830113008.RAWLH6U,Long Range,0.0
2111,2025-08-30 08:50:07,NHB250830085007.RAWLH3E,NHB250830085303.RAWLH3J,NHB250830090008.RAWLH3M,NHB250830090303.RAWLH3S,2025-08-30 08:50:07,2025-08-30 08:50:07,NHB250830085007.RAWLH3E,Long Range,0.0,2025-08-30 09:50:07,2025-08-30 09:50:08,NHB250830095008.RAWLH4P,Long Range,1.0,2025-08-30 10:50:07,2025-08-30 10:50:08,NHB250830105008.RAWLH5Z,Long Range,1.0,2025-08-30 11:50:07,2025-08-30 11:50:08,NHB250830115008.RAWLH78,Long Range,1.0
2112,2025-08-30 09:10:08,NHB250830091008.RAWLH3V,NHB250830091303.RAWLH3Z,NHB250830092008.RAWLH42,NHB250830092303.RAWLH46,2025-08-30 09:10:08,2025-08-30 09:10:08,NHB250830091008.RAWLH3V,Long Range,0.0,2025-08-30 10:10:08,2025-08-30 10:10:07,NHB250830101007.RAWLH54,Long Range,1.0,2025-08-30 11:10:08,2025-08-30 11:10:08,NHB250830111008.RAWLH6D,Long Range,0.0,2025-08-30 12:10:08,2025-08-30 12:10:07,NHB250830121007.RAWLH7N,Long Range,1.0
2113,2025-08-30 09:30:08,NHB250830093008.RAWLH49,NHB250830093303.RAWLH4D,NHB250830094008.RAWLH4G,NHB250830094303.RAWLH4L,2025-08-30 09:30:08,2025-08-30 09:30:08,NHB250830093008.RAWLH49,Long Range,0.0,2025-08-30 10:30:08,2025-08-30 10:30:07,NHB250830103007.RAWLH5J,Long Range,1.0,2025-08-30 11:30:08,2025-08-30 11:30:08,NHB250830113008.RAWLH6U,Long Range,0.0,2025-08-30 12:30:08,2025-08-30 12:30:08,NHB250830123008.RAWLH83,Long Range,0.0
2114,2025-08-30 09:50:08,NHB250830095008.RAWLH4P,NHB250830095303.RAWLH4U,NHB250830100008.RAWLH4X,NHB250830100303.RAWLH51,2025-08-30 09:50:08,2025-08-30 09:50:08,NHB250830095008.RAWLH4P,Long Range,0.0,2025-08-30 10:50:08,2025-08-30 10:50:08,NHB250830105008.RAWLH5Z,Long Range,0.0,2025-08-30 11:50:08,2025-08-30 11:50:08,NHB250830115008.RAWLH78,Long Range,0.0,2025-08-30 12:50:08,2025-08-30 12:50:07,NHB250830125007.RAWLH8H,Long Range,1.0
2115,2025-08-30 10:10:07,NHB250830101007.RAWLH54,NHB250830101305.RAWLH58,NHB250830102007.RAWLH5B,NHB250830102304.RAWLH5F,2025-08-30 10:10:07,2025-08-30 10:10:07,NHB250830101007.RAWLH54,Long Range,0.0,2025-08-30 11:10:07,2025-08-30 11:10:08,NHB250830111008.RAWLH6D,Long Range,1.0,2025-08-30 12:10:07,2025-08-30 12:10:07,NHB250830121007.RAWLH7N,Long Range,0.0,2025-08-30 13:10:07,2025-08-30 13:10:08,NHB250830131008.RAWLH8Y,Long Range,1.0
2116,2025-08-30 10:30:07,NHB250830103007.RAWLH5J,NHB250830103304.RAWLH5N,NHB250830104008.RAWLH5S,NHB250830104303.RAWLH5W,2025-08-30 10:30:07,2025-08-30 10:30:07,NHB250830103007.RAWLH5J,Long Range,0.0,2025-08-30 11:30:07,2025-08-30 11:30:08,NHB250830113008.RAWLH6U,Long Range,1.0,2025-08-30 12:30:07,2025-08-30 12:30:08,NHB250830123008.RAWLH83,Long Range,1.0,2025-08-30 13:30:07,2025-08-30 13:30:08,NHB250830133008.RAWLH9C,Long Range,1.0
2117,2025-08-30 10:50:08,NHB250830105008.RAWLH5Z,NHB250830105304.RAWLH63,NHB250830110007.RAWLH66,NHB250830110303.RAWLH6A,2025-08-30 10:50:08,2025-08-30 10:50:08,NHB250830105008.RAWLH5Z,Long Range,0.0,2025-08-30 11:50:08,2025-08-30 11:50:08,NHB250830115008.RAWLH78,Long Range,0.0,2025-08-30 12:50:08,2025-08-30 12:50:07,NHB250830125007.RAWLH8H,Long Range,1.0,2025-08-30 13:50:08,2025-08-30 13:50:07,NHB250830135007.RAWLH9T,Long Range,1.0
2118,2025-08-30 11:10:08,NHB250830111008.RAWLH6D,NHB250830111303.RAWLH6H,NHB250830112008.RAWLH6L,NHB250830112303.RAWLH6R,2025-08-30 11:10:08,2025-08-30 11:10:08,NHB250830111008.RAWLH6D,Long Range,0.0,2025-08-30 12:10:08,2025-08-30 12:10:07,NHB250830121007.RAWLH7N,Long Range,1.0,2025-08-30 13:10:08,2025-08-30 13:10:08,NHB250830131008.RAWLH8Y,Long Range,0.0,2025-08-30 14:10:08,2025-08-30 14:10:08,NHB250830141008.RAWLHA7,Long Range,0.0
2119,2025-08-30 11:30:08,NHB250830113008.RAWLH6U,NHB250830113304.RAWLH6Y,NHB250830114008.RAWLH71,NHB250830114304.RAWLH75,2025-08-30 11:30:08,2025-08-30 11:30:08,NHB250830113008.RAWLH6U,Long Range,0.0,2025-08-30 12:30:08,2025-08-30 12:30:08,NHB250830123008.RAWLH83,Long Range,0.0,2025-08-30 13:30:08,2025-08-30 13:30:08,NHB250830133008.RAWLH9C,Long Range,0.0,2025-08-30 14:30:08,2025-08-30 14:30:07,NHB250830143007.RAWLHAM,Long Range,1.0
2120,2025-08-30 11:50:08,NHB250830115008.RAWLH78,NHB250830115303.RAWLH7C,NHB250830120007.RAWLH7F,NHB250830120303.RAWLH7K,2025-08-30 11:50:08,2025-08-30 11:50:08,NHB250830115008.RAWLH78,Long Range,0.0,2025-08-30 12:50:08,2025-08-30 12:50:07,NHB250830125007.RAWLH8H,Long Range,1.0,2025-08-30 13:50:08,2025-08-30 13:50:07,NHB250830135007.RAWLH9T,Long Range,1.0,2025-08-30 14:50:08,2025-08-30 14:50:07,NHB250830145007.RAWLHB2,Long Range,1.0
2121,2025-08-30 12:10:07,NHB250830121007.RAWLH7N,NHB250830121304.RAWLH7T,NHB250830122008.RAWLH7W,NHB250830122303.RAWLH80,2025-08-30 12:10:07,2025-08-30 12:10:07,NHB250830121007.RAWLH7N,Long Range,0.0,2025-08-30 13:10:07,2025-08-30 13:10:08,NHB250830131008.RAWLH8Y,Long Range,1.0,2025-08-30 14:10:07,2025-08-30 14:10:08,NHB250830141008.RAWLHA7,Long Range,1.0,2025-08-30 15:10:07,2025-08-30 15:10:08,NHB250830151008.RAWLHBG,Long Range,1.0
2122,2025-08-30 12:30:08,NHB250830123008.RAWLH83,NHB250830123304.RAWLH87,NHB250830124008.RAWLH8A,NHB250830124303.RAWLH8E,2025-08-30 12:30:08,2025-08-30 12:30:08,NHB250830123008.RAWLH83,Long Range,0.0,2025-08-30 13:30:08,2025-08-30 13:30:08,NHB250830133008.RAWLH9C,Long Range,0.0,2025-08-30 14:30:08,2025-08-30 14:30:07,NHB250830143007.RAWLHAM,Long Range,1.0,2025-08-30 15:30:08,2025-08-30 15:30:08,NHB250830153008.RAWLHBX,Long Range,0.0
2123,2025-08-30 12:50:07,NHB250830125007.RAWLH8H,NHB250830125303.RAWLH8M,NHB250830130008.RAWLH8R,NHB250830130304.RAWLH8V,2025-08-30 12:50:07,2025-08-30 12:50:07,NHB250830125007.RAWLH8H,Long Range,0.0,2025-08-30 13:50:07,2025-08-30 13:50:07,NHB250830135007.RAWLH9T,Long Range,0.0,2025-08-30 14:50:07,2025-08-30 14:50:07,NHB250830145007.RAWLHB2,Long Range,0.0,2025-08-30 15:50:07,2025-08-30 15:50:08,NHB250830155008.RAWLHCB,Long Range,1.0
2124,2025-08-30 13:10:08,NHB250830131008.RAWLH8Y,NHB250830131303.RAWLH92,NHB250830132007.RAWLH95,NHB250830132304.RAWLH99,2025-08-30 13:10:08,2025-08-30 13:10:08,NHB250830131008.RAWLH8Y,Long Range,0.0,2025-08-30 14:10:08,2025-08-30 14:10:08,NHB250830141008.RAWLHA7,Long Range,0.0,2025-08-30 15:10:08,2025-08-30 15:10:08,NHB250830151008.RAWLHBG,Long Range,0.0,2025-08-30 16:10:08,2025-08-30 16:10:08,NHB250830161008.RAWLHCS,Long Range,0.0
2125,2025-08-30 13:30:08,NHB250830133008.RAWLH9C,NHB250830133304.RAWLH9G,NHB250830134008.RAWLH9K,NHB250830134303.RAWLH9P,2025-08-30 13:30:08,2025-08-30 13:30:08,NHB250830133008.RAWLH9C,Long Range,0.0,2025-08-30 14:30:08,2025-08-30 14:30:07,NHB250830143007.RAWLHAM,Long Range,1.0,2025-08-30 15:30:08,2025-08-30 15:30:08,NHB250830153008.RAWLHBX,Long Range,0.0,2025-08-30 16:30:08,2025-08-30 16:30:07,NHB250830163007.RAWLHD6,Long Range,1.0
2126,2025-08-30 13:50:07,NHB250830135007.RAWLH9T,NHB250830135304.RAWLH9X,NHB250830140007.RAWLHA0,NHB250830140303.RAWLHA4,2025-08-30 13:50:07,2025-08-30 13:50:07,NHB250830135007.RAWLH9T,Long Range,0.0,2025-08-30 14:50:07,2025-08-30 14:50:07,NHB250830145007.RAWLHB2,Long Range,0.0,2025-08-30 15:50:07,2025-08-30 15:50:08,NHB250830155008.RAWLHCB,Long Range,1.0,2025-08-30 16:50:07,2025-08-30 16:50:07,NHB250830165007.RAWLHDL,Long Range,0.0
2127,2025-08-30 14:10:08,NHB250830141008.RAWLHA7,NHB250830141303.RAWLHAB,NHB250830142007.RAWLHAE,NHB250830142304.RAWLHAJ,2025-08-30 14:10:08,2025-08-30 14:10:08,NHB250830141008.RAWLHA7,Long Range,0.0,2025-08-30 15:10:08,2025-08-30 15:10:08,NHB250830151008.RAWLHBG,Long Range,0.0,2025-08-30 16:10:08,2025-08-30 16:10:08,NHB250830161008.RAWLHCS,Long Range,0.0,2025-08-30 17:10:08,2025-08-30 17:10:07,NHB250830171007.RAWLHE1,Long Range,1.0
2128,2025-08-30 14:30:07,NHB250830143007.RAWLHAM,NHB250830143304.RAWLHAS,NHB250830144008.RAWLHAV,NHB250830144304.RAWLHAZ,2025-08-30 14:30:07,2025-08-30 14:30:07,NHB250830143007.RAWLHAM,Long Range,0.0,2025-08-30 15:30:07,2025-08-30 15:30:08,NHB250830153008.RAWLHBX,Long Range,1.0,2025-08-30 16:30:07,2025-08-30 16:30:07,NHB250830163007.RAWLHD6,Long Range,0.0,2025-08-30 17:30:07,2025-08-30 17:30:07,NHB250830173007.RAWLHEF,Long Range,0.0
2129,2025-08-30 14:50:07,NHB250830145007.RAWLHB2,NHB250830145304.RAWLHB6,NHB250830150008.RAWLHB9,NHB250830150303.RAWLHBD,2025-08-30 14:50:07,2025-08-30 14:50:07,NHB250830145007.RAWLHB2,Long Range,0.0,2025-08-30 15:50:07,2025-08-30 15:50:08,NHB250830155008.RAWLHCB,Long Range,1.0,2025-08-30 16:50:07,2025-08-30 16:50:07,NHB250830165007.RAWLHDL,Long Range,0.0,2025-08-30 17:50:07,2025-08-30 17:50:08,NHB250830175008.RAWLHEW,Long Range,1.0
2130,2025-08-30 15:10:08,NHB250830151008.RAWLHBG,NHB250830151303.RAWLHBL,NHB250830152008.RAWLHBP,NHB250830152304.RAWLHBU,2025-08-30 15:10:08,2025-08-30 15:10:08,NHB250830151008.RAWLHBG,Long Range,0.0,2025-08-30 16:10:08,2025-08-30 16:10:08,NHB250830161008.RAWLHCS,Long Range,0.0,2025-08-30 17:10:08,2025-08-30 17:10:07,NHB250830171007.RAWLHE1,Long Range,1.0,2025-08-30 18:10:08,2025-08-30 18:10:08,NHB250830181008.RAWLHFA,Long Range,0.0
2131,2025-08-30 15:30:08,NHB250830153008.RAWLHBX,NHB250830153304.RAWLHC1,NHB250830154007.RAWLHC4,NHB250830154304.RAWLHC8,2025-08-30 15:30:08,2025-08-30 15:30:08,NHB250830153008.RAWLHBX,Long Range,0.0,2025-08-30 16:30:08,2025-08-30 16:30:07,NHB250830163007.RAWLHD6,Long Range,1.0,2025-08-30 17:30:08,2025-08-30 17:30:07,NHB250830173007.RAWLHEF,Long Range,1.0,2025-08-30 18:30:08,2025-08-30 18:30:08,NHB250830183008.RAWLHFR,Long Range,0.0
2132,2025-08-30 15:50:08,NHB250830155008.RAWLHCB,NHB250830155303.RAWLHCF,NHB250830160008.RAWLHCJ,NHB250830160303.RAWLHCN,2025-08-30 15:50:08,2025-08-30 15:50:08,NHB250830155008.RAWLHCB,Long Range,0.0,2025-08-30 16:50:08,2025-08-30 16:50:07,NHB250830165007.RAWLHDL,Long Range,1.0,2025-08-30 17:50:08,2025-08-30 17:50:08,NHB250830175008.RAWLHEW,Long Range,0.0,2025-08-30 18:50:08,2025-08-30 18:50:07,NHB250830185007.RAWLHG5,Long Range,1.0
2133,2025-08-30 16:10:08,NHB250830161008.RAWLHCS,NHB250830161303.RAWLHCW,NHB250830162008.RAWLHCZ,NHB250830162303.RAWLHD3,2025-08-30 16:10:08,2025-08-30 16:10:08,NHB250830161008.RAWLHCS,Long Range,0.0,2025-08-30 17:10:08,2025-08-30 17:10:07,NHB250830171007.RAWLHE1,Long Range,1.0,2025-08-30 18:10:08,2025-08-30 18:10:08,NHB250830181008.RAWLHFA,Long Range,0.0,2025-08-30 19:10:08,2025-08-30 19:10:07,NHB250830191007.RAWLHGK,Long Range,1.0
2134,2025-08-30 16:30:07,NHB250830163007.RAWLHD6,NHB250830163303.RAWLHDA,NHB250830164008.RAWLHDD,NHB250830164304.RAWLHDH,2025-08-30 16:30:07,2025-08-30 16:30:07,NHB250830163007.RAWLHD6,Long Range,0.0,2025-08-30 17:30:07,2025-08-30 17:30:07,NHB250830173007.RAWLHEF,Long Range,0.0,2025-08-30 18:30:07,2025-08-30 18:30:08,NHB250830183008.RAWLHFR,Long Range,1.0,2025-08-30 19:30:07,2025-08-30 19:30:08,NHB250830193008.RAWLHH0,Long Range,1.0
2135,2025-08-30 16:50:07,NHB250830165007.RAWLHDL,NHB250830165305.RAWLHDR,NHB250830170008.RAWLHDU,NHB250830170303.RAWLHDY,2025-08-30 16:50:07,2025-08-30 16:50:07,NHB250830165007.RAWLHDL,Long Range,0.0,2025-08-30 17:50:07,2025-08-30 17:50:08,NHB250830175008.RAWLHEW,Long Range,1.0,2025-08-30 18:50:07,2025-08-30 18:50:07,NHB250830185007.RAWLHG5,Long Range,0.0,2025-08-30 19:50:07,2025-08-30 19:50:09,NHB250830195009.RAWLHHE,Long Range,2.0
2136,2025-08-30 17:10:07,NHB250830171007.RAWLHE1,NHB250830171303.RAWLHE5,NHB250830172008.RAWLHE8,NHB250830172303.RAWLHEC,2025-08-30 17:10:07,2025-08-30 17:10:07,NHB250830171007.RAWLHE1,Long Range,0.0,2025-08-30 18:10:07,2025-08-30 18:10:08,NHB250830181008.RAWLHFA,Long Range,1.0,2025-08-30 19:10:07,2025-08-30 19:10:07,NHB250830191007.RAWLHGK,Long Range,0.0,2025-08-30 20:10:07,2025-08-30 20:10:08,NHB250830201008.RAWLHHV,Long Range,1.0
2137,2025-08-30 17:30:07,NHB250830173007.RAWLHEF,NHB250830173304.RAWLHEK,NHB250830174007.RAWLHEN,NHB250830174304.RAWLHET,2025-08-30 17:30:07,2025-08-30 17:30:07,NHB250830173007.RAWLHEF,Long Range,0.0,2025-08-30 18:30:07,2025-08-30 18:30:08,NHB250830183008.RAWLHFR,Long Range,1.0,2025-08-30 19:30:07,2025-08-30 19:30:08,NHB250830193008.RAWLHH0,Long Range,1.0,2025-08-30 20:30:07,2025-08-30 20:30:07,NHB250830203007.RAWLHJ9,Long Range,0.0
2138,2025-08-30 17:50:08,NHB250830175008.RAWLHEW,NHB250830175303.RAWLHF0,NHB250830180008.RAWLHF3,NHB250830180304.RAWLHF7,2025-08-30 17:50:08,2025-08-30 17:50:08,NHB250830175008.RAWLHEW,Long Range,0.0,2025-08-30 18:50:08,2025-08-30 18:50:07,NHB250830185007.RAWLHG5,Long Range,1.0,2025-08-30 19:50:08,2025-08-30 19:50:09,NHB250830195009.RAWLHHE,Long Range,1.0,2025-08-30 20:50:08,2025-08-30 20:50:08,NHB250830205008.RAWLHJP,Long Range,0.0
2139,2025-08-30 18:10:08,NHB250830181008.RAWLHFA,NHB250830181303.RAWLHFE,NHB250830182008.RAWLHFH,NHB250830182303.RAWLHFM,2025-08-30 18:10:08,2025-08-30 18:10:08,NHB250830181008.RAWLHFA,Long Range,0.0,2025-08-30 19:10:08,2025-08-30 19:10:07,NHB250830191007.RAWLHGK,Long Range,1.0,2025-08-30 20:10:08,2025-08-30 20:10:08,NHB250830201008.RAWLHHV,Long Range,0.0,2025-08-30 21:10:08,2025-08-30 21:10:07,NHB250830211007.RAWLHK4,Long Range,1.0
2140,2025-08-30 18:30:08,NHB250830183008.RAWLHFR,NHB250830183303.RAWLHFV,NHB250830184007.RAWLHFY,NHB250830184304.RAWLHG2,2025-08-30 18:30:08,2025-08-30 18:30:08,NHB250830183008.RAWLHFR,Long Range,0.0,2025-08-30 19:30:08,2025-08-30 19:30:08,NHB250830193008.RAWLHH0,Long Range,0.0,2025-08-30 20:30:08,2025-08-30 20:30:07,NHB250830203007.RAWLHJ9,Long Range,1.0,2025-08-30 21:30:08,2025-08-30 21:30:08,NHB250830213008.RAWLHKJ,Long Range,0.0
2141,2025-08-30 18:50:07,NHB250830185007.RAWLHG5,NHB250830185304.RAWLHG9,NHB250830190008.RAWLHGC,NHB250830190303.RAWLHGG,2025-08-30 18:50:07,2025-08-30 18:50:07,NHB250830185007.RAWLHG5,Long Range,0.0,2025-08-30 19:50:07,2025-08-30 19:50:09,NHB250830195009.RAWLHHE,Long Range,2.0,2025-08-30 20:50:07,2025-08-30 20:50:08,NHB250830205008.RAWLHJP,Long Range,1.0,2025-08-30 21:50:07,2025-08-30 21:50:08,NHB250830215008.RAWLHKZ,Long Range,1.0
2142,2025-08-30 19:10:07,NHB250830191007.RAWLHGK,NHB250830191304.RAWLHGP,NHB250830192008.RAWLHGT,NHB250830192304.RAWLHGX,2025-08-30 19:10:07,2025-08-30 19:10:07,NHB250830191007.RAWLHGK,Long Range,0.0,2025-08-30 20:10:07,2025-08-30 20:10:08,NHB250830201008.RAWLHHV,Long Range,1.0,2025-08-30 21:10:07,2025-08-30 21:10:07,NHB250830211007.RAWLHK4,Long Range,0.0,2025-08-30 22:10:07,2025-08-30 22:10:08,NHB250830221008.RAWLHLD,Long Range,1.0
2143,2025-08-30 19:30:08,NHB250830193008.RAWLHH0,NHB250830193304.RAWLHH4,NHB250830194007.RAWLHH7,NHB250830194303.RAWLHHB,2025-08-30 19:30:08,2025-08-30 19:30:08,NHB250830193008.RAWLHH0,Long Range,0.0,2025-08-30 20:30:08,2025-08-30 20:30:07,NHB250830203007.RAWLHJ9,Long Range,1.0,2025-08-30 21:30:08,2025-08-30 21:30:08,NHB250830213008.RAWLHKJ,Long Range,0.0,2025-08-30 22:30:08,2025-08-30 22:30:08,NHB250830223008.RAWLHLU,Long Range,0.0
2144,2025-08-30 19:50:09,NHB250830195009.RAWLHHE,NHB250830195303.RAWLHHJ,NHB250830200008.RAWLHHM,NHB250830200304.RAWLHHS,2025-08-30 19:50:09,2025-08-30 19:50:09,NHB250830195009.RAWLHHE,Long Range,0.0,2025-08-30 20:50:09,2025-08-30 20:50:08,NHB250830205008.RAWLHJP,Long Range,1.0,2025-08-30 21:50:09,2025-08-30 21:50:08,NHB250830215008.RAWLHKZ,Long Range,1.0,2025-08-30 22:50:09,2025-08-30 22:50:08,NHB250830225008.RAWLHM8,Long Range,1.0
2145,2025-08-30 20:10:08,NHB250830201008.RAWLHHV,NHB250830201303.RAWLHHZ,NHB250830202008.RAWLHJ2,NHB250830202304.RAWLHJ6,2025-08-30 20:10:08,2025-08-30 20:10:08,NHB250830201008.RAWLHHV,Long Range,0.0,2025-08-30 21:10:08,2025-08-30 21:10:07,NHB250830211007.RAWLHK4,Long Range,1.0,2025-08-30 22:10:08,2025-08-30 22:10:08,NHB250830221008.RAWLHLD,Long Range,0.0,2025-08-30 23:10:08,2025-08-30 23:10:08,NHB250830231008.RAWLHMN,Long Range,0.0
2146,2025-08-30 20:30:07,NHB250830203007.RAWLHJ9,NHB250830203303.RAWLHJD,NHB250830204008.RAWLHJG,NHB250830204304.RAWLHJL,2025-08-30 20:30:07,2025-08-30 20:30:07,NHB250830203007.RAWLHJ9,Long Range,0.0,2025-08-30 21:30:07,2025-08-30 21:30:08,NHB250830213008.RAWLHKJ,Long Range,1.0,2025-08-30 22:30:07,2025-08-30 22:30:08,NHB250830223008.RAWLHLU,Long Range,1.0,2025-08-30 23:30:07,2025-08-30 23:30:08,NHB250830233008.RAWLHN3,Long Range,1.0
2147,2025-08-30 20:50:08,NHB250830205008.RAWLHJP,NHB250830205303.RAWLHJU,NHB250830210009.RAWLHJX,NHB250830210303.RAWLHK1,2025-08-30 20:50:08,2025-08-30 20:50:08,NHB250830205008.RAWLHJP,Long Range,0.0,2025-08-30 21:50:08,2025-08-30 21:50:08,NHB250830215008.RAWLHKZ,Long Range,0.0,2025-08-30 22:50:08,2025-08-30 22:50:08,NHB250830225008.RAWLHM8,Long Range,0.0,2025-08-30 23:50:08,2025-08-30 23:50:08,NHB250830235008.RAWLHNH,Long Range,0.0
2148,2025-08-30 21:10:07,NHB250830211007.RAWLHK4,NHB250830211304.RAWLHK8,NHB250830212007.RAWLHKB,NHB250830212303.RAWLHKF,2025-08-30 21:10:07,2025-08-30 21:10:07,NHB250830211007.RAWLHK4,Long Range,0.0,2025-08-30 22:10:07,2025-08-30 22:10:08,NHB250830221008.RAWLHLD,Long Range,1.0,2025-08-30 23:10:07,2025-08-30 23:10:08,NHB250830231008.RAWLHMN,Long Range,1.0,2025-08-31 00:10:07,2025-08-31 00:10:07,NHB250831001007.RAWLHNY,Long Range,0.0
2149,2025-08-30 21:30:08,NHB250830213008.RAWLHKJ,NHB250830213304.RAWLHKN,NHB250830214007.RAWLHKS,NHB250830214304.RAWLHKW,2025-08-30 21:30:08,2025-08-30 21:30:08,NHB250830213008.RAWLHKJ,Long Range,0.0,2025-08-30 22:30:08,2025-08-30 22:30:08,NHB250830223008.RAWLHLU,Long Range,0.0,2025-08-30 23:30:08,2025-08-30 23:30:08,NHB250830233008.RAWLHN3,Long Range,0.0,2025-08-31 00:30:08,2025-08-31 00:30:08,NHB250831003008.RAWLHPC,Long Range,0.0
2150,2025-08-30 21:50:08,NHB250830215008.RAWLHKZ,NHB250830215304.RAWLHL3,NHB250830220007.RAWLHL6,NHB250830220303.RAWLHLA,2025-08-30 21:50:08,2025-08-30 21:50:08,NHB250830215008.RAWLHKZ,Long Range,0.0,2025-08-30 22:50:08,2025-08-30 22:50:08,NHB250830225008.RAWLHM8,Long Range,0.0,2025-08-30 23:50:08,2025-08-30 23:50:08,NHB250830235008.RAWLHNH,Long Range,0.0,2025-08-31 00:50:08,2025-08-31 00:50:09,NHB250831005009.RAWLHPT,Long Range,1.0
2151,2025-08-30 22:10:08,NHB250830221008.RAWLHLD,NHB250830221303.RAWLHLH,NHB250830222008.RAWLHLL,NHB250830222303.RAWLHLR,2025-08-30 22:10:08,2025-08-30 22:10:08,NHB250830221008.RAWLHLD,Long Range,0.0,2025-08-30 23:10:08,2025-08-30 23:10:08,NHB250830231008.RAWLHMN,Long Range,0.0,2025-08-31 00:10:08,2025-08-31 00:10:07,NHB250831001007.RAWLHNY,Long Range,1.0,2025-08-31 01:10:08,2025-08-31 01:10:07,NHB250831011007.RAWLHR7,Long Range,1.0
2152,2025-08-30 22:30:08,NHB250830223008.RAWLHLU,NHB250830223303.RAWLHLY,NHB250830224008.RAWLHM1,NHB250830224303.RAWLHM5,2025-08-30 22:30:08,2025-08-30 22:30:08,NHB250830223008.RAWLHLU,Long Range,0.0,2025-08-30 23:30:08,2025-08-30 23:30:08,NHB250830233008.RAWLHN3,Long Range,0.0,2025-08-31 00:30:08,2025-08-31 00:30:08,NHB250831003008.RAWLHPC,Long Range,0.0,2025-08-31 01:30:08,2025-08-31 01:30:07,NHB250831013007.RAWLHRM,Long Range,1.0
2153,2025-08-30 22:50:08,NHB250830225008.RAWLHM8,NHB250830225303.RAWLHMC,NHB250830230008.RAWLHMF,NHB250830230303.RAWLHMK,2025-08-30 22:50:08,2025-08-30 22:50:08,NHB250830225008.RAWLHM8,Long Range,0.0,2025-08-30 23:50:08,2025-08-30 23:50:08,NHB250830235008.RAWLHNH,Long Range,0.0,2025-08-31 00:50:08,2025-08-31 00:50:09,NHB250831005009.RAWLHPT,Long Range,1.0,2025-08-31 01:50:08,2025-08-31 01:50:08,NHB250831015008.RAWLHS2,Long Range,0.0
2154,2025-08-30 23:10:08,NHB250830231008.RAWLHMN,NHB250830231303.RAWLHMT,NHB250830232008.RAWLHMW,NHB250830232303.RAWLHN0,2025-08-30 23:10:08,2025-08-30 23:10:08,NHB250830231008.RAWLHMN,Long Range,0.0,2025-08-31 00:10:08,2025-08-31 00:10:07,NHB250831001007.RAWLHNY,Long Range,1.0,2025-08-31 01:10:08,2025-08-31 01:10:07,NHB250831011007.RAWLHR7,Long Range,1.0,2025-08-31 02:10:08,2025-08-31 02:10:08,NHB250831021008.RAWLHSG,Long Range,0.0
2155,2025-08-30 23:30:08,NHB250830233008.RAWLHN3,NHB250830233303.RAWLHN7,NHB250830234008.RAWLHNA,NHB250830234304.RAWLHNE,2025-08-30 23:30:08,2025-08-30 23:30:08,NHB250830233008.RAWLHN3,Long Range,0.0,2025-08-31 00:30:08,2025-08-31 00:30:08,NHB250831003008.RAWLHPC,Long Range,0.0,2025-08-31 01:30:08,2025-08-31 01:30:07,NHB250831013007.RAWLHRM,Long Range,1.0,2025-08-31 02:30:08,2025-08-31 02:30:07,NHB250831023007.RAWLHSX,Long Range,1.0
2156,2025-08-30 23:50:08,NHB250830235008.RAWLHNH,NHB250830235304.RAWLHNM,NHB250831000008.RAWLHNR,NHB250831000304.RAWLHNV,2025-08-30 23:50:08,2025-08-30 23:50:08,NHB250830235008.RAWLHNH,Long Range,0.0,2025-08-31 00:50:08,2025-08-31 00:50:09,NHB250831005009.RAWLHPT,Long Range,1.0,2025-08-31 01:50:08,2025-08-31 01:50:08,NHB250831015008.RAWLHS2,Long Range,0.0,2025-08-31 02:50:08,2025-08-31 02:50:07,NHB250831025007.RAWLHTB,Long Range,1.0
2157,2025-08-31 00:10:07,NHB250831001007.RAWLHNY,NHB250831001304.RAWLHP2,NHB250831002009.RAWLHP5,NHB250831002304.RAWLHP9,2025-08-31 00:10:07,2025-08-31 00:10:07,NHB250831001007.RAWLHNY,Long Range,0.0,2025-08-31 01:10:07,2025-08-31 01:10:07,NHB250831011007.RAWLHR7,Long Range,0.0,2025-08-31 02:10:07,2025-08-31 02:10:08,NHB250831021008.RAWLHSG,Long Range,1.0,2025-08-31 03:10:07,2025-08-31 03:10:08,NHB250831031008.RAWLHTS,Long Range,1.0
2158,2025-08-31 00:30:08,NHB250831003008.RAWLHPC,NHB250831003303.RAWLHPG,NHB250831004009.RAWLHPK,NHB250831004303.RAWLHPP,2025-08-31 00:30:08,2025-08-31 00:30:08,NHB250831003008.RAWLHPC,Long Range,0.0,2025-08-31 01:30:08,2025-08-31 01:30:07,NHB250831013007.RAWLHRM,Long Range,1.0,2025-08-31 02:30:08,2025-08-31 02:30:07,NHB250831023007.RAWLHSX,Long Range,1.0,2025-08-31 03:30:08,2025-08-31 03:30:08,NHB250831033008.RAWLHU6,Long Range,0.0
2159,2025-08-31 00:50:09,NHB250831005009.RAWLHPT,NHB250831005303.RAWLHPX,NHB250831010007.RAWLHR0,NHB250831010304.RAWLHR4,2025-08-31 00:50:09,2025-08-31 00:50:09,NHB250831005009.RAWLHPT,Long Range,0.0,2025-08-31 01:50:09,2025-08-31 01:50:08,NHB250831015008.RAWLHS2,Long Range,1.0,2025-08-31 02:50:09,2025-08-31 02:50:07,NHB250831025007.RAWLHTB,Long Range,2.0,2025-08-31 03:50:09,2025-08-31 03:50:08,NHB250831035008.RAWLHUL,Long Range,1.0
2160,2025-08-31 01:10:07,NHB250831011007.RAWLHR7,NHB250831011303.RAWLHRB,NHB250831012007.RAWLHRE,NHB250831012304.RAWLHRJ,2025-08-31 01:10:07,2025-08-31 01:10:07,NHB250831011007.RAWLHR7,Long Range,0.0,2025-08-31 02:10:07,2025-08-31 02:10:08,NHB250831021008.RAWLHSG,Long Range,1.0,2025-08-31 03:10:07,2025-08-31 03:10:08,NHB250831031008.RAWLHTS,Long Range,1.0,2025-08-31 04:10:07,2025-08-31 04:10:07,NHB250831041007.RAWLHV1,Long Range,0.0
2161,2025-08-31 01:30:07,NHB250831013007.RAWLHRM,NHB250831013304.RAWLHRS,NHB250831014007.RAWLHRV,NHB250831014303.RAWLHRZ,2025-08-31 01:30:07,2025-08-31 01:30:07,NHB250831013007.RAWLHRM,Long Range,0.0,2025-08-31 02:30:07,2025-08-31 02:30:07,NHB250831023007.RAWLHSX,Long Range,0.0,2025-08-31 03:30:07,2025-08-31 03:30:08,NHB250831033008.RAWLHU6,Long Range,1.0,2025-08-31 04:30:07,2025-08-31 04:30:08,NHB250831043008.RAWLHVF,Long Range,1.0
2162,2025-08-31 01:50:08,NHB250831015008.RAWLHS2,NHB250831015303.RAWLHS6,NHB250831020008.RAWLHS9,NHB250831020303.RAWLHSD,2025-08-31 01:50:08,2025-08-31 01:50:08,NHB250831015008.RAWLHS2,Long Range,0.0,2025-08-31 02:50:08,2025-08-31 02:50:07,NHB250831025007.RAWLHTB,Long Range,1.0,2025-08-31 03:50:08,2025-08-31 03:50:08,NHB250831035008.RAWLHUL,Long Range,0.0,2025-08-31 04:50:08,2025-08-31 04:50:08,NHB250831045008.RAWLHVW,Long Range,0.0
2163,2025-08-31 02:10:08,NHB250831021008.RAWLHSG,NHB250831021303.RAWLHSL,NHB250831022008.RAWLHSP,NHB250831022304.RAWLHSU,2025-08-31 02:10:08,2025-08-31 02:10:08,NHB250831021008.RAWLHSG,Long Range,0.0,2025-08-31 03:10:08,2025-08-31 03:10:08,NHB250831031008.RAWLHTS,Long Range,0.0,2025-08-31 04:10:08,2025-08-31 04:10:07,NHB250831041007.RAWLHV1,Long Range,1.0,2025-08-31 05:10:08,2025-08-31 05:10:09,NHB250831051009.RAWLHWA,Long Range,1.0
2164,2025-08-31 02:30:07,NHB250831023007.RAWLHSX,NHB250831023303.RAWLHT1,NHB250831024008.RAWLHT4,NHB250831024303.RAWLHT8,2025-08-31 02:30:07,2025-08-31 02:30:07,NHB250831023007.RAWLHSX,Long Range,0.0,2025-08-31 03:30:07,2025-08-31 03:30:08,NHB250831033008.RAWLHU6,Long Range,1.0,2025-08-31 04:30:07,2025-08-31 04:30:08,NHB250831043008.RAWLHVF,Long Range,1.0,2025-08-31 05:30:07,2025-08-31 05:30:08,NHB250831053008.RAWLHWR,Long Range,1.0
2165,2025-08-31 02:50:07,NHB250831025007.RAWLHTB,NHB250831025304.RAWLHTF,NHB250831030008.RAWLHTJ,NHB250831030303.RAWLHTN,2025-08-31 02:50:07,2025-08-31 02:50:07,NHB250831025007.RAWLHTB,Long Range,0.0,2025-08-31 03:50:07,2025-08-31 03:50:08,NHB250831035008.RAWLHUL,Long Range,1.0,2025-08-31 04:50:07,2025-08-31 04:50:08,NHB250831045008.RAWLHVW,Long Range,1.0,2025-08-31 05:50:07,2025-08-31 05:50:07,NHB250831055007.RAWLHX5,Long Range,0.0
2166,2025-08-31 03:10:08,NHB250831031008.RAWLHTS,NHB250831031303.RAWLHTW,NHB250831032008.RAWLHTZ,NHB250831032303.RAWLHU3,2025-08-31 03:10:08,2025-08-31 03:10:08,NHB250831031008.RAWLHTS,Long Range,0.0,2025-08-31 04:10:08,2025-08-31 04:10:07,NHB250831041007.RAWLHV1,Long Range,1.0,2025-08-31 05:10:08,2025-08-31 05:10:09,NHB250831051009.RAWLHWA,Long Range,1.0,2025-08-31 06:10:08,2025-08-31 06:10:08,NHB250831061008.RAWLHXK,Long Range,0.0
2167,2025-08-31 03:30:08,NHB250831033008.RAWLHU6,NHB250831033303.RAWLHUA,NHB250831034007.RAWLHUD,NHB250831034304.RAWLHUH,2025-08-31 03:30:08,2025-08-31 03:30:08,NHB250831033008.RAWLHU6,Long Range,0.0,2025-08-31 04:30:08,2025-08-31 04:30:08,NHB250831043008.RAWLHVF,Long Range,0.0,2025-08-31 05:30:08,2025-08-31 05:30:08,NHB250831053008.RAWLHWR,Long Range,0.0,2025-08-31 06:30:08,2025-08-31 06:30:07,NHB250831063007.RAWLHY0,Long Range,1.0
2168,2025-08-31 03:50:08,NHB250831035008.RAWLHUL,NHB250831035303.RAWLHUR,NHB250831040009.RAWLHUU,NHB250831040305.RAWLHUY,2025-08-31 03:50:08,2025-08-31 03:50:08,NHB250831035008.RAWLHUL,Long Range,0.0,2025-08-31 04:50:08,2025-08-31 04:50:08,NHB250831045008.RAWLHVW,Long Range,0.0,2025-08-31 05:50:08,2025-08-31 05:50:07,NHB250831055007.RAWLHX5,Long Range,1.0,2025-08-31 06:50:08,2025-08-31 06:50:07,NHB250831065007.RAWLHYE,Long Range,1.0
2169,2025-08-31 04:10:07,NHB250831041007.RAWLHV1,NHB250831041303.RAWLHV5,NHB250831042008.RAWLHV8,NHB250831042303.RAWLHVC,2025-08-31 04:10:07,2025-08-31 04:10:07,NHB250831041007.RAWLHV1,Long Range,0.0,2025-08-31 05:10:07,2025-08-31 05:10:09,NHB250831051009.RAWLHWA,Long Range,2.0,2025-08-31 06:10:07,2025-08-31 06:10:08,NHB250831061008.RAWLHXK,Long Range,1.0,2025-08-31 07:10:07,2025-08-31 07:10:07,NHB250831071007.RAWLHYV,Long Range,0.0
2170,2025-08-31 04:30:08,NHB250831043008.RAWLHVF,NHB250831043304.RAWLHVK,NHB250831044008.RAWLHVN,NHB250831044303.RAWLHVT,2025-08-31 04:30:08,2025-08-31 04:30:08,NHB250831043008.RAWLHVF,Long Range,0.0,2025-08-31 05:30:08,2025-08-31 05:30:08,NHB250831053008.RAWLHWR,Long Range,0.0,2025-08-31 06:30:08,2025-08-31 06:30:07,NHB250831063007.RAWLHY0,Long Range,1.0,2025-08-31 07:30:08,2025-08-31 07:30:07,NHB250831073007.RAWLHZ9,Long Range,1.0
2171,2025-08-31 04:50:08,NHB250831045008.RAWLHVW,NHB250831045303.RAWLHW0,NHB250831050008.RAWLHW3,NHB250831050304.RAWLHW7,2025-08-31 04:50:08,2025-08-31 04:50:08,NHB250831045008.RAWLHVW,Long Range,0.0,2025-08-31 05:50:08,2025-08-31 05:50:07,NHB250831055007.RAWLHX5,Long Range,1.0,2025-08-31 06:50:08,2025-08-31 06:50:07,NHB250831065007.RAWLHYE,Long Range,1.0,2025-08-31 07:50:08,2025-08-31 07:50:08,NHB250831075008.RAWLHZP,Long Range,0.0
2172,2025-08-31 05:10:09,NHB250831051009.RAWLHWA,NHB250831051303.RAWLHWE,NHB250831052008.RAWLHWH,NHB250831052304.RAWLHWM,2025-08-31 05:10:09,2025-08-31 05:10:09,NHB250831051009.RAWLHWA,Long Range,0.0,2025-08-31 06:10:09,2025-08-31 06:10:08,NHB250831061008.RAWLHXK,Long Range,1.0,2025-08-31 07:10:09,2025-08-31 07:10:07,NHB250831071007.RAWLHYV,Long Range,2.0,2025-08-31 08:10:09,2025-08-31 08:10:08,NHB250831081008.RAWLJ04,Long Range,1.0
2173,2025-08-31 05:30:08,NHB250831053008.RAWLHWR,NHB250831053304.RAWLHWV,NHB250831054008.RAWLHWY,NHB250831054303.RAWLHX2,2025-08-31 05:30:08,2025-08-31 05:30:08,NHB250831053008.RAWLHWR,Long Range,0.0,2025-08-31 06:30:08,2025-08-31 06:30:07,NHB250831063007.RAWLHY0,Long Range,1.0,2025-08-31 07:30:08,2025-08-31 07:30:07,NHB250831073007.RAWLHZ9,Long Range,1.0,2025-08-31 08:30:08,2025-08-31 08:30:07,NHB250831083007.RAWLJ0J,Long Range,1.0
2174,2025-08-31 05:50:07,NHB250831055007.RAWLHX5,NHB250831055304.RAWLHX9,NHB250831060007.RAWLHXC,NHB250831060303.RAWLHXG,2025-08-31 05:50:07,2025-08-31 05:50:07,NHB250831055007.RAWLHX5,Long Range,0.0,2025-08-31 06:50:07,2025-08-31 06:50:07,NHB250831065007.RAWLHYE,Long Range,0.0,2025-08-31 07:50:07,2025-08-31 07:50:08,NHB250831075008.RAWLHZP,Long Range,1.0,2025-08-31 08:50:07,2025-08-31 08:50:08,NHB250831085008.RAWLJ0Z,Long Range,1.0
2175,2025-08-31 06:10:08,NHB250831061008.RAWLHXK,NHB250831061303.RAWLHXP,NHB250831062007.RAWLHXT,NHB250831062303.RAWLHXX,2025-08-31 06:10:08,2025-08-31 06:10:08,NHB250831061008.RAWLHXK,Long Range,0.0,2025-08-31 07:10:08,2025-08-31 07:10:07,NHB250831071007.RAWLHYV,Long Range,1.0,2025-08-31 08:10:08,2025-08-31 08:10:08,NHB250831081008.RAWLJ04,Long Range,0.0,2025-08-31 09:10:08,2025-08-31 09:10:08,NHB250831091008.RAWLJ1D,Long Range,0.0
2176,2025-08-31 06:30:07,NHB250831063007.RAWLHY0,NHB250831063303.RAWLHY4,NHB250831064009.RAWLHY7,NHB250831064303.RAWLHYB,2025-08-31 06:30:07,2025-08-31 06:30:07,NHB250831063007.RAWLHY0,Long Range,0.0,2025-08-31 07:30:07,2025-08-31 07:30:07,NHB250831073007.RAWLHZ9,Long Range,0.0,2025-08-31 08:30:07,2025-08-31 08:30:07,NHB250831083007.RAWLJ0J,Long Range,0.0,2025-08-31 09:30:07,2025-08-31 09:30:08,NHB250831093008.RAWLJ1U,Long Range,1.0
2177,2025-08-31 06:50:07,NHB250831065007.RAWLHYE,NHB250831065303.RAWLHYJ,NHB250831070007.RAWLHYM,NHB250831070304.RAWLHYS,2025-08-31 06:50:07,2025-08-31 06:50:07,NHB250831065007.RAWLHYE,Long Range,0.0,2025-08-31 07:50:07,2025-08-31 07:50:08,NHB250831075008.RAWLHZP,Long Range,1.0,2025-08-31 08:50:07,2025-08-31 08:50:08,NHB250831085008.RAWLJ0Z,Long Range,1.0,2025-08-31 09:50:07,2025-08-31 09:50:08,NHB250831095008.RAWLJ28,Long Range,1.0
2178,2025-08-31 07:10:07,NHB250831071007.RAWLHYV,NHB250831071303.RAWLHYZ,NHB250831072008.RAWLHZ2,NHB250831072304.RAWLHZ6,2025-08-31 07:10:07,2025-08-31 07:10:07,NHB250831071007.RAWLHYV,Long Range,0.0,2025-08-31 08:10:07,2025-08-31 08:10:08,NHB250831081008.RAWLJ04,Long Range,1.0,2025-08-31 09:10:07,2025-08-31 09:10:08,NHB250831091008.RAWLJ1D,Long Range,1.0,2025-08-31 10:10:07,2025-08-31 10:10:07,NHB250831101007.RAWLJ2N,Long Range,0.0
2179,2025-08-31 07:30:07,NHB250831073007.RAWLHZ9,NHB250831073303.RAWLHZD,NHB250831074009.RAWLHZG,NHB250831074303.RAWLHZL,2025-08-31 07:30:07,2025-08-31 07:30:07,NHB250831073007.RAWLHZ9,Long Range,0.0,2025-08-31 08:30:07,2025-08-31 08:30:07,NHB250831083007.RAWLJ0J,Long Range,0.0,2025-08-31 09:30:07,2025-08-31 09:30:08,NHB250831093008.RAWLJ1U,Long Range,1.0,2025-08-31 10:30:07,2025-08-31 10:30:08,NHB250831103008.RAWLJ33,Long Range,1.0
2180,2025-08-31 07:50:08,NHB250831075008.RAWLHZP,NHB250831075303.RAWLHZU,NHB250831080008.RAWLHZX,NHB250831080303.RAWLJ01,2025-08-31 07:50:08,2025-08-31 07:50:08,NHB250831075008.RAWLHZP,Long Range,0.0,2025-08-31 08:50:08,2025-08-31 08:50:08,NHB250831085008.RAWLJ0Z,Long Range,0.0,2025-08-31 09:50:08,2025-08-31 09:50:08,NHB250831095008.RAWLJ28,Long Range,0.0,2025-08-31 10:50:08,2025-08-31 10:50:07,NHB250831105007.RAWLJ3H,Long Range,1.0
2181,2025-08-31 08:10:08,NHB250831081008.RAWLJ04,NHB250831081303.RAWLJ08,NHB250831082007.RAWLJ0B,NHB250831082304.RAWLJ0F,2025-08-31 08:10:08,2025-08-31 08:10:08,NHB250831081008.RAWLJ04,Long Range,0.0,2025-08-31 09:10:08,2025-08-31 09:10:08,NHB250831091008.RAWLJ1D,Long Range,0.0,2025-08-31 10:10:08,2025-08-31 10:10:07,NHB250831101007.RAWLJ2N,Long Range,1.0,2025-08-31 11:10:08,2025-08-31 11:10:08,NHB250831111008.RAWLJ3Y,Long Range,0.0
2182,2025-08-31 08:30:07,NHB250831083007.RAWLJ0J,NHB250831083303.RAWLJ0N,NHB250831084008.RAWLJ0S,NHB250831084303.RAWLJ0W,2025-08-31 08:30:07,2025-08-31 08:30:07,NHB250831083007.RAWLJ0J,Long Range,0.0,2025-08-31 09:30:07,2025-08-31 09:30:08,NHB250831093008.RAWLJ1U,Long Range,1.0,2025-08-31 10:30:07,2025-08-31 10:30:08,NHB250831103008.RAWLJ33,Long Range,1.0,2025-08-31 11:30:07,2025-08-31 11:30:07,NHB250831113007.RAWLJ4C,Long Range,0.0
2183,2025-08-31 08:50:08,NHB250831085008.RAWLJ0Z,NHB250831085304.RAWLJ13,NHB250831090008.RAWLJ16,NHB250831090303.RAWLJ1A,2025-08-31 08:50:08,2025-08-31 08:50:08,NHB250831085008.RAWLJ0Z,Long Range,0.0,2025-08-31 09:50:08,2025-08-31 09:50:08,NHB250831095008.RAWLJ28,Long Range,0.0,2025-08-31 10:50:08,2025-08-31 10:50:07,NHB250831105007.RAWLJ3H,Long Range,1.0,2025-08-31 11:50:08,2025-08-31 11:50:07,NHB250831115007.RAWLJ4T,Long Range,1.0
2184,2025-08-31 09:10:08,NHB250831091008.RAWLJ1D,NHB250831091303.RAWLJ1H,NHB250831092007.RAWLJ1L,NHB250831092303.RAWLJ1R,2025-08-31 09:10:08,2025-08-31 09:10:08,NHB250831091008.RAWLJ1D,Long Range,0.0,2025-08-31 10:10:08,2025-08-31 10:10:07,NHB250831101007.RAWLJ2N,Long Range,1.0,2025-08-31 11:10:08,2025-08-31 11:10:08,NHB250831111008.RAWLJ3Y,Long Range,0.0,2025-08-31 12:10:08,2025-08-31 12:10:07,NHB250831121007.RAWLJ57,Long Range,1.0
2185,2025-08-31 09:30:08,NHB250831093008.RAWLJ1U,NHB250831093304.RAWLJ1Y,NHB250831094007.RAWLJ21,NHB250831094304.RAWLJ25,2025-08-31 09:30:08,2025-08-31 09:30:08,NHB250831093008.RAWLJ1U,Long Range,0.0,2025-08-31 10:30:08,2025-08-31 10:30:08,NHB250831103008.RAWLJ33,Long Range,0.0,2025-08-31 11:30:08,2025-08-31 11:30:07,NHB250831113007.RAWLJ4C,Long Range,1.0,2025-08-31 12:30:08,2025-08-31 12:30:08,NHB250831123008.RAWLJ5M,Long Range,0.0
2186,2025-08-31 09:50:08,NHB250831095008.RAWLJ28,NHB250831095304.RAWLJ2C,NHB250831100007.RAWLJ2F,NHB250831100303.RAWLJ2K,2025-08-31 09:50:08,2025-08-31 09:50:08,NHB250831095008.RAWLJ28,Long Range,0.0,2025-08-31 10:50:08,2025-08-31 10:50:07,NHB250831105007.RAWLJ3H,Long Range,1.0,2025-08-31 11:50:08,2025-08-31 11:50:07,NHB250831115007.RAWLJ4T,Long Range,1.0,2025-08-31 12:50:08,2025-08-31 12:50:07,NHB250831125007.RAWLJ62,Long Range,1.0
2187,2025-08-31 10:10:07,NHB250831101007.RAWLJ2N,NHB250831101303.RAWLJ2T,NHB250831102008.RAWLJ2W,NHB250831102304.RAWLJ30,2025-08-31 10:10:07,2025-08-31 10:10:07,NHB250831101007.RAWLJ2N,Long Range,0.0,2025-08-31 11:10:07,2025-08-31 11:10:08,NHB250831111008.RAWLJ3Y,Long Range,1.0,2025-08-31 12:10:07,2025-08-31 12:10:07,NHB250831121007.RAWLJ57,Long Range,0.0,2025-08-31 13:10:07,2025-08-31 13:10:08,NHB250831131008.RAWLJ6G,Long Range,1.0
2188,2025-08-31 10:30:08,NHB250831103008.RAWLJ33,NHB250831103304.RAWLJ37,NHB250831104007.RAWLJ3A,NHB250831104303.RAWLJ3E,2025-08-31 10:30:08,2025-08-31 10:30:08,NHB250831103008.RAWLJ33,Long Range,0.0,2025-08-31 11:30:08,2025-08-31 11:30:07,NHB250831113007.RAWLJ4C,Long Range,1.0,2025-08-31 12:30:08,2025-08-31 12:30:08,NHB250831123008.RAWLJ5M,Long Range,0.0,2025-08-31 13:30:08,2025-08-31 13:30:09,NHB250831133009.RAWLJ6X,Long Range,1.0
2189,2025-08-31 10:50:07,NHB250831105007.RAWLJ3H,NHB250831105304.RAWLJ3M,NHB250831110008.RAWLJ3R,NHB250831110304.RAWLJ3V,2025-08-31 10:50:07,2025-08-31 10:50:07,NHB250831105007.RAWLJ3H,Long Range,0.0,2025-08-31 11:50:07,2025-08-31 11:50:07,NHB250831115007.RAWLJ4T,Long Range,0.0,2025-08-31 12:50:07,2025-08-31 12:50:07,NHB250831125007.RAWLJ62,Long Range,0.0,2025-08-31 13:50:07,2025-08-31 13:50:07,NHB250831135007.RAWLJ7B,Long Range,0.0
2190,2025-08-31 11:10:08,NHB250831111008.RAWLJ3Y,NHB250831111303.RAWLJ42,NHB250831112008.RAWLJ45,NHB250831112304.RAWLJ49,2025-08-31 11:10:08,2025-08-31 11:10:08,NHB250831111008.RAWLJ3Y,Long Range,0.0,2025-08-31 12:10:08,2025-08-31 12:10:07,NHB250831121007.RAWLJ57,Long Range,1.0,2025-08-31 13:10:08,2025-08-31 13:10:08,NHB250831131008.RAWLJ6G,Long Range,0.0,2025-08-31 14:10:08,2025-08-31 14:10:08,NHB250831141008.RAWLJ7S,Long Range,0.0
2191,2025-08-31 11:30:07,NHB250831113007.RAWLJ4C,NHB250831113303.RAWLJ4G,NHB250831114007.RAWLJ4K,NHB250831114303.RAWLJ4P,2025-08-31 11:30:07,2025-08-31 11:30:07,NHB250831113007.RAWLJ4C,Long Range,0.0,2025-08-31 12:30:07,2025-08-31 12:30:08,NHB250831123008.RAWLJ5M,Long Range,1.0,2025-08-31 13:30:07,2025-08-31 13:30:09,NHB250831133009.RAWLJ6X,Long Range,2.0,2025-08-31 14:30:07,2025-08-31 14:30:07,NHB250831143007.RAWLJ86,Long Range,0.0
2192,2025-08-31 11:50:07,NHB250831115007.RAWLJ4T,NHB250831115304.RAWLJ4X,NHB250831120007.RAWLJ50,NHB250831120303.RAWLJ54,2025-08-31 11:50:07,2025-08-31 11:50:07,NHB250831115007.RAWLJ4T,Long Range,0.0,2025-08-31 12:50:07,2025-08-31 12:50:07,NHB250831125007.RAWLJ62,Long Range,0.0,2025-08-31 13:50:07,2025-08-31 13:50:07,NHB250831135007.RAWLJ7B,Long Range,0.0,2025-08-31 14:50:07,2025-08-31 14:50:07,NHB250831145007.RAWLJ8L,Long Range,0.0
2193,2025-08-31 12:10:07,NHB250831121007.RAWLJ57,NHB250831121303.RAWLJ5B,NHB250831122008.RAWLJ5E,NHB250831122304.RAWLJ5J,2025-08-31 12:10:07,2025-08-31 12:10:07,NHB250831121007.RAWLJ57,Long Range,0.0,2025-08-31 13:10:07,2025-08-31 13:10:08,NHB250831131008.RAWLJ6G,Long Range,1.0,2025-08-31 14:10:07,2025-08-31 14:10:08,NHB250831141008.RAWLJ7S,Long Range,1.0,2025-08-31 15:10:07,2025-08-31 15:10:08,NHB250831151008.RAWLJ91,Long Range,1.0
2194,2025-08-31 12:30:08,NHB250831123008.RAWLJ5M,NHB250831123303.RAWLJ5S,NHB250831124008.RAWLJ5V,NHB250831124303.RAWLJ5Z,2025-08-31 12:30:08,2025-08-31 12:30:08,NHB250831123008.RAWLJ5M,Long Range,0.0,2025-08-31 13:30:08,2025-08-31 13:30:09,NHB250831133009.RAWLJ6X,Long Range,1.0,2025-08-31 14:30:08,2025-08-31 14:30:07,NHB250831143007.RAWLJ86,Long Range,1.0,2025-08-31 15:30:08,2025-08-31 15:30:08,NHB250831153008.RAWLJ9F,Long Range,0.0
2195,2025-08-31 12:50:07,NHB250831125007.RAWLJ62,NHB250831125304.RAWLJ66,NHB250831130008.RAWLJ69,NHB250831130305.RAWLJ6D,2025-08-31 12:50:07,2025-08-31 12:50:07,NHB250831125007.RAWLJ62,Long Range,0.0,2025-08-31 13:50:07,2025-08-31 13:50:07,NHB250831135007.RAWLJ7B,Long Range,0.0,2025-08-31 14:50:07,2025-08-31 14:50:07,NHB250831145007.RAWLJ8L,Long Range,0.0,2025-08-31 15:50:07,2025-08-31 15:50:07,NHB250831155007.RAWLJ9W,Long Range,0.0
2196,2025-08-31 13:10:08,NHB250831131008.RAWLJ6G,NHB250831131304.RAWLJ6L,NHB250831132008.RAWLJ6P,NHB250831132304.RAWLJ6U,2025-08-31 13:10:08,2025-08-31 13:10:08,NHB250831131008.RAWLJ6G,Long Range,0.0,2025-08-31 14:10:08,2025-08-31 14:10:08,NHB250831141008.RAWLJ7S,Long Range,0.0,2025-08-31 15:10:08,2025-08-31 15:10:08,NHB250831151008.RAWLJ91,Long Range,0.0,2025-08-31 16:10:08,2025-08-31 16:10:07,NHB250831161007.RAWLJAA,Long Range,1.0
2197,2025-08-31 13:30:09,NHB250831133009.RAWLJ6X,NHB250831133303.RAWLJ71,NHB250831134007.RAWLJ74,NHB250831134303.RAWLJ78,2025-08-31 13:30:09,2025-08-31 13:30:09,NHB250831133009.RAWLJ6X,Long Range,0.0,2025-08-31 14:30:09,2025-08-31 14:30:07,NHB250831143007.RAWLJ86,Long Range,2.0,2025-08-31 15:30:09,2025-08-31 15:30:08,NHB250831153008.RAWLJ9F,Long Range,1.0,2025-08-31 16:30:09,2025-08-31 16:30:08,NHB250831163008.RAWLJAR,Long Range,1.0
2198,2025-08-31 13:50:07,NHB250831135007.RAWLJ7B,NHB250831135304.RAWLJ7F,NHB250831140008.RAWLJ7J,NHB250831140304.RAWLJ7N,2025-08-31 13:50:07,2025-08-31 13:50:07,NHB250831135007.RAWLJ7B,Long Range,0.0,2025-08-31 14:50:07,2025-08-31 14:50:07,NHB250831145007.RAWLJ8L,Long Range,0.0,2025-08-31 15:50:07,2025-08-31 15:50:07,NHB250831155007.RAWLJ9W,Long Range,0.0,2025-08-31 16:50:07,2025-08-31 16:50:08,NHB250831165008.RAWLJB5,Long Range,1.0
2199,2025-08-31 14:10:08,NHB250831141008.RAWLJ7S,NHB250831141303.RAWLJ7W,NHB250831142007.RAWLJ7Z,NHB250831142303.RAWLJ83,2025-08-31 14:10:08,2025-08-31 14:10:08,NHB250831141008.RAWLJ7S,Long Range,0.0,2025-08-31 15:10:08,2025-08-31 15:10:08,NHB250831151008.RAWLJ91,Long Range,0.0,2025-08-31 16:10:08,2025-08-31 16:10:07,NHB250831161007.RAWLJAA,Long Range,1.0,2025-08-31 17:10:08,2025-08-31 17:10:08,NHB250831171008.RAWLJBK,Long Range,0.0
2200,2025-08-31 14:30:07,NHB250831143007.RAWLJ86,NHB250831143303.RAWLJ8A,NHB250831144007.RAWLJ8D,NHB250831144303.RAWLJ8H,2025-08-31 14:30:07,2025-08-31 14:30:07,NHB250831143007.RAWLJ86,Long Range,0.0,2025-08-31 15:30:07,2025-08-31 15:30:08,NHB250831153008.RAWLJ9F,Long Range,1.0,2025-08-31 16:30:07,2025-08-31 16:30:08,NHB250831163008.RAWLJAR,Long Range,1.0,2025-08-31 17:30:07,2025-08-31 17:30:07,NHB250831173007.RAWLJC0,Long Range,0.0
2201,2025-08-31 14:50:07,NHB250831145007.RAWLJ8L,NHB250831145305.RAWLJ8R,NHB250831150008.RAWLJ8U,NHB250831150303.RAWLJ8Y,2025-08-31 14:50:07,2025-08-31 14:50:07,NHB250831145007.RAWLJ8L,Long Range,0.0,2025-08-31 15:50:07,2025-08-31 15:50:07,NHB250831155007.RAWLJ9W,Long Range,0.0,2025-08-31 16:50:07,2025-08-31 16:50:08,NHB250831165008.RAWLJB5,Long Range,1.0,2025-08-31 17:50:07,2025-08-31 17:50:07,NHB250831175007.RAWLJCE,Long Range,0.0
2202,2025-08-31 15:10:08,NHB250831151008.RAWLJ91,NHB250831151303.RAWLJ95,NHB250831152008.RAWLJ98,NHB250831152303.RAWLJ9C,2025-08-31 15:10:08,2025-08-31 15:10:08,NHB250831151008.RAWLJ91,Long Range,0.0,2025-08-31 16:10:08,2025-08-31 16:10:07,NHB250831161007.RAWLJAA,Long Range,1.0,2025-08-31 17:10:08,2025-08-31 17:10:08,NHB250831171008.RAWLJBK,Long Range,0.0,2025-08-31 18:10:08,2025-08-31 18:10:07,NHB250831181007.RAWLJCV,Long Range,1.0
2203,2025-08-31 15:30:08,NHB250831153008.RAWLJ9F,NHB250831153304.RAWLJ9K,NHB250831154008.RAWLJ9N,NHB250831154303.RAWLJ9T,2025-08-31 15:30:08,2025-08-31 15:30:08,NHB250831153008.RAWLJ9F,Long Range,0.0,2025-08-31 16:30:08,2025-08-31 16:30:08,NHB250831163008.RAWLJAR,Long Range,0.0,2025-08-31 17:30:08,2025-08-31 17:30:07,NHB250831173007.RAWLJC0,Long Range,1.0,2025-08-31 18:30:08,2025-08-31 18:30:08,NHB250831183008.RAWLJD9,Long Range,0.0
2204,2025-08-31 15:50:07,NHB250831155007.RAWLJ9W,NHB250831155303.RAWLJA0,NHB250831160008.RAWLJA3,NHB250831160303.RAWLJA7,2025-08-31 15:50:07,2025-08-31 15:50:07,NHB250831155007.RAWLJ9W,Long Range,0.0,2025-08-31 16:50:07,2025-08-31 16:50:08,NHB250831165008.RAWLJB5,Long Range,1.0,2025-08-31 17:50:07,2025-08-31 17:50:07,NHB250831175007.RAWLJCE,Long Range,0.0,2025-08-31 18:50:07,2025-08-31 18:50:08,NHB250831185008.RAWLJDP,Long Range,1.0
2205,2025-08-31 16:10:07,NHB250831161007.RAWLJAA,NHB250831161303.RAWLJAE,NHB250831162008.RAWLJAH,NHB250831162304.RAWLJAM,2025-08-31 16:10:07,2025-08-31 16:10:07,NHB250831161007.RAWLJAA,Long Range,0.0,2025-08-31 17:10:07,2025-08-31 17:10:08,NHB250831171008.RAWLJBK,Long Range,1.0,2025-08-31 18:10:07,2025-08-31 18:10:07,NHB250831181007.RAWLJCV,Long Range,0.0,2025-08-31 19:10:07,2025-08-31 19:10:08,NHB250831191008.RAWLJE4,Long Range,1.0
2206,2025-08-31 16:30:08,NHB250831163008.RAWLJAR,NHB250831163303.RAWLJAV,NHB250831164007.RAWLJAY,NHB250831164303.RAWLJB2,2025-08-31 16:30:08,2025-08-31 16:30:08,NHB250831163008.RAWLJAR,Long Range,0.0,2025-08-31 17:30:08,2025-08-31 17:30:07,NHB250831173007.RAWLJC0,Long Range,1.0,2025-08-31 18:30:08,2025-08-31 18:30:08,NHB250831183008.RAWLJD9,Long Range,0.0,2025-08-31 19:30:08,2025-08-31 19:30:07,NHB250831193007.RAWLJEJ,Long Range,1.0
2207,2025-08-31 16:50:08,NHB250831165008.RAWLJB5,NHB250831165303.RAWLJB9,NHB250831170007.RAWLJBC,NHB250831170303.RAWLJBG,2025-08-31 16:50:08,2025-08-31 16:50:08,NHB250831165008.RAWLJB5,Long Range,0.0,2025-08-31 17:50:08,2025-08-31 17:50:07,NHB250831175007.RAWLJCE,Long Range,1.0,2025-08-31 18:50:08,2025-08-31 18:50:08,NHB250831185008.RAWLJDP,Long Range,0.0,2025-08-31 19:50:08,2025-08-31 19:50:08,NHB250831195008.RAWLJEZ,Long Range,0.0
2208,2025-08-31 17:10:08,NHB250831171008.RAWLJBK,NHB250831171303.RAWLJBP,NHB250831172007.RAWLJBT,NHB250831172304.RAWLJBX,2025-08-31 17:10:08,2025-08-31 17:10:08,NHB250831171008.RAWLJBK,Long Range,0.0,2025-08-31 18:10:08,2025-08-31 18:10:07,NHB250831181007.RAWLJCV,Long Range,1.0,2025-08-31 19:10:08,2025-08-31 19:10:08,NHB250831191008.RAWLJE4,Long Range,0.0,2025-08-31 20:10:08,2025-08-31 20:10:08,NHB250831201008.RAWLJFD,Long Range,0.0
2209,2025-08-31 17:30:07,NHB250831173007.RAWLJC0,NHB250831173304.RAWLJC4,NHB250831174008.RAWLJC7,NHB250831174304.RAWLJCB,2025-08-31 17:30:07,2025-08-31 17:30:07,NHB250831173007.RAWLJC0,Long Range,0.0,2025-08-31 18:30:07,2025-08-31 18:30:08,NHB250831183008.RAWLJD9,Long Range,1.0,2025-08-31 19:30:07,2025-08-31 19:30:07,NHB250831193007.RAWLJEJ,Long Range,0.0,2025-08-31 20:30:07,2025-08-31 20:30:09,NHB250831203009.RAWLJFU,Long Range,2.0
2210,2025-08-31 17:50:07,NHB250831175007.RAWLJCE,NHB250831175303.RAWLJCJ,NHB250831180008.RAWLJCM,NHB250831180304.RAWLJCS,2025-08-31 17:50:07,2025-08-31 17:50:07,NHB250831175007.RAWLJCE,Long Range,0.0,2025-08-31 18:50:07,2025-08-31 18:50:08,NHB250831185008.RAWLJDP,Long Range,1.0,2025-08-31 19:50:07,2025-08-31 19:50:08,NHB250831195008.RAWLJEZ,Long Range,1.0,2025-08-31 20:50:07,2025-08-31 20:50:08,NHB250831205008.RAWLJG8,Long Range,1.0
2211,2025-08-31 18:10:07,NHB250831181007.RAWLJCV,NHB250831181303.RAWLJCZ,NHB250831182008.RAWLJD2,NHB250831182303.RAWLJD6,2025-08-31 18:10:07,2025-08-31 18:10:07,NHB250831181007.RAWLJCV,Long Range,0.0,2025-08-31 19:10:07,2025-08-31 19:10:08,NHB250831191008.RAWLJE4,Long Range,1.0,2025-08-31 20:10:07,2025-08-31 20:10:08,NHB250831201008.RAWLJFD,Long Range,1.0,2025-08-31 21:10:07,2025-08-31 21:10:08,NHB250831211008.RAWLJGN,Long Range,1.0
2212,2025-08-31 18:30:08,NHB250831183008.RAWLJD9,NHB250831183303.RAWLJDD,NHB250831184008.RAWLJDG,NHB250831184303.RAWLJDL,2025-08-31 18:30:08,2025-08-31 18:30:08,NHB250831183008.RAWLJD9,Long Range,0.0,2025-08-31 19:30:08,2025-08-31 19:30:07,NHB250831193007.RAWLJEJ,Long Range,1.0,2025-08-31 20:30:08,2025-08-31 20:30:09,NHB250831203009.RAWLJFU,Long Range,1.0,2025-08-31 21:30:08,2025-08-31 21:30:08,NHB250831213008.RAWLJH3,Long Range,0.0
2213,2025-08-31 18:50:08,NHB250831185008.RAWLJDP,NHB250831185304.RAWLJDU,NHB250831190008.RAWLJDX,NHB250831190303.RAWLJE1,2025-08-31 18:50:08,2025-08-31 18:50:08,NHB250831185008.RAWLJDP,Long Range,0.0,2025-08-31 19:50:08,2025-08-31 19:50:08,NHB250831195008.RAWLJEZ,Long Range,0.0,2025-08-31 20:50:08,2025-08-31 20:50:08,NHB250831205008.RAWLJG8,Long Range,0.0,2025-08-31 21:50:08,2025-08-31 21:50:08,NHB250831215008.RAWLJHH,Long Range,0.0
2214,2025-08-31 19:10:08,NHB250831191008.RAWLJE4,NHB250831191303.RAWLJE8,NHB250831192007.RAWLJEB,NHB250831192304.RAWLJEF,2025-08-31 19:10:08,2025-08-31 19:10:08,NHB250831191008.RAWLJE4,Long Range,0.0,2025-08-31 20:10:08,2025-08-31 20:10:08,NHB250831201008.RAWLJFD,Long Range,0.0,2025-08-31 21:10:08,2025-08-31 21:10:08,NHB250831211008.RAWLJGN,Long Range,0.0,2025-08-31 22:10:08,2025-08-31 22:10:08,NHB250831221008.RAWLJHY,Long Range,0.0
2215,2025-08-31 19:30:07,NHB250831193007.RAWLJEJ,NHB250831193303.RAWLJEN,NHB250831194007.RAWLJES,NHB250831194304.RAWLJEW,2025-08-31 19:30:07,2025-08-31 19:30:07,NHB250831193007.RAWLJEJ,Long Range,0.0,2025-08-31 20:30:07,2025-08-31 20:30:09,NHB250831203009.RAWLJFU,Long Range,2.0,2025-08-31 21:30:07,2025-08-31 21:30:08,NHB250831213008.RAWLJH3,Long Range,1.0,2025-08-31 22:30:07,2025-08-31 22:30:08,NHB250831223008.RAWLJJC,Long Range,1.0
2216,2025-08-31 19:50:08,NHB250831195008.RAWLJEZ,NHB250831195303.RAWLJF3,NHB250831200007.RAWLJF6,NHB250831200303.RAWLJFA,2025-08-31 19:50:08,2025-08-31 19:50:08,NHB250831195008.RAWLJEZ,Long Range,0.0,2025-08-31 20:50:08,2025-08-31 20:50:08,NHB250831205008.RAWLJG8,Long Range,0.0,2025-08-31 21:50:08,2025-08-31 21:50:08,NHB250831215008.RAWLJHH,Long Range,0.0,2025-08-31 22:50:08,2025-08-31 22:50:07,NHB250831225007.RAWLJJT,Long Range,1.0
2217,2025-08-31 20:10:08,NHB250831201008.RAWLJFD,NHB250831201304.RAWLJFH,NHB250831202008.RAWLJFL,NHB250831202305.RAWLJFR,2025-08-31 20:10:08,2025-08-31 20:10:08,NHB250831201008.RAWLJFD,Long Range,0.0,2025-08-31 21:10:08,2025-08-31 21:10:08,NHB250831211008.RAWLJGN,Long Range,0.0,2025-08-31 22:10:08,2025-08-31 22:10:08,NHB250831221008.RAWLJHY,Long Range,0.0,2025-08-31 23:10:08,2025-08-31 23:10:08,NHB250831231008.RAWLJK7,Long Range,0.0
2218,2025-08-31 20:30:09,NHB250831203009.RAWLJFU,NHB250831203303.RAWLJFY,NHB250831204007.RAWLJG1,NHB250831204303.RAWLJG5,2025-08-31 20:30:09,2025-08-31 20:30:09,NHB250831203009.RAWLJFU,Long Range,0.0,2025-08-31 21:30:09,2025-08-31 21:30:08,NHB250831213008.RAWLJH3,Long Range,1.0,2025-08-31 22:30:09,2025-08-31 22:30:08,NHB250831223008.RAWLJJC,Long Range,1.0,2025-08-31 23:30:09,2025-08-31 23:30:08,NHB250831233008.RAWLJKM,Long Range,1.0
2219,2025-08-31 20:50:08,NHB250831205008.RAWLJG8,NHB250831205304.RAWLJGC,NHB250831210007.RAWLJGF,NHB250831210303.RAWLJGK,2025-08-31 20:50:08,2025-08-31 20:50:08,NHB250831205008.RAWLJG8,Long Range,0.0,2025-08-31 21:50:08,2025-08-31 21:50:08,NHB250831215008.RAWLJHH,Long Range,0.0,2025-08-31 22:50:08,2025-08-31 22:50:07,NHB250831225007.RAWLJJT,Long Range,1.0,2025-08-31 23:50:08,2025-08-31 23:50:08,NHB250831235008.RAWLJL2,Long Range,0.0
2220,2025-08-31 21:10:08,NHB250831211008.RAWLJGN,NHB250831211303.RAWLJGT,NHB250831212008.RAWLJGW,NHB250831212304.RAWLJH0,2025-08-31 21:10:08,2025-08-31 21:10:08,NHB250831211008.RAWLJGN,Long Range,0.0,2025-08-31 22:10:08,2025-08-31 22:10:08,NHB250831221008.RAWLJHY,Long Range,0.0,2025-08-31 23:10:08,2025-08-31 23:10:08,NHB250831231008.RAWLJK7,Long Range,0.0,2025-09-01 00:10:08,,,,1024.0
2221,2025-08-31 21:30:08,NHB250831213008.RAWLJH3,NHB250831213303.RAWLJH7,NHB250831214008.RAWLJHA,NHB250831214304.RAWLJHE,2025-08-31 21:30:08,2025-08-31 21:30:08,NHB250831213008.RAWLJH3,Long Range,0.0,2025-08-31 22:30:08,2025-08-31 22:30:08,NHB250831223008.RAWLJJC,Long Range,0.0,2025-08-31 23:30:08,2025-08-31 23:30:08,NHB250831233008.RAWLJKM,Long Range,0.0,2025-09-01 00:30:08,,,,2224.0
2222,2025-08-31 21:50:08,NHB250831215008.RAWLJHH,NHB250831215304.RAWLJHM,NHB250831220007.RAWLJHR,NHB250831220303.RAWLJHV,2025-08-31 21:50:08,2025-08-31 21:50:08,NHB250831215008.RAWLJHH,Long Range,0.0,2025-08-31 22:50:08,2025-08-31 22:50:07,NHB250831225007.RAWLJJT,Long Range,1.0,2025-08-31 23:50:08,2025-08-31 23:50:08,NHB250831235008.RAWLJL2,Long Range,0.0,2025-09-01 00:50:08,,,,3424.0
2223,2025-08-31 22:10:08,NHB250831221008.RAWLJHY,NHB250831221304.RAWLJJ2,NHB250831222007.RAWLJJ5,NHB250831222305.RAWLJJ9,2025-08-31 22:10:08,2025-08-31 22:10:08,NHB250831221008.RAWLJHY,Long Range,0.0,2025-08-31 23:10:08,2025-08-31 23:10:08,NHB250831231008.RAWLJK7,Long Range,0.0,2025-09-01 00:10:08,,,,1024.0,2025-09-01 01:10:08,,,,4624.0
2224,2025-08-31 22:30:08,NHB250831223008.RAWLJJC,NHB250831223303.RAWLJJG,NHB250831224007.RAWLJJK,NHB250831224303.RAWLJJP,2025-08-31 22:30:08,2025-08-31 22:30:08,NHB250831223008.RAWLJJC,Long Range,0.0,2025-08-31 23:30:08,2025-08-31 23:30:08,NHB250831233008.RAWLJKM,Long Range,0.0,2025-09-01 00:30:08,,,,2224.0,2025-09-01 01:30:08,,,,5824.0
2225,2025-08-31 22:50:07,NHB250831225007.RAWLJJT,NHB250831225304.RAWLJJX,NHB250831230008.RAWLJK0,NHB250831230303.RAWLJK4,2025-08-31 22:50:07,2025-08-31 22:50:07,NHB250831225007.RAWLJJT,Long Range,0.0,2025-08-31 23:50:07,2025-08-31 23:50:08,NHB250831235008.RAWLJL2,Long Range,1.0,2025-09-01 00:50:07,,,,3423.0,2025-09-01 01:50:07,,,,7023.0
2226,2025-08-31 23:10:08,NHB250831231008.RAWLJK7,NHB250831231303.RAWLJKB,NHB250831232008.RAWLJKE,NHB250831232304.RAWLJKJ,2025-08-31 23:10:08,2025-08-31 23:10:08,NHB250831231008.RAWLJK7,Long Range,0.0,2025-09-01 00:10:08,,,,1024.0,2025-09-01 01:10:08,,,,4624.0,2025-09-01 02:10:08,,,,8224.0
2227,2025-08-31 23:30:08,NHB250831233008.RAWLJKM,NHB250831233303.RAWLJKS,NHB250831234008.RAWLJKV,NHB250831234303.RAWLJKZ,2025-08-31 23:30:08,2025-08-31 23:30:08,NHB250831233008.RAWLJKM,Long Range,0.0,2025-09-01 00:30:08,,,,2224.0,2025-09-01 01:30:08,,,,5824.0,2025-09-01 02:30:08,,,,9424.0
