group_id,t0,file_t0,t3,file_t3,t10,file_t10,t13,file_t13
0,2025-08-01 00:00:07,NHB250801000007.RAWLTHU,2025-08-01 00:03:03,NHB250801000303.RAWLTHY,2025-08-01 00:10:07,NHB250801001007.RAWLTJ1,2025-08-01 00:13:04,NHB250801001304.RAWLTJ5
1,2025-08-01 00:20:08,NHB250801002008.RAWLTJ8,2025-08-01 00:23:03,NHB250801002303.RAWLTJC,2025-08-01 00:30:08,NHB250801003008.RAWLTJF,2025-08-01 00:33:05,NHB250801003305.RAWLTJK
2,2025-08-01 00:40:07,NHB250801004007.RAWLTJN,2025-08-01 00:43:04,NHB250801004304.RAWLTJT,2025-08-01 00:50:07,NHB250801005007.RAWLTJW,2025-08-01 00:53:05,NHB250801005305.RAWLTK0
3,2025-08-01 01:00:09,NHB250801010009.RAWLTK3,2025-08-01 01:03:04,NHB250801010304.RAWLTK7,2025-08-01 01:10:08,NHB250801011008.RAWLTKA,2025-08-01 01:13:04,NHB250801011304.RAWLTKE
4,2025-08-01 01:20:08,NHB250801012008.RAWLTKH,2025-08-01 01:23:04,NHB250801012304.RAWLTKM,2025-08-01 01:30:08,NHB250801013008.RAWLTKR,2025-08-01 01:33:04,NHB250801013304.RAWLTKV
5,2025-08-01 01:40:08,NHB250801014008.RAWLTKY,2025-08-01 01:43:05,NHB250801014305.RAWLTL2,2025-08-01 01:50:08,NHB250801015008.RAWLTL5,2025-08-01 01:53:03,NHB250801015303.RAWLTL9
6,2025-08-01 02:00:08,NHB250801020008.RAWLTLC,2025-08-01 02:03:04,NHB250801020304.RAWLTLG,2025-08-01 02:10:08,NHB250801021008.RAWLTLK,2025-08-01 02:13:04,NHB250801021304.RAWLTLP
7,2025-08-01 02:20:07,NHB250801022007.RAWLTLT,2025-08-01 02:23:04,NHB250801022304.RAWLTLX,2025-08-01 02:30:09,NHB250801023009.RAWLTM0,2025-08-01 02:33:03,NHB250801023303.RAWLTM4
8,2025-08-01 02:40:08,NHB250801024008.RAWLTM7,2025-08-01 02:43:03,NHB250801024303.RAWLTMB,2025-08-01 02:50:08,NHB250801025008.RAWLTME,2025-08-01 02:53:04,NHB250801025304.RAWLTMJ
9,2025-08-01 03:00:07,NHB250801030007.RAWLTMM,2025-08-01 03:03:04,NHB250801030304.RAWLTMS,2025-08-01 03:10:08,NHB250801031008.RAWLTMV,2025-08-01 03:13:03,NHB250801031303.RAWLTMZ
10,2025-08-01 03:20:08,NHB250801032008.RAWLTN2,2025-08-01 03:23:03,NHB250801032303.RAWLTN6,2025-08-01 03:30:08,NHB250801033008.RAWLTN9,2025-08-01 03:33:04,NHB250801033304.RAWLTND
11,2025-08-01 03:40:07,NHB250801034007.RAWLTNG,2025-08-01 03:43:03,NHB250801034303.RAWLTNL,2025-08-01 03:50:07,NHB250801035007.RAWLTNP,2025-08-01 03:53:05,NHB250801035305.RAWLTNU
12,2025-08-01 04:00:08,NHB250801040008.RAWLTNX,2025-08-01 04:03:04,NHB250801040304.RAWLTP1,2025-08-01 04:10:07,NHB250801041007.RAWLTP4,2025-08-01 04:13:03,NHB250801041303.RAWLTP8
13,2025-08-01 04:20:08,NHB250801042008.RAWLTPB,2025-08-01 04:23:04,NHB250801042304.RAWLTPF,2025-08-01 04:30:08,NHB250801043008.RAWLTPJ,2025-08-01 04:33:03,NHB250801043303.RAWLTPN
14,2025-08-01 04:40:08,NHB250801044008.RAWLTPS,2025-08-01 04:43:04,NHB250801044304.RAWLTPW,2025-08-01 04:50:08,NHB250801045008.RAWLTPZ,2025-08-01 04:53:03,NHB250801045303.RAWLTR3
15,2025-08-01 05:00:08,NHB250801050008.RAWLTR6,2025-08-01 05:03:03,NHB250801050303.RAWLTRA,2025-08-01 05:10:07,NHB250801051007.RAWLTRD,2025-08-01 05:13:03,NHB250801051303.RAWLTRH
16,2025-08-01 05:20:08,NHB250801052008.RAWLTRL,2025-08-01 05:23:03,NHB250801052303.RAWLTRR,2025-08-01 05:30:08,NHB250801053008.RAWLTRU,2025-08-01 05:33:03,NHB250801053303.RAWLTRY
17,2025-08-01 05:40:08,NHB250801054008.RAWLTS1,2025-08-01 05:43:03,NHB250801054303.RAWLTS5,2025-08-01 05:50:08,NHB250801055008.RAWLTS8,2025-08-01 05:53:03,NHB250801055303.RAWLTSC
18,2025-08-01 06:00:08,NHB250801060008.RAWLTSF,2025-08-01 06:03:03,NHB250801060303.RAWLTSK,2025-08-01 06:10:08,NHB250801061008.RAWLTSN,2025-08-01 06:13:03,NHB250801061303.RAWLTST
19,2025-08-01 06:20:08,NHB250801062008.RAWLTSW,2025-08-01 06:23:03,NHB250801062303.RAWLTT0,2025-08-01 06:30:07,NHB250801063007.RAWLTT3,2025-08-01 06:33:04,NHB250801063304.RAWLTT7
20,2025-08-01 06:40:08,NHB250801064008.RAWLTTA,2025-08-01 06:43:03,NHB250801064303.RAWLTTE,2025-08-01 06:50:08,NHB250801065008.RAWLTTH,2025-08-01 06:53:03,NHB250801065303.RAWLTTM
21,2025-08-01 07:00:08,NHB250801070008.RAWLTTR,2025-08-01 07:03:04,NHB250801070304.RAWLTTV,2025-08-01 07:10:07,NHB250801071007.RAWLTTY,2025-08-01 07:13:03,NHB250801071303.RAWLTU2
22,2025-08-01 07:20:08,NHB250801072008.RAWLTU5,2025-08-01 07:23:03,NHB250801072303.RAWLTU9,2025-08-01 07:30:08,NHB250801073008.RAWLTUC,2025-08-01 07:33:03,NHB250801073303.RAWLTUG
23,2025-08-01 07:40:08,NHB250801074008.RAWLTUK,2025-08-01 07:43:04,NHB250801074304.RAWLTUP,2025-08-01 07:50:08,NHB250801075008.RAWLTUT,2025-08-01 07:53:04,NHB250801075304.RAWLTUX
24,2025-08-01 08:00:08,NHB250801080008.RAWLTV0,2025-08-01 08:03:03,NHB250801080303.RAWLTV4,2025-08-01 08:10:08,NHB250801081008.RAWLTV7,2025-08-01 08:13:04,NHB250801081304.RAWLTVB
25,2025-08-01 08:20:07,NHB250801082007.RAWLTVE,2025-08-01 08:23:04,NHB250801082304.RAWLTVJ,2025-08-01 08:30:08,NHB250801083008.RAWLTVM,2025-08-01 08:33:04,NHB250801083304.RAWLTVS
26,2025-08-01 08:40:08,NHB250801084008.RAWLTVV,2025-08-01 08:43:03,NHB250801084303.RAWLTVZ,2025-08-01 08:50:08,NHB250801085008.RAWLTW2,2025-08-01 08:53:03,NHB250801085303.RAWLTW6
27,2025-08-01 09:00:07,NHB250801090007.RAWLTW9,2025-08-01 09:03:03,NHB250801090303.RAWLTWD,2025-08-01 09:10:08,NHB250801091008.RAWLTWG,2025-08-01 09:13:04,NHB250801091304.RAWLTWL
28,2025-08-01 09:20:08,NHB250801092008.RAWLTWP,2025-08-01 09:23:03,NHB250801092303.RAWLTWU,2025-08-01 09:30:08,NHB250801093008.RAWLTWX,2025-08-01 09:33:03,NHB250801093303.RAWLTX1
29,2025-08-01 09:40:07,NHB250801094007.RAWLTX4,2025-08-01 09:43:04,NHB250801094304.RAWLTX8,2025-08-01 09:50:08,NHB250801095008.RAWLTXB,2025-08-01 09:53:03,NHB250801095303.RAWLTXF
30,2025-08-01 10:00:08,NHB250801100008.RAWLTXJ,2025-08-01 10:03:04,NHB250801100304.RAWLTXN,2025-08-01 10:10:08,NHB250801101008.RAWLTXS,2025-08-01 10:13:04,NHB250801101304.RAWLTXW
31,2025-08-01 10:20:08,NHB250801102008.RAWLTXZ,2025-08-01 10:23:03,NHB250801102303.RAWLTY3,2025-08-01 10:30:08,NHB250801103008.RAWLTY6,2025-08-01 10:33:05,NHB250801103305.RAWLTYA
32,2025-08-01 10:40:08,NHB250801104008.RAWLTYD,2025-08-01 10:43:03,NHB250801104303.RAWLTYH,2025-08-01 10:50:07,NHB250801105007.RAWLTYL,2025-08-01 10:53:04,NHB250801105304.RAWLTYR
33,2025-08-01 11:00:08,NHB250801110008.RAWLTYU,2025-08-01 11:03:04,NHB250801110304.RAWLTYY,2025-08-01 11:10:07,NHB250801111007.RAWLTZ1,2025-08-01 11:13:05,NHB250801111305.RAWLTZ5
34,2025-08-01 11:20:08,NHB250801112008.RAWLTZ8,2025-08-01 11:23:03,NHB250801112303.RAWLTZC,2025-08-01 11:30:08,NHB250801113008.RAWLTZF,2025-08-01 11:33:03,NHB250801113303.RAWLTZK
35,2025-08-01 11:40:09,NHB250801114009.RAWLTZN,2025-08-01 11:43:04,NHB250801114304.RAWLTZT,2025-08-01 11:50:08,NHB250801115008.RAWLTZW,2025-08-01 11:53:04,NHB250801115304.RAWLU00
36,2025-08-01 12:00:07,NHB250801120007.RAWLU03,2025-08-01 12:03:04,NHB250801120304.RAWLU07,2025-08-01 12:10:08,NHB250801121008.RAWLU0A,2025-08-01 12:13:04,NHB250801121304.RAWLU0E
37,2025-08-01 12:20:07,NHB250801122007.RAWLU0H,2025-08-01 12:23:03,NHB250801122303.RAWLU0M,2025-08-01 12:30:08,NHB250801123008.RAWLU0R,2025-08-01 12:33:04,NHB250801123304.RAWLU0V
38,2025-08-01 12:40:08,NHB250801124008.RAWLU0Y,2025-08-01 12:43:04,NHB250801124304.RAWLU12,2025-08-01 12:50:09,NHB250801125009.RAWLU15,2025-08-01 12:53:04,NHB250801125304.RAWLU19
39,2025-08-01 13:00:08,NHB250801130008.RAWLU1C,2025-08-01 13:03:03,NHB250801130303.RAWLU1G,2025-08-01 13:10:08,NHB250801131008.RAWLU1K,2025-08-01 13:13:04,NHB250801131304.RAWLU1P
40,2025-08-01 13:20:07,NHB250801132007.RAWLU1T,2025-08-01 13:23:04,NHB250801132304.RAWLU1X,2025-08-01 13:30:08,NHB250801133008.RAWLU20,2025-08-01 13:33:03,NHB250801133303.RAWLU24
41,2025-08-01 13:40:08,NHB250801134008.RAWLU27,2025-08-01 13:43:03,NHB250801134303.RAWLU2B,2025-08-01 13:50:08,NHB250801135008.RAWLU2E,2025-08-01 13:53:03,NHB250801135303.RAWLU2J
42,2025-08-01 14:00:08,NHB250801140008.RAWLU2M,2025-08-01 14:03:03,NHB250801140303.RAWLU2S,2025-08-01 14:10:08,NHB250801141008.RAWLU2V,2025-08-01 14:13:03,NHB250801141303.RAWLU2Z
43,2025-08-01 14:20:08,NHB250801142008.RAWLU32,2025-08-01 14:23:04,NHB250801142304.RAWLU36,2025-08-01 14:30:07,NHB250801143007.RAWLU39,2025-08-01 14:33:04,NHB250801143304.RAWLU3D
44,2025-08-01 14:40:08,NHB250801144008.RAWLU3G,2025-08-01 14:43:03,NHB250801144303.RAWLU3L,2025-08-01 14:50:07,NHB250801145007.RAWLU3P,2025-08-01 14:53:03,NHB250801145303.RAWLU3U
45,2025-08-01 15:00:07,NHB250801150007.RAWLU3X,2025-08-01 15:03:03,NHB250801150303.RAWLU41,2025-08-01 15:10:08,NHB250801151008.RAWLU44,2025-08-01 15:13:04,NHB250801151304.RAWLU48
46,2025-08-01 15:20:08,NHB250801152008.RAWLU4B,2025-08-01 15:23:03,NHB250801152303.RAWLU4F,2025-08-01 15:30:08,NHB250801153008.RAWLU4J,2025-08-01 15:33:04,NHB250801153304.RAWLU4N
47,2025-08-01 15:40:08,NHB250801154008.RAWLU4S,2025-08-01 15:43:03,NHB250801154303.RAWLU4W,2025-08-01 15:50:07,NHB250801155007.RAWLU4Z,2025-08-01 15:53:05,NHB250801155305.RAWLU53
48,2025-08-01 16:00:08,NHB250801160008.RAWLU56,2025-08-01 16:03:04,NHB250801160304.RAWLU5A,2025-08-01 16:10:08,NHB250801161008.RAWLU5D,2025-08-01 16:13:03,NHB250801161303.RAWLU5H
49,2025-08-01 16:20:07,NHB250801162007.RAWLU5L,2025-08-01 16:23:03,NHB250801162303.RAWLU5R,2025-08-01 16:30:07,NHB250801163007.RAWLU5U,2025-08-01 16:33:05,NHB250801163305.RAWLU5Y
50,2025-08-01 16:40:08,NHB250801164008.RAWLU61,2025-08-01 16:43:03,NHB250801164303.RAWLU65,2025-08-01 16:50:09,NHB250801165009.RAWLU68,2025-08-01 16:53:03,NHB250801165303.RAWLU6C
51,2025-08-01 17:00:08,NHB250801170008.RAWLU6F,2025-08-01 17:03:04,NHB250801170304.RAWLU6K,2025-08-01 17:10:08,NHB250801171008.RAWLU6N,2025-08-01 17:13:03,NHB250801171303.RAWLU6T
52,2025-08-01 17:20:08,NHB250801172008.RAWLU6W,2025-08-01 17:23:03,NHB250801172303.RAWLU70,2025-08-01 17:30:07,NHB250801173007.RAWLU73,2025-08-01 17:33:03,NHB250801173303.RAWLU77
53,2025-08-01 17:40:07,NHB250801174007.RAWLU7A,2025-08-01 17:43:03,NHB250801174303.RAWLU7E,2025-08-01 17:50:08,NHB250801175008.RAWLU7H,2025-08-01 17:53:04,NHB250801175304.RAWLU7M
54,2025-08-01 18:00:09,NHB250801180009.RAWLU7R,2025-08-01 18:03:03,NHB250801180303.RAWLU7V,2025-08-01 18:10:08,NHB250801181008.RAWLU7Y,2025-08-01 18:13:03,NHB250801181303.RAWLU82
55,2025-08-01 18:20:07,NHB250801182007.RAWLU85,2025-08-01 18:23:03,NHB250801182303.RAWLU89,2025-08-01 18:30:08,NHB250801183008.RAWLU8C,2025-08-01 18:33:03,NHB250801183303.RAWLU8G
56,2025-08-01 18:40:08,NHB250801184008.RAWLU8K,2025-08-01 18:43:04,NHB250801184304.RAWLU8P,2025-08-01 18:50:08,NHB250801185008.RAWLU8T,2025-08-01 18:53:04,NHB250801185304.RAWLU8X
57,2025-08-01 19:00:08,NHB250801190008.RAWLU90,2025-08-01 19:03:04,NHB250801190304.RAWLU94,2025-08-01 19:10:08,NHB250801191008.RAWLU97,2025-08-01 19:13:03,NHB250801191303.RAWLU9B
58,2025-08-01 19:20:08,NHB250801192008.RAWLU9E,2025-08-01 19:23:03,NHB250801192303.RAWLU9J,2025-08-01 19:30:07,NHB250801193007.RAWLU9M,2025-08-01 19:33:03,NHB250801193303.RAWLU9S
59,2025-08-01 19:40:07,NHB250801194007.RAWLU9V,2025-08-01 19:43:04,NHB250801194304.RAWLU9Z,2025-08-01 19:50:08,NHB250801195008.RAWLUA2,2025-08-01 19:53:05,NHB250801195305.RAWLUA6
60,2025-08-01 20:00:08,NHB250801200008.RAWLUA9,2025-08-01 20:03:03,NHB250801200303.RAWLUAD,2025-08-01 20:10:08,NHB250801201008.RAWLUAG,2025-08-01 20:13:04,NHB250801201304.RAWLUAL
61,2025-08-01 20:20:08,NHB250801202008.RAWLUAP,2025-08-01 20:23:03,NHB250801202303.RAWLUAU,2025-08-01 20:30:08,NHB250801203008.RAWLUAX,2025-08-01 20:33:03,NHB250801203303.RAWLUB1
62,2025-08-01 20:40:08,NHB250801204008.RAWLUB4,2025-08-01 20:43:04,NHB250801204304.RAWLUB8,2025-08-01 20:50:07,NHB250801205007.RAWLUBB,2025-08-01 20:53:04,NHB250801205304.RAWLUBF
63,2025-08-01 21:00:07,NHB250801210007.RAWLUBJ,2025-08-01 21:03:03,NHB250801210303.RAWLUBN,2025-08-01 21:10:08,NHB250801211008.RAWLUBS,2025-08-01 21:13:03,NHB250801211303.RAWLUBW
64,2025-08-01 21:20:07,NHB250801212007.RAWLUBZ,2025-08-01 21:23:03,NHB250801212303.RAWLUC3,2025-08-01 21:30:08,NHB250801213008.RAWLUC6,2025-08-01 21:33:04,NHB250801213304.RAWLUCA
65,2025-08-01 21:40:08,NHB250801214008.RAWLUCD,2025-08-01 21:43:03,NHB250801214303.RAWLUCH,2025-08-01 21:50:08,NHB250801215008.RAWLUCL,2025-08-01 21:53:03,NHB250801215303.RAWLUCR
66,2025-08-01 22:00:07,NHB250801220007.RAWLUCU,2025-08-01 22:03:04,NHB250801220304.RAWLUCY,2025-08-01 22:10:08,NHB250801221008.RAWLUD1,2025-08-01 22:13:04,NHB250801221304.RAWLUD5
67,2025-08-01 22:20:08,NHB250801222008.RAWLUD8,2025-08-01 22:23:04,NHB250801222304.RAWLUDC,2025-08-01 22:30:07,NHB250801223007.RAWLUDF,2025-08-01 22:33:04,NHB250801223304.RAWLUDK
68,2025-08-01 22:40:08,NHB250801224008.RAWLUDN,2025-08-01 22:43:03,NHB250801224303.RAWLUDT,2025-08-01 22:50:07,NHB250801225007.RAWLUDW,2025-08-01 22:53:04,NHB250801225304.RAWLUE0
69,2025-08-01 23:00:07,NHB250801230007.RAWLUE3,2025-08-01 23:03:03,NHB250801230303.RAWLUE7,2025-08-01 23:10:07,NHB250801231007.RAWLUEA,2025-08-01 23:13:04,NHB250801231304.RAWLUEE
70,2025-08-01 23:20:08,NHB250801232008.RAWLUEH,2025-08-01 23:23:03,NHB250801232303.RAWLUEM,2025-08-01 23:30:08,NHB250801233008.RAWLUER,2025-08-01 23:33:05,NHB250801233305.RAWLUEV
71,2025-08-01 23:40:07,NHB250801234007.RAWLUEY,2025-08-01 23:43:04,NHB250801234304.RAWLUF2,2025-08-01 23:50:08,NHB250801235008.RAWLUF5,2025-08-01 23:53:03,NHB250801235303.RAWLUF9
72,2025-08-02 00:00:08,NHB250802000008.RAWLUFC,2025-08-02 00:03:03,NHB250802000303.RAWLUFG,2025-08-02 00:10:07,NHB250802001007.RAWLUFK,2025-08-02 00:13:03,NHB250802001303.RAWLUFP
73,2025-08-02 00:20:07,NHB250802002007.RAWLUFT,2025-08-02 00:23:04,NHB250802002304.RAWLUFX,2025-08-02 00:30:09,NHB250802003009.RAWLUG0,2025-08-02 00:33:03,NHB250802003303.RAWLUG4
74,2025-08-02 00:40:08,NHB250802004008.RAWLUG7,2025-08-02 00:43:04,NHB250802004304.RAWLUGB,2025-08-02 00:50:07,NHB250802005007.RAWLUGE,2025-08-02 00:53:04,NHB250802005304.RAWLUGJ
75,2025-08-02 01:00:07,NHB250802010007.RAWLUGM,2025-08-02 01:03:04,NHB250802010304.RAWLUGS,2025-08-02 01:10:08,NHB250802011008.RAWLUGV,2025-08-02 01:13:04,NHB250802011304.RAWLUGZ
76,2025-08-02 01:20:08,NHB250802012008.RAWLUH2,2025-08-02 01:23:03,NHB250802012303.RAWLUH6,2025-08-02 01:30:08,NHB250802013008.RAWLUH9,2025-08-02 01:33:03,NHB250802013303.RAWLUHD
77,2025-08-02 01:40:08,NHB250802014008.RAWLUHG,2025-08-02 01:43:04,NHB250802014304.RAWLUHL,2025-08-02 01:50:08,NHB250802015008.RAWLUHP,2025-08-02 01:53:04,NHB250802015304.RAWLUHU
78,2025-08-02 02:00:07,NHB250802020007.RAWLUHX,2025-08-02 02:03:03,NHB250802020303.RAWLUJ1,2025-08-02 02:10:08,NHB250802021008.RAWLUJ4,2025-08-02 02:13:04,NHB250802021304.RAWLUJ8
79,2025-08-02 02:20:08,NHB250802022008.RAWLUJB,2025-08-02 02:23:03,NHB250802022303.RAWLUJF,2025-08-02 02:30:08,NHB250802023008.RAWLUJJ,2025-08-02 02:33:03,NHB250802023303.RAWLUJN
80,2025-08-02 02:40:08,NHB250802024008.RAWLUJS,2025-08-02 02:43:03,NHB250802024303.RAWLUJW,2025-08-02 02:50:08,NHB250802025008.RAWLUJZ,2025-08-02 02:53:03,NHB250802025303.RAWLUK3
81,2025-08-02 03:00:08,NHB250802030008.RAWLUK6,2025-08-02 03:03:04,NHB250802030304.RAWLUKA,2025-08-02 03:10:07,NHB250802031007.RAWLUKD,2025-08-02 03:13:04,NHB250802031304.RAWLUKH
82,2025-08-02 03:20:07,NHB250802032007.RAWLUKL,2025-08-02 03:23:03,NHB250802032303.RAWLUKR,2025-08-02 03:30:08,NHB250802033008.RAWLUKU,2025-08-02 03:33:03,NHB250802033303.RAWLUKY
83,2025-08-02 03:40:08,NHB250802034008.RAWLUL1,2025-08-02 03:43:03,NHB250802034303.RAWLUL5,2025-08-02 03:50:08,NHB250802035008.RAWLUL8,2025-08-02 03:53:04,NHB250802035304.RAWLULC
84,2025-08-02 04:00:08,NHB250802040008.RAWLULF,2025-08-02 04:03:04,NHB250802040304.RAWLULK,2025-08-02 04:10:08,NHB250802041008.RAWLULN,2025-08-02 04:13:04,NHB250802041304.RAWLULT
85,2025-08-02 04:20:09,NHB250802042009.RAWLULW,2025-08-02 04:23:03,NHB250802042303.RAWLUM0,2025-08-02 04:30:08,NHB250802043008.RAWLUM3,2025-08-02 04:33:03,NHB250802043303.RAWLUM7
86,2025-08-02 04:40:07,NHB250802044007.RAWLUMA,2025-08-02 04:43:04,NHB250802044304.RAWLUME,2025-08-02 04:50:08,NHB250802045008.RAWLUMH,2025-08-02 04:53:04,NHB250802045304.RAWLUMM
87,2025-08-02 05:00:07,NHB250802050007.RAWLUMR,2025-08-02 05:03:03,NHB250802050303.RAWLUMV,2025-08-02 05:10:08,NHB250802051008.RAWLUMY,2025-08-02 05:13:04,NHB250802051304.RAWLUN2
88,2025-08-02 05:20:07,NHB250802052007.RAWLUN5,2025-08-02 05:23:03,NHB250802052303.RAWLUN9,2025-08-02 05:30:08,NHB250802053008.RAWLUNC,2025-08-02 05:33:04,NHB250802053304.RAWLUNG
89,2025-08-02 05:40:08,NHB250802054008.RAWLUNK,2025-08-02 05:43:03,NHB250802054303.RAWLUNP,2025-08-02 05:50:07,NHB250802055007.RAWLUNT,2025-08-02 05:53:03,NHB250802055303.RAWLUNX
90,2025-08-02 06:00:09,NHB250802060009.RAWLUP0,2025-08-02 06:03:03,NHB250802060303.RAWLUP4,2025-08-02 06:10:07,NHB250802061007.RAWLUP7,2025-08-02 06:13:04,NHB250802061304.RAWLUPB
91,2025-08-02 06:20:08,NHB250802062008.RAWLUPE,2025-08-02 06:23:04,NHB250802062304.RAWLUPJ,2025-08-02 06:30:07,NHB250802063007.RAWLUPM,2025-08-02 06:33:03,NHB250802063303.RAWLUPS
92,2025-08-02 06:40:07,NHB250802064007.RAWLUPV,2025-08-02 06:43:04,NHB250802064304.RAWLUPZ,2025-08-02 06:50:07,NHB250802065007.RAWLUR2,2025-08-02 06:53:03,NHB250802065303.RAWLUR6
93,2025-08-02 07:00:08,NHB250802070008.RAWLUR9,2025-08-02 07:03:04,NHB250802070304.RAWLURD,2025-08-02 07:10:08,NHB250802071008.RAWLURG,2025-08-02 07:13:03,NHB250802071303.RAWLURL
94,2025-08-02 07:20:07,NHB250802072007.RAWLURP,2025-08-02 07:23:03,NHB250802072303.RAWLURU,2025-08-02 07:30:07,NHB250802073007.RAWLURX,2025-08-02 07:33:04,NHB250802073304.RAWLUS1
95,2025-08-02 07:40:07,NHB250802074007.RAWLUS4,2025-08-02 07:43:04,NHB250802074304.RAWLUS8,2025-08-02 07:50:08,NHB250802075008.RAWLUSB,2025-08-02 07:53:03,NHB250802075303.RAWLUSF
96,2025-08-02 08:00:08,NHB250802080008.RAWLUSJ,2025-08-02 08:03:04,NHB250802080304.RAWLUSN,2025-08-02 08:10:07,NHB250802081007.RAWLUSS,2025-08-02 08:13:03,NHB250802081303.RAWLUSW
97,2025-08-02 08:20:07,NHB250802082007.RAWLUSZ,2025-08-02 08:23:04,NHB250802082304.RAWLUT3,2025-08-02 08:30:07,NHB250802083007.RAWLUT6,2025-08-02 08:33:03,NHB250802083303.RAWLUTA
98,2025-08-02 08:40:07,NHB250802084007.RAWLUTD,2025-08-02 08:43:04,NHB250802084304.RAWLUTH,2025-08-02 08:50:07,NHB250802085007.RAWLUTL,2025-08-02 08:53:03,NHB250802085303.RAWLUTR
99,2025-08-02 09:00:08,NHB250802090008.RAWLUTU,2025-08-02 09:03:03,NHB250802090303.RAWLUTY,2025-08-02 09:10:08,NHB250802091008.RAWLUU1,2025-08-02 09:13:04,NHB250802091304.RAWLUU5
100,2025-08-02 09:20:07,NHB250802092007.RAWLUU8,2025-08-02 09:23:05,NHB250802092305.RAWLUUC,2025-08-02 09:30:08,NHB250802093008.RAWLUUF,2025-08-02 09:33:03,NHB250802093303.RAWLUUK
101,2025-08-02 09:40:08,NHB250802094008.RAWLUUN,2025-08-02 09:43:04,NHB250802094304.RAWLUUT,2025-08-02 09:50:08,NHB250802095008.RAWLUUW,2025-08-02 09:53:03,NHB250802095303.RAWLUV0
102,2025-08-02 10:00:08,NHB250802100008.RAWLUV3,2025-08-02 10:03:03,NHB250802100303.RAWLUV7,2025-08-02 10:10:08,NHB250802101008.RAWLUVA,2025-08-02 10:13:03,NHB250802101303.RAWLUVE
103,2025-08-02 10:20:08,NHB250802102008.RAWLUVH,2025-08-02 10:23:03,NHB250802102303.RAWLUVM,2025-08-02 10:30:07,NHB250802103007.RAWLUVR,2025-08-02 10:33:03,NHB250802103303.RAWLUVV
104,2025-08-02 10:40:07,NHB250802104007.RAWLUVY,2025-08-02 10:43:05,NHB250802104305.RAWLUW2,2025-08-02 10:50:08,NHB250802105008.RAWLUW5,2025-08-02 10:53:03,NHB250802105303.RAWLUW9
105,2025-08-02 11:00:07,NHB250802110007.RAWLUWC,2025-08-02 11:03:04,NHB250802110304.RAWLUWG,2025-08-02 11:10:08,NHB250802111008.RAWLUWK,2025-08-02 11:13:03,NHB250802111303.RAWLUWP
106,2025-08-02 11:20:08,NHB250802112008.RAWLUWT,2025-08-02 11:23:03,NHB250802112303.RAWLUWX,2025-08-02 11:30:07,NHB250802113007.RAWLUX0,2025-08-02 11:33:03,NHB250802113303.RAWLUX4
107,2025-08-02 11:40:08,NHB250802114008.RAWLUX7,2025-08-02 11:43:04,NHB250802114304.RAWLUXB,2025-08-02 11:50:08,NHB250802115008.RAWLUXE,2025-08-02 11:53:03,NHB250802115303.RAWLUXJ
108,2025-08-02 12:00:08,NHB250802120008.RAWLUXM,2025-08-02 12:03:03,NHB250802120303.RAWLUXS,2025-08-02 12:10:08,NHB250802121008.RAWLUXV,2025-08-02 12:13:04,NHB250802121304.RAWLUXZ
109,2025-08-02 12:20:07,NHB250802122007.RAWLUY2,2025-08-02 12:23:03,NHB250802122303.RAWLUY6,2025-08-02 12:30:08,NHB250802123008.RAWLUY9,2025-08-02 12:33:03,NHB250802123303.RAWLUYD
110,2025-08-02 12:40:08,NHB250802124008.RAWLUYG,2025-08-02 12:43:04,NHB250802124304.RAWLUYL,2025-08-02 12:50:08,NHB250802125008.RAWLUYP,2025-08-02 12:53:03,NHB250802125303.RAWLUYU
111,2025-08-02 13:00:07,NHB250802130007.RAWLUYX,2025-08-02 13:03:03,NHB250802130303.RAWLUZ1,2025-08-02 13:10:08,NHB250802131008.RAWLUZ4,2025-08-02 13:13:04,NHB250802131304.RAWLUZ8
112,2025-08-02 13:20:08,NHB250802132008.RAWLUZB,2025-08-02 13:23:04,NHB250802132304.RAWLUZF,2025-08-02 13:30:08,NHB250802133008.RAWLUZJ,2025-08-02 13:33:03,NHB250802133303.RAWLUZN
113,2025-08-02 13:40:08,NHB250802134008.RAWLUZS,2025-08-02 13:43:05,NHB250802134305.RAWLUZW,2025-08-02 13:50:08,NHB250802135008.RAWLUZZ,2025-08-02 13:53:03,NHB250802135303.RAWLV03
114,2025-08-02 14:00:08,NHB250802140008.RAWLV06,2025-08-02 14:03:03,NHB250802140303.RAWLV0A,2025-08-02 14:10:09,NHB250802141009.RAWLV0D,2025-08-02 14:13:04,NHB250802141304.RAWLV0H
115,2025-08-02 14:20:08,NHB250802142008.RAWLV0L,2025-08-02 14:23:04,NHB250802142304.RAWLV0R,2025-08-02 14:30:08,NHB250802143008.RAWLV0U,2025-08-02 14:33:03,NHB250802143303.RAWLV0Y
116,2025-08-02 14:40:08,NHB250802144008.RAWLV11,2025-08-02 14:43:03,NHB250802144303.RAWLV15,2025-08-02 14:50:08,NHB250802145008.RAWLV18,2025-08-02 14:53:03,NHB250802145303.RAWLV1C
117,2025-08-02 15:00:08,NHB250802150008.RAWLV1F,2025-08-02 15:03:04,NHB250802150304.RAWLV1K,2025-08-02 15:10:08,NHB250802151008.RAWLV1N,2025-08-02 15:13:03,NHB250802151303.RAWLV1T
118,2025-08-02 15:20:08,NHB250802152008.RAWLV1W,2025-08-02 15:23:04,NHB250802152304.RAWLV20,2025-08-02 15:30:09,NHB250802153009.RAWLV23,2025-08-02 15:33:04,NHB250802153304.RAWLV27
119,2025-08-02 15:40:08,NHB250802154008.RAWLV2A,2025-08-02 15:43:04,NHB250802154304.RAWLV2E,2025-08-02 15:50:07,NHB250802155007.RAWLV2H,2025-08-02 15:53:04,NHB250802155304.RAWLV2M
120,2025-08-02 16:00:08,NHB250802160008.RAWLV2R,2025-08-02 16:03:04,NHB250802160304.RAWLV2V,2025-08-02 16:10:08,NHB250802161008.RAWLV2Y,2025-08-02 16:13:04,NHB250802161304.RAWLV32
121,2025-08-02 16:20:08,NHB250802162008.RAWLV35,2025-08-02 16:23:03,NHB250802162303.RAWLV39,2025-08-02 16:30:09,NHB250802163009.RAWLV3C,2025-08-02 16:33:04,NHB250802163304.RAWLV3G
122,2025-08-02 16:40:08,NHB250802164008.RAWLV3K,2025-08-02 16:43:03,NHB250802164303.RAWLV3P,2025-08-02 16:50:08,NHB250802165008.RAWLV3T,2025-08-02 16:53:03,NHB250802165303.RAWLV3X
123,2025-08-02 17:00:08,NHB250802170008.RAWLV40,2025-08-02 17:03:03,NHB250802170303.RAWLV44,2025-08-02 17:10:08,NHB250802171008.RAWLV47,2025-08-02 17:13:03,NHB250802171303.RAWLV4B
124,2025-08-02 17:20:08,NHB250802172008.RAWLV4E,2025-08-02 17:23:03,NHB250802172303.RAWLV4J,2025-08-02 17:30:08,NHB250802173008.RAWLV4M,2025-08-02 17:33:04,NHB250802173304.RAWLV4S
125,2025-08-02 17:40:08,NHB250802174008.RAWLV4V,2025-08-02 17:43:03,NHB250802174303.RAWLV4Z,2025-08-02 17:50:08,NHB250802175008.RAWLV52,2025-08-02 17:53:03,NHB250802175303.RAWLV56
126,2025-08-02 18:00:07,NHB250802180007.RAWLV59,2025-08-02 18:03:03,NHB250802180303.RAWLV5D,2025-08-02 18:10:08,NHB250802181008.RAWLV5G,2025-08-02 18:13:04,NHB250802181304.RAWLV5L
127,2025-08-02 18:20:08,NHB250802182008.RAWLV5P,2025-08-02 18:23:04,NHB250802182304.RAWLV5U,2025-08-02 18:30:08,NHB250802183008.RAWLV5X,2025-08-02 18:33:04,NHB250802183304.RAWLV61
128,2025-08-02 18:40:08,NHB250802184008.RAWLV64,2025-08-02 18:43:03,NHB250802184303.RAWLV68,2025-08-02 18:50:08,NHB250802185008.RAWLV6B,2025-08-02 18:53:04,NHB250802185304.RAWLV6F
129,2025-08-02 19:00:08,NHB250802190008.RAWLV6J,2025-08-02 19:03:04,NHB250802190304.RAWLV6N,2025-08-02 19:10:07,NHB250802191007.RAWLV6S,2025-08-02 19:13:04,NHB250802191304.RAWLV6W
130,2025-08-02 19:20:09,NHB250802192009.RAWLV6Z,2025-08-02 19:23:04,NHB250802192304.RAWLV73,2025-08-02 19:30:09,NHB250802193009.RAWLV76,2025-08-02 19:33:03,NHB250802193303.RAWLV7A
131,2025-08-02 19:40:07,NHB250802194007.RAWLV7D,2025-08-02 19:43:04,NHB250802194304.RAWLV7H,2025-08-02 19:50:08,NHB250802195008.RAWLV7L,2025-08-02 19:53:03,NHB250802195303.RAWLV7R
132,2025-08-02 20:00:07,NHB250802200007.RAWLV7U,2025-08-02 20:03:03,NHB250802200303.RAWLV7Y,2025-08-02 20:10:08,NHB250802201008.RAWLV81,2025-08-02 20:13:04,NHB250802201304.RAWLV85
133,2025-08-02 20:20:08,NHB250802202008.RAWLV88,2025-08-02 20:23:04,NHB250802202304.RAWLV8C,2025-08-02 20:30:08,NHB250802203008.RAWLV8F,2025-08-02 20:33:05,NHB250802203305.RAWLV8K
134,2025-08-02 20:40:08,NHB250802204008.RAWLV8N,2025-08-02 20:43:04,NHB250802204304.RAWLV8T,2025-08-02 20:50:08,NHB250802205008.RAWLV8W,2025-08-02 20:53:04,NHB250802205304.RAWLV90
135,2025-08-02 21:00:07,NHB250802210007.RAWLV93,2025-08-02 21:03:03,NHB250802210303.RAWLV97,2025-08-02 21:10:08,NHB250802211008.RAWLV9A,2025-08-02 21:13:04,NHB250802211304.RAWLV9E
136,2025-08-02 21:20:08,NHB250802212008.RAWLV9H,2025-08-02 21:23:03,NHB250802212303.RAWLV9M,2025-08-02 21:30:08,NHB250802213008.RAWLV9R,2025-08-02 21:33:03,NHB250802213303.RAWLV9V
137,2025-08-02 21:40:08,NHB250802214008.RAWLV9Y,2025-08-02 21:43:04,NHB250802214304.RAWLVA2,2025-08-02 21:50:07,NHB250802215007.RAWLVA5,2025-08-02 21:53:04,NHB250802215304.RAWLVA9
138,2025-08-02 22:00:08,NHB250802220008.RAWLVAC,2025-08-02 22:03:04,NHB250802220304.RAWLVAG,2025-08-02 22:10:07,NHB250802221007.RAWLVAK,2025-08-02 22:13:04,NHB250802221304.RAWLVAP
139,2025-08-02 22:20:07,NHB250802222007.RAWLVAT,2025-08-02 22:23:04,NHB250802222304.RAWLVAX,2025-08-02 22:30:08,NHB250802223008.RAWLVB0,2025-08-02 22:33:04,NHB250802223304.RAWLVB4
140,2025-08-02 22:40:07,NHB250802224007.RAWLVB7,2025-08-02 22:43:04,NHB250802224304.RAWLVBB,2025-08-02 22:50:07,NHB250802225007.RAWLVBE,2025-08-02 22:53:03,NHB250802225303.RAWLVBJ
141,2025-08-02 23:00:08,NHB250802230008.RAWLVBM,2025-08-02 23:03:03,NHB250802230303.RAWLVBS,2025-08-02 23:10:08,NHB250802231008.RAWLVBV,2025-08-02 23:13:04,NHB250802231304.RAWLVBZ
142,2025-08-02 23:20:08,NHB250802232008.RAWLVC2,2025-08-02 23:23:03,NHB250802232303.RAWLVC6,2025-08-02 23:30:08,NHB250802233008.RAWLVC9,2025-08-02 23:33:03,NHB250802233303.RAWLVCD
143,2025-08-02 23:40:08,NHB250802234008.RAWLVCG,2025-08-02 23:43:03,NHB250802234303.RAWLVCL,2025-08-02 23:50:08,NHB250802235008.RAWLVCP,2025-08-02 23:53:03,NHB250802235303.RAWLVCU
144,2025-08-03 00:00:08,NHB250803000008.RAWLVCX,2025-08-03 00:03:03,NHB250803000303.RAWLVD1,2025-08-03 00:10:08,NHB250803001008.RAWLVD4,2025-08-03 00:13:03,NHB250803001303.RAWLVD8
145,2025-08-03 00:20:08,NHB250803002008.RAWLVDB,2025-08-03 00:23:03,NHB250803002303.RAWLVDF,2025-08-03 00:30:08,NHB250803003008.RAWLVDJ,2025-08-03 00:33:04,NHB250803003304.RAWLVDN
146,2025-08-03 00:40:08,NHB250803004008.RAWLVDS,2025-08-03 00:43:03,NHB250803004303.RAWLVDW,2025-08-03 00:50:08,NHB250803005008.RAWLVDZ,2025-08-03 00:53:04,NHB250803005304.RAWLVE3
147,2025-08-03 01:00:08,NHB250803010008.RAWLVE6,2025-08-03 01:03:04,NHB250803010304.RAWLVEA,2025-08-03 01:10:08,NHB250803011008.RAWLVED,2025-08-03 01:13:03,NHB250803011303.RAWLVEH
148,2025-08-03 01:20:08,NHB250803012008.RAWLVEL,2025-08-03 01:23:04,NHB250803012304.RAWLVER,2025-08-03 01:30:08,NHB250803013008.RAWLVEU,2025-08-03 01:33:03,NHB250803013303.RAWLVEY
149,2025-08-03 01:40:07,NHB250803014007.RAWLVF1,2025-08-03 01:43:03,NHB250803014303.RAWLVF5,2025-08-03 01:50:07,NHB250803015007.RAWLVF8,2025-08-03 01:53:03,NHB250803015303.RAWLVFC
150,2025-08-03 02:00:08,NHB250803020008.RAWLVFF,2025-08-03 02:03:04,NHB250803020304.RAWLVFK,2025-08-03 02:10:08,NHB250803021008.RAWLVFN,2025-08-03 02:13:04,NHB250803021304.RAWLVFT
151,2025-08-03 02:20:08,NHB250803022008.RAWLVFW,2025-08-03 02:23:04,NHB250803022304.RAWLVG0,2025-08-03 02:30:08,NHB250803023008.RAWLVG3,2025-08-03 02:33:03,NHB250803023303.RAWLVG7
152,2025-08-03 02:40:08,NHB250803024008.RAWLVGA,2025-08-03 02:43:04,NHB250803024304.RAWLVGE,2025-08-03 02:50:08,NHB250803025008.RAWLVGH,2025-08-03 02:53:05,NHB250803025305.RAWLVGM
153,2025-08-03 03:00:08,NHB250803030008.RAWLVGR,2025-08-03 03:03:03,NHB250803030303.RAWLVGV,2025-08-03 03:10:08,NHB250803031008.RAWLVGY,2025-08-03 03:13:03,NHB250803031303.RAWLVH2
154,2025-08-03 03:20:08,NHB250803032008.RAWLVH5,2025-08-03 03:23:03,NHB250803032303.RAWLVH9,2025-08-03 03:30:08,NHB250803033008.RAWLVHC,2025-08-03 03:33:04,NHB250803033304.RAWLVHG
155,2025-08-03 03:40:08,NHB250803034008.RAWLVHK,2025-08-03 03:43:04,NHB250803034304.RAWLVHP,2025-08-03 03:50:07,NHB250803035007.RAWLVHT,2025-08-03 03:53:04,NHB250803035304.RAWLVHX
156,2025-08-03 04:00:08,NHB250803040008.RAWLVJ0,2025-08-03 04:03:05,NHB250803040305.RAWLVJ4,2025-08-03 04:10:08,NHB250803041008.RAWLVJ7,2025-08-03 04:13:04,NHB250803041304.RAWLVJB
157,2025-08-03 04:20:08,NHB250803042008.RAWLVJE,2025-08-03 04:23:04,NHB250803042304.RAWLVJJ,2025-08-03 04:30:09,NHB250803043009.RAWLVJM,2025-08-03 04:33:03,NHB250803043303.RAWLVJS
158,2025-08-03 04:40:07,NHB250803044007.RAWLVJV,2025-08-03 04:43:04,NHB250803044304.RAWLVJZ,2025-08-03 04:50:08,NHB250803045008.RAWLVK2,2025-08-03 04:53:03,NHB250803045303.RAWLVK6
159,2025-08-03 05:00:08,NHB250803050008.RAWLVK9,2025-08-03 05:03:03,NHB250803050303.RAWLVKD,2025-08-03 05:10:08,NHB250803051008.RAWLVKG,2025-08-03 05:13:03,NHB250803051303.RAWLVKL
160,2025-08-03 05:20:08,NHB250803052008.RAWLVKP,2025-08-03 05:23:03,NHB250803052303.RAWLVKU,2025-08-03 05:30:08,NHB250803053008.RAWLVKX,2025-08-03 05:33:03,NHB250803053303.RAWLVL1
161,2025-08-03 05:40:08,NHB250803054008.RAWLVL4,2025-08-03 05:43:03,NHB250803054303.RAWLVL8,2025-08-03 05:50:08,NHB250803055008.RAWLVLB,2025-08-03 05:53:03,NHB250803055303.RAWLVLF
162,2025-08-03 06:00:08,NHB250803060008.RAWLVLJ,2025-08-03 06:03:03,NHB250803060303.RAWLVLN,2025-08-03 06:10:08,NHB250803061008.RAWLVLS,2025-08-03 06:13:04,NHB250803061304.RAWLVLW
163,2025-08-03 06:20:08,NHB250803062008.RAWLVLZ,2025-08-03 06:23:04,NHB250803062304.RAWLVM3,2025-08-03 06:30:07,NHB250803063007.RAWLVM6,2025-08-03 06:33:03,NHB250803063303.RAWLVMA
164,2025-08-03 06:40:08,NHB250803064008.RAWLVMD,2025-08-03 06:43:04,NHB250803064304.RAWLVMH,2025-08-03 06:50:08,NHB250803065008.RAWLVML,2025-08-03 06:53:03,NHB250803065303.RAWLVMR
165,2025-08-03 07:00:08,NHB250803070008.RAWLVMU,2025-08-03 07:03:04,NHB250803070304.RAWLVMY,2025-08-03 07:10:08,NHB250803071008.RAWLVN1,2025-08-03 07:13:03,NHB250803071303.RAWLVN5
166,2025-08-03 07:20:08,NHB250803072008.RAWLVN8,2025-08-03 07:23:04,NHB250803072304.RAWLVNC,2025-08-03 07:30:08,NHB250803073008.RAWLVNF,2025-08-03 07:33:03,NHB250803073303.RAWLVNK
167,2025-08-03 07:40:08,NHB250803074008.RAWLVNN,2025-08-03 07:43:03,NHB250803074303.RAWLVNT,2025-08-03 07:50:09,NHB250803075009.RAWLVNW,2025-08-03 07:53:03,NHB250803075303.RAWLVP0
168,2025-08-03 08:00:08,NHB250803080008.RAWLVP3,2025-08-03 08:03:03,NHB250803080303.RAWLVP7,2025-08-03 08:10:07,NHB250803081007.RAWLVPA,2025-08-03 08:13:04,NHB250803081304.RAWLVPE
169,2025-08-03 08:20:08,NHB250803082008.RAWLVPH,2025-08-03 08:23:03,NHB250803082303.RAWLVPM,2025-08-03 08:30:08,NHB250803083008.RAWLVPR,2025-08-03 08:33:03,NHB250803083303.RAWLVPV
170,2025-08-03 08:40:08,NHB250803084008.RAWLVPY,2025-08-03 08:43:04,NHB250803084304.RAWLVR2,2025-08-03 08:50:07,NHB250803085007.RAWLVR5,2025-08-03 08:53:03,NHB250803085303.RAWLVR9
171,2025-08-03 09:00:08,NHB250803090008.RAWLVRC,2025-08-03 09:03:03,NHB250803090303.RAWLVRG,2025-08-03 09:10:08,NHB250803091008.RAWLVRK,2025-08-03 09:13:03,NHB250803091303.RAWLVRP
172,2025-08-03 09:20:07,NHB250803092007.RAWLVRT,2025-08-03 09:23:04,NHB250803092304.RAWLVRX,2025-08-03 09:30:08,NHB250803093008.RAWLVS0,2025-08-03 09:33:03,NHB250803093303.RAWLVS4
173,2025-08-03 09:40:08,NHB250803094008.RAWLVS7,2025-08-03 09:43:03,NHB250803094303.RAWLVSB,2025-08-03 09:50:08,NHB250803095008.RAWLVSE,2025-08-03 09:53:04,NHB250803095304.RAWLVSJ
174,2025-08-03 10:00:08,NHB250803100008.RAWLVSM,2025-08-03 10:03:03,NHB250803100303.RAWLVSS,2025-08-03 10:10:09,NHB250803101009.RAWLVSV,2025-08-03 10:13:04,NHB250803101304.RAWLVSZ
175,2025-08-03 10:20:08,NHB250803102008.RAWLVT2,2025-08-03 10:23:03,NHB250803102303.RAWLVT6,2025-08-03 10:30:08,NHB250803103008.RAWLVT9,2025-08-03 10:33:03,NHB250803103303.RAWLVTD
176,2025-08-03 10:40:08,NHB250803104008.RAWLVTG,2025-08-03 10:43:03,NHB250803104303.RAWLVTL,2025-08-03 10:50:08,NHB250803105008.RAWLVTP,2025-08-03 10:53:04,NHB250803105304.RAWLVTU
177,2025-08-03 11:00:08,NHB250803110008.RAWLVTX,2025-08-03 11:03:03,NHB250803110303.RAWLVU1,2025-08-03 11:10:07,NHB250803111007.RAWLVU4,2025-08-03 11:13:04,NHB250803111304.RAWLVU8
178,2025-08-03 11:20:08,NHB250803112008.RAWLVUB,2025-08-03 11:23:03,NHB250803112303.RAWLVUF,2025-08-03 11:30:07,NHB250803113007.RAWLVUJ,2025-08-03 11:33:04,NHB250803113304.RAWLVUN
179,2025-08-03 11:40:09,NHB250803114009.RAWLVUS,2025-08-03 11:43:03,NHB250803114303.RAWLVUW,2025-08-03 11:50:09,NHB250803115009.RAWLVUZ,2025-08-03 11:53:03,NHB250803115303.RAWLVV3
180,2025-08-03 12:00:08,NHB250803120008.RAWLVV6,2025-08-03 12:03:03,NHB250803120303.RAWLVVA,2025-08-03 12:10:08,NHB250803121008.RAWLVVD,2025-08-03 12:13:04,NHB250803121304.RAWLVVH
181,2025-08-03 12:20:08,NHB250803122008.RAWLVVL,2025-08-03 12:23:03,NHB250803122303.RAWLVVR,2025-08-03 12:30:08,NHB250803123008.RAWLVVU,2025-08-03 12:33:03,NHB250803123303.RAWLVVY
182,2025-08-03 12:40:08,NHB250803124008.RAWLVW1,2025-08-03 12:43:03,NHB250803124303.RAWLVW5,2025-08-03 12:50:08,NHB250803125008.RAWLVW8,2025-08-03 12:53:03,NHB250803125303.RAWLVWC
183,2025-08-03 13:00:08,NHB250803130008.RAWLVWF,2025-08-03 13:03:04,NHB250803130304.RAWLVWK,2025-08-03 13:10:08,NHB250803131008.RAWLVWN,2025-08-03 13:13:03,NHB250803131303.RAWLVWT
184,2025-08-03 13:20:07,NHB250803132007.RAWLVWW,2025-08-03 13:23:04,NHB250803132304.RAWLVX0,2025-08-03 13:30:08,NHB250803133008.RAWLVX3,2025-08-03 13:33:03,NHB250803133303.RAWLVX7
185,2025-08-03 13:40:08,NHB250803134008.RAWLVXA,2025-08-03 13:43:03,NHB250803134303.RAWLVXE,2025-08-03 13:50:07,NHB250803135007.RAWLVXH,2025-08-03 13:53:03,NHB250803135303.RAWLVXM
186,2025-08-03 14:00:08,NHB250803140008.RAWLVXR,2025-08-03 14:03:04,NHB250803140304.RAWLVXV,2025-08-03 14:10:08,NHB250803141008.RAWLVXY,2025-08-03 14:13:03,NHB250803141303.RAWLVY2
187,2025-08-03 14:20:08,NHB250803142008.RAWLVY5,2025-08-03 14:23:04,NHB250803142304.RAWLVY9,2025-08-03 14:30:07,NHB250803143007.RAWLVYC,2025-08-03 14:33:04,NHB250803143304.RAWLVYG
188,2025-08-03 14:40:07,NHB250803144007.RAWLVYK,2025-08-03 14:43:03,NHB250803144303.RAWLVYP,2025-08-03 14:50:07,NHB250803145007.RAWLVYT,2025-08-03 14:53:04,NHB250803145304.RAWLVYX
189,2025-08-03 15:00:08,NHB250803150008.RAWLVZ0,2025-08-03 15:03:04,NHB250803150304.RAWLVZ4,2025-08-03 15:10:08,NHB250803151008.RAWLVZ7,2025-08-03 15:13:03,NHB250803151303.RAWLVZB
190,2025-08-03 15:20:07,NHB250803152007.RAWLVZE,2025-08-03 15:23:04,NHB250803152304.RAWLVZJ,2025-08-03 15:30:07,NHB250803153007.RAWLVZM,2025-08-03 15:33:04,NHB250803153304.RAWLVZS
191,2025-08-03 15:40:08,NHB250803154008.RAWLVZV,2025-08-03 15:43:04,NHB250803154304.RAWLVZZ,2025-08-03 15:50:09,NHB250803155009.RAWLW02,2025-08-03 15:53:03,NHB250803155303.RAWLW06
192,2025-08-03 16:00:08,NHB250803160008.RAWLW09,2025-08-03 16:03:04,NHB250803160304.RAWLW0D,2025-08-03 16:10:07,NHB250803161007.RAWLW0G,2025-08-03 16:13:03,NHB250803161303.RAWLW0L
193,2025-08-03 16:20:07,NHB250803162007.RAWLW0P,2025-08-03 16:23:03,NHB250803162303.RAWLW0U,2025-08-03 16:30:09,NHB250803163009.RAWLW0X,2025-08-03 16:33:04,NHB250803163304.RAWLW11
194,2025-08-03 16:40:07,NHB250803164007.RAWLW14,2025-08-03 16:43:04,NHB250803164304.RAWLW18,2025-08-03 16:50:08,NHB250803165008.RAWLW1B,2025-08-03 16:53:04,NHB250803165304.RAWLW1F
195,2025-08-03 17:00:08,NHB250803170008.RAWLW1J,2025-08-03 17:03:04,NHB250803170304.RAWLW1N,2025-08-03 17:10:07,NHB250803171007.RAWLW1S,2025-08-03 17:13:03,NHB250803171303.RAWLW1W
196,2025-08-03 17:20:07,NHB250803172007.RAWLW1Z,2025-08-03 17:23:04,NHB250803172304.RAWLW23,2025-08-03 17:30:07,NHB250803173007.RAWLW26,2025-08-03 17:33:03,NHB250803173303.RAWLW2A
197,2025-08-03 17:40:08,NHB250803174008.RAWLW2D,2025-08-03 17:43:04,NHB250803174304.RAWLW2H,2025-08-03 17:50:09,NHB250803175009.RAWLW2L,2025-08-03 17:53:03,NHB250803175303.RAWLW2R
198,2025-08-03 18:00:08,NHB250803180008.RAWLW2U,2025-08-03 18:03:04,NHB250803180304.RAWLW2Y,2025-08-03 18:10:08,NHB250803181008.RAWLW31,2025-08-03 18:13:03,NHB250803181303.RAWLW35
199,2025-08-03 18:20:08,NHB250803182008.RAWLW38,2025-08-03 18:23:03,NHB250803182303.RAWLW3C,2025-08-03 18:30:07,NHB250803183007.RAWLW3F,2025-08-03 18:33:04,NHB250803183304.RAWLW3K
200,2025-08-03 18:40:09,NHB250803184009.RAWLW3N,2025-08-03 18:43:04,NHB250803184304.RAWLW3T,2025-08-03 18:50:08,NHB250803185008.RAWLW3W,2025-08-03 18:53:04,NHB250803185304.RAWLW40
201,2025-08-03 19:00:08,NHB250803190008.RAWLW43,2025-08-03 19:03:04,NHB250803190304.RAWLW47,2025-08-03 19:10:07,NHB250803191007.RAWLW4A,2025-08-03 19:13:03,NHB250803191303.RAWLW4E
202,2025-08-03 19:20:07,NHB250803192007.RAWLW4H,2025-08-03 19:23:03,NHB250803192303.RAWLW4M,2025-08-03 19:30:07,NHB250803193007.RAWLW4R,2025-08-03 19:33:04,NHB250803193304.RAWLW4V
203,2025-08-03 19:40:07,NHB250803194007.RAWLW4Y,2025-08-03 19:43:04,NHB250803194304.RAWLW52,2025-08-03 19:50:08,NHB250803195008.RAWLW55,2025-08-03 19:53:03,NHB250803195303.RAWLW59
204,2025-08-03 20:00:08,NHB250803200008.RAWLW5C,2025-08-03 20:03:04,NHB250803200304.RAWLW5G,2025-08-03 20:10:07,NHB250803201007.RAWLW5K,2025-08-03 20:13:03,NHB250803201303.RAWLW5P
205,2025-08-03 20:20:08,NHB250803202008.RAWLW5T,2025-08-03 20:23:03,NHB250803202303.RAWLW5X,2025-08-03 20:30:08,NHB250803203008.RAWLW60,2025-08-03 20:33:04,NHB250803203304.RAWLW64
206,2025-08-03 20:40:07,NHB250803204007.RAWLW67,2025-08-03 20:43:04,NHB250803204304.RAWLW6B,2025-08-03 20:50:08,NHB250803205008.RAWLW6E,2025-08-03 20:53:04,NHB250803205304.RAWLW6J
207,2025-08-03 21:00:08,NHB250803210008.RAWLW6M,2025-08-03 21:03:04,NHB250803210304.RAWLW6S,2025-08-03 21:10:09,NHB250803211009.RAWLW6V,2025-08-03 21:13:03,NHB250803211303.RAWLW6Z
208,2025-08-03 21:20:08,NHB250803212008.RAWLW72,2025-08-03 21:23:04,NHB250803212304.RAWLW76,2025-08-03 21:30:07,NHB250803213007.RAWLW79,2025-08-03 21:33:04,NHB250803213304.RAWLW7D
209,2025-08-03 21:40:08,NHB250803214008.RAWLW7G,2025-08-03 21:43:04,NHB250803214304.RAWLW7L,2025-08-03 21:50:08,NHB250803215008.RAWLW7P,2025-08-03 21:53:03,NHB250803215303.RAWLW7U
210,2025-08-03 22:00:08,NHB250803220008.RAWLW7X,2025-08-03 22:03:04,NHB250803220304.RAWLW81,2025-08-03 22:10:08,NHB250803221008.RAWLW84,2025-08-03 22:13:03,NHB250803221303.RAWLW88
211,2025-08-03 22:20:07,NHB250803222007.RAWLW8B,2025-08-03 22:23:03,NHB250803222303.RAWLW8F,2025-08-03 22:30:08,NHB250803223008.RAWLW8J,2025-08-03 22:33:03,NHB250803223303.RAWLW8N
212,2025-08-03 22:40:09,NHB250803224009.RAWLW8S,2025-08-03 22:43:04,NHB250803224304.RAWLW8W,2025-08-03 22:50:08,NHB250803225008.RAWLW8Z,2025-08-03 22:53:03,NHB250803225303.RAWLW93
213,2025-08-03 23:00:07,NHB250803230007.RAWLW96,2025-08-03 23:03:04,NHB250803230304.RAWLW9A,2025-08-03 23:10:08,NHB250803231008.RAWLW9D,2025-08-03 23:13:03,NHB250803231303.RAWLW9H
214,2025-08-03 23:20:09,NHB250803232009.RAWLW9L,2025-08-03 23:23:04,NHB250803232304.RAWLW9R,2025-08-03 23:30:09,NHB250803233009.RAWLW9U,2025-08-03 23:33:03,NHB250803233303.RAWLW9Y
215,2025-08-03 23:40:08,NHB250803234008.RAWLWA1,2025-08-03 23:43:04,NHB250803234304.RAWLWA5,2025-08-03 23:50:08,NHB250803235008.RAWLWA8,2025-08-03 23:53:03,NHB250803235303.RAWLWAC
216,2025-08-04 00:00:07,NHB250804000007.RAWLWAF,2025-08-04 00:03:04,NHB250804000304.RAWLWAK,2025-08-04 00:10:08,NHB250804001008.RAWLWAN,2025-08-04 00:13:03,NHB250804001303.RAWLWAT
217,2025-08-04 00:20:07,NHB250804002007.RAWLWAW,2025-08-04 00:23:04,NHB250804002304.RAWLWB0,2025-08-04 00:30:07,NHB250804003007.RAWLWB3,2025-08-04 00:33:04,NHB250804003304.RAWLWB7
218,2025-08-04 00:40:08,NHB250804004008.RAWLWBA,2025-08-04 00:43:03,NHB250804004303.RAWLWBE,2025-08-04 00:50:09,NHB250804005009.RAWLWBH,2025-08-04 00:53:04,NHB250804005304.RAWLWBM
219,2025-08-04 01:00:08,NHB250804010008.RAWLWBR,2025-08-04 01:03:04,NHB250804010304.RAWLWBV,2025-08-04 01:10:07,NHB250804011007.RAWLWBY,2025-08-04 01:13:04,NHB250804011304.RAWLWC2
220,2025-08-04 01:20:08,NHB250804012008.RAWLWC5,2025-08-04 01:23:04,NHB250804012304.RAWLWC9,2025-08-04 01:30:08,NHB250804013008.RAWLWCC,2025-08-04 01:33:03,NHB250804013303.RAWLWCG
221,2025-08-04 01:40:08,NHB250804014008.RAWLWCK,2025-08-04 01:43:04,NHB250804014304.RAWLWCP,2025-08-04 01:50:09,NHB250804015009.RAWLWCT,2025-08-04 01:53:03,NHB250804015303.RAWLWCX
222,2025-08-04 02:00:07,NHB250804020007.RAWLWD0,2025-08-04 02:03:03,NHB250804020303.RAWLWD4,2025-08-04 02:10:07,NHB250804021007.RAWLWD7,2025-08-04 02:13:04,NHB250804021304.RAWLWDB
223,2025-08-04 02:20:07,NHB250804022007.RAWLWDE,2025-08-04 02:23:03,NHB250804022303.RAWLWDJ,2025-08-04 02:30:08,NHB250804023008.RAWLWDM,2025-08-04 02:33:03,NHB250804023303.RAWLWDS
224,2025-08-04 02:40:08,NHB250804024008.RAWLWDV,2025-08-04 02:43:03,NHB250804024303.RAWLWDZ,2025-08-04 02:50:08,NHB250804025008.RAWLWE2,2025-08-04 02:53:04,NHB250804025304.RAWLWE6
225,2025-08-04 03:00:08,NHB250804030008.RAWLWE9,2025-08-04 03:03:04,NHB250804030304.RAWLWED,2025-08-04 03:10:07,NHB250804031007.RAWLWEG,2025-08-04 03:13:04,NHB250804031304.RAWGMH9
226,2025-08-04 03:20:08,NHB250804032008.RAWGMHC,2025-08-04 03:23:03,NHB250804032303.RAWGMHG,2025-08-04 03:30:07,NHB250804033007.RAWGMHK,2025-08-04 03:33:04,NHB250804033304.RAWGMHP
227,2025-08-04 03:40:08,NHB250804034008.RAWGMHT,2025-08-04 03:43:04,NHB250804034304.RAWGMHX,2025-08-04 03:50:08,NHB250804035008.RAWGMJ0,2025-08-04 03:53:03,NHB250804035303.RAWGMJ4
228,2025-08-04 04:00:08,NHB250804040008.RAWGMJ7,2025-08-04 04:03:03,NHB250804040303.RAWGMJB,2025-08-04 04:10:07,NHB250804041007.RAWGMJE,2025-08-04 04:13:03,NHB250804041303.RAWGMJJ
229,2025-08-04 04:20:08,NHB250804042008.RAWGMJM,2025-08-04 04:23:03,NHB250804042303.RAWGMJS,2025-08-04 04:30:07,NHB250804043007.RAWGMJV,2025-08-04 04:33:04,NHB250804043304.RAWGMJZ
230,2025-08-04 04:40:08,NHB250804044008.RAWGMK2,2025-08-04 04:43:03,NHB250804044303.RAWGMK6,2025-08-04 04:50:08,NHB250804045008.RAWGMK9,2025-08-04 04:53:03,NHB250804045303.RAWGMKD
231,2025-08-04 05:00:08,NHB250804050008.RAWGMKG,2025-08-04 05:03:03,NHB250804050303.RAWGMKL,2025-08-04 05:10:08,NHB250804051008.RAWGMKP,2025-08-04 05:13:04,NHB250804051304.RAWGMKU
232,2025-08-04 05:20:07,NHB250804052007.RAWGMKX,2025-08-04 05:23:03,NHB250804052303.RAWGML1,2025-08-04 05:30:09,NHB250804053009.RAWGML4,2025-08-04 05:33:03,NHB250804053303.RAWGML8
233,2025-08-04 05:40:08,NHB250804054008.RAWGMLB,2025-08-04 05:43:03,NHB250804054303.RAWGMLF,2025-08-04 05:50:08,NHB250804055008.RAWGMLJ,2025-08-04 05:53:04,NHB250804055304.RAWGMLN
234,2025-08-04 06:00:08,NHB250804060008.RAWGMLS,2025-08-04 06:03:03,NHB250804060303.RAWGMLW,2025-08-04 06:10:07,NHB250804061007.RAWGMLZ,2025-08-04 06:13:04,NHB250804061304.RAWGMM3
235,2025-08-04 06:20:09,NHB250804062009.RAWGMM6,2025-08-04 06:23:03,NHB250804062303.RAWGMMA,2025-08-04 06:30:08,NHB250804063008.RAWGMMD,2025-08-04 06:33:03,NHB250804063303.RAWGMMH
236,2025-08-04 06:40:08,NHB250804064008.RAWGMML,2025-08-04 06:43:03,NHB250804064303.RAWGMMR,2025-08-04 06:50:07,NHB250804065007.RAWGMMU,2025-08-04 06:53:04,NHB250804065304.RAWGMMY
237,2025-08-04 07:00:07,NHB250804070007.RAWGMN1,2025-08-04 07:03:04,NHB250804070304.RAWGMN5,2025-08-04 07:10:08,NHB250804071008.RAWGMN8,2025-08-04 07:13:04,NHB250804071304.RAWGMNC
238,2025-08-04 07:20:08,NHB250804072008.RAWGMNF,2025-08-04 07:23:04,NHB250804072304.RAWGMNK,2025-08-04 07:30:08,NHB250804073008.RAWGMNN,2025-08-04 07:33:04,NHB250804073304.RAWGMNT
239,2025-08-04 07:40:08,NHB250804074008.RAWGMNW,2025-08-04 07:43:04,NHB250804074304.RAWGMP0,2025-08-04 07:50:07,NHB250804075007.RAWGMP3,2025-08-04 07:53:03,NHB250804075303.RAWGMP7
240,2025-08-04 08:00:08,NHB250804080008.RAWGMPA,2025-08-04 08:03:03,NHB250804080303.RAWGMPE,2025-08-04 08:10:07,NHB250804081007.RAWGMPH,2025-08-04 08:13:03,NHB250804081303.RAWGMPM
241,2025-08-04 08:20:07,NHB250804082007.RAWGMPR,2025-08-04 08:23:03,NHB250804082303.RAWGMPV,2025-08-04 08:30:07,NHB250804083007.RAWGMPY,2025-08-04 08:33:03,NHB250804083303.RAWGMR2
242,2025-08-04 08:40:08,NHB250804084008.RAWGMR5,2025-08-04 08:43:04,NHB250804084304.RAWGMR9,2025-08-04 08:50:08,NHB250804085008.RAWGMRC,2025-08-04 08:53:04,NHB250804085304.RAWGMRG
243,2025-08-04 09:00:08,NHB250804090008.RAWGMRK,2025-08-04 09:03:03,NHB250804090303.RAWGMRP,2025-08-04 09:10:09,NHB250804091009.RAWGMRT,2025-08-04 09:13:04,NHB250804091304.RAWGMRX
244,2025-08-04 09:20:09,NHB250804092009.RAWGMS0,2025-08-04 09:23:03,NHB250804092303.RAWGMS4,2025-08-04 09:30:07,NHB250804093007.RAWGMS7,2025-08-04 09:33:04,NHB250804093304.RAWGMSB
245,2025-08-04 09:40:09,NHB250804094009.RAWGMSE,2025-08-04 09:43:04,NHB250804094304.RAWGMSJ,2025-08-04 09:50:09,NHB250804095009.RAWGMSM,2025-08-04 09:53:04,NHB250804095304.RAWGMSS
246,2025-08-04 10:00:08,NHB250804100008.RAWGMSV,2025-08-04 10:03:05,NHB250804100305.RAWGMSZ,2025-08-04 10:10:09,NHB250804101009.RAWGMT2,2025-08-04 10:13:03,NHB250804101303.RAWGMT6
247,2025-08-04 10:20:09,NHB250804102009.RAWGMT9,2025-08-04 10:23:03,NHB250804102303.RAWGMTD,2025-08-04 10:30:08,NHB250804103008.RAWGMTG,2025-08-04 10:33:04,NHB250804103304.RAWGMTL
248,2025-08-04 10:40:07,NHB250804104007.RAWGMTP,2025-08-04 10:43:04,NHB250804104304.RAWGMTU,2025-08-04 10:50:07,NHB250804105007.RAWGMTX,2025-08-04 10:53:03,NHB250804105303.RAWGMU1
249,2025-08-04 11:00:08,NHB250804110008.RAWGMU4,2025-08-04 11:03:03,NHB250804110303.RAWGMU8,2025-08-04 11:10:07,NHB250804111007.RAWGMUB,2025-08-04 11:13:04,NHB250804111304.RAWGMUF
250,2025-08-04 11:20:07,NHB250804112007.RAWGMUJ,2025-08-04 11:23:04,NHB250804112304.RAWGMUN,2025-08-04 11:30:08,NHB250804113008.RAWGMUS,2025-08-04 11:33:03,NHB250804113303.RAWGMUW
251,2025-08-04 11:40:08,NHB250804114008.RAWGMUZ,2025-08-04 11:43:03,NHB250804114303.RAWGMV3,2025-08-04 11:50:07,NHB250804115007.RAWGMV6,2025-08-04 11:53:03,NHB250804115303.RAWGMVA
252,2025-08-04 12:00:07,NHB250804120007.RAWGMVD,2025-08-04 12:03:04,NHB250804120304.RAWGMVH,2025-08-04 12:10:07,NHB250804121007.RAWGMVL,2025-08-04 12:13:04,NHB250804121304.RAWGMVR
253,2025-08-04 12:20:08,NHB250804122008.RAWGMVU,2025-08-04 12:23:03,NHB250804122303.RAWGMVY,2025-08-04 12:30:08,NHB250804123008.RAWGMW1,2025-08-04 12:33:04,NHB250804123304.RAWGMW5
254,2025-08-04 12:40:07,NHB250804124007.RAWGMW8,2025-08-04 12:43:03,NHB250804124303.RAWGMWC,2025-08-04 12:50:09,NHB250804125009.RAWGMWF,2025-08-04 12:53:03,NHB250804125303.RAWGMWK
255,2025-08-04 13:00:07,NHB250804130007.RAWGMWN,2025-08-04 13:03:03,NHB250804130303.RAWGMWT,2025-08-04 13:10:08,NHB250804131008.RAWGMWW,2025-08-04 13:13:03,NHB250804131303.RAWGMX0
256,2025-08-04 13:20:08,NHB250804132008.RAWGMX3,2025-08-04 13:23:03,NHB250804132303.RAWGMX7,2025-08-04 13:30:07,NHB250804133007.RAWGMXA,2025-08-04 13:33:05,NHB250804133305.RAWGMXE
257,2025-08-04 13:40:07,NHB250804134007.RAWGMXH,2025-08-04 13:43:04,NHB250804134304.RAWGMXM,2025-08-04 13:50:08,NHB250804135008.RAWGMXR,2025-08-04 13:53:04,NHB250804135304.RAWGMXV
258,2025-08-04 14:00:07,NHB250804140007.RAWGMXY,2025-08-04 14:03:05,NHB250804140305.RAWGMY2,2025-08-04 14:10:07,NHB250804141007.RAWGMY5,2025-08-04 14:13:04,NHB250804141304.RAWGMY9
259,2025-08-04 14:20:08,NHB250804142008.RAWGMYC,2025-08-04 14:23:03,NHB250804142303.RAWGMYG,2025-08-04 14:30:08,NHB250804143008.RAWGMYK,2025-08-04 14:33:04,NHB250804143304.RAWGMYP
260,2025-08-04 14:40:09,NHB250804144009.RAWGMYT,2025-08-04 14:43:04,NHB250804144304.RAWGMYX,2025-08-04 14:50:08,NHB250804145008.RAWGMZ0,2025-08-04 14:53:03,NHB250804145303.RAWGMZ4
261,2025-08-04 15:00:08,NHB250804150008.RAWGMZ7,2025-08-04 15:03:04,NHB250804150304.RAWGMZB,2025-08-04 15:10:08,NHB250804151008.RAWGMZE,2025-08-04 15:13:03,NHB250804151303.RAWGMZJ
262,2025-08-04 15:20:08,NHB250804152008.RAWGMZM,2025-08-04 15:23:03,NHB250804152303.RAWGMZS,2025-08-04 15:30:07,NHB250804153007.RAWGMZV,2025-08-04 15:33:04,NHB250804153304.RAWGMZZ
263,2025-08-04 15:40:08,NHB250804154008.RAWGN02,2025-08-04 15:43:04,NHB250804154304.RAWGN06,2025-08-04 15:50:08,NHB250804155008.RAWGN09,2025-08-04 15:53:04,NHB250804155304.RAWGN0D
264,2025-08-04 16:00:08,NHB250804160008.RAWGN0G,2025-08-04 16:03:04,NHB250804160304.RAWGN0L,2025-08-04 16:10:08,NHB250804161008.RAWGN0P,2025-08-04 16:13:03,NHB250804161303.RAWGN0U
265,2025-08-04 16:20:08,NHB250804162008.RAWGN0X,2025-08-04 16:23:03,NHB250804162303.RAWGN11,2025-08-04 16:30:08,NHB250804163008.RAWGN14,2025-08-04 16:33:04,NHB250804163304.RAWGN18
266,2025-08-04 16:40:08,NHB250804164008.RAWGN1B,2025-08-04 16:43:03,NHB250804164303.RAWGN1F,2025-08-04 16:50:08,NHB250804165008.RAWGN1J,2025-08-04 16:53:05,NHB250804165305.RAWGN1N
267,2025-08-04 17:00:09,NHB250804170009.RAWGN1S,2025-08-04 17:03:04,NHB250804170304.RAWGN1W,2025-08-04 17:10:07,NHB250804171007.RAWGN1Z,2025-08-04 17:13:03,NHB250804171303.RAWGN23
268,2025-08-04 17:20:08,NHB250804172008.RAWGN26,2025-08-04 17:23:04,NHB250804172304.RAWGN2A,2025-08-04 17:30:08,NHB250804173008.RAWGN2D,2025-08-04 17:33:03,NHB250804173303.RAWGN2H
269,2025-08-04 17:40:07,NHB250804174007.RAWGN2L,2025-08-04 17:43:03,NHB250804174303.RAWGN2R,2025-08-04 17:50:08,NHB250804175008.RAWGN2U,2025-08-04 17:53:03,NHB250804175303.RAWGN2Y
270,2025-08-04 18:00:07,NHB250804180007.RAWGN31,2025-08-04 18:03:03,NHB250804180303.RAWGN35,2025-08-04 18:10:07,NHB250804181007.RAWGN38,2025-08-04 18:13:04,NHB250804181304.RAWGN3C
271,2025-08-04 18:20:08,NHB250804182008.RAWGN3F,2025-08-04 18:23:03,NHB250804182303.RAWGN3K,2025-08-04 18:30:08,NHB250804183008.RAWGN3N,2025-08-04 18:33:04,NHB250804183304.RAWGN3T
272,2025-08-04 18:40:08,NHB250804184008.RAWGN3W,2025-08-04 18:43:04,NHB250804184304.RAWGN40,2025-08-04 18:50:08,NHB250804185008.RAWGN43,2025-08-04 18:53:03,NHB250804185303.RAWGN47
273,2025-08-04 19:00:08,NHB250804190008.RAWGN4A,2025-08-04 19:03:03,NHB250804190303.RAWGN4E,2025-08-04 19:10:07,NHB250804191007.RAWGN4H,2025-08-04 19:13:04,NHB250804191304.RAWGN4M
274,2025-08-04 19:20:08,NHB250804192008.RAWGN4R,2025-08-04 19:23:03,NHB250804192303.RAWGN4V,2025-08-04 19:30:07,NHB250804193007.RAWGN4Y,2025-08-04 19:33:03,NHB250804193303.RAWGN52
275,2025-08-04 19:40:08,NHB250804194008.RAWGN55,2025-08-04 19:43:04,NHB250804194304.RAWGN59,2025-08-04 19:50:08,NHB250804195008.RAWGN5C,2025-08-04 19:53:03,NHB250804195303.RAWGN5G
276,2025-08-04 20:00:08,NHB250804200008.RAWGN5K,2025-08-04 20:03:03,NHB250804200303.RAWGN5P,2025-08-04 20:10:07,NHB250804201007.RAWGN5T,2025-08-04 20:13:03,NHB250804201303.RAWGN5X
277,2025-08-04 20:20:08,NHB250804202008.RAWGN60,2025-08-04 20:23:03,NHB250804202303.RAWGN64,2025-08-04 20:30:07,NHB250804203007.RAWGN67,2025-08-04 20:33:03,NHB250804203303.RAWGN6B
278,2025-08-04 20:40:08,NHB250804204008.RAWGN6E,2025-08-04 20:43:03,NHB250804204303.RAWGN6J,2025-08-04 20:50:08,NHB250804205008.RAWGN6M,2025-08-04 20:53:05,NHB250804205305.RAWGN6S
279,2025-08-04 21:00:08,NHB250804210008.RAWGN6V,2025-08-04 21:03:03,NHB250804210303.RAWGN6Z,2025-08-04 21:10:08,NHB250804211008.RAWGN72,2025-08-04 21:13:03,NHB250804211303.RAWGN76
280,2025-08-04 21:20:08,NHB250804212008.RAWGN79,2025-08-04 21:23:03,NHB250804212303.RAWGN7D,2025-08-04 21:30:08,NHB250804213008.RAWGN7G,2025-08-04 21:33:03,NHB250804213303.RAWGN7L
281,2025-08-04 21:40:08,NHB250804214008.RAWGN7P,2025-08-04 21:43:04,NHB250804214304.RAWGN7U,2025-08-04 21:50:08,NHB250804215008.RAWGN7X,2025-08-04 21:53:03,NHB250804215303.RAWGN81
282,2025-08-04 22:00:07,NHB250804220007.RAWGN84,2025-08-04 22:03:03,NHB250804220303.RAWGN88,2025-08-04 22:10:08,NHB250804221008.RAWGN8B,2025-08-04 22:13:04,NHB250804221304.RAWGN8F
283,2025-08-04 22:20:08,NHB250804222008.RAWGN8J,2025-08-04 22:23:03,NHB250804222303.RAWGN8N,2025-08-04 22:30:07,NHB250804223007.RAWGN8S,2025-08-04 22:33:04,NHB250804223304.RAWGN8W
284,2025-08-04 22:40:08,NHB250804224008.RAWGN8Z,2025-08-04 22:43:03,NHB250804224303.RAWGN93,2025-08-04 22:50:07,NHB250804225007.RAWGN96,2025-08-04 22:53:04,NHB250804225304.RAWGN9A
285,2025-08-04 23:00:08,NHB250804230008.RAWGN9D,2025-08-04 23:03:03,NHB250804230303.RAWGN9H,2025-08-04 23:10:09,NHB250804231009.RAWGN9L,2025-08-04 23:13:04,NHB250804231304.RAWGN9R
286,2025-08-04 23:20:07,NHB250804232007.RAWGN9U,2025-08-04 23:23:03,NHB250804232303.RAWGN9Y,2025-08-04 23:30:07,NHB250804233007.RAWGNA1,2025-08-04 23:33:04,NHB250804233304.RAWGNA5
287,2025-08-04 23:40:08,NHB250804234008.RAWGNA8,2025-08-04 23:43:03,NHB250804234303.RAWGNAC,2025-08-04 23:50:07,NHB250804235007.RAWGNAF,2025-08-04 23:53:03,NHB250804235303.RAWGNAK
288,2025-08-05 00:00:08,NHB250805000008.RAWGNAN,2025-08-05 00:03:03,NHB250805000303.RAWGNAT,2025-08-05 00:10:08,NHB250805001008.RAWGNAW,2025-08-05 00:13:03,NHB250805001303.RAWGNB0
289,2025-08-05 00:20:08,NHB250805002008.RAWGNB3,2025-08-05 00:23:03,NHB250805002303.RAWGNB7,2025-08-05 00:30:08,NHB250805003008.RAWGNBA,2025-08-05 00:33:03,NHB250805003303.RAWGNBE
290,2025-08-05 00:40:07,NHB250805004007.RAWGNBH,2025-08-05 00:43:04,NHB250805004304.RAWGNBM,2025-08-05 00:50:08,NHB250805005008.RAWGNBR,2025-08-05 00:53:03,NHB250805005303.RAWGNBV
291,2025-08-05 01:00:08,NHB250805010008.RAWGNBY,2025-08-05 01:03:03,NHB250805010303.RAWGNC2,2025-08-05 01:10:07,NHB250805011007.RAWGNC5,2025-08-05 01:13:04,NHB250805011304.RAWGNC9
292,2025-08-05 01:20:07,NHB250805012007.RAWGNCC,2025-08-05 01:23:04,NHB250805012304.RAWGNCG,2025-08-05 01:30:07,NHB250805013007.RAWGNCK,2025-08-05 01:33:04,NHB250805013304.RAWGNCP
293,2025-08-05 01:40:08,NHB250805014008.RAWGNCT,2025-08-05 01:43:03,NHB250805014303.RAWGNCX,2025-08-05 01:50:07,NHB250805015007.RAWGND0,2025-08-05 01:53:05,NHB250805015305.RAWGND4
294,2025-08-05 02:00:07,NHB250805020007.RAWGND7,2025-08-05 02:03:03,NHB250805020303.RAWGNDB,2025-08-05 02:10:07,NHB250805021007.RAWGNDE,2025-08-05 02:13:03,NHB250805021303.RAWGNDJ
295,2025-08-05 02:20:09,NHB250805022009.RAWGNDM,2025-08-05 02:23:04,NHB250805022304.RAWGNDS,2025-08-05 02:30:08,NHB250805023008.RAWGNDV,2025-08-05 02:33:04,NHB250805023304.RAWGNDZ
296,2025-08-05 02:40:08,NHB250805024008.RAWGNE2,2025-08-05 02:43:04,NHB250805024304.RAWGNE6,2025-08-05 02:50:08,NHB250805025008.RAWGNE9,2025-08-05 02:53:04,NHB250805025304.RAWGNED
297,2025-08-05 03:00:08,NHB250805030008.RAWGNEG,2025-08-05 03:03:03,NHB250805030303.RAWGNEL,2025-08-05 03:10:07,NHB250805031007.RAWGNEP,2025-08-05 03:13:04,NHB250805031304.RAWGNEU
298,2025-08-05 03:20:08,NHB250805032008.RAWGNEX,2025-08-05 03:23:03,NHB250805032303.RAWGNF1,2025-08-05 03:30:08,NHB250805033008.RAWGNF4,2025-08-05 03:33:03,NHB250805033303.RAWGNF8
299,2025-08-05 03:40:08,NHB250805034008.RAWGNFB,2025-08-05 03:43:04,NHB250805034304.RAWGNFF,2025-08-05 03:50:07,NHB250805035007.RAWGNFJ,2025-08-05 03:53:03,NHB250805035303.RAWGNFN
300,2025-08-05 04:00:08,NHB250805040008.RAWGNFS,2025-08-05 04:03:04,NHB250805040304.RAWGNFW,2025-08-05 04:10:08,NHB250805041008.RAWGNFZ,2025-08-05 04:13:04,NHB250805041304.RAWGNG3
301,2025-08-05 04:20:08,NHB250805042008.RAWGNG6,2025-08-05 04:23:03,NHB250805042303.RAWGNGA,2025-08-05 04:30:07,NHB250805043007.RAWGNGD,2025-08-05 04:33:04,NHB250805043304.RAWGNGH
302,2025-08-05 04:40:09,NHB250805044009.RAWGNGL,2025-08-05 04:43:03,NHB250805044303.RAWGNGR,2025-08-05 04:50:07,NHB250805045007.RAWGNGU,2025-08-05 04:53:04,NHB250805045304.RAWGNGY
303,2025-08-05 05:00:08,NHB250805050008.RAWGNH1,2025-08-05 05:03:05,NHB250805050305.RAWGNH5,2025-08-05 05:10:08,NHB250805051008.RAWGNH8,2025-08-05 05:13:03,NHB250805051303.RAWGNHC
304,2025-08-05 05:20:08,NHB250805052008.RAWGNHF,2025-08-05 05:23:04,NHB250805052304.RAWGNHK,2025-08-05 05:30:07,NHB250805053007.RAWGNHN,2025-08-05 05:33:04,NHB250805053304.RAWGNHT
305,2025-08-05 05:40:08,NHB250805054008.RAWGNHW,2025-08-05 05:43:04,NHB250805054304.RAWGNJ0,2025-08-05 05:50:08,NHB250805055008.RAWGNJ3,2025-08-05 05:53:03,NHB250805055303.RAWGNJ7
306,2025-08-05 06:00:07,NHB250805060007.RAWGNJA,2025-08-05 06:03:03,NHB250805060303.RAWGNJE,2025-08-05 06:10:07,NHB250805061007.RAWGNJH,2025-08-05 06:13:04,NHB250805061304.RAWGNJM
307,2025-08-05 06:20:07,NHB250805062007.RAWGNJR,2025-08-05 06:23:04,NHB250805062304.RAWGNJV,2025-08-05 06:30:07,NHB250805063007.RAWGNJY,2025-08-05 06:33:03,NHB250805063303.RAWGNK2
308,2025-08-05 06:40:07,NHB250805064007.RAWGNK5,2025-08-05 06:43:04,NHB250805064304.RAWGNK9,2025-08-05 06:50:07,NHB250805065007.RAWGNKC,2025-08-05 06:53:03,NHB250805065303.RAWGNKG
309,2025-08-05 07:00:07,NHB250805070007.RAWGNKK,2025-08-05 07:03:04,NHB250805070304.RAWGNKP,2025-08-05 07:10:08,NHB250805071008.RAWGNKT,2025-08-05 07:13:04,NHB250805071304.RAWGNKX
310,2025-08-05 07:20:07,NHB250805072007.RAWGNL0,2025-08-05 07:23:04,NHB250805072304.RAWGNL4,2025-08-05 07:30:08,NHB250805073008.RAWGNL7,2025-08-05 07:33:04,NHB250805073304.RAWGNLB
311,2025-08-05 07:40:07,NHB250805074007.RAWGNLE,2025-08-05 07:43:04,NHB250805074304.RAWGNLJ,2025-08-05 07:50:08,NHB250805075008.RAWGNLM,2025-08-05 07:53:03,NHB250805075303.RAWGNLS
312,2025-08-05 08:00:08,NHB250805080008.RAWGNLV,2025-08-05 08:03:03,NHB250805080303.RAWGNLZ,2025-08-05 08:10:07,NHB250805081007.RAWGNM2,2025-08-05 08:13:03,NHB250805081303.RAWGNM6
313,2025-08-05 08:20:09,NHB250805082009.RAWGNM9,2025-08-05 08:23:04,NHB250805082304.RAWGNMD,2025-08-05 08:30:07,NHB250805083007.RAWGNMG,2025-08-05 08:33:04,NHB250805083304.RAWGNML
314,2025-08-05 08:40:08,NHB250805084008.RAWGNMP,2025-08-05 08:43:04,NHB250805084304.RAWGNMU,2025-08-05 08:50:08,NHB250805085008.RAWGNMX,2025-08-05 08:53:04,NHB250805085304.RAWGNN1
315,2025-08-05 09:00:08,NHB250805090008.RAWGNN4,2025-08-05 09:03:03,NHB250805090303.RAWGNN8,2025-08-05 09:10:08,NHB250805091008.RAWGNNB,2025-08-05 09:13:04,NHB250805091304.RAWGNNF
316,2025-08-05 09:20:07,NHB250805092007.RAWGNNJ,2025-08-05 09:23:03,NHB250805092303.RAWGNNN,2025-08-05 09:30:08,NHB250805093008.RAWGNNS,2025-08-05 09:33:03,NHB250805093303.RAWGNNW
317,2025-08-05 09:40:07,NHB250805094007.RAWGNNZ,2025-08-05 09:43:04,NHB250805094304.RAWGNP3,2025-08-05 09:50:08,NHB250805095008.RAWGNP6,2025-08-05 09:53:04,NHB250805095304.RAWGNPA
318,2025-08-05 10:00:07,NHB250805100007.RAWGNPD,2025-08-05 10:03:03,NHB250805100303.RAWGNPH,2025-08-05 10:10:08,NHB250805101008.RAWGNPL,2025-08-05 10:13:04,NHB250805101304.RAWGNPR
319,2025-08-05 10:20:08,NHB250805102008.RAWGNPU,2025-08-05 10:23:03,NHB250805102303.RAWGNPY,2025-08-05 10:30:08,NHB250805103008.RAWGNR1,2025-08-05 10:33:03,NHB250805103303.RAWGNR5
320,2025-08-05 10:40:08,NHB250805104008.RAWGNR8,2025-08-05 10:43:04,NHB250805104304.RAWGNRC,2025-08-05 10:50:08,NHB250805105008.RAWGNRF,2025-08-05 10:53:04,NHB250805105304.RAWGNRK
321,2025-08-05 11:00:08,NHB250805110008.RAWGNRN,2025-08-05 11:03:03,NHB250805110303.RAWGNRT,2025-08-05 11:10:09,NHB250805111009.RAWGNRW,2025-08-05 11:13:04,NHB250805111304.RAWGNS0
322,2025-08-05 11:20:07,NHB250805112007.RAWGNS3,2025-08-05 11:23:04,NHB250805112304.RAWGNS7,2025-08-05 11:30:08,NHB250805113008.RAWGNSA,2025-08-05 11:33:03,NHB250805113303.RAWGNSE
323,2025-08-05 11:40:08,NHB250805114008.RAWGNSH,2025-08-05 11:43:04,NHB250805114304.RAWGNSM,2025-08-05 11:50:07,NHB250805115007.RAWGNSR,2025-08-05 11:53:03,NHB250805115303.RAWGNSV
324,2025-08-05 12:00:08,NHB250805120008.RAWGNSY,2025-08-05 12:03:03,NHB250805120303.RAWGNT2,2025-08-05 12:10:07,NHB250805121007.RAWGNT5,2025-08-05 12:13:03,NHB250805121303.RAWGNT9
325,2025-08-05 12:20:08,NHB250805122008.RAWGNTC,2025-08-05 12:23:03,NHB250805122303.RAWGNTG,2025-08-05 12:30:08,NHB250805123008.RAWGNTK,2025-08-05 12:33:03,NHB250805123303.RAWGNTP
326,2025-08-05 12:40:08,NHB250805124008.RAWGNTT,2025-08-05 12:43:04,NHB250805124304.RAWGNTX,2025-08-05 12:50:07,NHB250805125007.RAWGNU0,2025-08-05 12:53:03,NHB250805125303.RAWGNU4
327,2025-08-05 13:00:08,NHB250805130008.RAWGNU7,2025-08-05 13:03:04,NHB250805130304.RAWGNUB,2025-08-05 13:10:07,NHB250805131007.RAWGNUE,2025-08-05 13:13:03,NHB250805131303.RAWGNUJ
328,2025-08-05 13:20:07,NHB250805132007.RAWGNUM,2025-08-05 13:23:03,NHB250805132303.RAWGNUS,2025-08-05 13:30:08,NHB250805133008.RAWGNUV,2025-08-05 13:33:03,NHB250805133303.RAWGNUZ
329,2025-08-05 13:40:08,NHB250805134008.RAWGNV2,2025-08-05 13:43:04,NHB250805134304.RAWGNV6,2025-08-05 13:50:07,NHB250805135007.RAWGNV9,2025-08-05 13:53:04,NHB250805135304.RAWGNVD
330,2025-08-05 14:00:07,NHB250805140007.RAWGNVG,2025-08-05 14:03:03,NHB250805140303.RAWGNVL,2025-08-05 14:10:07,NHB250805141007.RAWGNVP,2025-08-05 14:13:04,NHB250805141304.RAWGNVU
331,2025-08-05 14:20:08,NHB250805142008.RAWGNVX,2025-08-05 14:23:03,NHB250805142303.RAWGNW1,2025-08-05 14:30:07,NHB250805143007.RAWGNW4,2025-08-05 14:33:04,NHB250805143304.RAWGNW8
332,2025-08-05 14:40:08,NHB250805144008.RAWGNWB,2025-08-05 14:43:03,NHB250805144303.RAWGNWF,2025-08-05 14:50:07,NHB250805145007.RAWGNWJ,2025-08-05 14:53:03,NHB250805145303.RAWGNWN
333,2025-08-05 15:00:08,NHB250805150008.RAWGNWS,2025-08-05 15:03:04,NHB250805150304.RAWGNWW,2025-08-05 15:10:07,NHB250805151007.RAWGNWZ,2025-08-05 15:13:04,NHB250805151304.RAWGNX3
334,2025-08-05 15:20:08,NHB250805152008.RAWGNX6,2025-08-05 15:23:03,NHB250805152303.RAWGNXA,2025-08-05 15:30:08,NHB250805153008.RAWGNXD,2025-08-05 15:33:03,NHB250805153303.RAWGNXH
335,2025-08-05 15:40:07,NHB250805154007.RAWGNXL,2025-08-05 15:43:03,NHB250805154303.RAWGNXR,2025-08-05 15:50:08,NHB250805155008.RAWGNXU,2025-08-05 15:53:04,NHB250805155304.RAWGNXY
336,2025-08-05 16:00:09,NHB250805160009.RAWGNY1,2025-08-05 16:03:04,NHB250805160304.RAWGNY5,2025-08-05 16:10:08,NHB250805161008.RAWGNY8,2025-08-05 16:13:03,NHB250805161303.RAWGNYC
337,2025-08-05 16:20:08,NHB250805162008.RAWGNYF,2025-08-05 16:23:04,NHB250805162304.RAWGNYK,2025-08-05 16:30:08,NHB250805163008.RAWGNYN,2025-08-05 16:33:04,NHB250805163304.RAWGNYT
338,2025-08-05 16:40:08,NHB250805164008.RAWGNYW,2025-08-05 16:43:03,NHB250805164303.RAWGNZ0,2025-08-05 16:50:08,NHB250805165008.RAWGNZ3,2025-08-05 16:53:03,NHB250805165303.RAWGNZ7
339,2025-08-05 17:00:08,NHB250805170008.RAWGNZA,2025-08-05 17:03:03,NHB250805170303.RAWGNZE,2025-08-05 17:10:07,NHB250805171007.RAWGNZH,2025-08-05 17:13:03,NHB250805171303.RAWGNZM
340,2025-08-05 17:20:08,NHB250805172008.RAWGNZR,2025-08-05 17:23:03,NHB250805172303.RAWGNZV,2025-08-05 17:30:07,NHB250805173007.RAWGNZY,2025-08-05 17:33:03,NHB250805173303.RAWGP02
341,2025-08-05 17:40:08,NHB250805174008.RAWGP05,2025-08-05 17:43:03,NHB250805174303.RAWGP09,2025-08-05 17:50:07,NHB250805175007.RAWGP0C,2025-08-05 17:53:04,NHB250805175304.RAWGP0G
342,2025-08-05 18:00:08,NHB250805180008.RAWGP0K,2025-08-05 18:03:04,NHB250805180304.RAWGP0P,2025-08-05 18:10:08,NHB250805181008.RAWGP0T,2025-08-05 18:13:03,NHB250805181303.RAWGP0X
343,2025-08-05 18:20:09,NHB250805182009.RAWGP10,2025-08-05 18:23:03,NHB250805182303.RAWGP14,2025-08-05 18:30:07,NHB250805183007.RAWGP17,2025-08-05 18:33:03,NHB250805183303.RAWGP1B
344,2025-08-05 18:40:08,NHB250805184008.RAWGP1E,2025-08-05 18:43:03,NHB250805184303.RAWGP1J,2025-08-05 18:50:08,NHB250805185008.RAWGP1M,2025-08-05 18:53:04,NHB250805185304.RAWGP1S
345,2025-08-05 19:00:09,NHB250805190009.RAWGP1V,2025-08-05 19:03:03,NHB250805190303.RAWGP1Z,2025-08-05 19:10:08,NHB250805191008.RAWGP22,2025-08-05 19:13:03,NHB250805191303.RAWGP26
346,2025-08-05 19:20:08,NHB250805192008.RAWGP29,2025-08-05 19:23:03,NHB250805192303.RAWGP2D,2025-08-05 19:30:08,NHB250805193008.RAWGP2G,2025-08-05 19:33:05,NHB250805193305.RAWGP2L
347,2025-08-05 19:40:08,NHB250805194008.RAWGP2P,2025-08-05 19:43:04,NHB250805194304.RAWGP2U,2025-08-05 19:50:08,NHB250805195008.RAWGP2X,2025-08-05 19:53:03,NHB250805195303.RAWGP31
348,2025-08-05 20:00:08,NHB250805200008.RAWGP34,2025-08-05 20:03:03,NHB250805200303.RAWGP38,2025-08-05 20:10:08,NHB250805201008.RAWGP3B,2025-08-05 20:13:04,NHB250805201304.RAWGP3F
349,2025-08-05 20:20:08,NHB250805202008.RAWGP3J,2025-08-05 20:23:03,NHB250805202303.RAWGP3N,2025-08-05 20:30:08,NHB250805203008.RAWGP3S,2025-08-05 20:33:04,NHB250805203304.RAWGP3W
350,2025-08-05 20:40:09,NHB250805204009.RAWGP3Z,2025-08-05 20:43:03,NHB250805204303.RAWGP43,2025-08-05 20:50:09,NHB250805205009.RAWGP46,2025-08-05 20:53:04,NHB250805205304.RAWGP4A
351,2025-08-05 21:00:08,NHB250805210008.RAWGP4D,2025-08-05 21:03:05,NHB250805210305.RAWGP4H,2025-08-05 21:10:08,NHB250805211008.RAWGP4L,2025-08-05 21:13:04,NHB250805211304.RAWGP4R
352,2025-08-05 21:20:08,NHB250805212008.RAWGP4U,2025-08-05 21:23:04,NHB250805212304.RAWGP4Y,2025-08-05 21:30:08,NHB250805213008.RAWGP51,2025-08-05 21:33:03,NHB250805213303.RAWGP55
353,2025-08-05 21:40:07,NHB250805214007.RAWGP58,2025-08-05 21:43:03,NHB250805214303.RAWGP5C,2025-08-05 21:50:07,NHB250805215007.RAWGP5F,2025-08-05 21:53:04,NHB250805215304.RAWGP5K
354,2025-08-05 22:00:07,NHB250805220007.RAWGP5N,2025-08-05 22:03:04,NHB250805220304.RAWGP5T,2025-08-05 22:10:07,NHB250805221007.RAWGP5W,2025-08-05 22:13:05,NHB250805221305.RAWGP60
355,2025-08-05 22:20:08,NHB250805222008.RAWGP63,2025-08-05 22:23:04,NHB250805222304.RAWGP67,2025-08-05 22:30:07,NHB250805223007.RAWGP6A,2025-08-05 22:33:04,NHB250805223304.RAWGP6E
356,2025-08-05 22:40:07,NHB250805224007.RAWGP6H,2025-08-05 22:43:04,NHB250805224304.RAWGP6M,2025-08-05 22:50:08,NHB250805225008.RAWGP6R,2025-08-05 22:53:03,NHB250805225303.RAWGP6V
357,2025-08-05 23:00:07,NHB250805230007.RAWGP6Y,2025-08-05 23:03:03,NHB250805230303.RAWGP72,2025-08-05 23:10:08,NHB250805231008.RAWGP75,2025-08-05 23:13:03,NHB250805231303.RAWGP79
358,2025-08-05 23:20:08,NHB250805232008.RAWGP7C,2025-08-05 23:23:03,NHB250805232303.RAWGP7G,2025-08-05 23:30:08,NHB250805233008.RAWGP7K,2025-08-05 23:33:05,NHB250805233305.RAWGP7P
359,2025-08-05 23:40:07,NHB250805234007.RAWGP7T,2025-08-05 23:43:04,NHB250805234304.RAWGP7X,2025-08-05 23:50:08,NHB250805235008.RAWGP80,2025-08-05 23:53:03,NHB250805235303.RAWGP84
360,2025-08-06 00:00:08,NHB250806000008.RAWGP87,2025-08-06 00:03:04,NHB250806000304.RAWGP8B,2025-08-06 00:10:07,NHB250806001007.RAWGP8E,2025-08-06 00:13:03,NHB250806001303.RAWGP8J
361,2025-08-06 00:20:07,NHB250806002007.RAWGP8M,2025-08-06 00:23:03,NHB250806002303.RAWGP8S,2025-08-06 00:30:08,NHB250806003008.RAWGP8V,2025-08-06 00:33:03,NHB250806003303.RAWGP8Z
362,2025-08-06 00:40:09,NHB250806004009.RAWGP92,2025-08-06 00:43:03,NHB250806004303.RAWGP96,2025-08-06 00:50:07,NHB250806005007.RAWGP99,2025-08-06 00:53:04,NHB250806005304.RAWGP9D
363,2025-08-06 01:00:07,NHB250806010007.RAWGP9G,2025-08-06 01:03:03,NHB250806010303.RAWGP9L,2025-08-06 01:10:08,NHB250806011008.RAWGP9P,2025-08-06 01:13:03,NHB250806011303.RAWGP9U
364,2025-08-06 01:20:08,NHB250806012008.RAWGP9X,2025-08-06 01:23:03,NHB250806012303.RAWGPA1,2025-08-06 01:30:08,NHB250806013008.RAWGPA4,2025-08-06 01:33:04,NHB250806013304.RAWGPA8
365,2025-08-06 01:40:08,NHB250806014008.RAWGPAB,2025-08-06 01:43:03,NHB250806014303.RAWGPAF,2025-08-06 01:50:08,NHB250806015008.RAWGPAJ,2025-08-06 01:53:03,NHB250806015303.RAWGPAN
366,2025-08-06 02:00:08,NHB250806020008.RAWGPAS,2025-08-06 02:03:03,NHB250806020303.RAWGPAW,2025-08-06 02:10:08,NHB250806021008.RAWGPAZ,2025-08-06 02:13:04,NHB250806021304.RAWGPB3
367,2025-08-06 02:20:08,NHB250806022008.RAWGPB6,2025-08-06 02:23:04,NHB250806022304.RAWGPBA,2025-08-06 02:30:08,NHB250806023008.RAWGPBD,2025-08-06 02:33:03,NHB250806023303.RAWGPBH
368,2025-08-06 02:40:08,NHB250806024008.RAWGPBL,2025-08-06 02:43:03,NHB250806024303.RAWGPBR,2025-08-06 02:50:08,NHB250806025008.RAWGPBU,2025-08-06 02:53:03,NHB250806025303.RAWGPBY
369,2025-08-06 03:00:07,NHB250806030007.RAWGPC1,2025-08-06 03:03:04,NHB250806030304.RAWGPC5,2025-08-06 03:10:08,NHB250806031008.RAWGPC8,2025-08-06 03:13:04,NHB250806031304.RAWGPCC
370,2025-08-06 03:20:07,NHB250806032007.RAWGPCF,2025-08-06 03:23:04,NHB250806032304.RAWGPCK,2025-08-06 03:30:08,NHB250806033008.RAWGPCN,2025-08-06 03:33:04,NHB250806033304.RAWGPCT
371,2025-08-06 03:40:07,NHB250806034007.RAWGPCW,2025-08-06 03:43:04,NHB250806034304.RAWGPD0,2025-08-06 03:50:07,NHB250806035007.RAWGPD3,2025-08-06 03:53:03,NHB250806035303.RAWGPD7
372,2025-08-06 04:00:08,NHB250806040008.RAWGPDA,2025-08-06 04:03:03,NHB250806040303.RAWGPDE,2025-08-06 04:10:08,NHB250806041008.RAWGPDH,2025-08-06 04:13:03,NHB250806041303.RAWGPDM
373,2025-08-06 04:20:08,NHB250806042008.RAWGPDR,2025-08-06 04:23:04,NHB250806042304.RAWGPDV,2025-08-06 04:30:08,NHB250806043008.RAWGPDY,2025-08-06 04:33:03,NHB250806043303.RAWGPE2
374,2025-08-06 04:40:07,NHB250806044007.RAWGPE5,2025-08-06 04:43:03,NHB250806044303.RAWGPE9,2025-08-06 04:50:07,NHB250806045007.RAWGPEC,2025-08-06 04:53:04,NHB250806045304.RAWGPEG
375,2025-08-06 05:00:08,NHB250806050008.RAWGPEK,2025-08-06 05:03:03,NHB250806050303.RAWGPEP,2025-08-06 05:10:08,NHB250806051008.RAWGPET,2025-08-06 05:13:03,NHB250806051303.RAWGPEX
376,2025-08-06 05:20:07,NHB250806052007.RAWGPF0,2025-08-06 05:23:04,NHB250806052304.RAWGPF4,2025-08-06 05:30:09,NHB250806053009.RAWGPF7,2025-08-06 05:33:04,NHB250806053304.RAWGPFB
377,2025-08-06 05:40:08,NHB250806054008.RAWGPFE,2025-08-06 05:43:04,NHB250806054304.RAWGPFJ,2025-08-06 05:50:08,NHB250806055008.RAWGPFM,2025-08-06 05:53:03,NHB250806055303.RAWGPFS
378,2025-08-06 06:00:08,NHB250806060008.RAWGPFV,2025-08-06 06:03:04,NHB250806060304.RAWGPFZ,2025-08-06 06:10:07,NHB250806061007.RAWGPG2,2025-08-06 06:13:04,NHB250806061304.RAWGPG6
379,2025-08-06 06:20:07,NHB250806062007.RAWGPG9,2025-08-06 06:23:04,NHB250806062304.RAWGPGD,2025-08-06 06:30:08,NHB250806063008.RAWGPGG,2025-08-06 06:33:04,NHB250806063304.RAWGPGL
380,2025-08-06 06:40:07,NHB250806064007.RAWGPGP,2025-08-06 06:43:04,NHB250806064304.RAWGPGU,2025-08-06 06:50:08,NHB250806065008.RAWGPGX,2025-08-06 06:53:04,NHB250806065304.RAWGPH1
381,2025-08-06 07:00:07,NHB250806070007.RAWGPH4,2025-08-06 07:03:03,NHB250806070303.RAWGPH8,2025-08-06 07:10:08,NHB250806071008.RAWGPHB,2025-08-06 07:13:04,NHB250806071304.RAWGPHF
382,2025-08-06 07:20:08,NHB250806072008.RAWGPHJ,2025-08-06 07:23:04,NHB250806072304.RAWGPHN,2025-08-06 07:30:08,NHB250806073008.RAWGPHS,2025-08-06 07:33:03,NHB250806073303.RAWGPHW
383,2025-08-06 07:40:08,NHB250806074008.RAWGPHZ,2025-08-06 07:43:04,NHB250806074304.RAWGPJ3,2025-08-06 07:50:07,NHB250806075007.RAWGPJ6,2025-08-06 07:53:03,NHB250806075303.RAWGPJA
384,2025-08-06 08:00:07,NHB250806080007.RAWGPJD,2025-08-06 08:03:03,NHB250806080303.RAWGPJH,2025-08-06 08:10:09,NHB250806081009.RAWGPJL,2025-08-06 08:13:04,NHB250806081304.RAWGPJR
385,2025-08-06 08:20:08,NHB250806082008.RAWGPJU,2025-08-06 08:23:03,NHB250806082303.RAWGPJY,2025-08-06 08:30:08,NHB250806083008.RAWGPK1,2025-08-06 08:33:03,NHB250806083303.RAWGPK5
386,2025-08-06 08:40:08,NHB250806084008.RAWGPK8,2025-08-06 08:43:04,NHB250806084304.RAWGPKC,2025-08-06 08:50:07,NHB250806085007.RAWGPKF,2025-08-06 08:53:03,NHB250806085303.RAWGPKK
387,2025-08-06 09:00:08,NHB250806090008.RAWGPKN,2025-08-06 09:03:03,NHB250806090303.RAWGPKT,2025-08-06 09:10:08,NHB250806091008.RAWGPKW,2025-08-06 09:13:04,NHB250806091304.RAWGPL0
388,2025-08-06 09:20:08,NHB250806092008.RAWGPL3,2025-08-06 09:23:03,NHB250806092303.RAWGPL7,2025-08-06 09:30:08,NHB250806093008.RAWGPLA,2025-08-06 09:33:04,NHB250806093304.RAWGPLE
389,2025-08-06 09:40:08,NHB250806094008.RAWGPLH,2025-08-06 09:43:03,NHB250806094303.RAWGPLM,2025-08-06 09:50:09,NHB250806095009.RAWGPLR,2025-08-06 09:53:03,NHB250806095303.RAWGPLV
390,2025-08-06 10:00:08,NHB250806100008.RAWGPLY,2025-08-06 10:03:03,NHB250806100303.RAWGPM2,2025-08-06 10:10:08,NHB250806101008.RAWGPM5,2025-08-06 10:13:04,NHB250806101304.RAWGPM9
391,2025-08-06 10:20:07,NHB250806102007.RAWGPMC,2025-08-06 10:23:04,NHB250806102304.RAWGPMG,2025-08-06 10:30:08,NHB250806103008.RAWGPMK,2025-08-06 10:33:04,NHB250806103304.RAWGPMP
392,2025-08-06 10:40:08,NHB250806104008.RAWGPMT,2025-08-06 10:43:04,NHB250806104304.RAWGPMX,2025-08-06 10:50:07,NHB250806105007.RAWGPN0,2025-08-06 10:53:03,NHB250806105303.RAWGPN4
393,2025-08-06 11:00:07,NHB250806110007.RAWGPN7,2025-08-06 11:03:05,NHB250806110305.RAWGPNB,2025-08-06 11:10:08,NHB250806111008.RAWGPNE,2025-08-06 11:13:03,NHB250806111303.RAWGPNJ
394,2025-08-06 11:20:08,NHB250806112008.RAWGPNM,2025-08-06 11:23:04,NHB250806112304.RAWGPNS,2025-08-06 11:30:07,NHB250806113007.RAWGPNV,2025-08-06 11:33:04,NHB250806113304.RAWGPNZ
395,2025-08-06 11:40:07,NHB250806114007.RAWGPP2,2025-08-06 11:43:03,NHB250806114303.RAWGPP6,2025-08-06 11:50:07,NHB250806115007.RAWGPP9,2025-08-06 11:53:04,NHB250806115304.RAWGPPD
396,2025-08-06 12:00:08,NHB250806120008.RAWGPPG,2025-08-06 12:03:03,NHB250806120303.RAWGPPL,2025-08-06 12:10:08,NHB250806121008.RAWGPPP,2025-08-06 12:13:03,NHB250806121303.RAWGPPU
397,2025-08-06 12:20:08,NHB250806122008.RAWGPPX,2025-08-06 12:23:03,NHB250806122303.RAWGPR1,2025-08-06 12:30:08,NHB250806123008.RAWGPR4,2025-08-06 12:33:03,NHB250806123303.RAWGPR8
398,2025-08-06 12:40:09,NHB250806124009.RAWGPRB,2025-08-06 12:43:04,NHB250806124304.RAWGPRF,2025-08-06 12:50:08,NHB250806125008.RAWGPRJ,2025-08-06 12:53:03,NHB250806125303.RAWGPRN
399,2025-08-06 13:00:08,NHB250806130008.RAWGPRS,2025-08-06 13:03:04,NHB250806130304.RAWGPRW,2025-08-06 13:10:08,NHB250806131008.RAWGPRZ,2025-08-06 13:13:03,NHB250806131303.RAWGPS3
400,2025-08-06 13:20:08,NHB250806132008.RAWGPS6,2025-08-06 13:23:03,NHB250806132303.RAWGPSA,2025-08-06 13:30:07,NHB250806133007.RAWGPSD,2025-08-06 13:33:04,NHB250806133304.RAWGPSH
401,2025-08-06 13:40:09,NHB250806134009.RAWGPSL,2025-08-06 13:43:03,NHB250806134303.RAWGPSR,2025-08-06 13:50:09,NHB250806135009.RAWGPSU,2025-08-06 13:53:03,NHB250806135303.RAWGPSY
402,2025-08-06 14:00:08,NHB250806140008.RAWGPT1,2025-08-06 14:03:03,NHB250806140303.RAWGPT5,2025-08-06 14:10:08,NHB250806141008.RAWGPT8,2025-08-06 14:13:03,NHB250806141303.RAWGPTC
403,2025-08-06 14:20:08,NHB250806142008.RAWGPTF,2025-08-06 14:23:03,NHB250806142303.RAWGPTK,2025-08-06 14:30:07,NHB250806143007.RAWGPTN,2025-08-06 14:33:03,NHB250806143303.RAWGPTT
404,2025-08-06 14:40:09,NHB250806144009.RAWGPTW,2025-08-06 14:43:04,NHB250806144304.RAWGPU0,2025-08-06 14:50:08,NHB250806145008.RAWGPU3,2025-08-06 14:53:04,NHB250806145304.RAWGPU7
405,2025-08-06 15:00:08,NHB250806150008.RAWGPUA,2025-08-06 15:03:03,NHB250806150303.RAWGPUE,2025-08-06 15:10:07,NHB250806151007.RAWGPUH,2025-08-06 15:13:04,NHB250806151304.RAWGPUM
406,2025-08-06 15:20:08,NHB250806152008.RAWGPUR,2025-08-06 15:23:04,NHB250806152304.RAWGPUV,2025-08-06 15:30:08,NHB250806153008.RAWGPUY,2025-08-06 15:33:04,NHB250806153304.RAWGPV2
407,2025-08-06 15:40:07,NHB250806154007.RAWGPV5,2025-08-06 15:43:03,NHB250806154303.RAWGPV9,2025-08-06 15:50:08,NHB250806155008.RAWGPVC,2025-08-06 15:53:04,NHB250806155304.RAWGPVG
408,2025-08-06 16:00:08,NHB250806160008.RAWGPVK,2025-08-06 16:03:03,NHB250806160303.RAWGPVP,2025-08-06 16:10:08,NHB250806161008.RAWGPVT,2025-08-06 16:13:04,NHB250806161304.RAWGPVX
409,2025-08-06 16:20:08,NHB250806162008.RAWGPW0,2025-08-06 16:23:03,NHB250806162303.RAWGPW4,2025-08-06 16:30:08,NHB250806163008.RAWGPW7,2025-08-06 16:33:04,NHB250806163304.RAWGPWB
410,2025-08-06 16:40:08,NHB250806164008.RAWGPWE,2025-08-06 16:43:04,NHB250806164304.RAWGPWJ,2025-08-06 16:50:08,NHB250806165008.RAWGPWM,2025-08-06 16:53:04,NHB250806165304.RAWGPWS
411,2025-08-06 17:00:08,NHB250806170008.RAWGPWV,2025-08-06 17:03:04,NHB250806170304.RAWGPWZ,2025-08-06 17:10:07,NHB250806171007.RAWGPX2,2025-08-06 17:13:04,NHB250806171304.RAWGPX6
412,2025-08-06 17:20:07,NHB250806172007.RAWGPX9,2025-08-06 17:23:03,NHB250806172303.RAWGPXD,2025-08-06 17:30:08,NHB250806173008.RAWGPXG,2025-08-06 17:33:05,NHB250806173305.RAWGPXL
413,2025-08-06 17:40:08,NHB250806174008.RAWGPXP,2025-08-06 17:43:03,NHB250806174303.RAWGPXU,2025-08-06 17:50:07,NHB250806175007.RAWGPXX,2025-08-06 17:53:04,NHB250806175304.RAWGPY1
414,2025-08-06 18:00:07,NHB250806180007.RAWGPY4,2025-08-06 18:03:03,NHB250806180303.RAWGPY8,2025-08-06 18:10:08,NHB250806181008.RAWGPYB,2025-08-06 18:13:03,NHB250806181303.RAWGPYF
415,2025-08-06 18:20:08,NHB250806182008.RAWGPYJ,2025-08-06 18:23:03,NHB250806182303.RAWGPYN,2025-08-06 18:30:08,NHB250806183008.RAWGPYS,2025-08-06 18:33:03,NHB250806183303.RAWGPYW
416,2025-08-06 18:40:08,NHB250806184008.RAWGPYZ,2025-08-06 18:43:04,NHB250806184304.RAWGPZ3,2025-08-06 18:50:08,NHB250806185008.RAWGPZ6,2025-08-06 18:53:03,NHB250806185303.RAWGPZA
417,2025-08-06 19:00:08,NHB250806190008.RAWGPZD,2025-08-06 19:03:04,NHB250806190304.RAWGPZH,2025-08-06 19:10:07,NHB250806191007.RAWGPZL,2025-08-06 19:13:04,NHB250806191304.RAWGPZR
418,2025-08-06 19:20:07,NHB250806192007.RAWGPZU,2025-08-06 19:23:04,NHB250806192304.RAWGPZY,2025-08-06 19:30:08,NHB250806193008.RAWGR01,2025-08-06 19:33:03,NHB250806193303.RAWGR05
419,2025-08-06 19:40:08,NHB250806194008.RAWGR08,2025-08-06 19:43:04,NHB250806194304.RAWGR0C,2025-08-06 19:50:08,NHB250806195008.RAWGR0F,2025-08-06 19:53:04,NHB250806195304.RAWGR0K
420,2025-08-06 20:00:08,NHB250806200008.RAWGR0N,2025-08-06 20:03:04,NHB250806200304.RAWGR0T,2025-08-06 20:10:07,NHB250806201007.RAWGR0W,2025-08-06 20:13:03,NHB250806201303.RAWGR10
421,2025-08-06 20:20:07,NHB250806202007.RAWGR13,2025-08-06 20:23:04,NHB250806202304.RAWGR17,2025-08-06 20:30:08,NHB250806203008.RAWGR1A,2025-08-06 20:33:03,NHB250806203303.RAWGR1E
422,2025-08-06 20:40:08,NHB250806204008.RAWGR1H,2025-08-06 20:43:04,NHB250806204304.RAWGR1M,2025-08-06 20:50:07,NHB250806205007.RAWGR1R,2025-08-06 20:53:04,NHB250806205304.RAWGR1V
423,2025-08-06 21:00:08,NHB250806210008.RAWGR1Y,2025-08-06 21:03:03,NHB250806210303.RAWGR22,2025-08-06 21:10:08,NHB250806211008.RAWGR25,2025-08-06 21:13:03,NHB250806211303.RAWGR29
424,2025-08-06 21:20:08,NHB250806212008.RAWGR2C,2025-08-06 21:23:03,NHB250806212303.RAWGR2G,2025-08-06 21:30:08,NHB250806213008.RAWGR2K,2025-08-06 21:33:03,NHB250806213303.RAWGR2P
425,2025-08-06 21:40:09,NHB250806214009.RAWGR2T,2025-08-06 21:43:03,NHB250806214303.RAWGR2X,2025-08-06 21:50:08,NHB250806215008.RAWGR30,2025-08-06 21:53:04,NHB250806215304.RAWGR34
426,2025-08-06 22:00:08,NHB250806220008.RAWGR37,2025-08-06 22:03:04,NHB250806220304.RAWGR3B,2025-08-06 22:10:08,NHB250806221008.RAWGR3E,2025-08-06 22:13:04,NHB250806221304.RAWGR3J
427,2025-08-06 22:20:08,NHB250806222008.RAWGR3M,2025-08-06 22:23:04,NHB250806222304.RAWGR3S,2025-08-06 22:30:07,NHB250806223007.RAWGR3V,2025-08-06 22:33:04,NHB250806223304.RAWGR3Z
428,2025-08-06 22:40:07,NHB250806224007.RAWGR42,2025-08-06 22:43:03,NHB250806224303.RAWGR46,2025-08-06 22:50:08,NHB250806225008.RAWGR49,2025-08-06 22:53:04,NHB250806225304.RAWGR4D
429,2025-08-06 23:00:08,NHB250806230008.RAWGR4G,2025-08-06 23:03:04,NHB250806230304.RAWGR4L,2025-08-06 23:10:07,NHB250806231007.RAWGR4P,2025-08-06 23:13:03,NHB250806231303.RAWGR4U
430,2025-08-06 23:20:08,NHB250806232008.RAWGR4X,2025-08-06 23:23:03,NHB250806232303.RAWGR51,2025-08-06 23:30:07,NHB250806233007.RAWGR54,2025-08-06 23:33:03,NHB250806233303.RAWGR58
431,2025-08-06 23:40:08,NHB250806234008.RAWGR5B,2025-08-06 23:43:03,NHB250806234303.RAWGR5F,2025-08-06 23:50:07,NHB250806235007.RAWGR5J,2025-08-06 23:53:04,NHB250806235304.RAWGR5N
432,2025-08-07 00:00:08,NHB250807000008.RAWGR5S,2025-08-07 00:03:04,NHB250807000304.RAWGR5W,2025-08-07 00:10:08,NHB250807001008.RAWGR5Z,2025-08-07 00:13:04,NHB250807001304.RAWGR63
433,2025-08-07 00:20:08,NHB250807002008.RAWGR66,2025-08-07 00:23:04,NHB250807002304.RAWGR6A,2025-08-07 00:30:08,NHB250807003008.RAWGR6D,2025-08-07 00:33:04,NHB250807003304.RAWGR6H
434,2025-08-07 00:40:08,NHB250807004008.RAWGR6L,2025-08-07 00:43:03,NHB250807004303.RAWGR6R,2025-08-07 00:50:09,NHB250807005009.RAWGR6U,2025-08-07 00:53:03,NHB250807005303.RAWGR6Y
435,2025-08-07 01:00:08,NHB250807010008.RAWGR71,2025-08-07 01:03:03,NHB250807010303.RAWGR75,2025-08-07 01:10:08,NHB250807011008.RAWGR78,2025-08-07 01:13:03,NHB250807011303.RAWGR7C
436,2025-08-07 01:20:08,NHB250807012008.RAWGR7F,2025-08-07 01:23:03,NHB250807012303.RAWGR7K,2025-08-07 01:30:07,NHB250807013007.RAWGR7N,2025-08-07 01:33:03,NHB250807013303.RAWGR7T
437,2025-08-07 01:40:08,NHB250807014008.RAWGR7W,2025-08-07 01:43:03,NHB250807014303.RAWGR80,2025-08-07 01:50:07,NHB250807015007.RAWGR83,2025-08-07 01:53:04,NHB250807015304.RAWGR87
438,2025-08-07 02:00:08,NHB250807020008.RAWGR8A,2025-08-07 02:03:04,NHB250807020304.RAWGR8E,2025-08-07 02:10:08,NHB250807021008.RAWGR8H,2025-08-07 02:13:03,NHB250807021303.RAWGR8M
439,2025-08-07 02:20:07,NHB250807022007.RAWGR8R,2025-08-07 02:23:03,NHB250807022303.RAWGR8V,2025-08-07 02:30:08,NHB250807023008.RAWGR8Y,2025-08-07 02:33:04,NHB250807023304.RAWGR92
440,2025-08-07 02:40:08,NHB250807024008.RAWGR95,2025-08-07 02:43:03,NHB250807024303.RAWGR99,2025-08-07 02:50:08,NHB250807025008.RAWGR9C,2025-08-07 02:53:03,NHB250807025303.RAWGR9G
441,2025-08-07 03:00:07,NHB250807030007.RAWGR9K,2025-08-07 03:03:04,NHB250807030304.RAWGR9P,2025-08-07 03:10:07,NHB250807031007.RAWGR9T,2025-08-07 03:13:04,NHB250807031304.RAWGR9X
442,2025-08-07 03:20:08,NHB250807032008.RAWGRA0,2025-08-07 03:23:03,NHB250807032303.RAWGRA4,2025-08-07 03:30:07,NHB250807033007.RAWGRA7,2025-08-07 03:33:03,NHB250807033303.RAWGRAB
443,2025-08-07 03:40:08,NHB250807034008.RAWGRAE,2025-08-07 03:43:04,NHB250807034304.RAWGRAJ,2025-08-07 03:50:08,NHB250807035008.RAWGRAM,2025-08-07 03:53:03,NHB250807035303.RAWGRAS
444,2025-08-07 04:00:08,NHB250807040008.RAWGRAV,2025-08-07 04:03:03,NHB250807040303.RAWGRAZ,2025-08-07 04:10:07,NHB250807041007.RAWGRB2,2025-08-07 04:13:05,NHB250807041305.RAWGRB6
445,2025-08-07 04:20:08,NHB250807042008.RAWGRB9,2025-08-07 04:23:03,NHB250807042303.RAWGRBD,2025-08-07 04:30:08,NHB250807043008.RAWGRBG,2025-08-07 04:33:03,NHB250807043303.RAWGRBL
446,2025-08-07 04:40:08,NHB250807044008.RAWGRBP,2025-08-07 04:43:03,NHB250807044303.RAWGRBU,2025-08-07 04:50:08,NHB250807045008.RAWGRBX,2025-08-07 04:53:04,NHB250807045304.RAWGRC1
447,2025-08-07 05:00:07,NHB250807050007.RAWGRC4,2025-08-07 05:03:03,NHB250807050303.RAWGRC8,2025-08-07 05:10:07,NHB250807051007.RAWGRCB,2025-08-07 05:13:03,NHB250807051303.RAWGRCF
448,2025-08-07 05:20:08,NHB250807052008.RAWGRCJ,2025-08-07 05:23:03,NHB250807052303.RAWGRCN,2025-08-07 05:30:08,NHB250807053008.RAWGRCS,2025-08-07 05:33:04,NHB250807053304.RAWGRCW
449,2025-08-07 05:40:07,NHB250807054007.RAWGRCZ,2025-08-07 05:43:05,NHB250807054305.RAWGRD3,2025-08-07 05:50:08,NHB250807055008.RAWGRD6,2025-08-07 05:53:03,NHB250807055303.RAWGRDA
450,2025-08-07 06:00:08,NHB250807060008.RAWGRDD,2025-08-07 06:03:03,NHB250807060303.RAWGRDH,2025-08-07 06:10:07,NHB250807061007.RAWGRDL,2025-08-07 06:13:04,NHB250807061304.RAWGRDR
451,2025-08-07 06:20:09,NHB250807062009.RAWGRDU,2025-08-07 06:23:03,NHB250807062303.RAWGRDY,2025-08-07 06:30:08,NHB250807063008.RAWGRE1,2025-08-07 06:33:03,NHB250807063303.RAWGRE5
452,2025-08-07 06:40:08,NHB250807064008.RAWGRE8,2025-08-07 06:43:03,NHB250807064303.RAWGREC,2025-08-07 06:50:07,NHB250807065007.RAWGREF,2025-08-07 06:53:03,NHB250807065303.RAWGREK
453,2025-08-07 07:00:09,NHB250807070009.RAWGREN,2025-08-07 07:03:03,NHB250807070303.RAWGRET,2025-08-07 07:10:08,NHB250807071008.RAWGREW,2025-08-07 07:13:03,NHB250807071303.RAWGRF0
454,2025-08-07 07:20:07,NHB250807072007.RAWGRF3,2025-08-07 07:23:04,NHB250807072304.RAWGRF7,2025-08-07 07:30:08,NHB250807073008.RAWGRFA,2025-08-07 07:33:03,NHB250807073303.RAWGRFE
455,2025-08-07 07:40:08,NHB250807074008.RAWGRFH,2025-08-07 07:43:04,NHB250807074304.RAWGRFM,2025-08-07 07:50:07,NHB250807075007.RAWGRFR,2025-08-07 07:53:03,NHB250807075303.RAWGRFV
456,2025-08-07 08:00:07,NHB250807080007.RAWGRFY,2025-08-07 08:03:03,NHB250807080303.RAWGRG2,2025-08-07 08:10:07,NHB250807081007.RAWGRG5,2025-08-07 08:13:03,NHB250807081303.RAWGRG9
457,2025-08-07 08:20:08,NHB250807082008.RAWGRGC,2025-08-07 08:23:04,NHB250807082304.RAWGRGG,2025-08-07 08:30:07,NHB250807083007.RAWGRGK,2025-08-07 08:33:04,NHB250807083304.RAWGRGP
458,2025-08-07 08:40:08,NHB250807084008.RAWGRGT,2025-08-07 08:43:03,NHB250807084303.RAWGRGX,2025-08-07 08:50:08,NHB250807085008.RAWGRH0,2025-08-07 08:53:04,NHB250807085304.RAWGRH4
459,2025-08-07 09:00:08,NHB250807090008.RAWGRH7,2025-08-07 09:03:04,NHB250807090304.RAWGRHB,2025-08-07 09:10:08,NHB250807091008.RAWGRHE,2025-08-07 09:13:04,NHB250807091304.RAWGRHJ
460,2025-08-07 09:20:08,NHB250807092008.RAWGRHM,2025-08-07 09:23:03,NHB250807092303.RAWGRHS,2025-08-07 09:30:07,NHB250807093007.RAWGRHV,2025-08-07 09:33:04,NHB250807093304.RAWGRHZ
461,2025-08-07 09:40:08,NHB250807094008.RAWGRJ2,2025-08-07 09:43:04,NHB250807094304.RAWGRJ6,2025-08-07 09:50:07,NHB250807095007.RAWGRJ9,2025-08-07 09:53:04,NHB250807095304.RAWGRJD
462,2025-08-07 10:00:07,NHB250807100007.RAWGRJG,2025-08-07 10:03:04,NHB250807100304.RAWGRJL,2025-08-07 10:10:07,NHB250807101007.RAWGRJP,2025-08-07 10:13:03,NHB250807101303.RAWGRJU
463,2025-08-07 10:20:07,NHB250807102007.RAWGRJX,2025-08-07 10:23:04,NHB250807102304.RAWGRK1,2025-08-07 10:30:07,NHB250807103007.RAWGRK4,2025-08-07 10:33:03,NHB250807103303.RAWGRK8
464,2025-08-07 10:40:07,NHB250807104007.RAWGRKB,2025-08-07 10:43:03,NHB250807104303.RAWGRKF,2025-08-07 10:50:09,NHB250807105009.RAWGRKJ,2025-08-07 10:53:03,NHB250807105303.RAWGRKN
465,2025-08-07 11:00:07,NHB250807110007.RAWGRKS,2025-08-07 11:03:04,NHB250807110304.RAWGRKW,2025-08-07 11:10:08,NHB250807111008.RAWGRKZ,2025-08-07 11:13:04,NHB250807111304.RAWGRL3
466,2025-08-07 11:20:07,NHB250807112007.RAWGRL6,2025-08-07 11:23:03,NHB250807112303.RAWGRLA,2025-08-07 11:30:08,NHB250807113008.RAWGRLD,2025-08-07 11:33:04,NHB250807113304.RAWGRLH
467,2025-08-07 11:40:07,NHB250807114007.RAWGRLL,2025-08-07 11:43:05,NHB250807114305.RAWGRLR,2025-08-07 11:50:07,NHB250807115007.RAWGRLU,2025-08-07 11:53:03,NHB250807115303.RAWGRLY
468,2025-08-07 12:00:08,NHB250807120008.RAWGRM1,2025-08-07 12:03:03,NHB250807120303.RAWGRM5,2025-08-07 12:10:08,NHB250807121008.RAWGRM8,2025-08-07 12:13:03,NHB250807121303.RAWGRMC
469,2025-08-07 12:20:08,NHB250807122008.RAWGRMF,2025-08-07 12:23:03,NHB250807122303.RAWGRMK,2025-08-07 12:30:08,NHB250807123008.RAWGRMN,2025-08-07 12:33:03,NHB250807123303.RAWGRMT
470,2025-08-07 12:40:07,NHB250807124007.RAWGRMW,2025-08-07 12:43:03,NHB250807124303.RAWGRN0,2025-08-07 12:50:08,NHB250807125008.RAWGRN3,2025-08-07 12:53:04,NHB250807125304.RAWGRN7
471,2025-08-07 13:00:08,NHB250807130008.RAWGRNA,2025-08-07 13:03:03,NHB250807130303.RAWGRNE,2025-08-07 13:10:08,NHB250807131008.RAWGRNH,2025-08-07 13:13:04,NHB250807131304.RAWGRNM
472,2025-08-07 13:20:08,NHB250807132008.RAWGRNR,2025-08-07 13:23:03,NHB250807132303.RAWGRNV,2025-08-07 13:30:08,NHB250807133008.RAWGRNY,2025-08-07 13:33:04,NHB250807133304.RAWGRP2
473,2025-08-07 13:40:09,NHB250807134009.RAWGRP5,2025-08-07 13:43:04,NHB250807134304.RAWGRP9,2025-08-07 13:50:07,NHB250807135007.RAWGRPC,2025-08-07 13:53:05,NHB250807135305.RAWGRPG
474,2025-08-07 14:00:07,NHB250807140007.RAWGRPK,2025-08-07 14:03:03,NHB250807140303.RAWGRPP,2025-08-07 14:10:08,NHB250807141008.RAWGRPT,2025-08-07 14:13:04,NHB250807141304.RAWGRPX
475,2025-08-07 14:20:08,NHB250807142008.RAWGRR0,2025-08-07 14:23:03,NHB250807142303.RAWGRR4,2025-08-07 14:30:08,NHB250807143008.RAWGRR7,2025-08-07 14:33:03,NHB250807143303.RAWGRRB
476,2025-08-07 14:40:08,NHB250807144008.RAWGRRE,2025-08-07 14:43:03,NHB250807144303.RAWGRRJ,2025-08-07 14:50:08,NHB250807145008.RAWGRRM,2025-08-07 14:53:03,NHB250807145303.RAWGRRS
477,2025-08-07 15:00:09,NHB250807150009.RAWGRRV,2025-08-07 15:03:03,NHB250807150303.RAWGRRZ,2025-08-07 15:10:08,NHB250807151008.RAWGRS2,2025-08-07 15:13:04,NHB250807151304.RAWGRS6
478,2025-08-07 15:20:07,NHB250807152007.RAWGRS9,2025-08-07 15:23:04,NHB250807152304.RAWGRSD,2025-08-07 15:30:08,NHB250807153008.RAWGRSG,2025-08-07 15:33:04,NHB250807153304.RAWGRSL
479,2025-08-07 15:40:09,NHB250807154009.RAWGRSP,2025-08-07 15:43:03,NHB250807154303.RAWGRSU,2025-08-07 15:50:07,NHB250807155007.RAWGRSX,2025-08-07 15:53:04,NHB250807155304.RAWGRT1
480,2025-08-07 16:00:08,NHB250807160008.RAWGRT4,2025-08-07 16:03:04,NHB250807160304.RAWGRT8,2025-08-07 16:10:08,NHB250807161008.RAWGRTB,2025-08-07 16:13:03,NHB250807161303.RAWGRTF
481,2025-08-07 16:20:07,NHB250807162007.RAWGRTJ,2025-08-07 16:23:04,NHB250807162304.RAWGRTN,2025-08-07 16:30:08,NHB250807163008.RAWGRTS,2025-08-07 16:33:04,NHB250807163304.RAWGRTW
482,2025-08-07 16:40:07,NHB250807164007.RAWGRTZ,2025-08-07 16:43:04,NHB250807164304.RAWGRU3,2025-08-07 16:50:08,NHB250807165008.RAWGRU6,2025-08-07 16:53:04,NHB250807165304.RAWGRUA
483,2025-08-07 17:00:07,NHB250807170007.RAWGRUD,2025-08-07 17:03:04,NHB250807170304.RAWGRUH,2025-08-07 17:10:08,NHB250807171008.RAWGRUL,2025-08-07 17:13:03,NHB250807171303.RAWGRUR
484,2025-08-07 17:20:08,NHB250807172008.RAWGRUU,2025-08-07 17:23:03,NHB250807172303.RAWGRUY,2025-08-07 17:30:08,NHB250807173008.RAWGRV1,2025-08-07 17:33:04,NHB250807173304.RAWGRV5
485,2025-08-07 17:40:08,NHB250807174008.RAWGRV8,2025-08-07 17:43:04,NHB250807174304.RAWGRVC,2025-08-07 17:50:08,NHB250807175008.RAWGRVF,2025-08-07 17:53:03,NHB250807175303.RAWGRVK
486,2025-08-07 18:00:07,NHB250807180007.RAWGRVN,2025-08-07 18:03:03,NHB250807180303.RAWGRVT,2025-08-07 18:10:08,NHB250807181008.RAWGRVW,2025-08-07 18:13:04,NHB250807181304.RAWGRW0
487,2025-08-07 18:20:07,NHB250807182007.RAWGRW3,2025-08-07 18:23:03,NHB250807182303.RAWGRW7,2025-08-07 18:30:08,NHB250807183008.RAWGRWA,2025-08-07 18:33:03,NHB250807183303.RAWGRWE
488,2025-08-07 18:40:08,NHB250807184008.RAWGRWH,2025-08-07 18:43:03,NHB250807184303.RAWGRWM,2025-08-07 18:50:09,NHB250807185009.RAWGRWR,2025-08-07 18:53:03,NHB250807185303.RAWGRWV
489,2025-08-07 19:00:08,NHB250807190008.RAWGRWY,2025-08-07 19:03:04,NHB250807190304.RAWGRX2,2025-08-07 19:10:07,NHB250807191007.RAWGRX5,2025-08-07 19:13:04,NHB250807191304.RAWGRX9
490,2025-08-07 19:20:07,NHB250807192007.RAWGRXC,2025-08-07 19:23:04,NHB250807192304.RAWGRXG,2025-08-07 19:30:08,NHB250807193008.RAWGRXK,2025-08-07 19:33:03,NHB250807193303.RAWGRXP
491,2025-08-07 19:40:08,NHB250807194008.RAWGRXT,2025-08-07 19:43:04,NHB250807194304.RAWGRXX,2025-08-07 19:50:08,NHB250807195008.RAWGRY0,2025-08-07 19:53:03,NHB250807195303.RAWGRY4
492,2025-08-07 20:00:07,NHB250807200007.RAWGRY7,2025-08-07 20:03:04,NHB250807200304.RAWGRYB,2025-08-07 20:10:07,NHB250807201007.RAWGRYE,2025-08-07 20:13:04,NHB250807201304.RAWGRYJ
493,2025-08-07 20:20:07,NHB250807202007.RAWGRYM,2025-08-07 20:23:03,NHB250807202303.RAWGRYS,2025-08-07 20:30:08,NHB250807203008.RAWGRYV,2025-08-07 20:33:03,NHB250807203303.RAWGRYZ
494,2025-08-07 20:40:07,NHB250807204007.RAWGRZ2,2025-08-07 20:43:03,NHB250807204303.RAWGRZ6,2025-08-07 20:50:08,NHB250807205008.RAWGRZ9,2025-08-07 20:53:04,NHB250807205304.RAWGRZD
495,2025-08-07 21:00:08,NHB250807210008.RAWGRZG,2025-08-07 21:03:03,NHB250807210303.RAWGRZL,2025-08-07 21:10:08,NHB250807211008.RAWGRZP,2025-08-07 21:13:03,NHB250807211303.RAWGRZU
496,2025-08-07 21:20:08,NHB250807212008.RAWGRZX,2025-08-07 21:23:03,NHB250807212303.RAWGS01,2025-08-07 21:30:08,NHB250807213008.RAWGS04,2025-08-07 21:33:03,NHB250807213303.RAWGS08
497,2025-08-07 21:40:08,NHB250807214008.RAWGS0B,2025-08-07 21:43:04,NHB250807214304.RAWGS0F,2025-08-07 21:50:08,NHB250807215008.RAWGS0J,2025-08-07 21:53:03,NHB250807215303.RAWGS0N
498,2025-08-07 22:00:08,NHB250807220008.RAWGS0S,2025-08-07 22:03:04,NHB250807220304.RAWGS0W,2025-08-07 22:10:07,NHB250807221007.RAWGS0Z,2025-08-07 22:13:03,NHB250807221303.RAWGS13
499,2025-08-07 22:20:07,NHB250807222007.RAWGS16,2025-08-07 22:23:05,NHB250807222305.RAWGS1A,2025-08-07 22:30:08,NHB250807223008.RAWGS1D,2025-08-07 22:33:04,NHB250807223304.RAWGS1H
500,2025-08-07 22:40:08,NHB250807224008.RAWGS1L,2025-08-07 22:43:04,NHB250807224304.RAWGS1R,2025-08-07 22:50:08,NHB250807225008.RAWGS1U,2025-08-07 22:53:04,NHB250807225304.RAWGS1Y
501,2025-08-07 23:00:08,NHB250807230008.RAWGS21,2025-08-07 23:03:03,NHB250807230303.RAWGS25,2025-08-07 23:10:08,NHB250807231008.RAWGS28,2025-08-07 23:13:03,NHB250807231303.RAWGS2C
502,2025-08-07 23:20:08,NHB250807232008.RAWGS2F,2025-08-07 23:23:03,NHB250807232303.RAWGS2K,2025-08-07 23:30:08,NHB250807233008.RAWGS2N,2025-08-07 23:33:03,NHB250807233303.RAWGS2T
503,2025-08-07 23:40:08,NHB250807234008.RAWGS2W,2025-08-07 23:43:03,NHB250807234303.RAWGS30,2025-08-07 23:50:08,NHB250807235008.RAWGS33,2025-08-07 23:53:04,NHB250807235304.RAWGS37
504,2025-08-08 00:00:07,NHB250808000007.RAWGS3A,2025-08-08 00:03:04,NHB250808000304.RAWGS3E,2025-08-08 00:10:08,NHB250808001008.RAWGS3H,2025-08-08 00:13:04,NHB250808001304.RAWGS3M
505,2025-08-08 00:20:08,NHB250808002008.RAWGS3R,2025-08-08 00:23:03,NHB250808002303.RAWGS3V,2025-08-08 00:30:08,NHB250808003008.RAWGS3Y,2025-08-08 00:33:03,NHB250808003303.RAWGS42
506,2025-08-08 00:40:08,NHB250808004008.RAWGS45,2025-08-08 00:43:03,NHB250808004303.RAWGS49,2025-08-08 00:50:08,NHB250808005008.RAWGS4C,2025-08-08 00:53:04,NHB250808005304.RAWGS4G
507,2025-08-08 01:00:07,NHB250808010007.RAWGS4K,2025-08-08 01:03:04,NHB250808010304.RAWGS4P,2025-08-08 01:10:07,NHB250808011007.RAWGS4T,2025-08-08 01:13:03,NHB250808011303.RAWGS4X
508,2025-08-08 01:20:07,NHB250808012007.RAWGS50,2025-08-08 01:23:03,NHB250808012303.RAWGS54,2025-08-08 01:30:08,NHB250808013008.RAWGS57,2025-08-08 01:33:03,NHB250808013303.RAWGS5B
509,2025-08-08 01:40:08,NHB250808014008.RAWGS5E,2025-08-08 01:43:03,NHB250808014303.RAWGS5J,2025-08-08 01:50:07,NHB250808015007.RAWGS5M,2025-08-08 01:53:04,NHB250808015304.RAWGS5S
510,2025-08-08 02:00:08,NHB250808020008.RAWGS5V,2025-08-08 02:03:03,NHB250808020303.RAWGS5Z,2025-08-08 02:10:08,NHB250808021008.RAWGS62,2025-08-08 02:13:04,NHB250808021304.RAWGS66
511,2025-08-08 02:20:09,NHB250808022009.RAWGS69,2025-08-08 02:23:03,NHB250808022303.RAWGS6D,2025-08-08 02:30:08,NHB250808023008.RAWGS6G,2025-08-08 02:33:03,NHB250808023303.RAWGS6L
512,2025-08-08 02:40:07,NHB250808024007.RAWGS6P,2025-08-08 02:43:04,NHB250808024304.RAWGS6U,2025-08-08 02:50:08,NHB250808025008.RAWGS6X,2025-08-08 02:53:03,NHB250808025303.RAWGS71
513,2025-08-08 03:00:07,NHB250808030007.RAWGS74,2025-08-08 03:03:04,NHB250808030304.RAWGS78,2025-08-08 03:10:07,NHB250808031007.RAWGS7B,2025-08-08 03:13:03,NHB250808031303.RAWGS7F
514,2025-08-08 03:20:08,NHB250808032008.RAWGS7J,2025-08-08 03:23:03,NHB250808032303.RAWGS7N,2025-08-08 03:30:08,NHB250808033008.RAWGS7S,2025-08-08 03:33:04,NHB250808033304.RAWGS7W
515,2025-08-08 03:40:08,NHB250808034008.RAWGS7Z,2025-08-08 03:43:04,NHB250808034304.RAWGS83,2025-08-08 03:50:08,NHB250808035008.RAWGS86,2025-08-08 03:53:03,NHB250808035303.RAWGS8A
516,2025-08-08 04:00:07,NHB250808040007.RAWGS8D,2025-08-08 04:03:04,NHB250808040304.RAWGS8H,2025-08-08 04:10:08,NHB250808041008.RAWGS8L,2025-08-08 04:13:03,NHB250808041303.RAWGS8R
517,2025-08-08 04:20:08,NHB250808042008.RAWGS8U,2025-08-08 04:23:04,NHB250808042304.RAWGS8Y,2025-08-08 04:30:08,NHB250808043008.RAWGS91,2025-08-08 04:33:03,NHB250808043303.RAWGS95
518,2025-08-08 04:40:07,NHB250808044007.RAWGS98,2025-08-08 04:43:03,NHB250808044303.RAWGS9C,2025-08-08 04:50:08,NHB250808045008.RAWGS9F,2025-08-08 04:53:03,NHB250808045303.RAWGS9K
519,2025-08-08 05:00:08,NHB250808050008.RAWGS9N,2025-08-08 05:03:03,NHB250808050303.RAWGS9T,2025-08-08 05:10:08,NHB250808051008.RAWGS9W,2025-08-08 05:13:03,NHB250808051303.RAWGSA0
520,2025-08-08 05:20:08,NHB250808052008.RAWGSA3,2025-08-08 05:23:03,NHB250808052303.RAWGSA7,2025-08-08 05:30:09,NHB250808053009.RAWGSAA,2025-08-08 05:33:04,NHB250808053304.RAWGSAE
521,2025-08-08 05:40:07,NHB250808054007.RAWGSAH,2025-08-08 05:43:04,NHB250808054304.RAWGSAM,2025-08-08 05:50:08,NHB250808055008.RAWGSAR,2025-08-08 05:53:03,NHB250808055303.RAWGSAV
522,2025-08-08 06:00:09,NHB250808060009.RAWGSAY,2025-08-08 06:03:04,NHB250808060304.RAWGSB2,2025-08-08 06:10:09,NHB250808061009.RAWGSB5,2025-08-08 06:13:03,NHB250808061303.RAWGSB9
523,2025-08-08 06:20:08,NHB250808062008.RAWGSBC,2025-08-08 06:23:04,NHB250808062304.RAWGSBG,2025-08-08 06:30:08,NHB250808063008.RAWGSBK,2025-08-08 06:33:03,NHB250808063303.RAWGSBP
524,2025-08-08 06:40:08,NHB250808064008.RAWGSBT,2025-08-08 06:43:03,NHB250808064303.RAWGSBX,2025-08-08 06:50:08,NHB250808065008.RAWGSC0,2025-08-08 06:53:03,NHB250808065303.RAWGSC4
525,2025-08-08 07:00:07,NHB250808070007.RAWGSC7,2025-08-08 07:03:04,NHB250808070304.RAWGSCB,2025-08-08 07:10:07,NHB250808071007.RAWGSCE,2025-08-08 07:13:04,NHB250808071304.RAWGSCJ
526,2025-08-08 07:20:08,NHB250808072008.RAWGSCM,2025-08-08 07:23:03,NHB250808072303.RAWGSCS,2025-08-08 07:30:08,NHB250808073008.RAWGSCV,2025-08-08 07:33:04,NHB250808073304.RAWGSCZ
527,2025-08-08 07:40:07,NHB250808074007.RAWGSD2,2025-08-08 07:43:03,NHB250808074303.RAWGSD6,2025-08-08 07:50:07,NHB250808075007.RAWGSD9,2025-08-08 07:53:03,NHB250808075303.RAWGSDD
528,2025-08-08 08:00:08,NHB250808080008.RAWGSDG,2025-08-08 08:03:03,NHB250808080303.RAWGSDL,2025-08-08 08:10:07,NHB250808081007.RAWGSDP,2025-08-08 08:13:04,NHB250808081304.RAWGSDU
529,2025-08-08 08:20:07,NHB250808082007.RAWGSDX,2025-08-08 08:23:03,NHB250808082303.RAWGSE1,2025-08-08 08:30:08,NHB250808083008.RAWGSE4,2025-08-08 08:33:04,NHB250808083304.RAWGSE8
530,2025-08-08 08:40:09,NHB250808084009.RAWGSEB,2025-08-08 08:43:03,NHB250808084303.RAWGSEF,2025-08-08 08:50:07,NHB250808085007.RAWGSEJ,2025-08-08 08:53:03,NHB250808085303.RAWGSEN
531,2025-08-08 09:00:07,NHB250808090007.RAWGSES,2025-08-08 09:03:04,NHB250808090304.RAWGSEW,2025-08-08 09:10:08,NHB250808091008.RAWGSEZ,2025-08-08 09:13:03,NHB250808091303.RAWGSF3
532,2025-08-08 09:20:07,NHB250808092007.RAWGSF6,2025-08-08 09:23:04,NHB250808092304.RAWGSFA,2025-08-08 09:30:09,NHB250808093009.RAWGSFD,2025-08-08 09:33:04,NHB250808093304.RAWGSFH
533,2025-08-08 09:40:07,NHB250808094007.RAWGSFL,2025-08-08 09:43:03,NHB250808094303.RAWGSFR,2025-08-08 09:50:07,NHB250808095007.RAWGSFU,2025-08-08 09:53:04,NHB250808095304.RAWGSFY
534,2025-08-08 10:00:08,NHB250808100008.RAWGSG1,2025-08-08 10:03:04,NHB250808100304.RAWGSG5,2025-08-08 10:10:08,NHB250808101008.RAWGSG8,2025-08-08 10:13:03,NHB250808101303.RAWGSGC
535,2025-08-08 10:20:09,NHB250808102009.RAWGSGF,2025-08-08 10:23:03,NHB250808102303.RAWGSGK,2025-08-08 10:30:08,NHB250808103008.RAWGSGN,2025-08-08 10:33:03,NHB250808103303.RAWGSGT
536,2025-08-08 10:40:08,NHB250808104008.RAWGSGW,2025-08-08 10:43:03,NHB250808104303.RAWGSH0,2025-08-08 10:50:08,NHB250808105008.RAWGSH3,2025-08-08 10:53:04,NHB250808105304.RAWGSH7
537,2025-08-08 11:00:08,NHB250808110008.RAWGSHA,2025-08-08 11:03:03,NHB250808110303.RAWGSHE,2025-08-08 11:10:08,NHB250808111008.RAWGSHH,2025-08-08 11:13:04,NHB250808111304.RAWGSHM
538,2025-08-08 11:20:08,NHB250808112008.RAWGSHR,2025-08-08 11:23:03,NHB250808112303.RAWGSHV,2025-08-08 11:30:08,NHB250808113008.RAWGSHY,2025-08-08 11:33:04,NHB250808113304.RAWGSJ2
539,2025-08-08 11:40:07,NHB250808114007.RAWGSJ5,2025-08-08 11:43:05,NHB250808114305.RAWGSJ9,2025-08-08 11:50:07,NHB250808115007.RAWGSJC,2025-08-08 11:53:04,NHB250808115304.RAWGSJG
540,2025-08-08 12:00:08,NHB250808120008.RAWGSJK,2025-08-08 12:03:03,NHB250808120303.RAWGSJP,2025-08-08 12:10:08,NHB250808121008.RAWGSJT,2025-08-08 12:13:03,NHB250808121303.RAWGSJX
541,2025-08-08 12:20:08,NHB250808122008.RAWGSK0,2025-08-08 12:23:03,NHB250808122303.RAWGSK4,2025-08-08 12:30:09,NHB250808123009.RAWGSK7,2025-08-08 12:33:04,NHB250808123304.RAWGSKB
542,2025-08-08 12:40:08,NHB250808124008.RAWGSKE,2025-08-08 12:43:04,NHB250808124304.RAWGSKJ,2025-08-08 12:50:08,NHB250808125008.RAWGSKM,2025-08-08 12:53:04,NHB250808125304.RAWGSKS
543,2025-08-08 13:00:08,NHB250808130008.RAWGSKV,2025-08-08 13:03:04,NHB250808130304.RAWGSKZ,2025-08-08 13:10:07,NHB250808131007.RAWGSL2,2025-08-08 13:13:03,NHB250808131303.RAWGSL6
544,2025-08-08 13:20:08,NHB250808132008.RAWGSL9,2025-08-08 13:23:03,NHB250808132303.RAWGSLD,2025-08-08 13:30:09,NHB250808133009.RAWGSLG,2025-08-08 13:33:03,NHB250808133303.RAWGSLL
545,2025-08-08 13:40:09,NHB250808134009.RAWGSLP,2025-08-08 13:43:03,NHB250808134303.RAWGSLU,2025-08-08 13:50:07,NHB250808135007.RAWGSLX,2025-08-08 13:53:03,NHB250808135303.RAWGSM1
546,2025-08-08 14:00:08,NHB250808140008.RAWGSM4,2025-08-08 14:03:04,NHB250808140304.RAWGSM8,2025-08-08 14:10:08,NHB250808141008.RAWGSMB,2025-08-08 14:13:04,NHB250808141304.RAWGSMF
547,2025-08-08 14:20:08,NHB250808142008.RAWGSMJ,2025-08-08 14:23:03,NHB250808142303.RAWGSMN,2025-08-08 14:30:07,NHB250808143007.RAWGSMS,2025-08-08 14:33:03,NHB250808143303.RAWGSMW
548,2025-08-08 14:40:07,NHB250808144007.RAWGSMZ,2025-08-08 14:43:03,NHB250808144303.RAWGSN3,2025-08-08 14:50:08,NHB250808145008.RAWGSN6,2025-08-08 14:53:04,NHB250808145304.RAWGSNA
549,2025-08-08 15:00:09,NHB250808150009.RAWGSND,2025-08-08 15:03:04,NHB250808150304.RAWGSNH,2025-08-08 15:10:08,NHB250808151008.RAWGSNL,2025-08-08 15:13:03,NHB250808151303.RAWGSNR
550,2025-08-08 15:20:07,NHB250808152007.RAWGSNU,2025-08-08 15:23:04,NHB250808152304.RAWGSNY,2025-08-08 15:30:08,NHB250808153008.RAWGSP1,2025-08-08 15:33:04,NHB250808153304.RAWGSP5
551,2025-08-08 15:40:07,NHB250808154007.RAWGSP8,2025-08-08 15:43:03,NHB250808154303.RAWGSPC,2025-08-08 15:50:08,NHB250808155008.RAWGSPF,2025-08-08 15:53:04,NHB250808155304.RAWGSPK
552,2025-08-08 16:00:08,NHB250808160008.RAWGSPN,2025-08-08 16:03:03,NHB250808160303.RAWGSPT,2025-08-08 16:10:08,NHB250808161008.RAWGSPW,2025-08-08 16:13:04,NHB250808161304.RAWGSR0
553,2025-08-08 16:20:08,NHB250808162008.RAWGSR3,2025-08-08 16:23:04,NHB250808162304.RAWGSR7,2025-08-08 16:30:08,NHB250808163008.RAWGSRA,2025-08-08 16:33:03,NHB250808163303.RAWGSRE
554,2025-08-08 16:40:08,NHB250808164008.RAWGSRH,2025-08-08 16:43:03,NHB250808164303.RAWGSRM,2025-08-08 16:50:08,NHB250808165008.RAWGSRR,2025-08-08 16:53:03,NHB250808165303.RAWGSRV
555,2025-08-08 17:00:08,NHB250808170008.RAWGSRY,2025-08-08 17:03:03,NHB250808170303.RAWGSS2,2025-08-08 17:10:08,NHB250808171008.RAWGSS5,2025-08-08 17:13:04,NHB250808171304.RAWGSS9
556,2025-08-08 17:20:08,NHB250808172008.RAWGSSC,2025-08-08 17:23:04,NHB250808172304.RAWGSSG,2025-08-08 17:30:07,NHB250808173007.RAWGSSK,2025-08-08 17:33:03,NHB250808173303.RAWGSSP
557,2025-08-08 17:40:07,NHB250808174007.RAWGSST,2025-08-08 17:43:03,NHB250808174303.RAWGSSX,2025-08-08 17:50:08,NHB250808175008.RAWGST0,2025-08-08 17:53:03,NHB250808175303.RAWGST4
558,2025-08-08 18:00:07,NHB250808180007.RAWGST7,2025-08-08 18:03:03,NHB250808180303.RAWGSTB,2025-08-08 18:10:07,NHB250808181007.RAWGSTE,2025-08-08 18:13:04,NHB250808181304.RAWGSTJ
559,2025-08-08 18:20:07,NHB250808182007.RAWGSTM,2025-08-08 18:23:03,NHB250808182303.RAWGSTS,2025-08-08 18:30:08,NHB250808183008.RAWGSTV,2025-08-08 18:33:04,NHB250808183304.RAWGSTZ
560,2025-08-08 18:40:08,NHB250808184008.RAWGSU2,2025-08-08 18:43:03,NHB250808184303.RAWGSU6,2025-08-08 18:50:08,NHB250808185008.RAWGSU9,2025-08-08 18:53:04,NHB250808185304.RAWGSUD
561,2025-08-08 19:00:09,NHB250808190009.RAWGSUG,2025-08-08 19:03:04,NHB250808190304.RAWGSUL,2025-08-08 19:10:08,NHB250808191008.RAWGSUP,2025-08-08 19:13:03,NHB250808191303.RAWGSUU
562,2025-08-08 19:20:08,NHB250808192008.RAWGSUX,2025-08-08 19:23:04,NHB250808192304.RAWGSV1,2025-08-08 19:30:08,NHB250808193008.RAWGSV4,2025-08-08 19:33:03,NHB250808193303.RAWGSV8
563,2025-08-08 19:40:08,NHB250808194008.RAWGSVB,2025-08-08 19:43:04,NHB250808194304.RAWGSVF,2025-08-08 19:50:08,NHB250808195008.RAWGSVJ,2025-08-08 19:53:03,NHB250808195303.RAWGSVN
564,2025-08-08 20:00:07,NHB250808200007.RAWGSVS,2025-08-08 20:03:03,NHB250808200303.RAWGSVW,2025-08-08 20:10:08,NHB250808201008.RAWGSVZ,2025-08-08 20:13:03,NHB250808201303.RAWGSW3
565,2025-08-08 20:20:08,NHB250808202008.RAWGSW6,2025-08-08 20:23:04,NHB250808202304.RAWGSWA,2025-08-08 20:30:07,NHB250808203007.RAWGSWD,2025-08-08 20:33:03,NHB250808203303.RAWGSWH
566,2025-08-08 20:40:08,NHB250808204008.RAWGSWL,2025-08-08 20:43:04,NHB250808204304.RAWGSWR,2025-08-08 20:50:08,NHB250808205008.RAWGSWU,2025-08-08 20:53:03,NHB250808205303.RAWGSWY
567,2025-08-08 21:00:07,NHB250808210007.RAWGSX1,2025-08-08 21:03:04,NHB250808210304.RAWGSX5,2025-08-08 21:10:07,NHB250808211007.RAWGSX8,2025-08-08 21:13:03,NHB250808211303.RAWGSXC
568,2025-08-08 21:20:07,NHB250808212007.RAWGSXF,2025-08-08 21:23:04,NHB250808212304.RAWGSXK,2025-08-08 21:30:08,NHB250808213008.RAWGSXN,2025-08-08 21:33:05,NHB250808213305.RAWGSXT
569,2025-08-08 21:40:08,NHB250808214008.RAWGSXW,2025-08-08 21:43:03,NHB250808214303.RAWGSY0,2025-08-08 21:50:07,NHB250808215007.RAWGSY3,2025-08-08 21:53:03,NHB250808215303.RAWGSY7
570,2025-08-08 22:00:07,NHB250808220007.RAWGSYA,2025-08-08 22:03:03,NHB250808220303.RAWGSYE,2025-08-08 22:10:07,NHB250808221007.RAWGSYH,2025-08-08 22:13:03,NHB250808221303.RAWGSYM
571,2025-08-08 22:20:08,NHB250808222008.RAWGSYR,2025-08-08 22:23:03,NHB250808222303.RAWGSYV,2025-08-08 22:30:08,NHB250808223008.RAWGSYY,2025-08-08 22:33:03,NHB250808223303.RAWGSZ2
572,2025-08-08 22:40:08,NHB250808224008.RAWGSZ5,2025-08-08 22:43:04,NHB250808224304.RAWGSZ9,2025-08-08 22:50:08,NHB250808225008.RAWGSZC,2025-08-08 22:53:04,NHB250808225304.RAWGSZG
573,2025-08-08 23:00:08,NHB250808230008.RAWGSZK,2025-08-08 23:03:03,NHB250808230303.RAWGSZP,2025-08-08 23:10:07,NHB250808231007.RAWGSZT,2025-08-08 23:13:04,NHB250808231304.RAWGSZX
574,2025-08-08 23:20:08,NHB250808232008.RAWGT00,2025-08-08 23:23:03,NHB250808232303.RAWGT04,2025-08-08 23:30:07,NHB250808233007.RAWGT07,2025-08-08 23:33:03,NHB250808233303.RAWGT0B
575,2025-08-08 23:40:08,NHB250808234008.RAWGT0E,2025-08-08 23:43:03,NHB250808234303.RAWGT0J,2025-08-08 23:50:07,NHB250808235007.RAWGT0M,2025-08-08 23:53:04,NHB250808235304.RAWGT0S
576,2025-08-09 00:00:08,NHB250809000008.RAWGT0V,2025-08-09 00:03:03,NHB250809000303.RAWGT0Z,2025-08-09 00:10:08,NHB250809001008.RAWGT12,2025-08-09 00:13:03,NHB250809001303.RAWGT16
577,2025-08-09 00:20:08,NHB250809002008.RAWGT19,2025-08-09 00:23:03,NHB250809002303.RAWGT1D,2025-08-09 00:30:07,NHB250809003007.RAWGT1G,2025-08-09 00:33:03,NHB250809003303.RAWGT1L
578,2025-08-09 00:40:08,NHB250809004008.RAWGT1P,2025-08-09 00:43:03,NHB250809004303.RAWGT1U,2025-08-09 00:50:08,NHB250809005008.RAWGT1X,2025-08-09 00:53:04,NHB250809005304.RAWGT21
579,2025-08-09 01:00:08,NHB250809010008.RAWGT24,2025-08-09 01:03:04,NHB250809010304.RAWGT28,2025-08-09 01:10:08,NHB250809011008.RAWGT2B,2025-08-09 01:13:03,NHB250809011303.RAWGT2F
580,2025-08-09 01:20:08,NHB250809012008.RAWGT2J,2025-08-09 01:23:04,NHB250809012304.RAWGT2N,2025-08-09 01:30:07,NHB250809013007.RAWGT2S,2025-08-09 01:33:03,NHB250809013303.RAWGT2W
581,2025-08-09 01:40:08,NHB250809014008.RAWGT2Z,2025-08-09 01:43:04,NHB250809014304.RAWGT33,2025-08-09 01:50:07,NHB250809015007.RAWGT36,2025-08-09 01:53:04,NHB250809015304.RAWGT3A
582,2025-08-09 02:00:08,NHB250809020008.RAWGT3D,2025-08-09 02:03:03,NHB250809020303.RAWGT3H,2025-08-09 02:10:09,NHB250809021009.RAWGT3L,2025-08-09 02:13:03,NHB250809021303.RAWGT3R
583,2025-08-09 02:20:08,NHB250809022008.RAWGT3U,2025-08-09 02:23:03,NHB250809022303.RAWGT3Y,2025-08-09 02:30:07,NHB250809023007.RAWGT41,2025-08-09 02:33:03,NHB250809023303.RAWGT45
584,2025-08-09 02:40:08,NHB250809024008.RAWGT48,2025-08-09 02:43:03,NHB250809024303.RAWGT4C,2025-08-09 02:50:08,NHB250809025008.RAWGT4F,2025-08-09 02:53:03,NHB250809025303.RAWGT4K
585,2025-08-09 03:00:08,NHB250809030008.RAWGT4N,2025-08-09 03:03:04,NHB250809030304.RAWGT4T,2025-08-09 03:10:08,NHB250809031008.RAWGT4W,2025-08-09 03:13:04,NHB250809031304.RAWGT50
586,2025-08-09 03:20:07,NHB250809032007.RAWGT53,2025-08-09 03:23:03,NHB250809032303.RAWGT57,2025-08-09 03:30:07,NHB250809033007.RAWGT5A,2025-08-09 03:33:03,NHB250809033303.RAWGT5E
587,2025-08-09 03:40:07,NHB250809034007.RAWGT5H,2025-08-09 03:43:03,NHB250809034303.RAWGT5M,2025-08-09 03:50:09,NHB250809035009.RAWGT5R,2025-08-09 03:53:03,NHB250809035303.RAWGT5V
588,2025-08-09 04:00:08,NHB250809040008.RAWGT5Y,2025-08-09 04:03:04,NHB250809040304.RAWGT62,2025-08-09 04:10:08,NHB250809041008.RAWGT65,2025-08-09 04:13:03,NHB250809041303.RAWGT69
589,2025-08-09 04:20:08,NHB250809042008.RAWGT6C,2025-08-09 04:23:04,NHB250809042304.RAWGT6G,2025-08-09 04:30:08,NHB250809043008.RAWGT6K,2025-08-09 04:33:04,NHB250809043304.RAWGT6P
590,2025-08-09 04:40:08,NHB250809044008.RAWGT6T,2025-08-09 04:43:04,NHB250809044304.RAWGT6X,2025-08-09 04:50:07,NHB250809045007.RAWGT70,2025-08-09 04:53:03,NHB250809045303.RAWGT74
591,2025-08-09 05:00:07,NHB250809050007.RAWGT77,2025-08-09 05:03:04,NHB250809050304.RAWGT7B,2025-08-09 05:10:08,NHB250809051008.RAWGT7E,2025-08-09 05:13:04,NHB250809051304.RAWGT7J
592,2025-08-09 05:20:07,NHB250809052007.RAWGT7M,2025-08-09 05:23:04,NHB250809052304.RAWGT7S,2025-08-09 05:30:08,NHB250809053008.RAWGT7V,2025-08-09 05:33:03,NHB250809053303.RAWGT7Z
593,2025-08-09 05:40:08,NHB250809054008.RAWGT82,2025-08-09 05:43:04,NHB250809054304.RAWGT86,2025-08-09 05:50:09,NHB250809055009.RAWGT89,2025-08-09 05:53:04,NHB250809055304.RAWGT8D
594,2025-08-09 06:00:08,NHB250809060008.RAWGT8G,2025-08-09 06:03:03,NHB250809060303.RAWGT8L,2025-08-09 06:10:07,NHB250809061007.RAWGT8P,2025-08-09 06:13:04,NHB250809061304.RAWGT8U
595,2025-08-09 06:20:08,NHB250809062008.RAWGT8X,2025-08-09 06:23:04,NHB250809062304.RAWGT91,2025-08-09 06:30:08,NHB250809063008.RAWGT94,2025-08-09 06:33:03,NHB250809063303.RAWGT98
596,2025-08-09 06:40:07,NHB250809064007.RAWGT9B,2025-08-09 06:43:04,NHB250809064304.RAWGT9F,2025-08-09 06:50:07,NHB250809065007.RAWGT9J,2025-08-09 06:53:05,NHB250809065305.RAWGT9N
597,2025-08-09 07:00:08,NHB250809070008.RAWGT9S,2025-08-09 07:03:04,NHB250809070304.RAWGT9W,2025-08-09 07:10:07,NHB250809071007.RAWGT9Z,2025-08-09 07:13:03,NHB250809071303.RAWGTA3
598,2025-08-09 07:20:08,NHB250809072008.RAWGTA6,2025-08-09 07:23:03,NHB250809072303.RAWGTAA,2025-08-09 07:30:08,NHB250809073008.RAWGTAD,2025-08-09 07:33:04,NHB250809073304.RAWGTAH
599,2025-08-09 07:40:08,NHB250809074008.RAWGTAL,2025-08-09 07:43:04,NHB250809074304.RAWGTAR,2025-08-09 07:50:08,NHB250809075008.RAWGTAU,2025-08-09 07:53:03,NHB250809075303.RAWGTAY
600,2025-08-09 08:00:07,NHB250809080007.RAWGTB1,2025-08-09 08:03:03,NHB250809080303.RAWGTB5,2025-08-09 08:10:08,NHB250809081008.RAWGTB8,2025-08-09 08:13:03,NHB250809081303.RAWGTBC
601,2025-08-09 08:20:07,NHB250809082007.RAWGTBF,2025-08-09 08:23:03,NHB250809082303.RAWGTBK,2025-08-09 08:30:07,NHB250809083007.RAWGTBN,2025-08-09 08:33:04,NHB250809083304.RAWGTBT
602,2025-08-09 08:40:07,NHB250809084007.RAWGTBW,2025-08-09 08:43:04,NHB250809084304.RAWGTC0,2025-08-09 08:50:08,NHB250809085008.RAWGTC3,2025-08-09 08:53:04,NHB250809085304.RAWGTC7
603,2025-08-09 09:00:07,NHB250809090007.RAWGTCA,2025-08-09 09:03:03,NHB250809090303.RAWGTCE,2025-08-09 09:10:08,NHB250809091008.RAWGTCH,2025-08-09 09:13:04,NHB250809091304.RAWGTCM
604,2025-08-09 09:20:07,NHB250809092007.RAWGTCR,2025-08-09 09:23:03,NHB250809092303.RAWGTCV,2025-08-09 09:30:07,NHB250809093007.RAWGTCY,2025-08-09 09:33:03,NHB250809093303.RAWGTD2
605,2025-08-09 09:40:08,NHB250809094008.RAWGTD5,2025-08-09 09:43:04,NHB250809094304.RAWGTD9,2025-08-09 09:50:08,NHB250809095008.RAWGTDC,2025-08-09 09:53:04,NHB250809095304.RAWGTDG
606,2025-08-09 10:00:08,NHB250809100008.RAWGTDK,2025-08-09 10:03:03,NHB250809100303.RAWGTDP,2025-08-09 10:10:07,NHB250809101007.RAWGTDT,2025-08-09 10:13:03,NHB250809101303.RAWGTDX
607,2025-08-09 10:20:07,NHB250809102007.RAWGTE0,2025-08-09 10:23:05,NHB250809102305.RAWGTE4,2025-08-09 10:30:08,NHB250809103008.RAWGTE7,2025-08-09 10:33:03,NHB250809103303.RAWGTEB
608,2025-08-09 10:40:08,NHB250809104008.RAWGTEE,2025-08-09 10:43:04,NHB250809104304.RAWGTEJ,2025-08-09 10:50:07,NHB250809105007.RAWGTEM,2025-08-09 10:53:03,NHB250809105303.RAWGTES
609,2025-08-09 11:00:08,NHB250809110008.RAWGTEV,2025-08-09 11:03:03,NHB250809110303.RAWGTEZ,2025-08-09 11:10:07,NHB250809111007.RAWGTF2,2025-08-09 11:13:04,NHB250809111304.RAWGTF6
610,2025-08-09 11:20:07,NHB250809112007.RAWGTF9,2025-08-09 11:23:03,NHB250809112303.RAWGTFD,2025-08-09 11:30:07,NHB250809113007.RAWGTFG,2025-08-09 11:33:04,NHB250809113304.RAWGTFL
611,2025-08-09 11:40:08,NHB250809114008.RAWGTFP,2025-08-09 11:43:03,NHB250809114303.RAWGTFU,2025-08-09 11:50:07,NHB250809115007.RAWGTFX,2025-08-09 11:53:04,NHB250809115304.RAWGTG1
612,2025-08-09 12:00:08,NHB250809120008.RAWGTG4,2025-08-09 12:03:03,NHB250809120303.RAWGTG8,2025-08-09 12:10:08,NHB250809121008.RAWGTGB,2025-08-09 12:13:03,NHB250809121303.RAWGTGF
613,2025-08-09 12:20:07,NHB250809122007.RAWGTGJ,2025-08-09 12:23:04,NHB250809122304.RAWGTGN,2025-08-09 12:30:08,NHB250809123008.RAWGTGS,2025-08-09 12:33:03,NHB250809123303.RAWGTGW
614,2025-08-09 12:40:07,NHB250809124007.RAWGTGZ,2025-08-09 12:43:03,NHB250809124303.RAWGTH3,2025-08-09 12:50:09,NHB250809125009.RAWGTH6,2025-08-09 12:53:04,NHB250809125304.RAWGTHA
615,2025-08-09 13:00:08,NHB250809130008.RAWGTHD,2025-08-09 13:03:03,NHB250809130303.RAWGTHH,2025-08-09 13:10:07,NHB250809131007.RAWGTHL,2025-08-09 13:13:03,NHB250809131303.RAWGTHR
616,2025-08-09 13:20:08,NHB250809132008.RAWGTHU,2025-08-09 13:23:04,NHB250809132304.RAWGTHY,2025-08-09 13:30:08,NHB250809133008.RAWGTJ1,2025-08-09 13:33:03,NHB250809133303.RAWGTJ5
617,2025-08-09 13:40:08,NHB250809134008.RAWGTJ8,2025-08-09 13:43:03,NHB250809134303.RAWGTJC,2025-08-09 13:50:07,NHB250809135007.RAWGTJF,2025-08-09 13:53:03,NHB250809135303.RAWGTJK
618,2025-08-09 14:00:08,NHB250809140008.RAWGTJN,2025-08-09 14:03:04,NHB250809140304.RAWGTJT,2025-08-09 14:10:08,NHB250809141008.RAWGTJW,2025-08-09 14:13:05,NHB250809141305.RAWGTK0
619,2025-08-09 14:20:08,NHB250809142008.RAWGTK3,2025-08-09 14:23:03,NHB250809142303.RAWGTK7,2025-08-09 14:30:07,NHB250809143007.RAWGTKA,2025-08-09 14:33:03,NHB250809143303.RAWGTKE
620,2025-08-09 14:40:08,NHB250809144008.RAWGTKH,2025-08-09 14:43:03,NHB250809144303.RAWGTKM,2025-08-09 14:50:07,NHB250809145007.RAWGTKR,2025-08-09 14:53:04,NHB250809145304.RAWGTKV
621,2025-08-09 15:00:08,NHB250809150008.RAWGTKY,2025-08-09 15:03:03,NHB250809150303.RAWGTL2,2025-08-09 15:10:08,NHB250809151008.RAWGTL5,2025-08-09 15:13:03,NHB250809151303.RAWGTL9
622,2025-08-09 15:20:07,NHB250809152007.RAWGTLC,2025-08-09 15:23:03,NHB250809152303.RAWGTLG,2025-08-09 15:30:08,NHB250809153008.RAWGTLK,2025-08-09 15:33:04,NHB250809153304.RAWGTLP
623,2025-08-09 15:40:08,NHB250809154008.RAWGTLT,2025-08-09 15:43:04,NHB250809154304.RAWGTLX,2025-08-09 15:50:08,NHB250809155008.RAWGTM0,2025-08-09 15:53:03,NHB250809155303.RAWGTM4
624,2025-08-09 16:00:07,NHB250809160007.RAWGTM7,2025-08-09 16:03:03,NHB250809160303.RAWGTMB,2025-08-09 16:10:08,NHB250809161008.RAWGTME,2025-08-09 16:13:04,NHB250809161304.RAWGTMJ
625,2025-08-09 16:20:09,NHB250809162009.RAWGTMM,2025-08-09 16:23:03,NHB250809162303.RAWGTMS,2025-08-09 16:30:07,NHB250809163007.RAWGTMV,2025-08-09 16:33:04,NHB250809163304.RAWGTMZ
626,2025-08-09 16:40:08,NHB250809164008.RAWGTN2,2025-08-09 16:43:04,NHB250809164304.RAWGTN6,2025-08-09 16:50:08,NHB250809165008.RAWGTN9,2025-08-09 16:53:03,NHB250809165303.RAWGTND
627,2025-08-09 17:00:07,NHB250809170007.RAWGTNG,2025-08-09 17:03:03,NHB250809170303.RAWGTNL,2025-08-09 17:10:08,NHB250809171008.RAWGTNP,2025-08-09 17:13:04,NHB250809171304.RAWGTNU
628,2025-08-09 17:20:08,NHB250809172008.RAWGTNX,2025-08-09 17:23:04,NHB250809172304.RAWGTP1,2025-08-09 17:30:08,NHB250809173008.RAWGTP4,2025-08-09 17:33:04,NHB250809173304.RAWGTP8
629,2025-08-09 17:40:08,NHB250809174008.RAWGTPB,2025-08-09 17:43:04,NHB250809174304.RAWGTPF,2025-08-09 17:50:08,NHB250809175008.RAWGTPJ,2025-08-09 17:53:03,NHB250809175303.RAWGTPN
630,2025-08-09 18:00:07,NHB250809180007.RAWGTPS,2025-08-09 18:03:03,NHB250809180303.RAWGTPW,2025-08-09 18:10:08,NHB250809181008.RAWGTPZ,2025-08-09 18:13:04,NHB250809181304.RAWGTR3
631,2025-08-09 18:20:09,NHB250809182009.RAWGTR6,2025-08-09 18:23:03,NHB250809182303.RAWGTRA,2025-08-09 18:30:08,NHB250809183008.RAWGTRD,2025-08-09 18:33:04,NHB250809183304.RAWGTRH
632,2025-08-09 18:40:08,NHB250809184008.RAWGTRL,2025-08-09 18:43:03,NHB250809184303.RAWGTRR,2025-08-09 18:50:07,NHB250809185007.RAWGTRU,2025-08-09 18:53:03,NHB250809185303.RAWGTRY
633,2025-08-09 19:00:07,NHB250809190007.RAWGTS1,2025-08-09 19:03:04,NHB250809190304.RAWGTS5,2025-08-09 19:10:07,NHB250809191007.RAWGTS8,2025-08-09 19:13:03,NHB250809191303.RAWGTSC
634,2025-08-09 19:20:08,NHB250809192008.RAWGTSF,2025-08-09 19:23:03,NHB250809192303.RAWGTSK,2025-08-09 19:30:07,NHB250809193007.RAWGTSN,2025-08-09 19:33:03,NHB250809193303.RAWGTST
635,2025-08-09 19:40:07,NHB250809194007.RAWGTSW,2025-08-09 19:43:04,NHB250809194304.RAWGTT0,2025-08-09 19:50:08,NHB250809195008.RAWGTT3,2025-08-09 19:53:04,NHB250809195304.RAWGTT7
636,2025-08-09 20:00:09,NHB250809200009.RAWGTTA,2025-08-09 20:03:03,NHB250809200303.RAWGTTE,2025-08-09 20:10:08,NHB250809201008.RAWGTTH,2025-08-09 20:13:04,NHB250809201304.RAWGTTM
637,2025-08-09 20:20:08,NHB250809202008.RAWGTTR,2025-08-09 20:23:03,NHB250809202303.RAWGTTV,2025-08-09 20:30:08,NHB250809203008.RAWGTTY,2025-08-09 20:33:03,NHB250809203303.RAWGTU2
638,2025-08-09 20:40:07,NHB250809204007.RAWGTU5,2025-08-09 20:43:03,NHB250809204303.RAWGTU9,2025-08-09 20:50:08,NHB250809205008.RAWGTUC,2025-08-09 20:53:03,NHB250809205303.RAWGTUG
639,2025-08-09 21:00:08,NHB250809210008.RAWGTUK,2025-08-09 21:03:04,NHB250809210304.RAWGTUP,2025-08-09 21:10:07,NHB250809211007.RAWGTUT,2025-08-09 21:13:03,NHB250809211303.RAWGTUX
640,2025-08-09 21:20:08,NHB250809212008.RAWGTV0,2025-08-09 21:23:04,NHB250809212304.RAWGTV4,2025-08-09 21:30:07,NHB250809213007.RAWGTV7,2025-08-09 21:33:03,NHB250809213303.RAWGTVB
641,2025-08-09 21:40:08,NHB250809214008.RAWGTVE,2025-08-09 21:43:03,NHB250809214303.RAWGTVJ,2025-08-09 21:50:07,NHB250809215007.RAWGTVM,2025-08-09 21:53:04,NHB250809215304.RAWGTVS
642,2025-08-09 22:00:08,NHB250809220008.RAWGTVV,2025-08-09 22:03:04,NHB250809220304.RAWGTVZ,2025-08-09 22:10:09,NHB250809221009.RAWGTW2,2025-08-09 22:13:04,NHB250809221304.RAWGTW6
643,2025-08-09 22:20:08,NHB250809222008.RAWGTW9,2025-08-09 22:23:03,NHB250809222303.RAWGTWD,2025-08-09 22:30:07,NHB250809223007.RAWGTWG,2025-08-09 22:33:03,NHB250809223303.RAWGTWL
644,2025-08-09 22:40:08,NHB250809224008.RAWGTWP,2025-08-09 22:43:03,NHB250809224303.RAWGTWU,2025-08-09 22:50:08,NHB250809225008.RAWGTWX,2025-08-09 22:53:03,NHB250809225303.RAWGTX1
645,2025-08-09 23:00:08,NHB250809230008.RAWGTX4,2025-08-09 23:03:03,NHB250809230303.RAWGTX8,2025-08-09 23:10:08,NHB250809231008.RAWGTXB,2025-08-09 23:13:04,NHB250809231304.RAWGTXF
646,2025-08-09 23:20:08,NHB250809232008.RAWGTXJ,2025-08-09 23:23:03,NHB250809232303.RAWGTXN,2025-08-09 23:30:07,NHB250809233007.RAWGTXS,2025-08-09 23:33:04,NHB250809233304.RAWGTXW
647,2025-08-09 23:40:08,NHB250809234008.RAWGTXZ,2025-08-09 23:43:04,NHB250809234304.RAWGTY3,2025-08-09 23:50:08,NHB250809235008.RAWGTY6,2025-08-09 23:53:03,NHB250809235303.RAWGTYA
648,2025-08-10 00:00:09,NHB250810000009.RAWGTYD,2025-08-10 00:03:03,NHB250810000303.RAWGTYH,2025-08-10 00:10:08,NHB250810001008.RAWGTYL,2025-08-10 00:13:03,NHB250810001303.RAWGTYR
649,2025-08-10 00:20:08,NHB250810002008.RAWGTYU,2025-08-10 00:23:04,NHB250810002304.RAWGTYY,2025-08-10 00:30:08,NHB250810003008.RAWGTZ1,2025-08-10 00:33:03,NHB250810003303.RAWGTZ5
650,2025-08-10 00:40:07,NHB250810004007.RAWGTZ8,2025-08-10 00:43:03,NHB250810004303.RAWGTZC,2025-08-10 00:50:08,NHB250810005008.RAWGTZF,2025-08-10 00:53:03,NHB250810005303.RAWGTZK
651,2025-08-10 01:00:08,NHB250810010008.RAWGTZN,2025-08-10 01:03:03,NHB250810010303.RAWGTZT,2025-08-10 01:10:07,NHB250810011007.RAWGTZW,2025-08-10 01:13:03,NHB250810011303.RAWGU00
652,2025-08-10 01:20:08,NHB250810012008.RAWGU03,2025-08-10 01:23:04,NHB250810012304.RAWGU07,2025-08-10 01:30:07,NHB250810013007.RAWGU0A,2025-08-10 01:33:04,NHB250810013304.RAWGU0E
653,2025-08-10 01:40:08,NHB250810014008.RAWGU0H,2025-08-10 01:43:04,NHB250810014304.RAWGU0M,2025-08-10 01:50:08,NHB250810015008.RAWGU0R,2025-08-10 01:53:03,NHB250810015303.RAWGU0V
654,2025-08-10 02:00:08,NHB250810020008.RAWGU0Y,2025-08-10 02:03:03,NHB250810020303.RAWGU12,2025-08-10 02:10:07,NHB250810021007.RAWGU15,2025-08-10 02:13:04,NHB250810021304.RAWGU19
655,2025-08-10 02:20:08,NHB250810022008.RAWGU1C,2025-08-10 02:23:04,NHB250810022304.RAWGU1G,2025-08-10 02:30:07,NHB250810023007.RAWGU1K,2025-08-10 02:33:04,NHB250810023304.RAWGU1P
656,2025-08-10 02:40:08,NHB250810024008.RAWGU1T,2025-08-10 02:43:04,NHB250810024304.RAWGU1X,2025-08-10 02:50:07,NHB250810025007.RAWGU20,2025-08-10 02:53:04,NHB250810025304.RAWGU24
657,2025-08-10 03:00:07,NHB250810030007.RAWGU27,2025-08-10 03:03:03,NHB250810030303.RAWGU2B,2025-08-10 03:10:07,NHB250810031007.RAWGU2E,2025-08-10 03:13:04,NHB250810031304.RAWGU2J
658,2025-08-10 03:20:07,NHB250810032007.RAWGU2M,2025-08-10 03:23:04,NHB250810032304.RAWGU2S,2025-08-10 03:30:07,NHB250810033007.RAWGU2V,2025-08-10 03:33:04,NHB250810033304.RAWGU2Z
659,2025-08-10 03:40:08,NHB250810034008.RAWGU32,2025-08-10 03:43:04,NHB250810034304.RAWGU36,2025-08-10 03:50:08,NHB250810035008.RAWGU39,2025-08-10 03:53:03,NHB250810035303.RAWGU3D
660,2025-08-10 04:00:08,NHB250810040008.RAWGU3G,2025-08-10 04:03:03,NHB250810040303.RAWGU3L,2025-08-10 04:10:08,NHB250810041008.RAWGU3P,2025-08-10 04:13:03,NHB250810041303.RAWGU3U
661,2025-08-10 04:20:08,NHB250810042008.RAWGU3X,2025-08-10 04:23:04,NHB250810042304.RAWGU41,2025-08-10 04:30:08,NHB250810043008.RAWGU44,2025-08-10 04:33:03,NHB250810043303.RAWGU48
662,2025-08-10 04:40:08,NHB250810044008.RAWGU4B,2025-08-10 04:43:04,NHB250810044304.RAWGU4F,2025-08-10 04:50:08,NHB250810045008.RAWGU4J,2025-08-10 04:53:03,NHB250810045303.RAWGU4N
663,2025-08-10 05:00:07,NHB250810050007.RAWGU4S,2025-08-10 05:03:03,NHB250810050303.RAWGU4W,2025-08-10 05:10:08,NHB250810051008.RAWGU4Z,2025-08-10 05:13:03,NHB250810051303.RAWGU53
664,2025-08-10 05:20:08,NHB250810052008.RAWGU56,2025-08-10 05:23:03,NHB250810052303.RAWGU5A,2025-08-10 05:30:08,NHB250810053008.RAWGU5D,2025-08-10 05:33:04,NHB250810053304.RAWGU5H
665,2025-08-10 05:40:07,NHB250810054007.RAWGU5L,2025-08-10 05:43:03,NHB250810054303.RAWGU5R,2025-08-10 05:50:08,NHB250810055008.RAWGU5U,2025-08-10 05:53:03,NHB250810055303.RAWGU5Y
666,2025-08-10 06:00:08,NHB250810060008.RAWGU61,2025-08-10 06:03:03,NHB250810060303.RAWGU65,2025-08-10 06:10:07,NHB250810061007.RAWGU68,2025-08-10 06:13:03,NHB250810061303.RAWGU6C
667,2025-08-10 06:20:07,NHB250810062007.RAWGU6F,2025-08-10 06:23:04,NHB250810062304.RAWGU6K,2025-08-10 06:30:08,NHB250810063008.RAWGU6N,2025-08-10 06:33:03,NHB250810063303.RAWGU6T
668,2025-08-10 06:40:07,NHB250810064007.RAWGU6W,2025-08-10 06:43:04,NHB250810064304.RAWGU70,2025-08-10 06:50:08,NHB250810065008.RAWGU73,2025-08-10 06:53:04,NHB250810065304.RAWGU77
669,2025-08-10 07:00:07,NHB250810070007.RAWGU7A,2025-08-10 07:03:03,NHB250810070303.RAWGU7E,2025-08-10 07:10:09,NHB250810071009.RAWGU7H,2025-08-10 07:13:03,NHB250810071303.RAWGU7M
670,2025-08-10 07:20:08,NHB250810072008.RAWGU7R,2025-08-10 07:23:03,NHB250810072303.RAWGU7V,2025-08-10 07:30:07,NHB250810073007.RAWGU7Y,2025-08-10 07:33:04,NHB250810073304.RAWGU82
671,2025-08-10 07:40:07,NHB250810074007.RAWGU85,2025-08-10 07:43:03,NHB250810074303.RAWGU89,2025-08-10 07:50:09,NHB250810075009.RAWGU8C,2025-08-10 07:53:04,NHB250810075304.RAWGU8G
672,2025-08-10 08:00:07,NHB250810080007.RAWGU8K,2025-08-10 08:03:03,NHB250810080303.RAWGU8P,2025-08-10 08:10:08,NHB250810081008.RAWGU8T,2025-08-10 08:13:03,NHB250810081303.RAWGU8X
673,2025-08-10 08:20:07,NHB250810082007.RAWGU90,2025-08-10 08:23:04,NHB250810082304.RAWGU94,2025-08-10 08:30:08,NHB250810083008.RAWGU97,2025-08-10 08:33:04,NHB250810083304.RAWGU9B
674,2025-08-10 08:40:08,NHB250810084008.RAWGU9E,2025-08-10 08:43:03,NHB250810084303.RAWGU9J,2025-08-10 08:50:07,NHB250810085007.RAWGU9M,2025-08-10 08:53:03,NHB250810085303.RAWGU9S
675,2025-08-10 09:00:08,NHB250810090008.RAWGU9V,2025-08-10 09:03:03,NHB250810090303.RAWGU9Z,2025-08-10 09:10:09,NHB250810091009.RAWGUA2,2025-08-10 09:13:03,NHB250810091303.RAWGUA6
676,2025-08-10 09:20:07,NHB250810092007.RAWGUA9,2025-08-10 09:23:03,NHB250810092303.RAWGUAD,2025-08-10 09:30:08,NHB250810093008.RAWGUAG,2025-08-10 09:33:03,NHB250810093303.RAWGUAL
677,2025-08-10 09:40:07,NHB250810094007.RAWGUAP,2025-08-10 09:43:03,NHB250810094303.RAWGUAU,2025-08-10 09:50:08,NHB250810095008.RAWGUAX,2025-08-10 09:53:04,NHB250810095304.RAWGUB1
678,2025-08-10 10:00:08,NHB250810100008.RAWGUB4,2025-08-10 10:03:03,NHB250810100303.RAWGUB8,2025-08-10 10:10:08,NHB250810101008.RAWGUBB,2025-08-10 10:13:04,NHB250810101304.RAWGUBF
679,2025-08-10 10:20:07,NHB250810102007.RAWGUBJ,2025-08-10 10:23:03,NHB250810102303.RAWGUBN,2025-08-10 10:30:08,NHB250810103008.RAWGUBS,2025-08-10 10:33:04,NHB250810103304.RAWGUBW
680,2025-08-10 10:40:08,NHB250810104008.RAWGUBZ,2025-08-10 10:43:04,NHB250810104304.RAWGUC3,2025-08-10 10:50:07,NHB250810105007.RAWGUC6,2025-08-10 10:53:03,NHB250810105303.RAWGUCA
681,2025-08-10 11:00:07,NHB250810110007.RAWGUCD,2025-08-10 11:03:03,NHB250810110303.RAWGUCH,2025-08-10 11:10:08,NHB250810111008.RAWGUCL,2025-08-10 11:13:04,NHB250810111304.RAWGUCR
682,2025-08-10 11:20:07,NHB250810112007.RAWGUCU,2025-08-10 11:23:03,NHB250810112303.RAWGUCY,2025-08-10 11:30:08,NHB250810113008.RAWGUD1,2025-08-10 11:33:03,NHB250810113303.RAWGUD5
683,2025-08-10 11:40:07,NHB250810114007.RAWGUD8,2025-08-10 11:43:03,NHB250810114303.RAWGUDC,2025-08-10 11:50:08,NHB250810115008.RAWGUDF,2025-08-10 11:53:03,NHB250810115303.RAWGUDK
684,2025-08-10 12:00:08,NHB250810120008.RAWGUDN,2025-08-10 12:03:04,NHB250810120304.RAWGUDT,2025-08-10 12:10:08,NHB250810121008.RAWGUDW,2025-08-10 12:13:03,NHB250810121303.RAWGUE0
685,2025-08-10 12:20:08,NHB250810122008.RAWGUE3,2025-08-10 12:23:04,NHB250810122304.RAWGUE7,2025-08-10 12:30:07,NHB250810123007.RAWGUEA,2025-08-10 12:33:03,NHB250810123303.RAWGUEE
686,2025-08-10 12:40:08,NHB250810124008.RAWGUEH,2025-08-10 12:43:03,NHB250810124303.RAWGUEM,2025-08-10 12:50:08,NHB250810125008.RAWGUER,2025-08-10 12:53:03,NHB250810125303.RAWGUEV
687,2025-08-10 13:00:08,NHB250810130008.RAWGUEY,2025-08-10 13:03:03,NHB250810130303.RAWGUF2,2025-08-10 13:10:07,NHB250810131007.RAWGUF5,2025-08-10 13:13:04,NHB250810131304.RAWGUF9
688,2025-08-10 13:20:08,NHB250810132008.RAWGUFC,2025-08-10 13:23:03,NHB250810132303.RAWGUFG,2025-08-10 13:30:07,NHB250810133007.RAWGUFK,2025-08-10 13:33:03,NHB250810133303.RAWGUFP
689,2025-08-10 13:40:07,NHB250810134007.RAWGUFT,2025-08-10 13:43:04,NHB250810134304.RAWGUFX,2025-08-10 13:50:08,NHB250810135008.RAWGUG0,2025-08-10 13:53:04,NHB250810135304.RAWGUG4
690,2025-08-10 14:00:07,NHB250810140007.RAWGUG7,2025-08-10 14:03:04,NHB250810140304.RAWGUGB,2025-08-10 14:10:07,NHB250810141007.RAWGUGE,2025-08-10 14:13:03,NHB250810141303.RAWGUGJ
691,2025-08-10 14:20:07,NHB250810142007.RAWGUGM,2025-08-10 14:23:03,NHB250810142303.RAWGUGS,2025-08-10 14:30:08,NHB250810143008.RAWGUGV,2025-08-10 14:33:04,NHB250810143304.RAWGUGZ
692,2025-08-10 14:40:08,NHB250810144008.RAWGUH2,2025-08-10 14:43:04,NHB250810144304.RAWGUH6,2025-08-10 14:50:07,NHB250810145007.RAWGUH9,2025-08-10 14:53:03,NHB250810145303.RAWGUHD
693,2025-08-10 15:00:07,NHB250810150007.RAWGUHG,2025-08-10 15:03:03,NHB250810150303.RAWGUHL,2025-08-10 15:10:08,NHB250810151008.RAWGUHP,2025-08-10 15:13:04,NHB250810151304.RAWGUHU
694,2025-08-10 15:20:07,NHB250810152007.RAWGUHX,2025-08-10 15:23:04,NHB250810152304.RAWGUJ1,2025-08-10 15:30:08,NHB250810153008.RAWGUJ4,2025-08-10 15:33:03,NHB250810153303.RAWGUJ8
695,2025-08-10 15:40:08,NHB250810154008.RAWGUJB,2025-08-10 15:43:05,NHB250810154305.RAWGUJF,2025-08-10 15:50:08,NHB250810155008.RAWGUJJ,2025-08-10 15:53:03,NHB250810155303.RAWGUJN
696,2025-08-10 16:00:07,NHB250810160007.RAWGUJS,2025-08-10 16:03:03,NHB250810160303.RAWGUJW,2025-08-10 16:10:08,NHB250810161008.RAWGUJZ,2025-08-10 16:13:04,NHB250810161304.RAWGUK3
697,2025-08-10 16:20:08,NHB250810162008.RAWGUK6,2025-08-10 16:23:03,NHB250810162303.RAWGUKA,2025-08-10 16:30:07,NHB250810163007.RAWGUKD,2025-08-10 16:33:04,NHB250810163304.RAWGUKH
698,2025-08-10 16:40:08,NHB250810164008.RAWGUKL,2025-08-10 16:43:04,NHB250810164304.RAWGUKR,2025-08-10 16:50:08,NHB250810165008.RAWGUKU,2025-08-10 16:53:03,NHB250810165303.RAWGUKY
699,2025-08-10 17:00:08,NHB250810170008.RAWGUL1,2025-08-10 17:03:03,NHB250810170303.RAWGUL5,2025-08-10 17:10:07,NHB250810171007.RAWGUL8,2025-08-10 17:13:04,NHB250810171304.RAWGULC
700,2025-08-10 17:20:07,NHB250810172007.RAWGULF,2025-08-10 17:23:03,NHB250810172303.RAWGULK,2025-08-10 17:30:09,NHB250810173009.RAWGULN,2025-08-10 17:33:03,NHB250810173303.RAWGULT
701,2025-08-10 17:40:07,NHB250810174007.RAWGULW,2025-08-10 17:43:04,NHB250810174304.RAWGUM0,2025-08-10 17:50:07,NHB250810175007.RAWGUM3,2025-08-10 17:53:04,NHB250810175304.RAWGUM7
702,2025-08-10 18:00:08,NHB250810180008.RAWGUMA,2025-08-10 18:03:04,NHB250810180304.RAWGUME,2025-08-10 18:10:08,NHB250810181008.RAWGUMH,2025-08-10 18:13:04,NHB250810181304.RAWGUMM
703,2025-08-10 18:20:08,NHB250810182008.RAWGUMR,2025-08-10 18:23:03,NHB250810182303.RAWGUMV,2025-08-10 18:30:08,NHB250810183008.RAWGUMY,2025-08-10 18:33:03,NHB250810183303.RAWGUN2
704,2025-08-10 18:40:07,NHB250810184007.RAWGUN5,2025-08-10 18:43:03,NHB250810184303.RAWGUN9,2025-08-10 18:50:08,NHB250810185008.RAWGUNC,2025-08-10 18:53:03,NHB250810185303.RAWGUNG
705,2025-08-10 19:00:07,NHB250810190007.RAWGUNK,2025-08-10 19:03:03,NHB250810190303.RAWGUNP,2025-08-10 19:10:08,NHB250810191008.RAWGUNT,2025-08-10 19:13:04,NHB250810191304.RAWGUNX
706,2025-08-10 19:20:07,NHB250810192007.RAWGUP0,2025-08-10 19:23:04,NHB250810192304.RAWGUP4,2025-08-10 19:30:08,NHB250810193008.RAWGUP7,2025-08-10 19:33:04,NHB250810193304.RAWGUPB
707,2025-08-10 19:40:07,NHB250810194007.RAWGUPE,2025-08-10 19:43:03,NHB250810194303.RAWGUPJ,2025-08-10 19:50:07,NHB250810195007.RAWGUPM,2025-08-10 19:53:03,NHB250810195303.RAWGUPS
708,2025-08-10 20:00:08,NHB250810200008.RAWGUPV,2025-08-10 20:03:04,NHB250810200304.RAWGUPZ,2025-08-10 20:10:07,NHB250810201007.RAWGUR2,2025-08-10 20:13:03,NHB250810201303.RAWGUR6
709,2025-08-10 20:20:07,NHB250810202007.RAWGUR9,2025-08-10 20:23:04,NHB250810202304.RAWGURD,2025-08-10 20:30:08,NHB250810203008.RAWGURG,2025-08-10 20:33:04,NHB250810203304.RAWGURL
710,2025-08-10 20:40:08,NHB250810204008.RAWGURP,2025-08-10 20:43:03,NHB250810204303.RAWGURU,2025-08-10 20:50:08,NHB250810205008.RAWGURX,2025-08-10 20:53:03,NHB250810205303.RAWGUS1
711,2025-08-10 21:00:08,NHB250810210008.RAWGUS4,2025-08-10 21:03:04,NHB250810210304.RAWGUS8,2025-08-10 21:10:09,NHB250810211009.RAWGUSB,2025-08-10 21:13:03,NHB250810211303.RAWGUSF
712,2025-08-10 21:20:08,NHB250810212008.RAWGUSJ,2025-08-10 21:23:03,NHB250810212303.RAWGUSN,2025-08-10 21:30:07,NHB250810213007.RAWGUSS,2025-08-10 21:33:04,NHB250810213304.RAWGUSW
713,2025-08-10 21:40:07,NHB250810214007.RAWGUSZ,2025-08-10 21:43:03,NHB250810214303.RAWGUT3,2025-08-10 21:50:07,NHB250810215007.RAWGUT6,2025-08-10 21:53:04,NHB250810215304.RAWGUTA
714,2025-08-10 22:00:07,NHB250810220007.RAWGUTD,2025-08-10 22:03:03,NHB250810220303.RAWGUTH,2025-08-10 22:10:08,NHB250810221008.RAWGUTL,2025-08-10 22:13:04,NHB250810221304.RAWGUTR
715,2025-08-10 22:20:08,NHB250810222008.RAWGUTU,2025-08-10 22:23:03,NHB250810222303.RAWGUTY,2025-08-10 22:30:07,NHB250810223007.RAWGUU1,2025-08-10 22:33:03,NHB250810223303.RAWGUU5
716,2025-08-10 22:40:07,NHB250810224007.RAWGUU8,2025-08-10 22:43:03,NHB250810224303.RAWGUUC,2025-08-10 22:50:08,NHB250810225008.RAWGUUF,2025-08-10 22:53:03,NHB250810225303.RAWGUUK
717,2025-08-10 23:00:08,NHB250810230008.RAWGUUN,2025-08-10 23:03:03,NHB250810230303.RAWGUUT,2025-08-10 23:10:07,NHB250810231007.RAWGUUW,2025-08-10 23:13:03,NHB250810231303.RAWGUV0
718,2025-08-10 23:20:07,NHB250810232007.RAWGUV3,2025-08-10 23:23:04,NHB250810232304.RAWGUV7,2025-08-10 23:30:07,NHB250810233007.RAWGUVA,2025-08-10 23:33:03,NHB250810233303.RAWGUVE
719,2025-08-10 23:40:07,NHB250810234007.RAWGUVH,2025-08-10 23:43:04,NHB250810234304.RAWGUVM,2025-08-10 23:50:08,NHB250810235008.RAWGUVR,2025-08-10 23:53:04,NHB250810235304.RAWGUVV
720,2025-08-11 00:00:08,NHB250811000008.RAWGUVY,2025-08-11 00:03:04,NHB250811000304.RAWGUW2,2025-08-11 00:10:07,NHB250811001007.RAWGUW5,2025-08-11 00:13:04,NHB250811001304.RAWGUW9
721,2025-08-11 00:20:08,NHB250811002008.RAWGUWC,2025-08-11 00:23:03,NHB250811002303.RAWGUWG,2025-08-11 00:30:08,NHB250811003008.RAWGUWK,2025-08-11 00:33:04,NHB250811003304.RAWGUWP
722,2025-08-11 00:40:08,NHB250811004008.RAWGUWT,2025-08-11 00:43:04,NHB250811004304.RAWGUWX,2025-08-11 00:50:08,NHB250811005008.RAWGUX0,2025-08-11 00:53:03,NHB250811005303.RAWGUX4
723,2025-08-11 01:00:08,NHB250811010008.RAWGUX7,2025-08-11 01:03:03,NHB250811010303.RAWGUXB,2025-08-11 01:10:08,NHB250811011008.RAWGUXE,2025-08-11 01:13:04,NHB250811011304.RAWGUXJ
724,2025-08-11 01:20:08,NHB250811012008.RAWGUXM,2025-08-11 01:23:03,NHB250811012303.RAWGUXS,2025-08-11 01:30:07,NHB250811013007.RAWGUXV,2025-08-11 01:33:03,NHB250811013303.RAWGUXZ
725,2025-08-11 01:40:08,NHB250811014008.RAWGUY2,2025-08-11 01:43:03,NHB250811014303.RAWGUY6,2025-08-11 01:50:08,NHB250811015008.RAWGUY9,2025-08-11 01:53:04,NHB250811015304.RAWGUYD
726,2025-08-11 02:00:08,NHB250811020008.RAWGUYG,2025-08-11 02:03:03,NHB250811020303.RAWGUYL,2025-08-11 02:10:07,NHB250811021007.RAWGUYP,2025-08-11 02:13:04,NHB250811021304.RAWGUYU
727,2025-08-11 02:20:08,NHB250811022008.RAWGUYX,2025-08-11 02:23:03,NHB250811022303.RAWGUZ1,2025-08-11 02:30:08,NHB250811023008.RAWGUZ4,2025-08-11 02:33:03,NHB250811023303.RAWGUZ8
728,2025-08-11 02:40:08,NHB250811024008.RAWGUZB,2025-08-11 02:43:04,NHB250811024304.RAWGUZF,2025-08-11 02:50:08,NHB250811025008.RAWGUZJ,2025-08-11 02:53:04,NHB250811025304.RAWGUZN
729,2025-08-11 03:00:08,NHB250811030008.RAWGUZS,2025-08-11 03:03:03,NHB250811030303.RAWGUZW,2025-08-11 03:10:07,NHB250811031007.RAWGUZZ,2025-08-11 03:13:03,NHB250811031303.RAWGV03
730,2025-08-11 03:20:07,NHB250811032007.RAWGV06,2025-08-11 03:23:03,NHB250811032303.RAWGV0A,2025-08-11 03:30:08,NHB250811033008.RAWGV0D,2025-08-11 03:33:03,NHB250811033303.RAWGV0H
731,2025-08-11 03:40:08,NHB250811034008.RAWGV0L,2025-08-11 03:43:03,NHB250811034303.RAWGV0R,2025-08-11 03:50:08,NHB250811035008.RAWGV0U,2025-08-11 03:53:04,NHB250811035304.RAWGV0Y
732,2025-08-11 04:00:08,NHB250811040008.RAWGV11,2025-08-11 04:03:04,NHB250811040304.RAWGV15,2025-08-11 04:10:07,NHB250811041007.RAWGV18,2025-08-11 04:13:03,NHB250811041303.RAWGV1C
733,2025-08-11 04:20:08,NHB250811042008.RAWGV1F,2025-08-11 04:23:04,NHB250811042304.RAWGV1K,2025-08-11 04:30:09,NHB250811043009.RAWGV1N,2025-08-11 04:33:03,NHB250811043303.RAWGV1T
734,2025-08-11 04:40:07,NHB250811044007.RAWGV1W,2025-08-11 04:43:04,NHB250811044304.RAWGV20,2025-08-11 04:50:07,NHB250811045007.RAWGV23,2025-08-11 04:53:03,NHB250811045303.RAWGV27
735,2025-08-11 05:00:07,NHB250811050007.RAWGV2A,2025-08-11 05:03:03,NHB250811050303.RAWGV2E,2025-08-11 05:10:07,NHB250811051007.RAWGV2H,2025-08-11 05:13:03,NHB250811051303.RAWGV2M
736,2025-08-11 05:20:07,NHB250811052007.RAWGV2R,2025-08-11 05:23:04,NHB250811052304.RAWGV2V,2025-08-11 05:30:08,NHB250811053008.RAWGV2Y,2025-08-11 05:33:04,NHB250811053304.RAWGV32
737,2025-08-11 05:40:07,NHB250811054007.RAWGV35,2025-08-11 05:43:04,NHB250811054304.RAWGV39,2025-08-11 05:50:09,NHB250811055009.RAWGV3C,2025-08-11 05:53:03,NHB250811055303.RAWGV3G
738,2025-08-11 06:00:07,NHB250811060007.RAWGV3K,2025-08-11 06:03:04,NHB250811060304.RAWGV3P,2025-08-11 06:10:08,NHB250811061008.RAWGV3T,2025-08-11 06:13:03,NHB250811061303.RAWGV3X
739,2025-08-11 06:20:07,NHB250811062007.RAWGV40,2025-08-11 06:23:03,NHB250811062303.RAWGV44,2025-08-11 06:30:08,NHB250811063008.RAWGV47,2025-08-11 06:33:04,NHB250811063304.RAWGV4B
740,2025-08-11 06:40:08,NHB250811064008.RAWGV4E,2025-08-11 06:43:03,NHB250811064303.RAWGV4J,2025-08-11 06:50:08,NHB250811065008.RAWGV4M,2025-08-11 06:53:03,NHB250811065303.RAWGV4S
741,2025-08-11 07:00:07,NHB250811070007.RAWGV4V,2025-08-11 07:03:04,NHB250811070304.RAWGV4Z,2025-08-11 07:10:08,NHB250811071008.RAWGV52,2025-08-11 07:13:04,NHB250811071304.RAWGV56
742,2025-08-11 07:20:08,NHB250811072008.RAWGV59,2025-08-11 07:23:03,NHB250811072303.RAWGV5D,2025-08-11 07:30:07,NHB250811073007.RAWGV5G,2025-08-11 07:33:04,NHB250811073304.RAWGV5L
743,2025-08-11 07:40:08,NHB250811074008.RAWGV5P,2025-08-11 07:43:03,NHB250811074303.RAWGV5U,2025-08-11 07:50:08,NHB250811075008.RAWGV5X,2025-08-11 07:53:04,NHB250811075304.RAWGV61
744,2025-08-11 08:00:08,NHB250811080008.RAWGV64,2025-08-11 08:03:03,NHB250811080303.RAWGV68,2025-08-11 08:10:07,NHB250811081007.RAWGV6B,2025-08-11 08:13:04,NHB250811081304.RAWGV6F
745,2025-08-11 08:20:07,NHB250811082007.RAWGV6J,2025-08-11 08:23:04,NHB250811082304.RAWGV6N,2025-08-11 08:30:08,NHB250811083008.RAWGV6S,2025-08-11 08:33:03,NHB250811083303.RAWGV6W
746,2025-08-11 08:40:07,NHB250811084007.RAWGV6Z,2025-08-11 08:43:03,NHB250811084303.RAWGV73,2025-08-11 08:50:07,NHB250811085007.RAWGV76,2025-08-11 08:53:04,NHB250811085304.RAWGV7A
747,2025-08-11 09:00:08,NHB250811090008.RAWGV7D,2025-08-11 09:03:03,NHB250811090303.RAWGV7H,2025-08-11 09:10:08,NHB250811091008.RAWGV7L,2025-08-11 09:13:04,NHB250811091304.RAWGV7R
748,2025-08-11 09:20:08,NHB250811092008.RAWGV7U,2025-08-11 09:23:04,NHB250811092304.RAWGV7Y,2025-08-11 09:30:07,NHB250811093007.RAWGV81,2025-08-11 09:33:03,NHB250811093303.RAWGV85
749,2025-08-11 09:40:08,NHB250811094008.RAWGV88,2025-08-11 09:43:04,NHB250811094304.RAWGV8C,2025-08-11 09:50:07,NHB250811095007.RAWGV8F,2025-08-11 09:53:04,NHB250811095304.RAWGV8K
750,2025-08-11 10:00:08,NHB250811100008.RAWGV8N,2025-08-11 10:03:04,NHB250811100304.RAWGV8T,2025-08-11 10:10:07,NHB250811101007.RAWGV8W,2025-08-11 10:13:03,NHB250811101303.RAWGV90
751,2025-08-11 10:20:07,NHB250811102007.RAWGV93,2025-08-11 10:23:03,NHB250811102303.RAWGV97,2025-08-11 10:30:08,NHB250811103008.RAWGV9A,2025-08-11 10:33:03,NHB250811103303.RAWGV9E
752,2025-08-11 10:40:08,NHB250811104008.RAWGV9H,2025-08-11 10:43:04,NHB250811104304.RAWGV9M,2025-08-11 10:50:08,NHB250811105008.RAWGV9R,2025-08-11 10:53:04,NHB250811105304.RAWGV9V
753,2025-08-11 11:00:08,NHB250811110008.RAWGV9Y,2025-08-11 11:03:03,NHB250811110303.RAWGVA2,2025-08-11 11:10:07,NHB250811111007.RAWGVA5,2025-08-11 11:13:04,NHB250811111304.RAWGVA9
754,2025-08-11 11:20:07,NHB250811112007.RAWGVAC,2025-08-11 11:23:03,NHB250811112303.RAWGVAG,2025-08-11 11:30:07,NHB250811113007.RAWGVAK,2025-08-11 11:33:03,NHB250811113303.RAWGVAP
755,2025-08-11 11:40:08,NHB250811114008.RAWGVAT,2025-08-11 11:43:04,NHB250811114304.RAWGVAX,2025-08-11 11:50:08,NHB250811115008.RAWGVB0,2025-08-11 11:53:04,NHB250811115304.RAWGVB4
756,2025-08-11 12:00:08,NHB250811120008.RAWGVB7,2025-08-11 12:03:03,NHB250811120303.RAWGVBB,2025-08-11 12:10:07,NHB250811121007.RAWGVBE,2025-08-11 12:13:04,NHB250811121304.RAWGVBJ
757,2025-08-11 12:20:07,NHB250811122007.RAWGVBM,2025-08-11 12:23:04,NHB250811122304.RAWGVBS,2025-08-11 12:30:08,NHB250811123008.RAWGVBV,2025-08-11 12:33:04,NHB250811123304.RAWGVBZ
758,2025-08-11 12:40:08,NHB250811124008.RAWGVC2,2025-08-11 12:43:04,NHB250811124304.RAWGVC6,2025-08-11 12:50:08,NHB250811125008.RAWGVC9,2025-08-11 12:53:03,NHB250811125303.RAWGVCD
759,2025-08-11 13:00:07,NHB250811130007.RAWGVCG,2025-08-11 13:03:03,NHB250811130303.RAWGVCL,2025-08-11 13:10:08,NHB250811131008.RAWGVCP,2025-08-11 13:13:03,NHB250811131303.RAWGVCU
760,2025-08-11 13:20:07,NHB250811132007.RAWGVCX,2025-08-11 13:23:03,NHB250811132303.RAWGVD1,2025-08-11 13:30:08,NHB250811133008.RAWGVD4,2025-08-11 13:33:04,NHB250811133304.RAWGVD8
761,2025-08-11 13:40:07,NHB250811134007.RAWGVDB,2025-08-11 13:43:04,NHB250811134304.RAWGVDF,2025-08-11 13:50:07,NHB250811135007.RAWGVDJ,2025-08-11 13:53:04,NHB250811135304.RAWGVDN
762,2025-08-11 14:00:07,NHB250811140007.RAWGVDS,2025-08-11 14:03:03,NHB250811140303.RAWGVDW,2025-08-11 14:10:08,NHB250811141008.RAWGVDZ,2025-08-11 14:13:03,NHB250811141303.RAWGVE3
763,2025-08-11 14:20:07,NHB250811142007.RAWGVE6,2025-08-11 14:23:03,NHB250811142303.RAWGVEA,2025-08-11 14:30:08,NHB250811143008.RAWGVED,2025-08-11 14:33:03,NHB250811143303.RAWGVEH
764,2025-08-11 14:40:07,NHB250811144007.RAWGVEL,2025-08-11 14:43:03,NHB250811144303.RAWGVER,2025-08-11 14:50:07,NHB250811145007.RAWGVEU,2025-08-11 14:53:04,NHB250811145304.RAWGVEY
765,2025-08-11 15:00:08,NHB250811150008.RAWGVF1,2025-08-11 15:03:03,NHB250811150303.RAWGVF5,2025-08-11 15:10:07,NHB250811151007.RAWGVF8,2025-08-11 15:13:03,NHB250811151303.RAWGVFC
766,2025-08-11 15:20:08,NHB250811152008.RAWGVFF,2025-08-11 15:23:04,NHB250811152304.RAWGVFK,2025-08-11 15:30:08,NHB250811153008.RAWGVFN,2025-08-11 15:33:04,NHB250811153304.RAWGVFT
767,2025-08-11 15:40:08,NHB250811154008.RAWGVFW,2025-08-11 15:43:04,NHB250811154304.RAWGVG0,2025-08-11 15:50:08,NHB250811155008.RAWGVG3,2025-08-11 15:53:04,NHB250811155304.RAWGVG7
768,2025-08-11 16:00:07,NHB250811160007.RAWGVGA,2025-08-11 16:03:03,NHB250811160303.RAWGVGE,2025-08-11 16:10:07,NHB250811161007.RAWGVGH,2025-08-11 16:13:04,NHB250811161304.RAWGVGM
769,2025-08-11 16:20:07,NHB250811162007.RAWGVGR,2025-08-11 16:23:05,NHB250811162305.RAWGVGV,2025-08-11 16:30:08,NHB250811163008.RAWGVGY,2025-08-11 16:33:03,NHB250811163303.RAWGVH2
770,2025-08-11 16:40:08,NHB250811164008.RAWGVH5,2025-08-11 16:43:04,NHB250811164304.RAWGVH9,2025-08-11 16:50:08,NHB250811165008.RAWGVHC,2025-08-11 16:53:03,NHB250811165303.RAWGVHG
771,2025-08-11 17:00:08,NHB250811170008.RAWGVHK,2025-08-11 17:03:03,NHB250811170303.RAWGVHP,2025-08-11 17:10:08,NHB250811171008.RAWGVHT,2025-08-11 17:13:03,NHB250811171303.RAWGVHX
772,2025-08-11 17:20:07,NHB250811172007.RAWGVJ0,2025-08-11 17:23:03,NHB250811172303.RAWGVJ4,2025-08-11 17:30:07,NHB250811173007.RAWGVJ7,2025-08-11 17:33:03,NHB250811173303.RAWGVJB
773,2025-08-11 17:40:07,NHB250811174007.RAWGVJE,2025-08-11 17:43:03,NHB250811174303.RAWGVJJ,2025-08-11 17:50:07,NHB250811175007.RAWGVJM,2025-08-11 17:53:03,NHB250811175303.RAWGVJS
774,2025-08-11 18:00:07,NHB250811180007.RAWGVJV,2025-08-11 18:03:04,NHB250811180304.RAWGVJZ,2025-08-11 18:10:07,NHB250811181007.RAWGVK2,2025-08-11 18:13:04,NHB250811181304.RAWGVK6
775,2025-08-11 18:20:07,NHB250811182007.RAWGVK9,2025-08-11 18:23:03,NHB250811182303.RAWGVKD,2025-08-11 18:30:07,NHB250811183007.RAWGVKG,2025-08-11 18:33:03,NHB250811183303.RAWGVKL
776,2025-08-11 18:40:07,NHB250811184007.RAWGVKP,2025-08-11 18:43:03,NHB250811184303.RAWGVKU,2025-08-11 18:50:07,NHB250811185007.RAWGVKX,2025-08-11 18:53:04,NHB250811185304.RAWGVL1
777,2025-08-11 19:00:07,NHB250811190007.RAWGVL4,2025-08-11 19:03:03,NHB250811190303.RAWGVL8,2025-08-11 19:10:08,NHB250811191008.RAWGVLB,2025-08-11 19:13:04,NHB250811191304.RAWGVLF
778,2025-08-11 19:20:08,NHB250811192008.RAWGVLJ,2025-08-11 19:23:04,NHB250811192304.RAWGVLN,2025-08-11 19:30:07,NHB250811193007.RAWGVLS,2025-08-11 19:33:04,NHB250811193304.RAWGVLW
779,2025-08-11 19:40:08,NHB250811194008.RAWGVLZ,2025-08-11 19:43:03,NHB250811194303.RAWGVM3,2025-08-11 19:50:07,NHB250811195007.RAWGVM6,2025-08-11 19:53:04,NHB250811195304.RAWGVMA
780,2025-08-11 20:00:07,NHB250811200007.RAWGVMD,2025-08-11 20:03:04,NHB250811200304.RAWGVMH,2025-08-11 20:10:08,NHB250811201008.RAWGVML,2025-08-11 20:13:03,NHB250811201303.RAWGVMR
781,2025-08-11 20:20:07,NHB250811202007.RAWGVMU,2025-08-11 20:23:03,NHB250811202303.RAWGVMY,2025-08-11 20:30:08,NHB250811203008.RAWGVN1,2025-08-11 20:33:03,NHB250811203303.RAWGVN5
782,2025-08-11 20:40:07,NHB250811204007.RAWGVN8,2025-08-11 20:43:03,NHB250811204303.RAWGVNC,2025-08-11 20:50:08,NHB250811205008.RAWGVNF,2025-08-11 20:53:03,NHB250811205303.RAWGVNK
783,2025-08-11 21:00:08,NHB250811210008.RAWGVNN,2025-08-11 21:03:03,NHB250811210303.RAWGVNT,2025-08-11 21:10:07,NHB250811211007.RAWGVNW,2025-08-11 21:13:04,NHB250811211304.RAWGVP0
784,2025-08-11 21:20:07,NHB250811212007.RAWGVP3,2025-08-11 21:23:03,NHB250811212303.RAWGVP7,2025-08-11 21:30:08,NHB250811213008.RAWGVPA,2025-08-11 21:33:03,NHB250811213303.RAWGVPE
785,2025-08-11 21:40:08,NHB250811214008.RAWGVPH,2025-08-11 21:43:03,NHB250811214303.RAWGVPM,2025-08-11 21:50:08,NHB250811215008.RAWGVPR,2025-08-11 21:53:04,NHB250811215304.RAWGVPV
786,2025-08-11 22:00:07,NHB250811220007.RAWGVPY,2025-08-11 22:03:04,NHB250811220304.RAWGVR2,2025-08-11 22:10:08,NHB250811221008.RAWGVR5,2025-08-11 22:13:04,NHB250811221304.RAWGVR9
787,2025-08-11 22:20:09,NHB250811222009.RAWGVRC,2025-08-11 22:23:03,NHB250811222303.RAWGVRG,2025-08-11 22:30:08,NHB250811223008.RAWGVRK,2025-08-11 22:33:03,NHB250811223303.RAWGVRP
788,2025-08-11 22:40:07,NHB250811224007.RAWGVRT,2025-08-11 22:43:04,NHB250811224304.RAWGVRX,2025-08-11 22:50:07,NHB250811225007.RAWGVS0,2025-08-11 22:53:03,NHB250811225303.RAWGVS4
789,2025-08-11 23:00:08,NHB250811230008.RAWGVS7,2025-08-11 23:03:03,NHB250811230303.RAWGVSB,2025-08-11 23:10:08,NHB250811231008.RAWGVSE,2025-08-11 23:13:03,NHB250811231303.RAWGVSJ
790,2025-08-11 23:20:07,NHB250811232007.RAWGVSM,2025-08-11 23:23:03,NHB250811232303.RAWGVSS,2025-08-11 23:30:08,NHB250811233008.RAWGVSV,2025-08-11 23:33:04,NHB250811233304.RAWGVSZ
791,2025-08-11 23:40:08,NHB250811234008.RAWGVT2,2025-08-11 23:43:03,NHB250811234303.RAWGVT6,2025-08-11 23:50:08,NHB250811235008.RAWGVT9,2025-08-11 23:53:03,NHB250811235303.RAWGVTD
792,2025-08-12 00:00:08,NHB250812000008.RAWGVTG,2025-08-12 00:03:05,NHB250812000305.RAWGVTL,2025-08-12 00:10:07,NHB250812001007.RAWGVTP,2025-08-12 00:13:04,NHB250812001304.RAWGVTU
793,2025-08-12 00:20:08,NHB250812002008.RAWGVTX,2025-08-12 00:23:03,NHB250812002303.RAWGVU1,2025-08-12 00:30:07,NHB250812003007.RAWGVU4,2025-08-12 00:33:04,NHB250812003304.RAWGVU8
794,2025-08-12 00:40:08,NHB250812004008.RAWGVUB,2025-08-12 00:43:03,NHB250812004303.RAWGVUF,2025-08-12 00:50:08,NHB250812005008.RAWGVUJ,2025-08-12 00:53:04,NHB250812005304.RAWGVUN
795,2025-08-12 01:00:08,NHB250812010008.RAWGVUS,2025-08-12 01:03:04,NHB250812010304.RAWGVUW,2025-08-12 01:10:08,NHB250812011008.RAWGVUZ,2025-08-12 01:13:04,NHB250812011304.RAWGVV3
796,2025-08-12 01:20:07,NHB250812012007.RAWGVV6,2025-08-12 01:23:03,NHB250812012303.RAWGVVA,2025-08-12 01:30:08,NHB250812013008.RAWGVVD,2025-08-12 01:33:03,NHB250812013303.RAWGVVH
797,2025-08-12 01:40:08,NHB250812014008.RAWGVVL,2025-08-12 01:43:03,NHB250812014303.RAWGVVR,2025-08-12 01:50:07,NHB250812015007.RAWGVVU,2025-08-12 01:53:04,NHB250812015304.RAWGVVY
798,2025-08-12 02:00:08,NHB250812020008.RAWGVW1,2025-08-12 02:03:03,NHB250812020303.RAWGVW5,2025-08-12 02:10:07,NHB250812021007.RAWGVW8,2025-08-12 02:13:04,NHB250812021304.RAWGVWC
799,2025-08-12 02:20:07,NHB250812022007.RAWGVWF,2025-08-12 02:23:04,NHB250812022304.RAWGVWK,2025-08-12 02:30:08,NHB250812023008.RAWGVWN,2025-08-12 02:33:03,NHB250812023303.RAWGVWT
800,2025-08-12 02:40:08,NHB250812024008.RAWGVWW,2025-08-12 02:43:04,NHB250812024304.RAWGVX0,2025-08-12 02:50:08,NHB250812025008.RAWGVX3,2025-08-12 02:53:03,NHB250812025303.RAWLE8M
801,2025-08-12 03:00:07,NHB250812030007.RAWLE8R,2025-08-12 03:03:03,NHB250812030303.RAWLE8V,2025-08-12 03:10:07,NHB250812031007.RAWLE8Y,2025-08-12 03:13:04,NHB250812031304.RAWLE92
802,2025-08-12 03:20:08,NHB250812032008.RAWLE95,2025-08-12 03:23:03,NHB250812032303.RAWLE99,2025-08-12 03:30:08,NHB250812033008.RAWLE9C,2025-08-12 03:33:04,NHB250812033304.RAWLE9G
803,2025-08-12 03:40:08,NHB250812034008.RAWLE9K,2025-08-12 03:43:04,NHB250812034304.RAWLE9P,2025-08-12 03:50:07,NHB250812035007.RAWLE9T,2025-08-12 03:53:04,NHB250812035304.RAWLE9X
804,2025-08-12 04:00:08,NHB250812040008.RAWLEA0,2025-08-12 04:03:04,NHB250812040304.RAWLEA4,2025-08-12 04:10:08,NHB250812041008.RAWLEA7,2025-08-12 04:13:04,NHB250812041304.RAWLEAB
805,2025-08-12 04:20:08,NHB250812042008.RAWLEAE,2025-08-12 04:23:03,NHB250812042303.RAWLEAJ,2025-08-12 04:30:07,NHB250812043007.RAWLEAM,2025-08-12 04:33:03,NHB250812043303.RAWLEAS
806,2025-08-12 04:40:07,NHB250812044007.RAWLEAV,2025-08-12 04:43:03,NHB250812044303.RAWLEAZ,2025-08-12 04:50:08,NHB250812045008.RAWLEB2,2025-08-12 04:53:04,NHB250812045304.RAWLEB6
807,2025-08-12 05:00:08,NHB250812050008.RAWLEB9,2025-08-12 05:03:04,NHB250812050304.RAWLEBD,2025-08-12 05:10:08,NHB250812051008.RAWLEBG,2025-08-12 05:13:03,NHB250812051303.RAWLEBL
808,2025-08-12 05:20:08,NHB250812052008.RAWLEBP,2025-08-12 05:23:03,NHB250812052303.RAWLEBU,2025-08-12 05:30:08,NHB250812053008.RAWLEBX,2025-08-12 05:33:03,NHB250812053303.RAWLEC1
809,2025-08-12 05:40:07,NHB250812054007.RAWLEC4,2025-08-12 05:43:04,NHB250812054304.RAWLEC8,2025-08-12 05:50:08,NHB250812055008.RAWLECB,2025-08-12 05:53:04,NHB250812055304.RAWLECF
810,2025-08-12 06:00:08,NHB250812060008.RAWLECJ,2025-08-12 06:03:04,NHB250812060304.RAWLECN,2025-08-12 06:10:08,NHB250812061008.RAWLECS,2025-08-12 06:13:03,NHB250812061303.RAWLECW
811,2025-08-12 06:20:08,NHB250812062008.RAWLECZ,2025-08-12 06:23:03,NHB250812062303.RAWLED3,2025-08-12 06:30:08,NHB250812063008.RAWLED6,2025-08-12 06:33:03,NHB250812063303.RAWLEDA
812,2025-08-12 06:40:08,NHB250812064008.RAWLEDD,2025-08-12 06:43:04,NHB250812064304.RAWLEDH,2025-08-12 06:50:08,NHB250812065008.RAWLEDL,2025-08-12 06:53:04,NHB250812065304.RAWLEDR
813,2025-08-12 07:00:07,NHB250812070007.RAWLEDU,2025-08-12 07:03:04,NHB250812070304.RAWLEDY,2025-08-12 07:10:08,NHB250812071008.RAWLEE1,2025-08-12 07:13:03,NHB250812071303.RAWLEE5
814,2025-08-12 07:20:08,NHB250812072008.RAWLEE8,2025-08-12 07:23:03,NHB250812072303.RAWLEEC,2025-08-12 07:30:08,NHB250812073008.RAWLEEF,2025-08-12 07:33:03,NHB250812073303.RAWLEEK
815,2025-08-12 07:40:07,NHB250812074007.RAWLEEN,2025-08-12 07:43:04,NHB250812074304.RAWLEET,2025-08-12 07:50:07,NHB250812075007.RAWLEEW,2025-08-12 07:53:03,NHB250812075303.RAWLEF0
816,2025-08-12 08:00:08,NHB250812080008.RAWLEF3,2025-08-12 08:03:03,NHB250812080303.RAWLEF7,2025-08-12 08:10:07,NHB250812081007.RAWLEFA,2025-08-12 08:13:03,NHB250812081303.RAWLEFE
817,2025-08-12 08:20:08,NHB250812082008.RAWLEFH,2025-08-12 08:23:04,NHB250812082304.RAWLEFM,2025-08-12 08:30:07,NHB250812083007.RAWLEFR,2025-08-12 08:33:04,NHB250812083304.RAWLEFV
818,2025-08-12 08:40:08,NHB250812084008.RAWLEFY,2025-08-12 08:43:03,NHB250812084303.RAWLEG2,2025-08-12 08:50:07,NHB250812085007.RAWLEG5,2025-08-12 08:53:03,NHB250812085303.RAWLEG9
819,2025-08-12 09:00:08,NHB250812090008.RAWLEGC,2025-08-12 09:03:04,NHB250812090304.RAWLEGG,2025-08-12 09:10:08,NHB250812091008.RAWLEGK,2025-08-12 09:13:04,NHB250812091304.RAWLEGP
820,2025-08-12 09:20:08,NHB250812092008.RAWLEGT,2025-08-12 09:23:03,NHB250812092303.RAWLEGX,2025-08-12 09:30:08,NHB250812093008.RAWLEH0,2025-08-12 09:33:03,NHB250812093303.RAWLEH4
821,2025-08-12 09:40:08,NHB250812094008.RAWLEH7,2025-08-12 09:43:04,NHB250812094304.RAWLEHB,2025-08-12 09:50:08,NHB250812095008.RAWLEHE,2025-08-12 09:53:04,NHB250812095304.RAWLEHJ
822,2025-08-12 10:00:08,NHB250812100008.RAWLEHM,2025-08-12 10:03:03,NHB250812100303.RAWLEHS,2025-08-12 10:10:08,NHB250812101008.RAWLEHV,2025-08-12 10:13:03,NHB250812101303.RAWLEHZ
823,2025-08-12 10:20:07,NHB250812102007.RAWLEJ2,2025-08-12 10:23:03,NHB250812102303.RAWLEJ6,2025-08-12 10:30:07,NHB250812103007.RAWLEJ9,2025-08-12 10:33:04,NHB250812103304.RAWLEJD
824,2025-08-12 10:40:08,NHB250812104008.RAWLEJG,2025-08-12 10:43:03,NHB250812104303.RAWLEJL,2025-08-12 10:50:07,NHB250812105007.RAWLEJP,2025-08-12 10:53:03,NHB250812105303.RAWLEJU
825,2025-08-12 11:00:08,NHB250812110008.RAWLEJX,2025-08-12 11:03:04,NHB250812110304.RAWLEK1,2025-08-12 11:10:07,NHB250812111007.RAWLEK4,2025-08-12 11:13:05,NHB250812111305.RAWLEK8
826,2025-08-12 11:20:08,NHB250812112008.RAWLEKB,2025-08-12 11:23:04,NHB250812112304.RAWLEKF,2025-08-12 11:30:08,NHB250812113008.RAWLEKJ,2025-08-12 11:33:04,NHB250812113304.RAWLEKN
827,2025-08-12 11:40:08,NHB250812114008.RAWLEKS,2025-08-12 11:43:04,NHB250812114304.RAWLEKW,2025-08-12 11:50:08,NHB250812115008.RAWLEKZ,2025-08-12 11:53:03,NHB250812115303.RAWLEL3
828,2025-08-12 12:00:07,NHB250812120007.RAWLEL6,2025-08-12 12:03:03,NHB250812120303.RAWLELA,2025-08-12 12:10:07,NHB250812121007.RAWLELD,2025-08-12 12:13:03,NHB250812121303.RAWLELH
829,2025-08-12 12:20:08,NHB250812122008.RAWLELL,2025-08-12 12:23:03,NHB250812122303.RAWLELR,2025-08-12 12:30:07,NHB250812123007.RAWLELU,2025-08-12 12:33:04,NHB250812123304.RAWLELY
830,2025-08-12 12:40:09,NHB250812124009.RAWLEM1,2025-08-12 12:43:03,NHB250812124303.RAWLEM5,2025-08-12 12:50:08,NHB250812125008.RAWLEM8,2025-08-12 12:53:03,NHB250812125303.RAWLEMC
831,2025-08-12 13:00:08,NHB250812130008.RAWLEMF,2025-08-12 13:03:04,NHB250812130304.RAWLEMK,2025-08-12 13:10:08,NHB250812131008.RAWLEMN,2025-08-12 13:13:04,NHB250812131304.RAWLEMT
832,2025-08-12 13:20:08,NHB250812132008.RAWLEMW,2025-08-12 13:23:04,NHB250812132304.RAWLEN0,2025-08-12 13:30:07,NHB250812133007.RAWLEN3,2025-08-12 13:33:05,NHB250812133305.RAWLEN7
833,2025-08-12 13:40:08,NHB250812134008.RAWLENA,2025-08-12 13:43:04,NHB250812134304.RAWLENE,2025-08-12 13:50:08,NHB250812135008.RAWLENH,2025-08-12 13:53:03,NHB250812135303.RAWLENM
834,2025-08-12 14:00:07,NHB250812140007.RAWLENR,2025-08-12 14:03:03,NHB250812140303.RAWLENV,2025-08-12 14:10:07,NHB250812141007.RAWLENY,2025-08-12 14:13:03,NHB250812141303.RAWLEP2
835,2025-08-12 14:20:07,NHB250812142007.RAWLEP5,2025-08-12 14:23:03,NHB250812142303.RAWLEP9,2025-08-12 14:30:07,NHB250812143007.RAWLEPC,2025-08-12 14:33:04,NHB250812143304.RAWLEPG
836,2025-08-12 14:40:08,NHB250812144008.RAWLEPK,2025-08-12 14:43:04,NHB250812144304.RAWLEPP,2025-08-12 14:50:08,NHB250812145008.RAWLEPT,2025-08-12 14:53:03,NHB250812145303.RAWLEPX
837,2025-08-12 15:00:08,NHB250812150008.RAWLER0,2025-08-12 15:03:03,NHB250812150303.RAWLER4,2025-08-12 15:10:08,NHB250812151008.RAWLER7,2025-08-12 15:13:03,NHB250812151303.RAWLERB
838,2025-08-12 15:20:08,NHB250812152008.RAWLERE,2025-08-12 15:23:03,NHB250812152303.RAWLERJ,2025-08-12 15:30:08,NHB250812153008.RAWLERM,2025-08-12 15:33:03,NHB250812153303.RAWLERS
839,2025-08-12 15:40:07,NHB250812154007.RAWLERV,2025-08-12 15:43:03,NHB250812154303.RAWLERZ,2025-08-12 15:50:07,NHB250812155007.RAWLES2,2025-08-12 15:53:03,NHB250812155303.RAWLES6
840,2025-08-12 16:00:07,NHB250812160007.RAWLES9,2025-08-12 16:03:04,NHB250812160304.RAWLESD,2025-08-12 16:10:08,NHB250812161008.RAWLESG,2025-08-12 16:13:03,NHB250812161303.RAWLESL
841,2025-08-12 16:20:07,NHB250812162007.RAWLESP,2025-08-12 16:23:03,NHB250812162303.RAWLESU,2025-08-12 16:30:08,NHB250812163008.RAWLESX,2025-08-12 16:33:04,NHB250812163304.RAWLET1
842,2025-08-12 16:40:08,NHB250812164008.RAWLET4,2025-08-12 16:43:03,NHB250812164303.RAWLET8,2025-08-12 16:50:08,NHB250812165008.RAWLETB,2025-08-12 16:53:04,NHB250812165304.RAWLETF
843,2025-08-12 17:00:08,NHB250812170008.RAWLETJ,2025-08-12 17:03:05,NHB250812170305.RAWLETN,2025-08-12 17:10:09,NHB250812171009.RAWLETS,2025-08-12 17:13:04,NHB250812171304.RAWLETW
844,2025-08-12 17:20:09,NHB250812172009.RAWLETZ,2025-08-12 17:23:03,NHB250812172303.RAWLEU3,2025-08-12 17:30:08,NHB250812173008.RAWLEU6,2025-08-12 17:33:04,NHB250812173304.RAWLEUA
845,2025-08-12 17:40:07,NHB250812174007.RAWLEUD,2025-08-12 17:43:04,NHB250812174304.RAWLEUH,2025-08-12 17:50:07,NHB250812175007.RAWLEUL,2025-08-12 17:53:04,NHB250812175304.RAWLEUR
846,2025-08-12 18:00:08,NHB250812180008.RAWLEUU,2025-08-12 18:03:03,NHB250812180303.RAWLEUY,2025-08-12 18:10:08,NHB250812181008.RAWLEV1,2025-08-12 18:13:04,NHB250812181304.RAWLEV5
847,2025-08-12 18:20:07,NHB250812182007.RAWLEV8,2025-08-12 18:23:03,NHB250812182303.RAWLEVC,2025-08-12 18:30:08,NHB250812183008.RAWLEVF,2025-08-12 18:33:03,NHB250812183303.RAWLEVK
848,2025-08-12 18:40:07,NHB250812184007.RAWLEVN,2025-08-12 18:43:04,NHB250812184304.RAWLEVT,2025-08-12 18:50:07,NHB250812185007.RAWLEVW,2025-08-12 18:53:03,NHB250812185303.RAWLEW0
849,2025-08-12 19:00:08,NHB250812190008.RAWLEW3,2025-08-12 19:03:03,NHB250812190303.RAWLEW7,2025-08-12 19:10:08,NHB250812191008.RAWLEWA,2025-08-12 19:13:04,NHB250812191304.RAWLEWE
850,2025-08-12 19:20:08,NHB250812192008.RAWLEWH,2025-08-12 19:23:03,NHB250812192303.RAWLEWM,2025-08-12 19:30:08,NHB250812193008.RAWLEWR,2025-08-12 19:33:04,NHB250812193304.RAWLEWV
851,2025-08-12 19:40:07,NHB250812194007.RAWLEWY,2025-08-12 19:43:03,NHB250812194303.RAWLEX2,2025-08-12 19:50:07,NHB250812195007.RAWLEX5,2025-08-12 19:53:04,NHB250812195304.RAWLEX9
852,2025-08-12 20:00:08,NHB250812200008.RAWLEXC,2025-08-12 20:03:04,NHB250812200304.RAWLEXG,2025-08-12 20:10:07,NHB250812201007.RAWLEXK,2025-08-12 20:13:04,NHB250812201304.RAWLEXP
853,2025-08-12 20:20:08,NHB250812202008.RAWLEXT,2025-08-12 20:23:04,NHB250812202304.RAWLEXX,2025-08-12 20:30:08,NHB250812203008.RAWLEY0,2025-08-12 20:33:04,NHB250812203304.RAWLEY4
854,2025-08-12 20:40:08,NHB250812204008.RAWLEY7,2025-08-12 20:43:03,NHB250812204303.RAWLEYB,2025-08-12 20:50:08,NHB250812205008.RAWLEYE,2025-08-12 20:53:03,NHB250812205303.RAWLEYJ
855,2025-08-12 21:00:09,NHB250812210009.RAWLEYM,2025-08-12 21:03:03,NHB250812210303.RAWLEYS,2025-08-12 21:10:07,NHB250812211007.RAWLEYV,2025-08-12 21:13:03,NHB250812211303.RAWLEYZ
856,2025-08-12 21:20:07,NHB250812212007.RAWLEZ2,2025-08-12 21:23:04,NHB250812212304.RAWLEZ6,2025-08-12 21:30:08,NHB250812213008.RAWLEZ9,2025-08-12 21:33:03,NHB250812213303.RAWLEZD
857,2025-08-12 21:40:08,NHB250812214008.RAWLEZG,2025-08-12 21:43:03,NHB250812214303.RAWLEZL,2025-08-12 21:50:07,NHB250812215007.RAWLEZP,2025-08-12 21:53:03,NHB250812215303.RAWLEZU
858,2025-08-12 22:00:09,NHB250812220009.RAWLEZX,2025-08-12 22:03:03,NHB250812220303.RAWLF01,2025-08-12 22:10:08,NHB250812221008.RAWLF04,2025-08-12 22:13:04,NHB250812221304.RAWLF08
859,2025-08-12 22:20:08,NHB250812222008.RAWLF0B,2025-08-12 22:23:04,NHB250812222304.RAWLF0F,2025-08-12 22:30:07,NHB250812223007.RAWLF0J,2025-08-12 22:33:03,NHB250812223303.RAWLF0N
860,2025-08-12 22:40:08,NHB250812224008.RAWLF0S,2025-08-12 22:43:03,NHB250812224303.RAWLF0W,2025-08-12 22:50:08,NHB250812225008.RAWLF0Z,2025-08-12 22:53:03,NHB250812225303.RAWLF13
861,2025-08-12 23:00:08,NHB250812230008.RAWLF16,2025-08-12 23:03:03,NHB250812230303.RAWLF1A,2025-08-12 23:10:07,NHB250812231007.RAWLF1D,2025-08-12 23:13:03,NHB250812231303.RAWLF1H
862,2025-08-12 23:20:07,NHB250812232007.RAWLF1L,2025-08-12 23:23:03,NHB250812232303.RAWLF1R,2025-08-12 23:30:08,NHB250812233008.RAWLF1U,2025-08-12 23:33:03,NHB250812233303.RAWLF1Y
863,2025-08-12 23:40:08,NHB250812234008.RAWLF21,2025-08-12 23:43:03,NHB250812234303.RAWLF25,2025-08-12 23:50:09,NHB250812235009.RAWLF28,2025-08-12 23:53:04,NHB250812235304.RAWLF2C
864,2025-08-13 00:00:08,NHB250813000008.RAWLF2F,2025-08-13 00:03:04,NHB250813000304.RAWLF2K,2025-08-13 00:10:07,NHB250813001007.RAWLF2N,2025-08-13 00:13:03,NHB250813001303.RAWLF2T
865,2025-08-13 00:20:08,NHB250813002008.RAWLF2W,2025-08-13 00:23:03,NHB250813002303.RAWLF30,2025-08-13 00:30:08,NHB250813003008.RAWLF33,2025-08-13 00:33:03,NHB250813003303.RAWLF37
866,2025-08-13 00:40:08,NHB250813004008.RAWLF3A,2025-08-13 00:43:04,NHB250813004304.RAWLF3E,2025-08-13 00:50:08,NHB250813005008.RAWLF3H,2025-08-13 00:53:03,NHB250813005303.RAWLF3M
867,2025-08-13 01:00:08,NHB250813010008.RAWLF3R,2025-08-13 01:03:04,NHB250813010304.RAWLF3V,2025-08-13 01:10:07,NHB250813011007.RAWLF3Y,2025-08-13 01:13:03,NHB250813011303.RAWLF42
868,2025-08-13 01:20:07,NHB250813012007.RAWLF45,2025-08-13 01:23:03,NHB250813012303.RAWLF49,2025-08-13 01:30:08,NHB250813013008.RAWLF4C,2025-08-13 01:33:03,NHB250813013303.RAWLF4G
869,2025-08-13 01:40:07,NHB250813014007.RAWLF4K,2025-08-13 01:43:03,NHB250813014303.RAWLF4P,2025-08-13 01:50:08,NHB250813015008.RAWLF4T,2025-08-13 01:53:03,NHB250813015303.RAWLF4X
870,2025-08-13 02:00:08,NHB250813020008.RAWLF50,2025-08-13 02:03:03,NHB250813020303.RAWLF54,2025-08-13 02:10:08,NHB250813021008.RAWLF57,2025-08-13 02:13:03,NHB250813021303.RAWLF5B
871,2025-08-13 02:20:07,NHB250813022007.RAWLF5E,2025-08-13 02:23:04,NHB250813022304.RAWLF5J,2025-08-13 02:30:07,NHB250813023007.RAWLF5M,2025-08-13 02:33:03,NHB250813023303.RAWLF5S
872,2025-08-13 02:40:09,NHB250813024009.RAWLF5V,2025-08-13 02:43:03,NHB250813024303.RAWLF5Z,2025-08-13 02:50:08,NHB250813025008.RAWLF62,2025-08-13 02:53:04,NHB250813025304.RAWLF66
873,2025-08-13 03:00:09,NHB250813030009.RAWLF69,2025-08-13 03:03:04,NHB250813030304.RAWLF6D,2025-08-13 03:10:07,NHB250813031007.RAWLF6G,2025-08-13 03:13:04,NHB250813031304.RAWLF6L
874,2025-08-13 03:20:08,NHB250813032008.RAWLF6P,2025-08-13 03:23:04,NHB250813032304.RAWLF6U,2025-08-13 03:30:07,NHB250813033007.RAWLF6X,2025-08-13 03:33:04,NHB250813033304.RAWLF71
875,2025-08-13 03:40:08,NHB250813034008.RAWLF74,2025-08-13 03:43:03,NHB250813034303.RAWLF78,2025-08-13 03:50:08,NHB250813035008.RAWLF7B,2025-08-13 03:53:04,NHB250813035304.RAWLF7F
876,2025-08-13 04:00:08,NHB250813040008.RAWLF7J,2025-08-13 04:03:03,NHB250813040303.RAWLF7N,2025-08-13 04:10:07,NHB250813041007.RAWLF7S,2025-08-13 04:13:04,NHB250813041304.RAWLF7W
877,2025-08-13 04:20:08,NHB250813042008.RAWLF7Z,2025-08-13 04:23:04,NHB250813042304.RAWLF83,2025-08-13 04:30:08,NHB250813043008.RAWLF86,2025-08-13 04:33:04,NHB250813043304.RAWLF8A
878,2025-08-13 04:40:08,NHB250813044008.RAWLF8D,2025-08-13 04:43:04,NHB250813044304.RAWLF8H,2025-08-13 04:50:08,NHB250813045008.RAWLF8L,2025-08-13 04:53:04,NHB250813045304.RAWLF8R
879,2025-08-13 05:00:07,NHB250813050007.RAWLF8U,2025-08-13 05:03:03,NHB250813050303.RAWLF8Y,2025-08-13 05:10:08,NHB250813051008.RAWLF91,2025-08-13 05:13:03,NHB250813051303.RAWLF95
880,2025-08-13 05:20:08,NHB250813052008.RAWLF98,2025-08-13 05:23:04,NHB250813052304.RAWLF9C,2025-08-13 05:30:08,NHB250813053008.RAWLF9F,2025-08-13 05:33:03,NHB250813053303.RAWLF9K
881,2025-08-13 05:40:07,NHB250813054007.RAWLF9N,2025-08-13 05:43:03,NHB250813054303.RAWLF9T,2025-08-13 05:50:08,NHB250813055008.RAWLF9W,2025-08-13 05:53:03,NHB250813055303.RAWLFA0
882,2025-08-13 06:00:08,NHB250813060008.RAWLFA3,2025-08-13 06:03:04,NHB250813060304.RAWLFA7,2025-08-13 06:10:08,NHB250813061008.RAWLFAA,2025-08-13 06:13:03,NHB250813061303.RAWLFAE
883,2025-08-13 06:20:08,NHB250813062008.RAWLFAH,2025-08-13 06:23:04,NHB250813062304.RAWLFAM,2025-08-13 06:30:08,NHB250813063008.RAWLFAR,2025-08-13 06:33:03,NHB250813063303.RAWLFAV
884,2025-08-13 06:40:08,NHB250813064008.RAWLFAY,2025-08-13 06:43:03,NHB250813064303.RAWLFB2,2025-08-13 06:50:08,NHB250813065008.RAWLFB5,2025-08-13 06:53:04,NHB250813065304.RAWLFB9
885,2025-08-13 07:00:07,NHB250813070007.RAWLFBC,2025-08-13 07:03:03,NHB250813070303.RAWLFBG,2025-08-13 07:10:07,NHB250813071007.RAWLFBK,2025-08-13 07:13:03,NHB250813071303.RAWLFBP
886,2025-08-13 07:20:07,NHB250813072007.RAWLFBT,2025-08-13 07:23:04,NHB250813072304.RAWLFBX,2025-08-13 07:30:08,NHB250813073008.RAWLFC0,2025-08-13 07:33:04,NHB250813073304.RAWLFC4
887,2025-08-13 07:40:08,NHB250813074008.RAWLFC7,2025-08-13 07:43:03,NHB250813074303.RAWLFCB,2025-08-13 07:50:08,NHB250813075008.RAWLFCE,2025-08-13 07:53:03,NHB250813075303.RAWLFCJ
888,2025-08-13 08:00:08,NHB250813080008.RAWLFCM,2025-08-13 08:03:04,NHB250813080304.RAWLFCS,2025-08-13 08:10:08,NHB250813081008.RAWLFCV,2025-08-13 08:13:04,NHB250813081304.RAWLFCZ
889,2025-08-13 08:20:08,NHB250813082008.RAWLFD2,2025-08-13 08:23:03,NHB250813082303.RAWLFD6,2025-08-13 08:30:08,NHB250813083008.RAWLFD9,2025-08-13 08:33:03,NHB250813083303.RAWLFDD
890,2025-08-13 08:40:07,NHB250813084007.RAWLFDG,2025-08-13 08:43:04,NHB250813084304.RAWLFDL,2025-08-13 08:50:08,NHB250813085008.RAWLFDP,2025-08-13 08:53:03,NHB250813085303.RAWLFDU
891,2025-08-13 09:00:09,NHB250813090009.RAWLFDX,2025-08-13 09:03:03,NHB250813090303.RAWLFE1,2025-08-13 09:10:08,NHB250813091008.RAWLFE4,2025-08-13 09:13:04,NHB250813091304.RAWLFE8
892,2025-08-13 09:20:07,NHB250813092007.RAWLFEB,2025-08-13 09:23:03,NHB250813092303.RAWLFEF,2025-08-13 09:30:08,NHB250813093008.RAWLFEJ,2025-08-13 09:33:04,NHB250813093304.RAWLFEN
893,2025-08-13 09:40:08,NHB250813094008.RAWLFES,2025-08-13 09:43:03,NHB250813094303.RAWLFEW,2025-08-13 09:50:07,NHB250813095007.RAWLFEZ,2025-08-13 09:53:03,NHB250813095303.RAWLFF3
894,2025-08-13 10:00:08,NHB250813100008.RAWLFF6,2025-08-13 10:03:03,NHB250813100303.RAWLFFA,2025-08-13 10:10:07,NHB250813101007.RAWLFFD,2025-08-13 10:13:04,NHB250813101304.RAWLFFH
895,2025-08-13 10:20:07,NHB250813102007.RAWLFFL,2025-08-13 10:23:03,NHB250813102303.RAWLFFR,2025-08-13 10:30:07,NHB250813103007.RAWLFFU,2025-08-13 10:33:03,NHB250813103303.RAWLFFY
896,2025-08-13 10:40:08,NHB250813104008.RAWLFG1,2025-08-13 10:43:04,NHB250813104304.RAWLFG5,2025-08-13 10:50:08,NHB250813105008.RAWLFG8,2025-08-13 10:53:04,NHB250813105304.RAWLFGC
897,2025-08-13 11:00:08,NHB250813110008.RAWLFGF,2025-08-13 11:03:03,NHB250813110303.RAWLFGK,2025-08-13 11:10:08,NHB250813111008.RAWLFGN,2025-08-13 11:13:03,NHB250813111303.RAWLFGT
898,2025-08-13 11:20:08,NHB250813112008.RAWLFGW,2025-08-13 11:23:03,NHB250813112303.RAWLFH0,2025-08-13 11:30:08,NHB250813113008.RAWLFH3,2025-08-13 11:33:03,NHB250813113303.RAWLFH7
899,2025-08-13 11:40:08,NHB250813114008.RAWLFHA,2025-08-13 11:43:03,NHB250813114303.RAWLFHE,2025-08-13 11:50:07,NHB250813115007.RAWLFHH,2025-08-13 11:53:03,NHB250813115303.RAWLFHM
900,2025-08-13 12:00:07,NHB250813120007.RAWLFHR,2025-08-13 12:03:03,NHB250813120303.RAWLFHV,2025-08-13 12:10:08,NHB250813121008.RAWLFHY,2025-08-13 12:13:03,NHB250813121303.RAWLFJ2
901,2025-08-13 12:20:07,NHB250813122007.RAWLFJ5,2025-08-13 12:23:04,NHB250813122304.RAWLFJ9,2025-08-13 12:30:07,NHB250813123007.RAWLFJC,2025-08-13 12:33:04,NHB250813123304.RAWLFJG
902,2025-08-13 12:40:08,NHB250813124008.RAWLFJK,2025-08-13 12:43:04,NHB250813124304.RAWLFJP,2025-08-13 12:50:08,NHB250813125008.RAWLFJT,2025-08-13 12:53:03,NHB250813125303.RAWLFJX
903,2025-08-13 13:00:08,NHB250813130008.RAWLFK0,2025-08-13 13:03:04,NHB250813130304.RAWLFK4,2025-08-13 13:10:08,NHB250813131008.RAWLFK7,2025-08-13 13:13:03,NHB250813131303.RAWLFKB
904,2025-08-13 13:20:08,NHB250813132008.RAWLFKE,2025-08-13 13:23:03,NHB250813132303.RAWLFKJ,2025-08-13 13:30:07,NHB250813133007.RAWLFKM,2025-08-13 13:33:03,NHB250813133303.RAWLFKS
905,2025-08-13 13:40:08,NHB250813134008.RAWLFKV,2025-08-13 13:43:04,NHB250813134304.RAWLFKZ,2025-08-13 13:50:07,NHB250813135007.RAWLFL2,2025-08-13 13:53:03,NHB250813135303.RAWLFL6
906,2025-08-13 14:00:07,NHB250813140007.RAWLFL9,2025-08-13 14:03:04,NHB250813140304.RAWLFLD,2025-08-13 14:10:08,NHB250813141008.RAWLFLG,2025-08-13 14:13:03,NHB250813141303.RAWLFLL
907,2025-08-13 14:20:07,NHB250813142007.RAWLFLP,2025-08-13 14:23:04,NHB250813142304.RAWLFLU,2025-08-13 14:30:08,NHB250813143008.RAWLFLX,2025-08-13 14:33:03,NHB250813143303.RAWLFM1
908,2025-08-13 14:40:08,NHB250813144008.RAWLFM4,2025-08-13 14:43:04,NHB250813144304.RAWLFM8,2025-08-13 14:50:07,NHB250813145007.RAWLFMB,2025-08-13 14:53:04,NHB250813145304.RAWLFMF
909,2025-08-13 15:00:07,NHB250813150007.RAWLFMJ,2025-08-13 15:03:03,NHB250813150303.RAWLFMN,2025-08-13 15:10:08,NHB250813151008.RAWLFMS,2025-08-13 15:13:04,NHB250813151304.RAWLFMW
910,2025-08-13 15:20:08,NHB250813152008.RAWLFMZ,2025-08-13 15:23:04,NHB250813152304.RAWLFN3,2025-08-13 15:30:09,NHB250813153009.RAWLFN6,2025-08-13 15:33:04,NHB250813153304.RAWLFNA
911,2025-08-13 15:40:08,NHB250813154008.RAWLFND,2025-08-13 15:43:04,NHB250813154304.RAWLFNH,2025-08-13 15:50:07,NHB250813155007.RAWLFNL,2025-08-13 15:53:04,NHB250813155304.RAWLFNR
912,2025-08-13 16:00:08,NHB250813160008.RAWLFNU,2025-08-13 16:03:04,NHB250813160304.RAWLFNY,2025-08-13 16:10:07,NHB250813161007.RAWLFP1,2025-08-13 16:13:03,NHB250813161303.RAWLFP5
913,2025-08-13 16:20:07,NHB250813162007.RAWLFP8,2025-08-13 16:23:03,NHB250813162303.RAWLFPC,2025-08-13 16:30:08,NHB250813163008.RAWLFPF,2025-08-13 16:33:03,NHB250813163303.RAWLFPK
914,2025-08-13 16:40:08,NHB250813164008.RAWLFPN,2025-08-13 16:43:03,NHB250813164303.RAWLFPT,2025-08-13 16:50:07,NHB250813165007.RAWLFPW,2025-08-13 16:53:03,NHB250813165303.RAWLFR0
915,2025-08-13 17:00:08,NHB250813170008.RAWLFR3,2025-08-13 17:03:03,NHB250813170303.RAWLFR7,2025-08-13 17:10:08,NHB250813171008.RAWLFRA,2025-08-13 17:13:03,NHB250813171303.RAWLFRE
916,2025-08-13 17:20:07,NHB250813172007.RAWLFRH,2025-08-13 17:23:04,NHB250813172304.RAWLFRM,2025-08-13 17:30:08,NHB250813173008.RAWLFRR,2025-08-13 17:33:03,NHB250813173303.RAWLFRV
917,2025-08-13 17:40:08,NHB250813174008.RAWLFRY,2025-08-13 17:43:03,NHB250813174303.RAWLFS2,2025-08-13 17:50:07,NHB250813175007.RAWLFS5,2025-08-13 17:53:04,NHB250813175304.RAWLFS9
918,2025-08-13 18:00:07,NHB250813180007.RAWLFSC,2025-08-13 18:03:04,NHB250813180304.RAWLFSG,2025-08-13 18:10:08,NHB250813181008.RAWLFSK,2025-08-13 18:13:04,NHB250813181304.RAWLFSP
919,2025-08-13 18:20:08,NHB250813182008.RAWLFST,2025-08-13 18:23:03,NHB250813182303.RAWLFSX,2025-08-13 18:30:07,NHB250813183007.RAWLFT0,2025-08-13 18:33:03,NHB250813183303.RAWLFT4
920,2025-08-13 18:40:07,NHB250813184007.RAWLFT7,2025-08-13 18:43:04,NHB250813184304.RAWLFTB,2025-08-13 18:50:08,NHB250813185008.RAWLFTE,2025-08-13 18:53:04,NHB250813185304.RAWLFTJ
921,2025-08-13 19:00:08,NHB250813190008.RAWLFTM,2025-08-13 19:03:04,NHB250813190304.RAWLFTS,2025-08-13 19:10:08,NHB250813191008.RAWLFTV,2025-08-13 19:13:04,NHB250813191304.RAWLFTZ
922,2025-08-13 19:20:08,NHB250813192008.RAWLFU2,2025-08-13 19:23:04,NHB250813192304.RAWLFU6,2025-08-13 19:30:08,NHB250813193008.RAWLFU9,2025-08-13 19:33:04,NHB250813193304.RAWLFUD
923,2025-08-13 19:40:07,NHB250813194007.RAWLFUG,2025-08-13 19:43:04,NHB250813194304.RAWLFUL,2025-08-13 19:50:08,NHB250813195008.RAWLFUP,2025-08-13 19:53:03,NHB250813195303.RAWLFUU
924,2025-08-13 20:00:07,NHB250813200007.RAWLFUX,2025-08-13 20:03:03,NHB250813200303.RAWLFV1,2025-08-13 20:10:08,NHB250813201008.RAWLFV4,2025-08-13 20:13:03,NHB250813201303.RAWLFV8
925,2025-08-13 20:20:08,NHB250813202008.RAWLFVB,2025-08-13 20:23:04,NHB250813202304.RAWLFVF,2025-08-13 20:30:08,NHB250813203008.RAWLFVJ,2025-08-13 20:33:04,NHB250813203304.RAWLFVN
926,2025-08-13 20:40:07,NHB250813204007.RAWLFVS,2025-08-13 20:43:03,NHB250813204303.RAWLFVW,2025-08-13 20:50:07,NHB250813205007.RAWLFVZ,2025-08-13 20:53:03,NHB250813205303.RAWLFW3
927,2025-08-13 21:00:08,NHB250813210008.RAWLFW6,2025-08-13 21:03:03,NHB250813210303.RAWLFWA,2025-08-13 21:10:07,NHB250813211007.RAWLFWD,2025-08-13 21:13:04,NHB250813211304.RAWLFWH
928,2025-08-13 21:20:08,NHB250813212008.RAWLFWL,2025-08-13 21:23:03,NHB250813212303.RAWLFWR,2025-08-13 21:30:08,NHB250813213008.RAWLFWU,2025-08-13 21:33:03,NHB250813213303.RAWLFWY
929,2025-08-13 21:40:08,NHB250813214008.RAWLFX1,2025-08-13 21:43:03,NHB250813214303.RAWLFX5,2025-08-13 21:50:08,NHB250813215008.RAWLFX8,2025-08-13 21:53:03,NHB250813215303.RAWLFXC
930,2025-08-13 22:00:07,NHB250813220007.RAWLFXF,2025-08-13 22:03:03,NHB250813220303.RAWLFXK,2025-08-13 22:10:08,NHB250813221008.RAWLFXN,2025-08-13 22:13:03,NHB250813221303.RAWLFXT
931,2025-08-13 22:20:08,NHB250813222008.RAWLFXW,2025-08-13 22:23:04,NHB250813222304.RAWLFY0,2025-08-13 22:30:08,NHB250813223008.RAWLFY3,2025-08-13 22:33:04,NHB250813223304.RAWLFY7
932,2025-08-13 22:40:08,NHB250813224008.RAWLFYA,2025-08-13 22:43:04,NHB250813224304.RAWLFYE,2025-08-13 22:50:07,NHB250813225007.RAWLFYH,2025-08-13 22:53:03,NHB250813225303.RAWLFYM
933,2025-08-13 23:00:07,NHB250813230007.RAWLFYR,2025-08-13 23:03:03,NHB250813230303.RAWLFYV,2025-08-13 23:10:08,NHB250813231008.RAWLFYY,2025-08-13 23:13:04,NHB250813231304.RAWLFZ2
934,2025-08-13 23:20:08,NHB250813232008.RAWLFZ5,2025-08-13 23:23:04,NHB250813232304.RAWLFZ9,2025-08-13 23:30:08,NHB250813233008.RAWLFZC,2025-08-13 23:33:04,NHB250813233304.RAWLFZG
935,2025-08-13 23:40:08,NHB250813234008.RAWLFZK,2025-08-13 23:43:03,NHB250813234303.RAWLFZP,2025-08-13 23:50:08,NHB250813235008.RAWLFZT,2025-08-13 23:53:04,NHB250813235304.RAWLFZX
936,2025-08-14 00:00:07,NHB250814000007.RAWLG00,2025-08-14 00:03:04,NHB250814000304.RAWLG04,2025-08-14 00:10:07,NHB250814001007.RAWLG07,2025-08-14 00:13:03,NHB250814001303.RAWLG0B
937,2025-08-14 00:20:07,NHB250814002007.RAWLG0E,2025-08-14 00:23:04,NHB250814002304.RAWLG0J,2025-08-14 00:30:08,NHB250814003008.RAWLG0M,2025-08-14 00:33:03,NHB250814003303.RAWLG0S
938,2025-08-14 00:40:08,NHB250814004008.RAWLG0V,2025-08-14 00:43:04,NHB250814004304.RAWLG0Z,2025-08-14 00:50:08,NHB250814005008.RAWLG12,2025-08-14 00:53:04,NHB250814005304.RAWLG16
939,2025-08-14 01:00:08,NHB250814010008.RAWLG19,2025-08-14 01:03:04,NHB250814010304.RAWLG1D,2025-08-14 01:10:08,NHB250814011008.RAWLG1G,2025-08-14 01:13:04,NHB250814011304.RAWLG1L
940,2025-08-14 01:20:07,NHB250814012007.RAWLG1P,2025-08-14 01:23:03,NHB250814012303.RAWLG1U,2025-08-14 01:30:07,NHB250814013007.RAWLG1X,2025-08-14 01:33:04,NHB250814013304.RAWLG21
941,2025-08-14 01:40:08,NHB250814014008.RAWLG24,2025-08-14 01:43:04,NHB250814014304.RAWLG28,2025-08-14 01:50:07,NHB250814015007.RAWLG2B,2025-08-14 01:53:04,NHB250814015304.RAWLG2F
942,2025-08-14 02:00:08,NHB250814020008.RAWLG2J,2025-08-14 02:03:03,NHB250814020303.RAWLG2N,2025-08-14 02:10:07,NHB250814021007.RAWLG2S,2025-08-14 02:13:03,NHB250814021303.RAWLG2W
943,2025-08-14 02:20:09,NHB250814022009.RAWLG2Z,2025-08-14 02:23:03,NHB250814022303.RAWLG33,2025-08-14 02:30:09,NHB250814023009.RAWLG36,2025-08-14 02:33:04,NHB250814023304.RAWLG3A
944,2025-08-14 02:40:08,NHB250814024008.RAWLG3D,2025-08-14 02:43:04,NHB250814024304.RAWLG3H,2025-08-14 02:50:08,NHB250814025008.RAWLG3L,2025-08-14 02:53:03,NHB250814025303.RAWLG3R
945,2025-08-14 03:00:07,NHB250814030007.RAWLG3U,2025-08-14 03:03:03,NHB250814030303.RAWLG3Y,2025-08-14 03:10:08,NHB250814031008.RAWLG41,2025-08-14 03:13:03,NHB250814031303.RAWLG45
946,2025-08-14 03:20:07,NHB250814032007.RAWLG48,2025-08-14 03:23:03,NHB250814032303.RAWLG4C,2025-08-14 03:30:08,NHB250814033008.RAWLG4F,2025-08-14 03:33:03,NHB250814033303.RAWLG4K
947,2025-08-14 03:40:08,NHB250814034008.RAWLG4N,2025-08-14 03:43:04,NHB250814034304.RAWLG4T,2025-08-14 03:50:08,NHB250814035008.RAWLG4W,2025-08-14 03:53:03,NHB250814035303.RAWLG50
948,2025-08-14 04:00:08,NHB250814040008.RAWLG53,2025-08-14 04:03:04,NHB250814040304.RAWLG57,2025-08-14 04:10:08,NHB250814041008.RAWLG5A,2025-08-14 04:13:03,NHB250814041303.RAWLG5E
949,2025-08-14 04:20:07,NHB250814042007.RAWLG5H,2025-08-14 04:23:04,NHB250814042304.RAWLG5M,2025-08-14 04:30:08,NHB250814043008.RAWLG5R,2025-08-14 04:33:03,NHB250814043303.RAWLG5V
950,2025-08-14 04:40:08,NHB250814044008.RAWLG5Y,2025-08-14 04:43:03,NHB250814044303.RAWLG62,2025-08-14 04:50:07,NHB250814045007.RAWLG65,2025-08-14 04:53:04,NHB250814045304.RAWLG69
951,2025-08-14 05:00:08,NHB250814050008.RAWLG6C,2025-08-14 05:03:03,NHB250814050303.RAWLG6G,2025-08-14 05:10:08,NHB250814051008.RAWLG6K,2025-08-14 05:13:04,NHB250814051304.RAWLG6P
952,2025-08-14 05:20:08,NHB250814052008.RAWLG6T,2025-08-14 05:23:03,NHB250814052303.RAWLG6X,2025-08-14 05:30:08,NHB250814053008.RAWLG70,2025-08-14 05:33:04,NHB250814053304.RAWLG74
953,2025-08-14 05:40:07,NHB250814054007.RAWLG77,2025-08-14 05:43:04,NHB250814054304.RAWLG7B,2025-08-14 05:50:07,NHB250814055007.RAWLG7E,2025-08-14 05:53:04,NHB250814055304.RAWLG7J
954,2025-08-14 06:00:07,NHB250814060007.RAWLG7M,2025-08-14 06:03:03,NHB250814060303.RAWLG7S,2025-08-14 06:10:07,NHB250814061007.RAWLG7V,2025-08-14 06:13:03,NHB250814061303.RAWLG7Z
955,2025-08-14 06:20:07,NHB250814062007.RAWLG82,2025-08-14 06:23:04,NHB250814062304.RAWLG86,2025-08-14 06:30:08,NHB250814063008.RAWLG89,2025-08-14 06:33:03,NHB250814063303.RAWLG8D
956,2025-08-14 06:40:08,NHB250814064008.RAWLG8G,2025-08-14 06:43:03,NHB250814064303.RAWLG8L,2025-08-14 06:50:07,NHB250814065007.RAWLG8P,2025-08-14 06:53:03,NHB250814065303.RAWLG8U
957,2025-08-14 07:00:08,NHB250814070008.RAWLG8X,2025-08-14 07:03:03,NHB250814070303.RAWLG91,2025-08-14 07:10:08,NHB250814071008.RAWLG94,2025-08-14 07:13:04,NHB250814071304.RAWLG98
958,2025-08-14 07:20:07,NHB250814072007.RAWLG9B,2025-08-14 07:23:04,NHB250814072304.RAWLG9F,2025-08-14 07:30:07,NHB250814073007.RAWLG9J,2025-08-14 07:33:04,NHB250814073304.RAWLG9N
959,2025-08-14 07:40:08,NHB250814074008.RAWLG9S,2025-08-14 07:43:04,NHB250814074304.RAWLG9W,2025-08-14 07:50:08,NHB250814075008.RAWLG9Z,2025-08-14 07:53:04,NHB250814075304.RAWLGA3
960,2025-08-14 08:00:08,NHB250814080008.RAWLGA6,2025-08-14 08:03:03,NHB250814080303.RAWLGAA,2025-08-14 08:10:08,NHB250814081008.RAWLGAD,2025-08-14 08:13:04,NHB250814081304.RAWLGAH
961,2025-08-14 08:20:07,NHB250814082007.RAWLGAL,2025-08-14 08:23:04,NHB250814082304.RAWLGAR,2025-08-14 08:30:08,NHB250814083008.RAWLGAU,2025-08-14 08:33:04,NHB250814083304.RAWLGAY
962,2025-08-14 08:40:08,NHB250814084008.RAWLGB1,2025-08-14 08:43:04,NHB250814084304.RAWLGB5,2025-08-14 08:50:07,NHB250814085007.RAWLGB8,2025-08-14 08:53:04,NHB250814085304.RAWLGBC
963,2025-08-14 09:00:08,NHB250814090008.RAWLGBF,2025-08-14 09:03:04,NHB250814090304.RAWLGBK,2025-08-14 09:10:07,NHB250814091007.RAWLGBN,2025-08-14 09:13:04,NHB250814091304.RAWLGBT
964,2025-08-14 09:20:07,NHB250814092007.RAWLGBW,2025-08-14 09:23:04,NHB250814092304.RAWLGC0,2025-08-14 09:30:08,NHB250814093008.RAWLGC3,2025-08-14 09:33:03,NHB250814093303.RAWLGC7
965,2025-08-14 09:40:07,NHB250814094007.RAWLGCA,2025-08-14 09:43:04,NHB250814094304.RAWLGCE,2025-08-14 09:50:08,NHB250814095008.RAWLGCH,2025-08-14 09:53:03,NHB250814095303.RAWLGCM
966,2025-08-14 10:00:07,NHB250814100007.RAWLGCR,2025-08-14 10:03:03,NHB250814100303.RAWLGCV,2025-08-14 10:10:07,NHB250814101007.RAWLGCY,2025-08-14 10:13:03,NHB250814101303.RAWLGD2
967,2025-08-14 10:20:08,NHB250814102008.RAWLGD5,2025-08-14 10:23:05,NHB250814102305.RAWLGD9,2025-08-14 10:30:08,NHB250814103008.RAWLGDC,2025-08-14 10:33:04,NHB250814103304.RAWLGDG
968,2025-08-14 10:40:08,NHB250814104008.RAWLGDK,2025-08-14 10:43:04,NHB250814104304.RAWLGDP,2025-08-14 10:50:07,NHB250814105007.RAWLGDT,2025-08-14 10:53:03,NHB250814105303.RAWLGDX
969,2025-08-14 11:00:07,NHB250814110007.RAWLGE0,2025-08-14 11:03:03,NHB250814110303.RAWLGE4,2025-08-14 11:10:08,NHB250814111008.RAWLGE7,2025-08-14 11:13:03,NHB250814111303.RAWLGEB
970,2025-08-14 11:20:08,NHB250814112008.RAWLGEE,2025-08-14 11:23:04,NHB250814112304.RAWLGEJ,2025-08-14 11:30:07,NHB250814113007.RAWLGEM,2025-08-14 11:33:03,NHB250814113303.RAWLGES
971,2025-08-14 11:40:07,NHB250814114007.RAWLGEV,2025-08-14 11:43:03,NHB250814114303.RAWLGEZ,2025-08-14 11:50:08,NHB250814115008.RAWLGF2,2025-08-14 11:53:05,NHB250814115305.RAWLGF6
972,2025-08-14 12:00:07,NHB250814120007.RAWLGF9,2025-08-14 12:03:04,NHB250814120304.RAWLGFD,2025-08-14 12:10:08,NHB250814121008.RAWLGFG,2025-08-14 12:13:03,NHB250814121303.RAWLGFL
973,2025-08-14 12:20:07,NHB250814122007.RAWLGFP,2025-08-14 12:23:03,NHB250814122303.RAWLGFU,2025-08-14 12:30:08,NHB250814123008.RAWLGFX,2025-08-14 12:33:04,NHB250814123304.RAWLGG1
974,2025-08-14 12:40:08,NHB250814124008.RAWLGG4,2025-08-14 12:43:03,NHB250814124303.RAWLGG8,2025-08-14 12:50:07,NHB250814125007.RAWLGGB,2025-08-14 12:53:03,NHB250814125303.RAWLGGF
975,2025-08-14 13:00:07,NHB250814130007.RAWLGGJ,2025-08-14 13:03:03,NHB250814130303.RAWLGGN,2025-08-14 13:10:07,NHB250814131007.RAWLGGS,2025-08-14 13:13:03,NHB250814131303.RAWLGGW
976,2025-08-14 13:20:08,NHB250814132008.RAWLGGZ,2025-08-14 13:23:03,NHB250814132303.RAWLGH3,2025-08-14 13:30:07,NHB250814133007.RAWLGH6,2025-08-14 13:33:03,NHB250814133303.RAWLGHA
977,2025-08-14 13:40:08,NHB250814134008.RAWLGHD,2025-08-14 13:43:04,NHB250814134304.RAWLGHH,2025-08-14 13:50:08,NHB250814135008.RAWLGHL,2025-08-14 13:53:03,NHB250814135303.RAWLGHR
978,2025-08-14 14:00:07,NHB250814140007.RAWLGHU,2025-08-14 14:03:03,NHB250814140303.RAWLGHY,2025-08-14 14:10:07,NHB250814141007.RAWLGJ1,2025-08-14 14:13:04,NHB250814141304.RAWLGJ5
979,2025-08-14 14:20:08,NHB250814142008.RAWLGJ8,2025-08-14 14:23:04,NHB250814142304.RAWLGJC,2025-08-14 14:30:08,NHB250814143008.RAWLGJF,2025-08-14 14:33:04,NHB250814143304.RAWLGJK
980,2025-08-14 14:40:08,NHB250814144008.RAWLGJN,2025-08-14 14:43:04,NHB250814144304.RAWLGJT,2025-08-14 14:50:09,NHB250814145009.RAWLGJW,2025-08-14 14:53:03,NHB250814145303.RAWLGK0
981,2025-08-14 15:00:07,NHB250814150007.RAWLGK3,2025-08-14 15:03:03,NHB250814150303.RAWLGK7,2025-08-14 15:10:07,NHB250814151007.RAWLGKA,2025-08-14 15:13:04,NHB250814151304.RAWLGKE
982,2025-08-14 15:20:07,NHB250814152007.RAWLGKH,2025-08-14 15:23:04,NHB250814152304.RAWLGKM,2025-08-14 15:30:08,NHB250814153008.RAWLGKR,2025-08-14 15:33:04,NHB250814153304.RAWLGKV
983,2025-08-14 15:40:08,NHB250814154008.RAWLGKY,2025-08-14 15:43:03,NHB250814154303.RAWLGL2,2025-08-14 15:50:07,NHB250814155007.RAWLGL5,2025-08-14 15:53:04,NHB250814155304.RAWLGL9
984,2025-08-14 16:00:08,NHB250814160008.RAWLGLC,2025-08-14 16:03:03,NHB250814160303.RAWLGLG,2025-08-14 16:10:07,NHB250814161007.RAWLGLK,2025-08-14 16:13:04,NHB250814161304.RAWLGLP
985,2025-08-14 16:20:07,NHB250814162007.RAWLGLT,2025-08-14 16:23:04,NHB250814162304.RAWLGLX,2025-08-14 16:30:08,NHB250814163008.RAWLGM0,2025-08-14 16:33:03,NHB250814163303.RAWLGM4
986,2025-08-14 16:40:08,NHB250814164008.RAWLGM7,2025-08-14 16:43:04,NHB250814164304.RAWLGMB,2025-08-14 16:50:08,NHB250814165008.RAWLGME,2025-08-14 16:53:03,NHB250814165303.RAWLGMJ
987,2025-08-14 17:00:08,NHB250814170008.RAWLGMM,2025-08-14 17:03:03,NHB250814170303.RAWLGMS,2025-08-14 17:10:08,NHB250814171008.RAWLGMV,2025-08-14 17:13:04,NHB250814171304.RAWLGMZ
988,2025-08-14 17:20:08,NHB250814172008.RAWLGN2,2025-08-14 17:23:03,NHB250814172303.RAWLGN6,2025-08-14 17:30:07,NHB250814173007.RAWLGN9,2025-08-14 17:33:03,NHB250814173303.RAWLGND
989,2025-08-14 17:40:08,NHB250814174008.RAWLGNG,2025-08-14 17:43:04,NHB250814174304.RAWLGNL,2025-08-14 17:50:08,NHB250814175008.RAWLGNP,2025-08-14 17:53:05,NHB250814175305.RAWLGNU
990,2025-08-14 18:00:08,NHB250814180008.RAWLGNX,2025-08-14 18:03:04,NHB250814180304.RAWLGP1,2025-08-14 18:10:07,NHB250814181007.RAWLGP4,2025-08-14 18:13:03,NHB250814181303.RAWLGP8
991,2025-08-14 18:20:08,NHB250814182008.RAWLGPB,2025-08-14 18:23:04,NHB250814182304.RAWLGPF,2025-08-14 18:30:07,NHB250814183007.RAWLGPJ,2025-08-14 18:33:04,NHB250814183304.RAWLGPN
992,2025-08-14 18:40:09,NHB250814184009.RAWLGPS,2025-08-14 18:43:04,NHB250814184304.RAWLGPW,2025-08-14 18:50:09,NHB250814185009.RAWLGPZ,2025-08-14 18:53:03,NHB250814185303.RAWLGR3
993,2025-08-14 19:00:09,NHB250814190009.RAWLGR6,2025-08-14 19:03:03,NHB250814190303.RAWLGRA,2025-08-14 19:10:07,NHB250814191007.RAWLGRD,2025-08-14 19:13:04,NHB250814191304.RAWLGRH
994,2025-08-14 19:20:07,NHB250814192007.RAWLGRL,2025-08-14 19:23:04,NHB250814192304.RAWLGRR,2025-08-14 19:30:08,NHB250814193008.RAWLGRU,2025-08-14 19:33:04,NHB250814193304.RAWLGRY
995,2025-08-14 19:40:07,NHB250814194007.RAWLGS1,2025-08-14 19:43:03,NHB250814194303.RAWLGS5,2025-08-14 19:50:07,NHB250814195007.RAWLGS8,2025-08-14 19:53:04,NHB250814195304.RAWLGSC
996,2025-08-14 20:00:08,NHB250814200008.RAWLGSF,2025-08-14 20:03:03,NHB250814200303.RAWLGSK,2025-08-14 20:10:07,NHB250814201007.RAWLGSN,2025-08-14 20:13:04,NHB250814201304.RAWLGST
997,2025-08-14 20:20:08,NHB250814202008.RAWLGSW,2025-08-14 20:23:04,NHB250814202304.RAWLGT0,2025-08-14 20:30:08,NHB250814203008.RAWLGT3,2025-08-14 20:33:03,NHB250814203303.RAWLGT7
998,2025-08-14 20:40:07,NHB250814204007.RAWLGTA,2025-08-14 20:43:03,NHB250814204303.RAWLGTE,2025-08-14 20:50:07,NHB250814205007.RAWLGTH,2025-08-14 20:53:03,NHB250814205303.RAWLGTM
999,2025-08-14 21:00:09,NHB250814210009.RAWLGTR,2025-08-14 21:03:03,NHB250814210303.RAWLGTV,2025-08-14 21:10:07,NHB250814211007.RAWLGTY,2025-08-14 21:13:05,NHB250814211305.RAWLGU2
1000,2025-08-14 21:20:08,NHB250814212008.RAWLGU5,2025-08-14 21:23:03,NHB250814212303.RAWLGU9,2025-08-14 21:30:08,NHB250814213008.RAWLGUC,2025-08-14 21:33:04,NHB250814213304.RAWLGUG
1001,2025-08-14 21:40:08,NHB250814214008.RAWLGUK,2025-08-14 21:43:03,NHB250814214303.RAWLGUP,2025-08-14 21:50:08,NHB250814215008.RAWLGUT,2025-08-14 21:53:03,NHB250814215303.RAWLGUX
1002,2025-08-14 22:00:07,NHB250814220007.RAWLGV0,2025-08-14 22:03:04,NHB250814220304.RAWLGV4,2025-08-14 22:10:07,NHB250814221007.RAWLGV7,2025-08-14 22:13:04,NHB250814221304.RAWLGVB
1003,2025-08-14 22:20:07,NHB250814222007.RAWLGVE,2025-08-14 22:23:03,NHB250814222303.RAWLGVJ,2025-08-14 22:30:07,NHB250814223007.RAWLGVM,2025-08-14 22:33:04,NHB250814223304.RAWLGVS
1004,2025-08-14 22:40:07,NHB250814224007.RAWLGVV,2025-08-14 22:43:03,NHB250814224303.RAWLGVZ,2025-08-14 22:50:08,NHB250814225008.RAWLGW2,2025-08-14 22:53:03,NHB250814225303.RAWLGW6
1005,2025-08-14 23:00:08,NHB250814230008.RAWLGW9,2025-08-14 23:03:03,NHB250814230303.RAWLGWD,2025-08-14 23:10:07,NHB250814231007.RAWLGWG,2025-08-14 23:13:03,NHB250814231303.RAWLGWL
1006,2025-08-14 23:20:08,NHB250814232008.RAWLGWP,2025-08-14 23:23:04,NHB250814232304.RAWLGWU,2025-08-14 23:30:07,NHB250814233007.RAWLGWX,2025-08-14 23:33:03,NHB250814233303.RAWLGX1
1007,2025-08-14 23:40:07,NHB250814234007.RAWLGX4,2025-08-14 23:43:03,NHB250814234303.RAWLGX8,2025-08-14 23:50:08,NHB250814235008.RAWLGXB,2025-08-14 23:53:03,NHB250814235303.RAWLGXF
1008,2025-08-15 00:00:08,NHB250815000008.RAWLGXJ,2025-08-15 00:03:04,NHB250815000304.RAWLGXN,2025-08-15 00:10:07,NHB250815001007.RAWLGXS,2025-08-15 00:13:04,NHB250815001304.RAWLGXW
1009,2025-08-15 00:20:08,NHB250815002008.RAWLGXZ,2025-08-15 00:23:04,NHB250815002304.RAWLGY3,2025-08-15 00:30:08,NHB250815003008.RAWLGY6,2025-08-15 00:33:04,NHB250815003304.RAWLGYA
1010,2025-08-15 00:40:08,NHB250815004008.RAWLGYD,2025-08-15 00:43:04,NHB250815004304.RAWLGYH,2025-08-15 00:50:07,NHB250815005007.RAWLGYL,2025-08-15 00:53:03,NHB250815005303.RAWLGYR
1011,2025-08-15 01:00:08,NHB250815010008.RAWLGYU,2025-08-15 01:03:05,NHB250815010305.RAWLGYY,2025-08-15 01:10:07,NHB250815011007.RAWLGZ1,2025-08-15 01:13:03,NHB250815011303.RAWLGZ5
1012,2025-08-15 01:20:08,NHB250815012008.RAWLGZ8,2025-08-15 01:23:03,NHB250815012303.RAWLGZC,2025-08-15 01:30:08,NHB250815013008.RAWLGZF,2025-08-15 01:33:04,NHB250815013304.RAWLGZK
1013,2025-08-15 01:40:08,NHB250815014008.RAWLGZN,2025-08-15 01:43:03,NHB250815014303.RAWLGZT,2025-08-15 01:50:07,NHB250815015007.RAWLGZW,2025-08-15 01:53:03,NHB250815015303.RAWLH00
1014,2025-08-15 02:00:08,NHB250815020008.RAWLH03,2025-08-15 02:03:03,NHB250815020303.RAWLH07,2025-08-15 02:10:07,NHB250815021007.RAWLH0A,2025-08-15 02:13:03,NHB250815021303.RAWLH0E
1015,2025-08-15 02:20:08,NHB250815022008.RAWLH0H,2025-08-15 02:23:03,NHB250815022303.RAWLH0M,2025-08-15 02:30:08,NHB250815023008.RAWLH0R,2025-08-15 02:33:03,NHB250815023303.RAWLH0V
1016,2025-08-15 02:40:07,NHB250815024007.RAWLH0Y,2025-08-15 02:43:03,NHB250815024303.RAWLH12,2025-08-15 02:50:08,NHB250815025008.RAWLH15,2025-08-15 02:53:03,NHB250815025303.RAWLH19
1017,2025-08-15 03:00:07,NHB250815030007.RAWLH1C,2025-08-15 03:03:04,NHB250815030304.RAWLH1G,2025-08-15 03:10:07,NHB250815031007.RAWLH1K,2025-08-15 03:13:03,NHB250815031303.RAWLH1P
1018,2025-08-15 03:20:07,NHB250815032007.RAWLH1T,2025-08-15 03:23:04,NHB250815032304.RAWLH1X,2025-08-15 03:30:08,NHB250815033008.RAWLH20,2025-08-15 03:33:04,NHB250815033304.RAWLH24
1019,2025-08-15 03:40:08,NHB250815034008.RAWLH27,2025-08-15 03:43:03,NHB250815034303.RAWLH2B,2025-08-15 03:50:07,NHB250815035007.RAWLH2E,2025-08-15 03:53:03,NHB250815035303.RAWLH2J
1020,2025-08-15 04:00:07,NHB250815040007.RAWLH2M,2025-08-15 04:03:04,NHB250815040304.RAWLH2S,2025-08-15 04:10:08,NHB250815041008.RAWLH2V,2025-08-15 04:13:04,NHB250815041304.RAWLH2Z
1021,2025-08-15 04:20:08,NHB250815042008.RAWLH32,2025-08-15 04:23:03,NHB250815042303.RAWLH36,2025-08-15 04:30:07,NHB250815043007.RAWLH39,2025-08-15 04:33:03,NHB250815043303.RAWLH3D
1022,2025-08-15 04:40:07,NHB250815044007.RAWLH3G,2025-08-15 04:43:04,NHB250815044304.RAWLH3L,2025-08-15 04:50:08,NHB250815045008.RAWLH3P,2025-08-15 04:53:03,NHB250815045303.RAWLH3U
1023,2025-08-15 05:00:07,NHB250815050007.RAWLH3X,2025-08-15 05:03:04,NHB250815050304.RAWLH41,2025-08-15 05:10:09,NHB250815051009.RAWLH44,2025-08-15 05:13:03,NHB250815051303.RAWLH48
1024,2025-08-15 05:20:07,NHB250815052007.RAWLH4B,2025-08-15 05:23:04,NHB250815052304.RAWLH4F,2025-08-15 05:30:08,NHB250815053008.RAWLH4J,2025-08-15 05:33:03,NHB250815053303.RAWLH4N
1025,2025-08-15 05:40:08,NHB250815054008.RAWLH4S,2025-08-15 05:43:03,NHB250815054303.RAWLH4W,2025-08-15 05:50:08,NHB250815055008.RAWLH4Z,2025-08-15 05:53:04,NHB250815055304.RAWLH53
1026,2025-08-15 06:00:07,NHB250815060007.RAWLH56,2025-08-15 06:03:03,NHB250815060303.RAWLH5A,2025-08-15 06:10:07,NHB250815061007.RAWLH5D,2025-08-15 06:13:04,NHB250815061304.RAWLH5H
1027,2025-08-15 06:20:07,NHB250815062007.RAWLH5L,2025-08-15 06:23:03,NHB250815062303.RAWLH5R,2025-08-15 06:30:09,NHB250815063009.RAWLH5U,2025-08-15 06:33:04,NHB250815063304.RAWLH5Y
1028,2025-08-15 06:40:08,NHB250815064008.RAWLH61,2025-08-15 06:43:03,NHB250815064303.RAWLH65,2025-08-15 06:50:08,NHB250815065008.RAWLH68,2025-08-15 06:53:05,NHB250815065305.RAWLH6C
1029,2025-08-15 07:00:07,NHB250815070007.RAWLH6F,2025-08-15 07:03:03,NHB250815070303.RAWLH6K,2025-08-15 07:10:08,NHB250815071008.RAWLH6N,2025-08-15 07:13:04,NHB250815071304.RAWLH6T
1030,2025-08-15 07:20:09,NHB250815072009.RAWLH6W,2025-08-15 07:23:04,NHB250815072304.RAWLH70,2025-08-15 07:30:07,NHB250815073007.RAWLH73,2025-08-15 07:33:03,NHB250815073303.RAWLH77
1031,2025-08-15 07:40:08,NHB250815074008.RAWLH7A,2025-08-15 07:43:04,NHB250815074304.RAWLH7E,2025-08-15 07:50:07,NHB250815075007.RAWLH7H,2025-08-15 07:53:05,NHB250815075305.RAWLH7M
1032,2025-08-15 08:00:07,NHB250815080007.RAWLH7R,2025-08-15 08:03:03,NHB250815080303.RAWLH7V,2025-08-15 08:10:08,NHB250815081008.RAWLH7Y,2025-08-15 08:13:03,NHB250815081303.RAWLH82
1033,2025-08-15 08:20:07,NHB250815082007.RAWLH85,2025-08-15 08:23:03,NHB250815082303.RAWLH89,2025-08-15 08:30:08,NHB250815083008.RAWLH8C,2025-08-15 08:33:03,NHB250815083303.RAWLH8G
1034,2025-08-15 08:40:07,NHB250815084007.RAWLH8K,2025-08-15 08:43:03,NHB250815084303.RAWLH8P,2025-08-15 08:50:08,NHB250815085008.RAWLH8T,2025-08-15 08:53:03,NHB250815085303.RAWLH8X
1035,2025-08-15 09:00:08,NHB250815090008.RAWLH90,2025-08-15 09:03:04,NHB250815090304.RAWLH94,2025-08-15 09:10:07,NHB250815091007.RAWLH97,2025-08-15 09:13:04,NHB250815091304.RAWLH9B
1036,2025-08-15 09:20:09,NHB250815092009.RAWLH9E,2025-08-15 09:23:03,NHB250815092303.RAWLH9J,2025-08-15 09:30:07,NHB250815093007.RAWLH9M,2025-08-15 09:33:04,NHB250815093304.RAWLH9S
1037,2025-08-15 09:40:07,NHB250815094007.RAWLH9V,2025-08-15 09:43:03,NHB250815094303.RAWLH9Z,2025-08-15 09:50:07,NHB250815095007.RAWLHA2,2025-08-15 09:53:04,NHB250815095304.RAWLHA6
1038,2025-08-15 10:00:08,NHB250815100008.RAWLHA9,2025-08-15 10:03:03,NHB250815100303.RAWLHAD,2025-08-15 10:10:08,NHB250815101008.RAWLHAG,2025-08-15 10:13:04,NHB250815101304.RAWLHAL
1039,2025-08-15 10:20:08,NHB250815102008.RAWLHAP,2025-08-15 10:23:03,NHB250815102303.RAWLHAU,2025-08-15 10:30:07,NHB250815103007.RAWLHAX,2025-08-15 10:33:03,NHB250815103303.RAWLHB1
1040,2025-08-15 10:40:07,NHB250815104007.RAWLHB4,2025-08-15 10:43:04,NHB250815104304.RAWLHB8,2025-08-15 10:50:07,NHB250815105007.RAWLHBB,2025-08-15 10:53:03,NHB250815105303.RAWLHBF
1041,2025-08-15 11:00:08,NHB250815110008.RAWLHBJ,2025-08-15 11:03:03,NHB250815110303.RAWLHBN,2025-08-15 11:10:07,NHB250815111007.RAWLHBS,2025-08-15 11:13:03,NHB250815111303.RAWLHBW
1042,2025-08-15 11:20:08,NHB250815112008.RAWLHBZ,2025-08-15 11:23:04,NHB250815112304.RAWLHC3,2025-08-15 11:30:08,NHB250815113008.RAWLHC6,2025-08-15 11:33:04,NHB250815113304.RAWLHCA
1043,2025-08-15 11:40:07,NHB250815114007.RAWLHCD,2025-08-15 11:43:03,NHB250815114303.RAWLHCH,2025-08-15 11:50:07,NHB250815115007.RAWLHCL,2025-08-15 11:53:04,NHB250815115304.RAWLHCR
1044,2025-08-15 12:00:08,NHB250815120008.RAWLHCU,2025-08-15 12:03:03,NHB250815120303.RAWLHCY,2025-08-15 12:10:07,NHB250815121007.RAWLHD1,2025-08-15 12:13:03,NHB250815121303.RAWLHD5
1045,2025-08-15 12:20:08,NHB250815122008.RAWLHD8,2025-08-15 12:23:04,NHB250815122304.RAWLHDC,2025-08-15 12:30:08,NHB250815123008.RAWLHDF,2025-08-15 12:33:03,NHB250815123303.RAWLHDK
1046,2025-08-15 12:40:08,NHB250815124008.RAWLHDN,2025-08-15 12:43:04,NHB250815124304.RAWLHDT,2025-08-15 12:50:08,NHB250815125008.RAWLHDW,2025-08-15 12:53:03,NHB250815125303.RAWLHE0
1047,2025-08-15 13:00:08,NHB250815130008.RAWLHE3,2025-08-15 13:03:03,NHB250815130303.RAWLHE7,2025-08-15 13:10:08,NHB250815131008.RAWLHEA,2025-08-15 13:13:03,NHB250815131303.RAWLHEE
1048,2025-08-15 13:20:07,NHB250815132007.RAWLHEH,2025-08-15 13:23:03,NHB250815132303.RAWLHEM,2025-08-15 13:30:08,NHB250815133008.RAWLHER,2025-08-15 13:33:03,NHB250815133303.RAWLHEV
1049,2025-08-15 13:40:08,NHB250815134008.RAWLHEY,2025-08-15 13:43:03,NHB250815134303.RAWLHF2,2025-08-15 13:50:08,NHB250815135008.RAWLHF5,2025-08-15 13:53:03,NHB250815135303.RAWLHF9
1050,2025-08-15 14:00:08,NHB250815140008.RAWLHFC,2025-08-15 14:03:03,NHB250815140303.RAWLHFG,2025-08-15 14:10:08,NHB250815141008.RAWLHFK,2025-08-15 14:13:04,NHB250815141304.RAWLHFP
1051,2025-08-15 14:20:08,NHB250815142008.RAWLHFT,2025-08-15 14:23:04,NHB250815142304.RAWLHFX,2025-08-15 14:30:07,NHB250815143007.RAWLHG0,2025-08-15 14:33:04,NHB250815143304.RAWLHG4
1052,2025-08-15 14:40:08,NHB250815144008.RAWLHG7,2025-08-15 14:43:04,NHB250815144304.RAWLHGB,2025-08-15 14:50:08,NHB250815145008.RAWLHGE,2025-08-15 14:53:03,NHB250815145303.RAWLHGJ
1053,2025-08-15 15:00:08,NHB250815150008.RAWLHGM,2025-08-15 15:03:03,NHB250815150303.RAWLHGS,2025-08-15 15:10:08,NHB250815151008.RAWLHGV,2025-08-15 15:13:03,NHB250815151303.RAWLHGZ
1054,2025-08-15 15:20:07,NHB250815152007.RAWLHH2,2025-08-15 15:23:03,NHB250815152303.RAWLHH6,2025-08-15 15:30:08,NHB250815153008.RAWLHH9,2025-08-15 15:33:03,NHB250815153303.RAWLHHD
1055,2025-08-15 15:40:08,NHB250815154008.RAWLHHG,2025-08-15 15:43:03,NHB250815154303.RAWLHHL,2025-08-15 15:50:08,NHB250815155008.RAWLHHP,2025-08-15 15:53:04,NHB250815155304.RAWLHHU
1056,2025-08-15 16:00:07,NHB250815160007.RAWLHHX,2025-08-15 16:03:03,NHB250815160303.RAWLHJ1,2025-08-15 16:10:08,NHB250815161008.RAWLHJ4,2025-08-15 16:13:03,NHB250815161303.RAWLHJ8
1057,2025-08-15 16:20:07,NHB250815162007.RAWLHJB,2025-08-15 16:23:04,NHB250815162304.RAWLHJF,2025-08-15 16:30:08,NHB250815163008.RAWLHJJ,2025-08-15 16:33:04,NHB250815163304.RAWLHJN
1058,2025-08-15 16:40:08,NHB250815164008.RAWLHJS,2025-08-15 16:43:04,NHB250815164304.RAWLHJW,2025-08-15 16:50:07,NHB250815165007.RAWLHJZ,2025-08-15 16:53:04,NHB250815165304.RAWLHK3
1059,2025-08-15 17:00:08,NHB250815170008.RAWLHK6,2025-08-15 17:03:04,NHB250815170304.RAWLHKA,2025-08-15 17:10:07,NHB250815171007.RAWLHKD,2025-08-15 17:13:04,NHB250815171304.RAWLHKH
1060,2025-08-15 17:20:07,NHB250815172007.RAWLHKL,2025-08-15 17:23:03,NHB250815172303.RAWLHKR,2025-08-15 17:30:07,NHB250815173007.RAWLHKU,2025-08-15 17:33:03,NHB250815173303.RAWLHKY
1061,2025-08-15 17:40:07,NHB250815174007.RAWLHL1,2025-08-15 17:43:03,NHB250815174303.RAWLHL5,2025-08-15 17:50:08,NHB250815175008.RAWLHL8,2025-08-15 17:53:03,NHB250815175303.RAWLHLC
1062,2025-08-15 18:00:08,NHB250815180008.RAWLHLF,2025-08-15 18:03:04,NHB250815180304.RAWLHLK,2025-08-15 18:10:07,NHB250815181007.RAWLHLN,2025-08-15 18:13:03,NHB250815181303.RAWLHLT
1063,2025-08-15 18:20:08,NHB250815182008.RAWLHLW,2025-08-15 18:23:03,NHB250815182303.RAWLHM0,2025-08-15 18:30:08,NHB250815183008.RAWLHM3,2025-08-15 18:33:03,NHB250815183303.RAWLHM7
1064,2025-08-15 18:40:07,NHB250815184007.RAWLHMA,2025-08-15 18:43:03,NHB250815184303.RAWLHME,2025-08-15 18:50:08,NHB250815185008.RAWLHMH,2025-08-15 18:53:04,NHB250815185304.RAWLHMM
1065,2025-08-15 19:00:08,NHB250815190008.RAWLHMR,2025-08-15 19:03:03,NHB250815190303.RAWLHMV,2025-08-15 19:10:08,NHB250815191008.RAWLHMY,2025-08-15 19:13:03,NHB250815191303.RAWLHN2
1066,2025-08-15 19:20:08,NHB250815192008.RAWLHN5,2025-08-15 19:23:04,NHB250815192304.RAWLHN9,2025-08-15 19:30:07,NHB250815193007.RAWLHNC,2025-08-15 19:33:03,NHB250815193303.RAWLHNG
1067,2025-08-15 19:40:08,NHB250815194008.RAWLHNK,2025-08-15 19:43:04,NHB250815194304.RAWLHNP,2025-08-15 19:50:08,NHB250815195008.RAWLHNT,2025-08-15 19:53:04,NHB250815195304.RAWLHNX
1068,2025-08-15 20:00:07,NHB250815200007.RAWLHP0,2025-08-15 20:03:04,NHB250815200304.RAWLHP4,2025-08-15 20:10:07,NHB250815201007.RAWLHP7,2025-08-15 20:13:03,NHB250815201303.RAWLHPB
1069,2025-08-15 20:20:08,NHB250815202008.RAWLHPE,2025-08-15 20:23:03,NHB250815202303.RAWLHPJ,2025-08-15 20:30:08,NHB250815203008.RAWLHPM,2025-08-15 20:33:03,NHB250815203303.RAWLHPS
1070,2025-08-15 20:40:08,NHB250815204008.RAWLHPV,2025-08-15 20:43:04,NHB250815204304.RAWLHPZ,2025-08-15 20:50:08,NHB250815205008.RAWLHR2,2025-08-15 20:53:03,NHB250815205303.RAWLHR6
1071,2025-08-15 21:00:09,NHB250815210009.RAWLHR9,2025-08-15 21:03:04,NHB250815210304.RAWLHRD,2025-08-15 21:10:08,NHB250815211008.RAWLHRG,2025-08-15 21:13:04,NHB250815211304.RAWLHRL
1072,2025-08-15 21:20:08,NHB250815212008.RAWLHRP,2025-08-15 21:23:04,NHB250815212304.RAWLHRU,2025-08-15 21:30:07,NHB250815213007.RAWLHRX,2025-08-15 21:33:04,NHB250815213304.RAWLHS1
1073,2025-08-15 21:40:08,NHB250815214008.RAWLHS4,2025-08-15 21:43:04,NHB250815214304.RAWLHS8,2025-08-15 21:50:08,NHB250815215008.RAWLHSB,2025-08-15 21:53:04,NHB250815215304.RAWLHSF
1074,2025-08-15 22:00:08,NHB250815220008.RAWLHSJ,2025-08-15 22:03:04,NHB250815220304.RAWLHSN,2025-08-15 22:10:07,NHB250815221007.RAWLHSS,2025-08-15 22:13:03,NHB250815221303.RAWLHSW
1075,2025-08-15 22:20:07,NHB250815222007.RAWLHSZ,2025-08-15 22:23:04,NHB250815222304.RAWLHT3,2025-08-15 22:30:07,NHB250815223007.RAWLHT6,2025-08-15 22:33:04,NHB250815223304.RAWLHTA
1076,2025-08-15 22:40:07,NHB250815224007.RAWLHTD,2025-08-15 22:43:04,NHB250815224304.RAWLHTH,2025-08-15 22:50:08,NHB250815225008.RAWLHTL,2025-08-15 22:53:04,NHB250815225304.RAWLHTR
1077,2025-08-15 23:00:08,NHB250815230008.RAWLHTU,2025-08-15 23:03:04,NHB250815230304.RAWLHTY,2025-08-15 23:10:07,NHB250815231007.RAWLHU1,2025-08-15 23:13:03,NHB250815231303.RAWLHU5
1078,2025-08-15 23:20:08,NHB250815232008.RAWLHU8,2025-08-15 23:23:03,NHB250815232303.RAWLHUC,2025-08-15 23:30:08,NHB250815233008.RAWLHUF,2025-08-15 23:33:03,NHB250815233303.RAWLHUK
1079,2025-08-15 23:40:07,NHB250815234007.RAWLHUN,2025-08-15 23:43:04,NHB250815234304.RAWLHUT,2025-08-15 23:50:08,NHB250815235008.RAWLHUW,2025-08-15 23:53:04,NHB250815235304.RAWLHV0
1080,2025-08-16 00:00:07,NHB250816000007.RAWLHV3,2025-08-16 00:03:04,NHB250816000304.RAWLHV7,2025-08-16 00:10:08,NHB250816001008.RAWLHVA,2025-08-16 00:13:04,NHB250816001304.RAWLHVE
1081,2025-08-16 00:20:08,NHB250816002008.RAWLHVH,2025-08-16 00:23:04,NHB250816002304.RAWLHVM,2025-08-16 00:30:08,NHB250816003008.RAWLHVR,2025-08-16 00:33:04,NHB250816003304.RAWLHVV
1082,2025-08-16 00:40:08,NHB250816004008.RAWLHVY,2025-08-16 00:43:04,NHB250816004304.RAWLHW2,2025-08-16 00:50:08,NHB250816005008.RAWLHW5,2025-08-16 00:53:03,NHB250816005303.RAWLHW9
1083,2025-08-16 01:00:07,NHB250816010007.RAWLHWC,2025-08-16 01:03:03,NHB250816010303.RAWLHWG,2025-08-16 01:10:08,NHB250816011008.RAWLHWK,2025-08-16 01:13:04,NHB250816011304.RAWLHWP
1084,2025-08-16 01:20:07,NHB250816012007.RAWLHWT,2025-08-16 01:23:04,NHB250816012304.RAWLHWX,2025-08-16 01:30:08,NHB250816013008.RAWLHX0,2025-08-16 01:33:03,NHB250816013303.RAWLHX4
1085,2025-08-16 01:40:08,NHB250816014008.RAWLHX7,2025-08-16 01:43:04,NHB250816014304.RAWLHXB,2025-08-16 01:50:07,NHB250816015007.RAWLHXE,2025-08-16 01:53:04,NHB250816015304.RAWLHXJ
1086,2025-08-16 02:00:07,NHB250816020007.RAWLHXM,2025-08-16 02:03:04,NHB250816020304.RAWLHXS,2025-08-16 02:10:08,NHB250816021008.RAWLHXV,2025-08-16 02:13:03,NHB250816021303.RAWLHXZ
1087,2025-08-16 02:20:08,NHB250816022008.RAWLHY2,2025-08-16 02:23:03,NHB250816022303.RAWLHY6,2025-08-16 02:30:08,NHB250816023008.RAWLHY9,2025-08-16 02:33:04,NHB250816023304.RAWLHYD
1088,2025-08-16 02:40:08,NHB250816024008.RAWLHYG,2025-08-16 02:43:03,NHB250816024303.RAWLHYL,2025-08-16 02:50:07,NHB250816025007.RAWLHYP,2025-08-16 02:53:04,NHB250816025304.RAWLHYU
1089,2025-08-16 03:00:08,NHB250816030008.RAWLHYX,2025-08-16 03:03:03,NHB250816030303.RAWLHZ1,2025-08-16 03:10:08,NHB250816031008.RAWLHZ4,2025-08-16 03:13:03,NHB250816031303.RAWLHZ8
1090,2025-08-16 03:20:08,NHB250816032008.RAWLHZB,2025-08-16 03:23:03,NHB250816032303.RAWLHZF,2025-08-16 03:30:08,NHB250816033008.RAWLHZJ,2025-08-16 03:33:03,NHB250816033303.RAWLHZN
1091,2025-08-16 03:40:08,NHB250816034008.RAWLHZS,2025-08-16 03:43:03,NHB250816034303.RAWLHZW,2025-08-16 03:50:08,NHB250816035008.RAWLHZZ,2025-08-16 03:53:04,NHB250816035304.RAWLJ03
1092,2025-08-16 04:00:07,NHB250816040007.RAWLJ06,2025-08-16 04:03:03,NHB250816040303.RAWLJ0A,2025-08-16 04:10:08,NHB250816041008.RAWLJ0D,2025-08-16 04:13:03,NHB250816041303.RAWLJ0H
1093,2025-08-16 04:20:09,NHB250816042009.RAWLJ0L,2025-08-16 04:23:04,NHB250816042304.RAWLJ0R,2025-08-16 04:30:07,NHB250816043007.RAWLJ0U,2025-08-16 04:33:03,NHB250816043303.RAWLJ0Y
1094,2025-08-16 04:40:08,NHB250816044008.RAWLJ11,2025-08-16 04:43:04,NHB250816044304.RAWLJ15,2025-08-16 04:50:07,NHB250816045007.RAWLJ18,2025-08-16 04:53:04,NHB250816045304.RAWLJ1C
1095,2025-08-16 05:00:07,NHB250816050007.RAWLJ1F,2025-08-16 05:03:04,NHB250816050304.RAWLJ1K,2025-08-16 05:10:07,NHB250816051007.RAWLJ1N,2025-08-16 05:13:04,NHB250816051304.RAWLJ1T
1096,2025-08-16 05:20:08,NHB250816052008.RAWLJ1W,2025-08-16 05:23:04,NHB250816052304.RAWLJ20,2025-08-16 05:30:08,NHB250816053008.RAWLJ23,2025-08-16 05:33:04,NHB250816053304.RAWLJ27
1097,2025-08-16 05:40:07,NHB250816054007.RAWLJ2A,2025-08-16 05:43:03,NHB250816054303.RAWLJ2E,2025-08-16 05:50:08,NHB250816055008.RAWLJ2H,2025-08-16 05:53:04,NHB250816055304.RAWLJ2M
1098,2025-08-16 06:00:08,NHB250816060008.RAWLJ2R,2025-08-16 06:03:03,NHB250816060303.RAWLJ2V,2025-08-16 06:10:07,NHB250816061007.RAWLJ2Y,2025-08-16 06:13:04,NHB250816061304.RAWLJ32
1099,2025-08-16 06:20:08,NHB250816062008.RAWLJ35,2025-08-16 06:23:03,NHB250816062303.RAWLJ39,2025-08-16 06:30:08,NHB250816063008.RAWLJ3C,2025-08-16 06:33:03,NHB250816063303.RAWLJ3G
1100,2025-08-16 06:40:08,NHB250816064008.RAWLJ3K,2025-08-16 06:43:04,NHB250816064304.RAWLJ3P,2025-08-16 06:50:08,NHB250816065008.RAWLJ3T,2025-08-16 06:53:03,NHB250816065303.RAWLJ3X
1101,2025-08-16 07:00:07,NHB250816070007.RAWLJ40,2025-08-16 07:03:03,NHB250816070303.RAWLJ44,2025-08-16 07:10:08,NHB250816071008.RAWLJ47,2025-08-16 07:13:03,NHB250816071303.RAWLJ4B
1102,2025-08-16 07:20:09,NHB250816072009.RAWLJ4E,2025-08-16 07:23:04,NHB250816072304.RAWLJ4J,2025-08-16 07:30:07,NHB250816073007.RAWLJ4M,2025-08-16 07:33:04,NHB250816073304.RAWLJ4S
1103,2025-08-16 07:40:08,NHB250816074008.RAWLJ4V,2025-08-16 07:43:03,NHB250816074303.RAWLJ4Z,2025-08-16 07:50:07,NHB250816075007.RAWLJ52,2025-08-16 07:53:04,NHB250816075304.RAWLJ56
1104,2025-08-16 08:00:07,NHB250816080007.RAWLJ59,2025-08-16 08:03:03,NHB250816080303.RAWLJ5D,2025-08-16 08:10:08,NHB250816081008.RAWLJ5G,2025-08-16 08:13:03,NHB250816081303.RAWLJ5L
1105,2025-08-16 08:20:08,NHB250816082008.RAWLJ5P,2025-08-16 08:23:03,NHB250816082303.RAWLJ5U,2025-08-16 08:30:07,NHB250816083007.RAWLJ5X,2025-08-16 08:33:03,NHB250816083303.RAWLJ61
1106,2025-08-16 08:40:07,NHB250816084007.RAWLJ64,2025-08-16 08:43:04,NHB250816084304.RAWLJ68,2025-08-16 08:50:08,NHB250816085008.RAWLJ6B,2025-08-16 08:53:04,NHB250816085304.RAWLJ6F
1107,2025-08-16 09:00:07,NHB250816090007.RAWLJ6J,2025-08-16 09:03:04,NHB250816090304.RAWLJ6N,2025-08-16 09:10:07,NHB250816091007.RAWLJ6S,2025-08-16 09:13:03,NHB250816091303.RAWLJ6W
1108,2025-08-16 09:20:07,NHB250816092007.RAWLJ6Z,2025-08-16 09:23:03,NHB250816092303.RAWLJ73,2025-08-16 09:30:08,NHB250816093008.RAWLJ76,2025-08-16 09:33:03,NHB250816093303.RAWLJ7A
1109,2025-08-16 09:40:07,NHB250816094007.RAWLJ7D,2025-08-16 09:43:03,NHB250816094303.RAWLJ7H,2025-08-16 09:50:07,NHB250816095007.RAWLJ7L,2025-08-16 09:53:03,NHB250816095303.RAWLJ7R
1110,2025-08-16 10:00:08,NHB250816100008.RAWLJ7U,2025-08-16 10:03:03,NHB250816100303.RAWLJ7Y,2025-08-16 10:10:07,NHB250816101007.RAWLJ81,2025-08-16 10:13:05,NHB250816101305.RAWLJ85
1111,2025-08-16 10:20:08,NHB250816102008.RAWLJ88,2025-08-16 10:23:03,NHB250816102303.RAWLJ8C,2025-08-16 10:30:08,NHB250816103008.RAWLJ8F,2025-08-16 10:33:03,NHB250816103303.RAWLJ8K
1112,2025-08-16 10:40:08,NHB250816104008.RAWLJ8N,2025-08-16 10:43:04,NHB250816104304.RAWLJ8T,2025-08-16 10:50:08,NHB250816105008.RAWLJ8W,2025-08-16 10:53:04,NHB250816105304.RAWLJ90
1113,2025-08-16 11:00:07,NHB250816110007.RAWLJ93,2025-08-16 11:03:04,NHB250816110304.RAWLJ97,2025-08-16 11:10:08,NHB250816111008.RAWLJ9A,2025-08-16 11:13:03,NHB250816111303.RAWLJ9E
1114,2025-08-16 11:20:08,NHB250816112008.RAWLJ9H,2025-08-16 11:23:03,NHB250816112303.RAWLJ9M,2025-08-16 11:30:08,NHB250816113008.RAWLJ9R,2025-08-16 11:33:04,NHB250816113304.RAWLJ9V
1115,2025-08-16 11:40:08,NHB250816114008.RAWLJ9Y,2025-08-16 11:43:04,NHB250816114304.RAWLJA2,2025-08-16 11:50:08,NHB250816115008.RAWLJA5,2025-08-16 11:53:03,NHB250816115303.RAWLJA9
1116,2025-08-16 12:00:08,NHB250816120008.RAWLJAC,2025-08-16 12:03:03,NHB250816120303.RAWLJAG,2025-08-16 12:10:08,NHB250816121008.RAWLJAK,2025-08-16 12:13:03,NHB250816121303.RAWLJAP
1117,2025-08-16 12:20:08,NHB250816122008.RAWLJAT,2025-08-16 12:23:03,NHB250816122303.RAWLJAX,2025-08-16 12:30:08,NHB250816123008.RAWLJB0,2025-08-16 12:33:03,NHB250816123303.RAWLJB4
1118,2025-08-16 12:40:08,NHB250816124008.RAWLJB7,2025-08-16 12:43:03,NHB250816124303.RAWLJBB,2025-08-16 12:50:08,NHB250816125008.RAWLJBE,2025-08-16 12:53:04,NHB250816125304.RAWLJBJ
1119,2025-08-16 13:00:07,NHB250816130007.RAWLJBM,2025-08-16 13:03:03,NHB250816130303.RAWLJBS,2025-08-16 13:10:07,NHB250816131007.RAWLJBV,2025-08-16 13:13:04,NHB250816131304.RAWLJBZ
1120,2025-08-16 13:20:08,NHB250816132008.RAWLJC2,2025-08-16 13:23:03,NHB250816132303.RAWLJC6,2025-08-16 13:30:07,NHB250816133007.RAWLJC9,2025-08-16 13:33:03,NHB250816133303.RAWLJCD
1121,2025-08-16 13:40:08,NHB250816134008.RAWLJCG,2025-08-16 13:43:04,NHB250816134304.RAWLJCL,2025-08-16 13:50:08,NHB250816135008.RAWLJCP,2025-08-16 13:53:04,NHB250816135304.RAWLJCU
1122,2025-08-16 14:00:08,NHB250816140008.RAWLJCX,2025-08-16 14:03:03,NHB250816140303.RAWLJD1,2025-08-16 14:10:08,NHB250816141008.RAWLJD4,2025-08-16 14:13:03,NHB250816141303.RAWLJD8
1123,2025-08-16 14:20:08,NHB250816142008.RAWLJDB,2025-08-16 14:23:04,NHB250816142304.RAWLJDF,2025-08-16 14:30:08,NHB250816143008.RAWLJDJ,2025-08-16 14:33:03,NHB250816143303.RAWLJDN
1124,2025-08-16 14:40:08,NHB250816144008.RAWLJDS,2025-08-16 14:43:03,NHB250816144303.RAWLJDW,2025-08-16 14:50:07,NHB250816145007.RAWLJDZ,2025-08-16 14:53:04,NHB250816145304.RAWLJE3
1125,2025-08-16 15:00:07,NHB250816150007.RAWLJE6,2025-08-16 15:03:03,NHB250816150303.RAWLJEA,2025-08-16 15:10:07,NHB250816151007.RAWLJED,2025-08-16 15:13:04,NHB250816151304.RAWLJEH
1126,2025-08-16 15:20:08,NHB250816152008.RAWLJEL,2025-08-16 15:23:03,NHB250816152303.RAWLJER,2025-08-16 15:30:08,NHB250816153008.RAWLJEU,2025-08-16 15:33:03,NHB250816153303.RAWLJEY
1127,2025-08-16 15:40:08,NHB250816154008.RAWLJF1,2025-08-16 15:43:03,NHB250816154303.RAWLJF5,2025-08-16 15:50:08,NHB250816155008.RAWLJF8,2025-08-16 15:53:03,NHB250816155303.RAWLJFC
1128,2025-08-16 16:00:07,NHB250816160007.RAWLJFF,2025-08-16 16:03:03,NHB250816160303.RAWLJFK,2025-08-16 16:10:08,NHB250816161008.RAWLJFN,2025-08-16 16:13:03,NHB250816161303.RAWLJFT
1129,2025-08-16 16:20:08,NHB250816162008.RAWLJFW,2025-08-16 16:23:03,NHB250816162303.RAWLJG0,2025-08-16 16:30:08,NHB250816163008.RAWLJG3,2025-08-16 16:33:03,NHB250816163303.RAWLJG7
1130,2025-08-16 16:40:08,NHB250816164008.RAWLJGA,2025-08-16 16:43:03,NHB250816164303.RAWLJGE,2025-08-16 16:50:08,NHB250816165008.RAWLJGH,2025-08-16 16:53:04,NHB250816165304.RAWLJGM
1131,2025-08-16 17:00:07,NHB250816170007.RAWLJGR,2025-08-16 17:03:05,NHB250816170305.RAWLJGV,2025-08-16 17:10:08,NHB250816171008.RAWLJGY,2025-08-16 17:13:04,NHB250816171304.RAWLJH2
1132,2025-08-16 17:20:07,NHB250816172007.RAWLJH5,2025-08-16 17:23:04,NHB250816172304.RAWLJH9,2025-08-16 17:30:08,NHB250816173008.RAWLJHC,2025-08-16 17:33:03,NHB250816173303.RAWLJHG
1133,2025-08-16 17:40:07,NHB250816174007.RAWLJHK,2025-08-16 17:43:04,NHB250816174304.RAWLJHP,2025-08-16 17:50:08,NHB250816175008.RAWLJHT,2025-08-16 17:53:03,NHB250816175303.RAWLJHX
1134,2025-08-16 18:00:09,NHB250816180009.RAWLJJ0,2025-08-16 18:03:03,NHB250816180303.RAWLJJ4,2025-08-16 18:10:08,NHB250816181008.RAWLJJ7,2025-08-16 18:13:04,NHB250816181304.RAWLJJB
1135,2025-08-16 18:20:07,NHB250816182007.RAWLJJE,2025-08-16 18:23:03,NHB250816182303.RAWLJJJ,2025-08-16 18:30:08,NHB250816183008.RAWLJJM,2025-08-16 18:33:03,NHB250816183303.RAWLJJS
1136,2025-08-16 18:40:08,NHB250816184008.RAWLJJV,2025-08-16 18:43:04,NHB250816184304.RAWLJJZ,2025-08-16 18:50:08,NHB250816185008.RAWLJK2,2025-08-16 18:53:03,NHB250816185303.RAWLJK6
1137,2025-08-16 19:00:08,NHB250816190008.RAWLJK9,2025-08-16 19:03:04,NHB250816190304.RAWLJKD,2025-08-16 19:10:07,NHB250816191007.RAWLJKG,2025-08-16 19:13:03,NHB250816191303.RAWLJKL
1138,2025-08-16 19:20:08,NHB250816192008.RAWLJKP,2025-08-16 19:23:04,NHB250816192304.RAWLJKU,2025-08-16 19:30:08,NHB250816193008.RAWLJKX,2025-08-16 19:33:03,NHB250816193303.RAWLJL1
1139,2025-08-16 19:40:07,NHB250816194007.RAWLJL4,2025-08-16 19:43:04,NHB250816194304.RAWLJL8,2025-08-16 19:50:07,NHB250816195007.RAWLJLB,2025-08-16 19:53:03,NHB250816195303.RAWLJLF
1140,2025-08-16 20:00:09,NHB250816200009.RAWLJLJ,2025-08-16 20:03:04,NHB250816200304.RAWLJLN,2025-08-16 20:10:08,NHB250816201008.RAWLJLS,2025-08-16 20:13:03,NHB250816201303.RAWLJLW
1141,2025-08-16 20:20:08,NHB250816202008.RAWLJLZ,2025-08-16 20:23:03,NHB250816202303.RAWLJM3,2025-08-16 20:30:07,NHB250816203007.RAWLJM6,2025-08-16 20:33:03,NHB250816203303.RAWLJMA
1142,2025-08-16 20:40:07,NHB250816204007.RAWLJMD,2025-08-16 20:43:03,NHB250816204303.RAWLJMH,2025-08-16 20:50:07,NHB250816205007.RAWLJML,2025-08-16 20:53:03,NHB250816205303.RAWLJMR
1143,2025-08-16 21:00:08,NHB250816210008.RAWLJMU,2025-08-16 21:03:04,NHB250816210304.RAWLJMY,2025-08-16 21:10:07,NHB250816211007.RAWLJN1,2025-08-16 21:13:03,NHB250816211303.RAWLJN5
1144,2025-08-16 21:20:08,NHB250816212008.RAWLJN8,2025-08-16 21:23:04,NHB250816212304.RAWLJNC,2025-08-16 21:30:08,NHB250816213008.RAWLJNF,2025-08-16 21:33:03,NHB250816213303.RAWLJNK
1145,2025-08-16 21:40:07,NHB250816214007.RAWLJNN,2025-08-16 21:43:04,NHB250816214304.RAWLJNT,2025-08-16 21:50:08,NHB250816215008.RAWLJNW,2025-08-16 21:53:05,NHB250816215305.RAWLJP0
1146,2025-08-16 22:00:08,NHB250816220008.RAWLJP3,2025-08-16 22:03:03,NHB250816220303.RAWLJP7,2025-08-16 22:10:08,NHB250816221008.RAWLJPA,2025-08-16 22:13:04,NHB250816221304.RAWLJPE
1147,2025-08-16 22:20:08,NHB250816222008.RAWLJPH,2025-08-16 22:23:04,NHB250816222304.RAWLJPM,2025-08-16 22:30:08,NHB250816223008.RAWLJPR,2025-08-16 22:33:04,NHB250816223304.RAWLJPV
1148,2025-08-16 22:40:09,NHB250816224009.RAWLJPY,2025-08-16 22:43:04,NHB250816224304.RAWLJR2,2025-08-16 22:50:08,NHB250816225008.RAWLJR5,2025-08-16 22:53:03,NHB250816225303.RAWLJR9
1149,2025-08-16 23:00:08,NHB250816230008.RAWLJRC,2025-08-16 23:03:04,NHB250816230304.RAWLJRG,2025-08-16 23:10:08,NHB250816231008.RAWLJRK,2025-08-16 23:13:03,NHB250816231303.RAWLJRP
1150,2025-08-16 23:20:07,NHB250816232007.RAWLJRT,2025-08-16 23:23:03,NHB250816232303.RAWLJRX,2025-08-16 23:30:07,NHB250816233007.RAWLJS0,2025-08-16 23:33:04,NHB250816233304.RAWLJS4
1151,2025-08-16 23:40:08,NHB250816234008.RAWLJS7,2025-08-16 23:43:03,NHB250816234303.RAWLJSB,2025-08-16 23:50:08,NHB250816235008.RAWLJSE,2025-08-16 23:53:04,NHB250816235304.RAWLJSJ
1152,2025-08-17 00:00:07,NHB250817000007.RAWLJSM,2025-08-17 00:03:03,NHB250817000303.RAWLJSS,2025-08-17 00:10:08,NHB250817001008.RAWLJSV,2025-08-17 00:13:04,NHB250817001304.RAWLJSZ
1153,2025-08-17 00:20:08,NHB250817002008.RAWLJT2,2025-08-17 00:23:03,NHB250817002303.RAWLJT6,2025-08-17 00:30:08,NHB250817003008.RAWLJT9,2025-08-17 00:33:04,NHB250817003304.RAWLJTD
1154,2025-08-17 00:40:08,NHB250817004008.RAWLJTG,2025-08-17 00:43:04,NHB250817004304.RAWLJTL,2025-08-17 00:50:07,NHB250817005007.RAWLJTP,2025-08-17 00:53:03,NHB250817005303.RAWLJTU
1155,2025-08-17 01:00:07,NHB250817010007.RAWLJTX,2025-08-17 01:03:03,NHB250817010303.RAWLJU1,2025-08-17 01:10:07,NHB250817011007.RAWLJU4,2025-08-17 01:13:03,NHB250817011303.RAWLJU8
1156,2025-08-17 01:20:08,NHB250817012008.RAWLJUB,2025-08-17 01:23:03,NHB250817012303.RAWLJUF,2025-08-17 01:30:07,NHB250817013007.RAWLJUJ,2025-08-17 01:33:04,NHB250817013304.RAWLJUN
1157,2025-08-17 01:40:08,NHB250817014008.RAWLJUS,2025-08-17 01:43:03,NHB250817014303.RAWLJUW,2025-08-17 01:50:08,NHB250817015008.RAWLJUZ,2025-08-17 01:53:04,NHB250817015304.RAWLJV3
1158,2025-08-17 02:00:07,NHB250817020007.RAWLJV6,2025-08-17 02:03:03,NHB250817020303.RAWLJVA,2025-08-17 02:10:07,NHB250817021007.RAWLJVD,2025-08-17 02:13:03,NHB250817021303.RAWLJVH
1159,2025-08-17 02:20:08,NHB250817022008.RAWLJVL,2025-08-17 02:23:04,NHB250817022304.RAWLJVR,2025-08-17 02:30:08,NHB250817023008.RAWLJVU,2025-08-17 02:33:03,NHB250817023303.RAWLJVY
1160,2025-08-17 02:40:07,NHB250817024007.RAWLJW1,2025-08-17 02:43:04,NHB250817024304.RAWLJW5,2025-08-17 02:50:07,NHB250817025007.RAWLJW8,2025-08-17 02:53:03,NHB250817025303.RAWLJWC
1161,2025-08-17 03:00:08,NHB250817030008.RAWLJWF,2025-08-17 03:03:03,NHB250817030303.RAWLJWK,2025-08-17 03:10:08,NHB250817031008.RAWLJWN,2025-08-17 03:13:04,NHB250817031304.RAWLJWT
1162,2025-08-17 03:20:07,NHB250817032007.RAWLJWW,2025-08-17 03:23:03,NHB250817032303.RAWLJX0,2025-08-17 03:30:07,NHB250817033007.RAWLJX3,2025-08-17 03:33:03,NHB250817033303.RAWLJX7
1163,2025-08-17 03:40:08,NHB250817034008.RAWLJXA,2025-08-17 03:43:03,NHB250817034303.RAWLJXE,2025-08-17 03:50:08,NHB250817035008.RAWLJXH,2025-08-17 03:53:03,NHB250817035303.RAWLJXM
1164,2025-08-17 04:00:08,NHB250817040008.RAWLJXR,2025-08-17 04:03:04,NHB250817040304.RAWLJXV,2025-08-17 04:10:08,NHB250817041008.RAWLJXY,2025-08-17 04:13:03,NHB250817041303.RAWLJY2
1165,2025-08-17 04:20:08,NHB250817042008.RAWLJY5,2025-08-17 04:23:03,NHB250817042303.RAWLJY9,2025-08-17 04:30:08,NHB250817043008.RAWLJYC,2025-08-17 04:33:04,NHB250817043304.RAWLJYG
1166,2025-08-17 04:40:08,NHB250817044008.RAWLJYK,2025-08-17 04:43:04,NHB250817044304.RAWLJYP,2025-08-17 04:50:08,NHB250817045008.RAWLJYT,2025-08-17 04:53:04,NHB250817045304.RAWLJYX
1167,2025-08-17 05:00:08,NHB250817050008.RAWLJZ0,2025-08-17 05:03:03,NHB250817050303.RAWLJZ4,2025-08-17 05:10:08,NHB250817051008.RAWLJZ7,2025-08-17 05:13:03,NHB250817051303.RAWLJZB
1168,2025-08-17 05:20:08,NHB250817052008.RAWLJZE,2025-08-17 05:23:04,NHB250817052304.RAWLJZJ,2025-08-17 05:30:08,NHB250817053008.RAWLJZM,2025-08-17 05:33:03,NHB250817053303.RAWLJZS
1169,2025-08-17 05:40:07,NHB250817054007.RAWLJZV,2025-08-17 05:43:04,NHB250817054304.RAWLJZZ,2025-08-17 05:50:08,NHB250817055008.RAWLK02,2025-08-17 05:53:04,NHB250817055304.RAWLK06
1170,2025-08-17 06:00:08,NHB250817060008.RAWLK09,2025-08-17 06:03:03,NHB250817060303.RAWLK0D,2025-08-17 06:10:07,NHB250817061007.RAWLK0G,2025-08-17 06:13:03,NHB250817061303.RAWLK0L
1171,2025-08-17 06:20:08,NHB250817062008.RAWLK0P,2025-08-17 06:23:03,NHB250817062303.RAWLK0U,2025-08-17 06:30:08,NHB250817063008.RAWLK0X,2025-08-17 06:33:03,NHB250817063303.RAWLK11
1172,2025-08-17 06:40:07,NHB250817064007.RAWLK14,2025-08-17 06:43:04,NHB250817064304.RAWLK18,2025-08-17 06:50:07,NHB250817065007.RAWLK1B,2025-08-17 06:53:04,NHB250817065304.RAWLK1F
1173,2025-08-17 07:00:08,NHB250817070008.RAWLK1J,2025-08-17 07:03:03,NHB250817070303.RAWLK1N,2025-08-17 07:10:07,NHB250817071007.RAWLK1S,2025-08-17 07:13:03,NHB250817071303.RAWLK1W
1174,2025-08-17 07:20:07,NHB250817072007.RAWLK1Z,2025-08-17 07:23:04,NHB250817072304.RAWLK23,2025-08-17 07:30:08,NHB250817073008.RAWLK26,2025-08-17 07:33:03,NHB250817073303.RAWLK2A
1175,2025-08-17 07:40:07,NHB250817074007.RAWLK2D,2025-08-17 07:43:03,NHB250817074303.RAWLK2H,2025-08-17 07:50:08,NHB250817075008.RAWLK2L,2025-08-17 07:53:04,NHB250817075304.RAWLK2R
1176,2025-08-17 08:00:07,NHB250817080007.RAWLK2U,2025-08-17 08:03:03,NHB250817080303.RAWLK2Y,2025-08-17 08:10:08,NHB250817081008.RAWLK31,2025-08-17 08:13:03,NHB250817081303.RAWLK35
1177,2025-08-17 08:20:07,NHB250817082007.RAWLK38,2025-08-17 08:23:03,NHB250817082303.RAWLK3C,2025-08-17 08:30:09,NHB250817083009.RAWLK3F,2025-08-17 08:33:04,NHB250817083304.RAWLK3K
1178,2025-08-17 08:40:08,NHB250817084008.RAWLK3N,2025-08-17 08:43:03,NHB250817084303.RAWLK3T,2025-08-17 08:50:08,NHB250817085008.RAWLK3W,2025-08-17 08:53:03,NHB250817085303.RAWLK40
1179,2025-08-17 09:00:08,NHB250817090008.RAWLK43,2025-08-17 09:03:04,NHB250817090304.RAWLK47,2025-08-17 09:10:08,NHB250817091008.RAWLK4A,2025-08-17 09:13:04,NHB250817091304.RAWLK4E
1180,2025-08-17 09:20:08,NHB250817092008.RAWLK4H,2025-08-17 09:23:04,NHB250817092304.RAWLK4M,2025-08-17 09:30:07,NHB250817093007.RAWLK4R,2025-08-17 09:33:04,NHB250817093304.RAWLK4V
1181,2025-08-17 09:40:08,NHB250817094008.RAWLK4Y,2025-08-17 09:43:04,NHB250817094304.RAWLK52,2025-08-17 09:50:08,NHB250817095008.RAWLK55,2025-08-17 09:53:04,NHB250817095304.RAWLK59
1182,2025-08-17 10:00:08,NHB250817100008.RAWLK5C,2025-08-17 10:03:05,NHB250817100305.RAWLK5G,2025-08-17 10:10:07,NHB250817101007.RAWLK5K,2025-08-17 10:13:03,NHB250817101303.RAWLK5P
1183,2025-08-17 10:20:08,NHB250817102008.RAWLK5T,2025-08-17 10:23:03,NHB250817102303.RAWLK5X,2025-08-17 10:30:08,NHB250817103008.RAWLK60,2025-08-17 10:33:04,NHB250817103304.RAWLK64
1184,2025-08-17 10:40:08,NHB250817104008.RAWLK67,2025-08-17 10:43:04,NHB250817104304.RAWLK6B,2025-08-17 10:50:08,NHB250817105008.RAWLK6E,2025-08-17 10:53:04,NHB250817105304.RAWLK6J
1185,2025-08-17 11:00:07,NHB250817110007.RAWLK6M,2025-08-17 11:03:04,NHB250817110304.RAWLK6S,2025-08-17 11:10:08,NHB250817111008.RAWLK6V,2025-08-17 11:13:03,NHB250817111303.RAWLK6Z
1186,2025-08-17 11:20:07,NHB250817112007.RAWLK72,2025-08-17 11:23:04,NHB250817112304.RAWLK76,2025-08-17 11:30:08,NHB250817113008.RAWLK79,2025-08-17 11:33:04,NHB250817113304.RAWLK7D
1187,2025-08-17 11:40:08,NHB250817114008.RAWLK7G,2025-08-17 11:43:04,NHB250817114304.RAWLK7L,2025-08-17 11:50:08,NHB250817115008.RAWLK7P,2025-08-17 11:53:03,NHB250817115303.RAWLK7U
1188,2025-08-17 12:00:08,NHB250817120008.RAWLK7X,2025-08-17 12:03:04,NHB250817120304.RAWLK81,2025-08-17 12:10:07,NHB250817121007.RAWLK84,2025-08-17 12:13:03,NHB250817121303.RAWLK88
1189,2025-08-17 12:20:08,NHB250817122008.RAWLK8B,2025-08-17 12:23:03,NHB250817122303.RAWLK8F,2025-08-17 12:30:08,NHB250817123008.RAWLK8J,2025-08-17 12:33:04,NHB250817123304.RAWLK8N
1190,2025-08-17 12:40:07,NHB250817124007.RAWLK8S,2025-08-17 12:43:04,NHB250817124304.RAWLK8W,2025-08-17 12:50:08,NHB250817125008.RAWLK8Z,2025-08-17 12:53:04,NHB250817125304.RAWLK93
1191,2025-08-17 13:00:08,NHB250817130008.RAWLK96,2025-08-17 13:03:05,NHB250817130305.RAWLK9A,2025-08-17 13:10:07,NHB250817131007.RAWLK9D,2025-08-17 13:13:04,NHB250817131304.RAWLK9H
1192,2025-08-17 13:20:08,NHB250817132008.RAWLK9L,2025-08-17 13:23:03,NHB250817132303.RAWLK9R,2025-08-17 13:30:07,NHB250817133007.RAWLK9U,2025-08-17 13:33:04,NHB250817133304.RAWLK9Y
1193,2025-08-17 13:40:08,NHB250817134008.RAWLKA1,2025-08-17 13:43:03,NHB250817134303.RAWLKA5,2025-08-17 13:50:08,NHB250817135008.RAWLKA8,2025-08-17 13:53:05,NHB250817135305.RAWLKAC
1194,2025-08-17 14:00:08,NHB250817140008.RAWLKAF,2025-08-17 14:03:04,NHB250817140304.RAWLKAK,2025-08-17 14:10:08,NHB250817141008.RAWLKAN,2025-08-17 14:13:04,NHB250817141304.RAWLKAT
1195,2025-08-17 14:20:08,NHB250817142008.RAWLKAW,2025-08-17 14:23:03,NHB250817142303.RAWLKB0,2025-08-17 14:30:08,NHB250817143008.RAWLKB3,2025-08-17 14:33:03,NHB250817143303.RAWLKB7
1196,2025-08-17 14:40:08,NHB250817144008.RAWLKBA,2025-08-17 14:43:04,NHB250817144304.RAWLKBE,2025-08-17 14:50:08,NHB250817145008.RAWLKBH,2025-08-17 14:53:03,NHB250817145303.RAWLKBM
1197,2025-08-17 15:00:07,NHB250817150007.RAWLKBR,2025-08-17 15:03:04,NHB250817150304.RAWLKBV,2025-08-17 15:10:08,NHB250817151008.RAWLKBY,2025-08-17 15:13:03,NHB250817151303.RAWLKC2
1198,2025-08-17 15:20:08,NHB250817152008.RAWLKC5,2025-08-17 15:23:04,NHB250817152304.RAWLKC9,2025-08-17 15:30:08,NHB250817153008.RAWLKCC,2025-08-17 15:33:03,NHB250817153303.RAWLKCG
1199,2025-08-17 15:40:08,NHB250817154008.RAWLKCK,2025-08-17 15:43:04,NHB250817154304.RAWLKCP,2025-08-17 15:50:08,NHB250817155008.RAWLKCT,2025-08-17 15:53:04,NHB250817155304.RAWLKCX
1200,2025-08-17 16:00:07,NHB250817160007.RAWLKD0,2025-08-17 16:03:03,NHB250817160303.RAWLKD4,2025-08-17 16:10:08,NHB250817161008.RAWLKD7,2025-08-17 16:13:04,NHB250817161304.RAWLKDB
1201,2025-08-17 16:20:08,NHB250817162008.RAWLKDE,2025-08-17 16:23:04,NHB250817162304.RAWLKDJ,2025-08-17 16:30:08,NHB250817163008.RAWLKDM,2025-08-17 16:33:03,NHB250817163303.RAWLKDS
1202,2025-08-17 16:40:08,NHB250817164008.RAWLKDV,2025-08-17 16:43:03,NHB250817164303.RAWLKDZ,2025-08-17 16:50:07,NHB250817165007.RAWLKE2,2025-08-17 16:53:03,NHB250817165303.RAWLKE6
1203,2025-08-17 17:00:07,NHB250817170007.RAWLKE9,2025-08-17 17:03:03,NHB250817170303.RAWLKED,2025-08-17 17:10:08,NHB250817171008.RAWLKEG,2025-08-17 17:13:03,NHB250817171303.RAWLKEL
1204,2025-08-17 17:20:07,NHB250817172007.RAWLKEP,2025-08-17 17:23:04,NHB250817172304.RAWLKEU,2025-08-17 17:30:07,NHB250817173007.RAWLKEX,2025-08-17 17:33:03,NHB250817173303.RAWLKF1
1205,2025-08-17 17:40:07,NHB250817174007.RAWLKF4,2025-08-17 17:43:03,NHB250817174303.RAWLKF8,2025-08-17 17:50:07,NHB250817175007.RAWLKFB,2025-08-17 17:53:04,NHB250817175304.RAWLKFF
1206,2025-08-17 18:00:08,NHB250817180008.RAWLKFJ,2025-08-17 18:03:04,NHB250817180304.RAWLKFN,2025-08-17 18:10:07,NHB250817181007.RAWLKFS,2025-08-17 18:13:03,NHB250817181303.RAWLKFW
1207,2025-08-17 18:20:07,NHB250817182007.RAWLKFZ,2025-08-17 18:23:04,NHB250817182304.RAWLKG3,2025-08-17 18:30:08,NHB250817183008.RAWLKG6,2025-08-17 18:33:03,NHB250817183303.RAWLKGA
1208,2025-08-17 18:40:07,NHB250817184007.RAWLKGD,2025-08-17 18:43:03,NHB250817184303.RAWLKGH,2025-08-17 18:50:08,NHB250817185008.RAWLKGL,2025-08-17 18:53:03,NHB250817185303.RAWLKGR
1209,2025-08-17 19:00:07,NHB250817190007.RAWLKGU,2025-08-17 19:03:03,NHB250817190303.RAWLKGY,2025-08-17 19:10:08,NHB250817191008.RAWLKH1,2025-08-17 19:13:03,NHB250817191303.RAWLKH5
1210,2025-08-17 19:20:07,NHB250817192007.RAWLKH8,2025-08-17 19:23:04,NHB250817192304.RAWLKHC,2025-08-17 19:30:08,NHB250817193008.RAWLKHF,2025-08-17 19:33:04,NHB250817193304.RAWLKHK
1211,2025-08-17 19:40:08,NHB250817194008.RAWLKHN,2025-08-17 19:43:04,NHB250817194304.RAWLKHT,2025-08-17 19:50:07,NHB250817195007.RAWLKHW,2025-08-17 19:53:03,NHB250817195303.RAWLKJ0
1212,2025-08-17 20:00:08,NHB250817200008.RAWLKJ3,2025-08-17 20:03:04,NHB250817200304.RAWLKJ7,2025-08-17 20:10:08,NHB250817201008.RAWLKJA,2025-08-17 20:13:03,NHB250817201303.RAWLKJE
1213,2025-08-17 20:20:07,NHB250817202007.RAWLKJH,2025-08-17 20:23:03,NHB250817202303.RAWLKJM,2025-08-17 20:30:08,NHB250817203008.RAWLKJR,2025-08-17 20:33:03,NHB250817203303.RAWLKJV
1214,2025-08-17 20:40:08,NHB250817204008.RAWLKJY,2025-08-17 20:43:04,NHB250817204304.RAWLKK2,2025-08-17 20:50:08,NHB250817205008.RAWLKK5,2025-08-17 20:53:04,NHB250817205304.RAWLKK9
1215,2025-08-17 21:00:08,NHB250817210008.RAWLKKC,2025-08-17 21:03:04,NHB250817210304.RAWLKKG,2025-08-17 21:10:07,NHB250817211007.RAWLKKK,2025-08-17 21:13:04,NHB250817211304.RAWLKKP
1216,2025-08-17 21:20:08,NHB250817212008.RAWLKKT,2025-08-17 21:23:04,NHB250817212304.RAWLKKX,2025-08-17 21:30:07,NHB250817213007.RAWLKL0,2025-08-17 21:33:04,NHB250817213304.RAWLKL4
1217,2025-08-17 21:40:08,NHB250817214008.RAWLKL7,2025-08-17 21:43:03,NHB250817214303.RAWLKLB,2025-08-17 21:50:08,NHB250817215008.RAWLKLE,2025-08-17 21:53:04,NHB250817215304.RAWLKLJ
1218,2025-08-17 22:00:08,NHB250817220008.RAWLKLM,2025-08-17 22:03:03,NHB250817220303.RAWLKLS,2025-08-17 22:10:08,NHB250817221008.RAWLKLV,2025-08-17 22:13:04,NHB250817221304.RAWLKLZ
1219,2025-08-17 22:20:08,NHB250817222008.RAWLKM2,2025-08-17 22:23:03,NHB250817222303.RAWLKM6,2025-08-17 22:30:08,NHB250817223008.RAWLKM9,2025-08-17 22:33:03,NHB250817223303.RAWLKMD
1220,2025-08-17 22:40:08,NHB250817224008.RAWLKMG,2025-08-17 22:43:03,NHB250817224303.RAWLKML,2025-08-17 22:50:08,NHB250817225008.RAWLKMP,2025-08-17 22:53:04,NHB250817225304.RAWLKMU
1221,2025-08-17 23:00:07,NHB250817230007.RAWLKMX,2025-08-17 23:03:04,NHB250817230304.RAWLKN1,2025-08-17 23:10:07,NHB250817231007.RAWLKN4,2025-08-17 23:13:03,NHB250817231303.RAWLKN8
1222,2025-08-17 23:20:09,NHB250817232009.RAWLKNB,2025-08-17 23:23:05,NHB250817232305.RAWLKNF,2025-08-17 23:30:07,NHB250817233007.RAWLKNJ,2025-08-17 23:33:04,NHB250817233304.RAWLKNN
1223,2025-08-17 23:40:08,NHB250817234008.RAWLKNS,2025-08-17 23:43:03,NHB250817234303.RAWLKNW,2025-08-17 23:50:07,NHB250817235007.RAWLKNZ,2025-08-17 23:53:04,NHB250817235304.RAWLKP3
1224,2025-08-18 00:00:07,NHB250818000007.RAWLKP6,2025-08-18 00:03:04,NHB250818000304.RAWLKPA,2025-08-18 00:10:07,NHB250818001007.RAWLKPD,2025-08-18 00:13:04,NHB250818001304.RAWLKPH
1225,2025-08-18 00:20:07,NHB250818002007.RAWLKPL,2025-08-18 00:23:04,NHB250818002304.RAWLKPR,2025-08-18 00:30:07,NHB250818003007.RAWLKPU,2025-08-18 00:33:03,NHB250818003303.RAWLKPY
1226,2025-08-18 00:40:07,NHB250818004007.RAWLKR1,2025-08-18 00:43:04,NHB250818004304.RAWLKR5,2025-08-18 00:50:08,NHB250818005008.RAWLKR8,2025-08-18 00:53:03,NHB250818005303.RAWLKRC
1227,2025-08-18 01:00:07,NHB250818010007.RAWLKRF,2025-08-18 01:03:03,NHB250818010303.RAWLKRK,2025-08-18 01:10:07,NHB250818011007.RAWLKRN,2025-08-18 01:13:04,NHB250818011304.RAWLKRT
1228,2025-08-18 01:20:07,NHB250818012007.RAWLKRW,2025-08-18 01:23:03,NHB250818012303.RAWLKS0,2025-08-18 01:30:07,NHB250818013007.RAWLKS3,2025-08-18 01:33:03,NHB250818013303.RAWLKS7
1229,2025-08-18 01:40:07,NHB250818014007.RAWLKSA,2025-08-18 01:43:03,NHB250818014303.RAWLKSE,2025-08-18 01:50:08,NHB250818015008.RAWLKSH,2025-08-18 01:53:04,NHB250818015304.RAWLKSM
1230,2025-08-18 02:00:08,NHB250818020008.RAWLKSR,2025-08-18 02:03:03,NHB250818020303.RAWLKSV,2025-08-18 02:10:08,NHB250818021008.RAWLKSY,2025-08-18 02:13:03,NHB250818021303.RAWLKT2
1231,2025-08-18 02:20:09,NHB250818022009.RAWLKT5,2025-08-18 02:23:03,NHB250818022303.RAWLKT9,2025-08-18 02:30:08,NHB250818023008.RAWLKTC,2025-08-18 02:33:03,NHB250818023303.RAWLKTG
1232,2025-08-18 02:40:08,NHB250818024008.RAWLKTK,2025-08-18 02:43:03,NHB250818024303.RAWLKTP,2025-08-18 02:50:08,NHB250818025008.RAWLKTT,2025-08-18 02:53:03,NHB250818025303.RAWLKTX
1233,2025-08-18 03:00:07,NHB250818030007.RAWLKU0,2025-08-18 03:03:03,NHB250818030303.RAWLKU4,2025-08-18 03:10:08,NHB250818031008.RAWLKU7,2025-08-18 03:13:04,NHB250818031304.RAWLKUB
1234,2025-08-18 03:20:07,NHB250818032007.RAWLKUE,2025-08-18 03:23:04,NHB250818032304.RAWLKUJ,2025-08-18 03:30:07,NHB250818033007.RAWLKUM,2025-08-18 03:33:03,NHB250818033303.RAWLKUS
1235,2025-08-18 03:40:08,NHB250818034008.RAWLKUV,2025-08-18 03:43:03,NHB250818034303.RAWLKUZ,2025-08-18 03:50:08,NHB250818035008.RAWLKV2,2025-08-18 03:53:04,NHB250818035304.RAWLKV6
1236,2025-08-18 04:00:08,NHB250818040008.RAWLKV9,2025-08-18 04:03:03,NHB250818040303.RAWLKVD,2025-08-18 04:10:08,NHB250818041008.RAWLKVG,2025-08-18 04:13:04,NHB250818041304.RAWLKVL
1237,2025-08-18 04:20:08,NHB250818042008.RAWLKVP,2025-08-18 04:23:03,NHB250818042303.RAWLKVU,2025-08-18 04:30:08,NHB250818043008.RAWLKVX,2025-08-18 04:33:04,NHB250818043304.RAWLKW1
1238,2025-08-18 04:40:07,NHB250818044007.RAWLKW4,2025-08-18 04:43:04,NHB250818044304.RAWLKW8,2025-08-18 04:50:07,NHB250818045007.RAWLKWB,2025-08-18 04:53:03,NHB250818045303.RAWLKWF
1239,2025-08-18 05:00:08,NHB250818050008.RAWLKWJ,2025-08-18 05:03:04,NHB250818050304.RAWLKWN,2025-08-18 05:10:08,NHB250818051008.RAWLKWS,2025-08-18 05:13:03,NHB250818051303.RAWLKWW
1240,2025-08-18 05:20:07,NHB250818052007.RAWLKWZ,2025-08-18 05:23:04,NHB250818052304.RAWLKX3,2025-08-18 05:30:08,NHB250818053008.RAWLKX6,2025-08-18 05:33:03,NHB250818053303.RAWLKXA
1241,2025-08-18 05:40:08,NHB250818054008.RAWLKXD,2025-08-18 05:43:03,NHB250818054303.RAWLKXH,2025-08-18 05:50:08,NHB250818055008.RAWLKXL,2025-08-18 05:53:04,NHB250818055304.RAWLKXR
1242,2025-08-18 06:00:09,NHB250818060009.RAWLKXU,2025-08-18 06:03:04,NHB250818060304.RAWLKXY,2025-08-18 06:10:07,NHB250818061007.RAWLKY1,2025-08-18 06:13:04,NHB250818061304.RAWLKY5
1243,2025-08-18 06:20:08,NHB250818062008.RAWLKY8,2025-08-18 06:23:03,NHB250818062303.RAWLKYC,2025-08-18 06:30:08,NHB250818063008.RAWLKYF,2025-08-18 06:33:03,NHB250818063303.RAWLKYK
1244,2025-08-18 06:40:07,NHB250818064007.RAWLKYN,2025-08-18 06:43:03,NHB250818064303.RAWLKYT,2025-08-18 06:50:08,NHB250818065008.RAWLKYW,2025-08-18 06:53:04,NHB250818065304.RAWLKZ0
1245,2025-08-18 07:00:08,NHB250818070008.RAWLKZ3,2025-08-18 07:03:04,NHB250818070304.RAWLKZ7,2025-08-18 07:10:07,NHB250818071007.RAWLKZA,2025-08-18 07:13:04,NHB250818071304.RAWLKZE
1246,2025-08-18 07:20:09,NHB250818072009.RAWLKZH,2025-08-18 07:23:04,NHB250818072304.RAWLKZM,2025-08-18 07:30:07,NHB250818073007.RAWLKZR,2025-08-18 07:33:04,NHB250818073304.RAWLKZV
1247,2025-08-18 07:40:08,NHB250818074008.RAWLKZY,2025-08-18 07:43:03,NHB250818074303.RAWLL02,2025-08-18 07:50:07,NHB250818075007.RAWLL05,2025-08-18 07:53:03,NHB250818075303.RAWLL09
1248,2025-08-18 08:00:07,NHB250818080007.RAWLL0C,2025-08-18 08:03:04,NHB250818080304.RAWLL0G,2025-08-18 08:10:07,NHB250818081007.RAWLL0K,2025-08-18 08:13:04,NHB250818081304.RAWLL0P
1249,2025-08-18 08:20:07,NHB250818082007.RAWLL0T,2025-08-18 08:23:03,NHB250818082303.RAWLL0X,2025-08-18 08:30:07,NHB250818083007.RAWLL10,2025-08-18 08:33:03,NHB250818083303.RAWLL14
1250,2025-08-18 08:40:08,NHB250818084008.RAWLL17,2025-08-18 08:43:03,NHB250818084303.RAWLL1B,2025-08-18 08:50:07,NHB250818085007.RAWLL1E,2025-08-18 08:53:03,NHB250818085303.RAWLL1J
1251,2025-08-18 09:00:08,NHB250818090008.RAWLL1M,2025-08-18 09:03:03,NHB250818090303.RAWLL1S,2025-08-18 09:10:08,NHB250818091008.RAWLL1V,2025-08-18 09:13:03,NHB250818091303.RAWLL1Z
1252,2025-08-18 09:20:07,NHB250818092007.RAWLL22,2025-08-18 09:23:03,NHB250818092303.RAWLL26,2025-08-18 09:30:08,NHB250818093008.RAWLL29,2025-08-18 09:33:04,NHB250818093304.RAWLL2D
1253,2025-08-18 09:40:08,NHB250818094008.RAWLL2G,2025-08-18 09:43:05,NHB250818094305.RAWLL2L,2025-08-18 09:50:08,NHB250818095008.RAWLL2P,2025-08-18 09:53:03,NHB250818095303.RAWLL2U
1254,2025-08-18 10:00:07,NHB250818100007.RAWLL2X,2025-08-18 10:03:03,NHB250818100303.RAWLL31,2025-08-18 10:10:08,NHB250818101008.RAWLL34,2025-08-18 10:13:04,NHB250818101304.RAWLL38
1255,2025-08-18 10:20:07,NHB250818102007.RAWLL3B,2025-08-18 10:23:03,NHB250818102303.RAWLL3F,2025-08-18 10:30:08,NHB250818103008.RAWLL3J,2025-08-18 10:33:03,NHB250818103303.RAWLL3N
1256,2025-08-18 10:40:08,NHB250818104008.RAWLL3S,2025-08-18 10:43:04,NHB250818104304.RAWLL3W,2025-08-18 10:50:07,NHB250818105007.RAWLL3Z,2025-08-18 10:53:05,NHB250818105305.RAWLL43
1257,2025-08-18 11:00:08,NHB250818110008.RAWLL46,2025-08-18 11:03:04,NHB250818110304.RAWLL4A,2025-08-18 11:10:09,NHB250818111009.RAWLL4D,2025-08-18 11:13:03,NHB250818111303.RAWLL4H
1258,2025-08-18 11:20:08,NHB250818112008.RAWLL4L,2025-08-18 11:23:04,NHB250818112304.RAWLL4R,2025-08-18 11:30:08,NHB250818113008.RAWLL4U,2025-08-18 11:33:04,NHB250818113304.RAWLL4Y
1259,2025-08-18 11:40:08,NHB250818114008.RAWLL51,2025-08-18 11:43:04,NHB250818114304.RAWLL55,2025-08-18 11:50:08,NHB250818115008.RAWLL58,2025-08-18 11:53:04,NHB250818115304.RAWLL5C
1260,2025-08-18 12:00:07,NHB250818120007.RAWLL5F,2025-08-18 12:03:04,NHB250818120304.RAWLL5K,2025-08-18 12:10:07,NHB250818121007.RAWLL5N,2025-08-18 12:13:03,NHB250818121303.RAWLL5T
1261,2025-08-18 12:20:08,NHB250818122008.RAWLL5W,2025-08-18 12:23:04,NHB250818122304.RAWLL60,2025-08-18 12:30:08,NHB250818123008.RAWLL63,2025-08-18 12:33:03,NHB250818123303.RAWLL67
1262,2025-08-18 12:40:08,NHB250818124008.RAWLL6A,2025-08-18 12:43:03,NHB250818124303.RAWLL6E,2025-08-18 12:50:08,NHB250818125008.RAWLL6H,2025-08-18 12:53:03,NHB250818125303.RAWLL6M
1263,2025-08-18 13:00:08,NHB250818130008.RAWLL6R,2025-08-18 13:03:03,NHB250818130303.RAWLL6V,2025-08-18 13:10:08,NHB250818131008.RAWLL6Y,2025-08-18 13:13:03,NHB250818131303.RAWLL72
1264,2025-08-18 13:20:07,NHB250818132007.RAWLL75,2025-08-18 13:23:03,NHB250818132303.RAWLL79,2025-08-18 13:30:07,NHB250818133007.RAWLL7C,2025-08-18 13:33:04,NHB250818133304.RAWLL7G
1265,2025-08-18 13:40:08,NHB250818134008.RAWLL7K,2025-08-18 13:43:04,NHB250818134304.RAWLL7P,2025-08-18 13:50:07,NHB250818135007.RAWLL7T,2025-08-18 13:53:03,NHB250818135303.RAWLL7X
1266,2025-08-18 14:00:08,NHB250818140008.RAWLL80,2025-08-18 14:03:03,NHB250818140303.RAWLL84,2025-08-18 14:10:07,NHB250818141007.RAWLL87,2025-08-18 14:13:04,NHB250818141304.RAWLL8B
1267,2025-08-18 14:20:08,NHB250818142008.RAWLL8E,2025-08-18 14:23:03,NHB250818142303.RAWLL8J,2025-08-18 14:30:08,NHB250818143008.RAWLL8M,2025-08-18 14:33:03,NHB250818143303.RAWLL8S
1268,2025-08-18 14:40:07,NHB250818144007.RAWLL8V,2025-08-18 14:43:03,NHB250818144303.RAWLL8Z,2025-08-18 14:50:08,NHB250818145008.RAWLL92,2025-08-18 14:53:03,NHB250818145303.RAWLL96
1269,2025-08-18 15:00:08,NHB250818150008.RAWLL99,2025-08-18 15:03:03,NHB250818150303.RAWLL9D,2025-08-18 15:10:07,NHB250818151007.RAWLL9G,2025-08-18 15:13:04,NHB250818151304.RAWLL9L
1270,2025-08-18 15:20:08,NHB250818152008.RAWLL9P,2025-08-18 15:23:03,NHB250818152303.RAWLL9U,2025-08-18 15:30:08,NHB250818153008.RAWLL9X,2025-08-18 15:33:03,NHB250818153303.RAWLLA1
1271,2025-08-18 15:40:07,NHB250818154007.RAWLLA4,2025-08-18 15:43:04,NHB250818154304.RAWLLA8,2025-08-18 15:50:07,NHB250818155007.RAWLLAB,2025-08-18 15:53:04,NHB250818155304.RAWLLAF
1272,2025-08-18 16:00:08,NHB250818160008.RAWLLAJ,2025-08-18 16:03:04,NHB250818160304.RAWLLAN,2025-08-18 16:10:07,NHB250818161007.RAWLLAS,2025-08-18 16:13:03,NHB250818161303.RAWLLAW
1273,2025-08-18 16:20:08,NHB250818162008.RAWLLAZ,2025-08-18 16:23:03,NHB250818162303.RAWLLB3,2025-08-18 16:30:08,NHB250818163008.RAWLLB6,2025-08-18 16:33:04,NHB250818163304.RAWLLBA
1274,2025-08-18 16:40:08,NHB250818164008.RAWLLBD,2025-08-18 16:43:03,NHB250818164303.RAWLLBH,2025-08-18 16:50:08,NHB250818165008.RAWLLBL,2025-08-18 16:53:04,NHB250818165304.RAWLLBR
1275,2025-08-18 17:00:07,NHB250818170007.RAWLLBU,2025-08-18 17:03:04,NHB250818170304.RAWLLBY,2025-08-18 17:10:08,NHB250818171008.RAWLLC1,2025-08-18 17:13:03,NHB250818171303.RAWLLC5
1276,2025-08-18 17:20:08,NHB250818172008.RAWLLC8,2025-08-18 17:23:03,NHB250818172303.RAWLLCC,2025-08-18 17:30:08,NHB250818173008.RAWLLCF,2025-08-18 17:33:03,NHB250818173303.RAWLLCK
1277,2025-08-18 17:40:08,NHB250818174008.RAWLLCN,2025-08-18 17:43:03,NHB250818174303.RAWLLCT,2025-08-18 17:50:07,NHB250818175007.RAWLLCW,2025-08-18 17:53:04,NHB250818175304.RAWLLD0
1278,2025-08-18 18:00:09,NHB250818180009.RAWLLD3,2025-08-18 18:03:03,NHB250818180303.RAWLLD7,2025-08-18 18:10:07,NHB250818181007.RAWLLDA,2025-08-18 18:13:04,NHB250818181304.RAWLLDE
1279,2025-08-18 18:20:08,NHB250818182008.RAWLLDH,2025-08-18 18:23:04,NHB250818182304.RAWLLDM,2025-08-18 18:30:08,NHB250818183008.RAWLLDR,2025-08-18 18:33:03,NHB250818183303.RAWLLDV
1280,2025-08-18 18:40:08,NHB250818184008.RAWLLDY,2025-08-18 18:43:03,NHB250818184303.RAWLLE2,2025-08-18 18:50:07,NHB250818185007.RAWLLE5,2025-08-18 18:53:03,NHB250818185303.RAWLLE9
1281,2025-08-18 19:00:08,NHB250818190008.RAWLLEC,2025-08-18 19:03:03,NHB250818190303.RAWLLEG,2025-08-18 19:10:07,NHB250818191007.RAWLLEK,2025-08-18 19:13:04,NHB250818191304.RAWLLEP
1282,2025-08-18 19:20:08,NHB250818192008.RAWLLET,2025-08-18 19:23:03,NHB250818192303.RAWLLEX,2025-08-18 19:30:08,NHB250818193008.RAWLLF0,2025-08-18 19:33:04,NHB250818193304.RAWLLF4
1283,2025-08-18 19:40:08,NHB250818194008.RAWLLF7,2025-08-18 19:43:04,NHB250818194304.RAWLLFB,2025-08-18 19:50:07,NHB250818195007.RAWLLFE,2025-08-18 19:53:03,NHB250818195303.RAWLLFJ
1284,2025-08-18 20:00:08,NHB250818200008.RAWLLFM,2025-08-18 20:03:03,NHB250818200303.RAWLLFS,2025-08-18 20:10:07,NHB250818201007.RAWLLFV,2025-08-18 20:13:03,NHB250818201303.RAWLLFZ
1285,2025-08-18 20:20:08,NHB250818202008.RAWLLG2,2025-08-18 20:23:03,NHB250818202303.RAWLLG6,2025-08-18 20:30:08,NHB250818203008.RAWLLG9,2025-08-18 20:33:03,NHB250818203303.RAWLLGD
1286,2025-08-18 20:40:07,NHB250818204007.RAWLLGG,2025-08-18 20:43:04,NHB250818204304.RAWLLGL,2025-08-18 20:50:07,NHB250818205007.RAWLLGP,2025-08-18 20:53:03,NHB250818205303.RAWLLGU
1287,2025-08-18 21:00:07,NHB250818210007.RAWLLGX,2025-08-18 21:03:03,NHB250818210303.RAWLLH1,2025-08-18 21:10:07,NHB250818211007.RAWLLH4,2025-08-18 21:13:04,NHB250818211304.RAWLLH8
1288,2025-08-18 21:20:07,NHB250818212007.RAWLLHB,2025-08-18 21:23:03,NHB250818212303.RAWLLHF,2025-08-18 21:30:08,NHB250818213008.RAWLLHJ,2025-08-18 21:33:04,NHB250818213304.RAWLLHN
1289,2025-08-18 21:40:08,NHB250818214008.RAWLLHS,2025-08-18 21:43:03,NHB250818214303.RAWLLHW,2025-08-18 21:50:08,NHB250818215008.RAWLLHZ,2025-08-18 21:53:04,NHB250818215304.RAWLLJ3
1290,2025-08-18 22:00:08,NHB250818220008.RAWLLJ6,2025-08-18 22:03:04,NHB250818220304.RAWLLJA,2025-08-18 22:10:07,NHB250818221007.RAWLLJD,2025-08-18 22:13:04,NHB250818221304.RAWLLJH
1291,2025-08-18 22:20:08,NHB250818222008.RAWLLJL,2025-08-18 22:23:04,NHB250818222304.RAWLLJR,2025-08-18 22:30:07,NHB250818223007.RAWLLJU,2025-08-18 22:33:03,NHB250818223303.RAWLLJY
1292,2025-08-18 22:40:08,NHB250818224008.RAWLLK1,2025-08-18 22:43:03,NHB250818224303.RAWLLK5,2025-08-18 22:50:07,NHB250818225007.RAWLLK8,2025-08-18 22:53:04,NHB250818225304.RAWLLKC
1293,2025-08-18 23:00:08,NHB250818230008.RAWLLKF,2025-08-18 23:03:03,NHB250818230303.RAWLLKK,2025-08-18 23:10:07,NHB250818231007.RAWLLKN,2025-08-18 23:13:03,NHB250818231303.RAWLLKT
1294,2025-08-18 23:20:08,NHB250818232008.RAWLLKW,2025-08-18 23:23:04,NHB250818232304.RAWLLL0,2025-08-18 23:30:07,NHB250818233007.RAWLLL3,2025-08-18 23:33:04,NHB250818233304.RAWLLL7
1295,2025-08-18 23:40:07,NHB250818234007.RAWLLLA,2025-08-18 23:43:04,NHB250818234304.RAWLLLE,2025-08-18 23:50:08,NHB250818235008.RAWLLLH,2025-08-18 23:53:04,NHB250818235304.RAWLLLM
1296,2025-08-19 00:00:08,NHB250819000008.RAWLLLR,2025-08-19 00:03:04,NHB250819000304.RAWLLLV,2025-08-19 00:10:07,NHB250819001007.RAWLLLY,2025-08-19 00:13:03,NHB250819001303.RAWLLM2
1297,2025-08-19 00:20:08,NHB250819002008.RAWLLM5,2025-08-19 00:23:04,NHB250819002304.RAWLLM9,2025-08-19 00:30:07,NHB250819003007.RAWLLMC,2025-08-19 00:33:03,NHB250819003303.RAWLLMG
1298,2025-08-19 00:40:08,NHB250819004008.RAWLLMK,2025-08-19 00:43:03,NHB250819004303.RAWLLMP,2025-08-19 00:50:08,NHB250819005008.RAWLLMT,2025-08-19 00:53:05,NHB250819005305.RAWLLMX
1299,2025-08-19 01:00:07,NHB250819010007.RAWLLN0,2025-08-19 01:03:03,NHB250819010303.RAWLLN4,2025-08-19 01:10:08,NHB250819011008.RAWLLN7,2025-08-19 01:13:03,NHB250819011303.RAWLLNB
1300,2025-08-19 01:20:08,NHB250819012008.RAWLLNE,2025-08-19 01:23:03,NHB250819012303.RAWLLNJ,2025-08-19 01:30:08,NHB250819013008.RAWLLNM,2025-08-19 01:33:03,NHB250819013303.RAWLLNS
1301,2025-08-19 01:40:07,NHB250819014007.RAWLLNV,2025-08-19 01:43:03,NHB250819014303.RAWLLNZ,2025-08-19 01:50:08,NHB250819015008.RAWLLP2,2025-08-19 01:53:03,NHB250819015303.RAWLLP6
1302,2025-08-19 02:00:09,NHB250819020009.RAWLLP9,2025-08-19 02:03:04,NHB250819020304.RAWLLPD,2025-08-19 02:10:08,NHB250819021008.RAWLLPG,2025-08-19 02:13:03,NHB250819021303.RAWLLPL
1303,2025-08-19 02:20:07,NHB250819022007.RAWLLPP,2025-08-19 02:23:04,NHB250819022304.RAWLLPU,2025-08-19 02:30:08,NHB250819023008.RAWLLPX,2025-08-19 02:33:04,NHB250819023304.RAWLLR1
1304,2025-08-19 02:40:08,NHB250819024008.RAWLLR4,2025-08-19 02:43:04,NHB250819024304.RAWLLR8,2025-08-19 02:50:07,NHB250819025007.RAWLLRB,2025-08-19 02:53:04,NHB250819025304.RAWLLRF
1305,2025-08-19 03:00:07,NHB250819030007.RAWLLRJ,2025-08-19 03:03:04,NHB250819030304.RAWLLRN,2025-08-19 03:10:07,NHB250819031007.RAWLLRS,2025-08-19 03:13:04,NHB250819031304.RAWK3LS
1306,2025-08-19 03:20:07,NHB250819032007.RAWK3LV,2025-08-19 03:23:04,NHB250819032304.RAWK3LZ,2025-08-19 03:30:08,NHB250819033008.RAWK3M2,2025-08-19 03:33:03,NHB250819033303.RAWK3M6
1307,2025-08-19 03:40:08,NHB250819034008.RAWK3M9,2025-08-19 03:43:04,NHB250819034304.RAWK3MD,2025-08-19 03:50:08,NHB250819035008.RAWK3MG,2025-08-19 03:53:03,NHB250819035303.RAWK3ML
1308,2025-08-19 04:00:07,NHB250819040007.RAWK3MP,2025-08-19 04:03:03,NHB250819040303.RAWK3MU,2025-08-19 04:10:08,NHB250819041008.RAWK3MX,2025-08-19 04:13:03,NHB250819041303.RAWK3N1
1309,2025-08-19 04:20:08,NHB250819042008.RAWK3N4,2025-08-19 04:23:03,NHB250819042303.RAWK3N8,2025-08-19 04:30:08,NHB250819043008.RAWK3NB,2025-08-19 04:33:03,NHB250819043303.RAWK3NF
1310,2025-08-19 04:40:08,NHB250819044008.RAWK3NJ,2025-08-19 04:43:04,NHB250819044304.RAWK3NN,2025-08-19 04:50:08,NHB250819045008.RAWK3NS,2025-08-19 04:53:03,NHB250819045303.RAWK3NW
1311,2025-08-19 05:00:07,NHB250819050007.RAWK3NZ,2025-08-19 05:03:04,NHB250819050304.RAWK3P3,2025-08-19 05:10:07,NHB250819051007.RAWK3P6,2025-08-19 05:13:03,NHB250819051303.RAWK3PA
1312,2025-08-19 05:20:07,NHB250819052007.RAWK3PD,2025-08-19 05:23:03,NHB250819052303.RAWK3PH,2025-08-19 05:30:08,NHB250819053008.RAWK3PL,2025-08-19 05:33:03,NHB250819053303.RAWK3PR
1313,2025-08-19 05:40:09,NHB250819054009.RAWK3PU,2025-08-19 05:43:04,NHB250819054304.RAWK3PY,2025-08-19 05:50:08,NHB250819055008.RAWK3R1,2025-08-19 05:53:03,NHB250819055303.RAWK3R5
1314,2025-08-19 06:00:09,NHB250819060009.RAWK3R8,2025-08-19 06:03:03,NHB250819060303.RAWK3RC,2025-08-19 06:10:08,NHB250819061008.RAWK3RF,2025-08-19 06:13:03,NHB250819061303.RAWK3RK
1315,2025-08-19 06:20:08,NHB250819062008.RAWK3RN,2025-08-19 06:23:04,NHB250819062304.RAWK3RT,2025-08-19 06:30:08,NHB250819063008.RAWK3RW,2025-08-19 06:33:03,NHB250819063303.RAWK3S0
1316,2025-08-19 06:40:08,NHB250819064008.RAWK3S3,2025-08-19 06:43:03,NHB250819064303.RAWK3S7,2025-08-19 06:50:08,NHB250819065008.RAWK3SA,2025-08-19 06:53:03,NHB250819065303.RAWK3SE
1317,2025-08-19 07:00:08,NHB250819070008.RAWK3SH,2025-08-19 07:03:03,NHB250819070303.RAWK3SM,2025-08-19 07:10:08,NHB250819071008.RAWK3SR,2025-08-19 07:13:04,NHB250819071304.RAWK3SV
1318,2025-08-19 07:20:07,NHB250819072007.RAWK3SY,2025-08-19 07:23:03,NHB250819072303.RAWK3T2,2025-08-19 07:30:07,NHB250819073007.RAWK3T5,2025-08-19 07:33:04,NHB250819073304.RAWK3T9
1319,2025-08-19 07:40:08,NHB250819074008.RAWK3TC,2025-08-19 07:43:03,NHB250819074303.RAWK3TG,2025-08-19 07:50:07,NHB250819075007.RAWK3TK,2025-08-19 07:53:03,NHB250819075303.RAWK3TP
1320,2025-08-19 08:00:08,NHB250819080008.RAWK3TT,2025-08-19 08:03:03,NHB250819080303.RAWK3TX,2025-08-19 08:10:07,NHB250819081007.RAWK3U0,2025-08-19 08:13:04,NHB250819081304.RAWK3U4
1321,2025-08-19 08:20:07,NHB250819082007.RAWK3U7,2025-08-19 08:23:04,NHB250819082304.RAWK3UB,2025-08-19 08:30:08,NHB250819083008.RAWK3UE,2025-08-19 08:33:03,NHB250819083303.RAWK3UJ
1322,2025-08-19 08:40:08,NHB250819084008.RAWK3UM,2025-08-19 08:43:05,NHB250819084305.RAWK3US,2025-08-19 08:50:08,NHB250819085008.RAWK3UV,2025-08-19 08:53:04,NHB250819085304.RAWK3UZ
1323,2025-08-19 09:00:07,NHB250819090007.RAWK3V2,2025-08-19 09:03:04,NHB250819090304.RAWK3V6,2025-08-19 09:10:09,NHB250819091009.RAWK3V9,2025-08-19 09:13:03,NHB250819091303.RAWK3VD
1324,2025-08-19 09:20:08,NHB250819092008.RAWK3VG,2025-08-19 09:23:04,NHB250819092304.RAWK3VL,2025-08-19 09:30:08,NHB250819093008.RAWK3VP,2025-08-19 09:33:03,NHB250819093303.RAWK3VU
1325,2025-08-19 09:40:07,NHB250819094007.RAWK3VX,2025-08-19 09:43:03,NHB250819094303.RAWK3W1,2025-08-19 09:50:08,NHB250819095008.RAWK3W4,2025-08-19 09:53:04,NHB250819095304.RAWK3W8
1326,2025-08-19 10:00:07,NHB250819100007.RAWK3WB,2025-08-19 10:03:04,NHB250819100304.RAWK3WF,2025-08-19 10:10:08,NHB250819101008.RAWK3WJ,2025-08-19 10:13:03,NHB250819101303.RAWK3WN
1327,2025-08-19 10:20:08,NHB250819102008.RAWK3WS,2025-08-19 10:23:04,NHB250819102304.RAWK3WW,2025-08-19 10:30:08,NHB250819103008.RAWK3WZ,2025-08-19 10:33:03,NHB250819103303.RAWK3X3
1328,2025-08-19 10:40:07,NHB250819104007.RAWK3X6,2025-08-19 10:43:05,NHB250819104305.RAWK3XA,2025-08-19 10:50:08,NHB250819105008.RAWK3XD,2025-08-19 10:53:03,NHB250819105303.RAWK3XH
1329,2025-08-19 11:00:08,NHB250819110008.RAWK3XL,2025-08-19 11:03:03,NHB250819110303.RAWK3XR,2025-08-19 11:10:08,NHB250819111008.RAWK3XU,2025-08-19 11:13:03,NHB250819111303.RAWK3XY
1330,2025-08-19 11:20:07,NHB250819112007.RAWK3Y1,2025-08-19 11:23:03,NHB250819112303.RAWK3Y5,2025-08-19 11:30:07,NHB250819113007.RAWK3Y8,2025-08-19 11:33:04,NHB250819113304.RAWK3YC
1331,2025-08-19 11:40:08,NHB250819114008.RAWK3YF,2025-08-19 11:43:04,NHB250819114304.RAWK3YK,2025-08-19 11:50:08,NHB250819115008.RAWK3YN,2025-08-19 11:53:04,NHB250819115304.RAWK3YT
1332,2025-08-19 12:00:08,NHB250819120008.RAWK3YW,2025-08-19 12:03:03,NHB250819120303.RAWK3Z0,2025-08-19 12:10:08,NHB250819121008.RAWK3Z3,2025-08-19 12:13:04,NHB250819121304.RAWK3Z7
1333,2025-08-19 12:20:07,NHB250819122007.RAWK3ZA,2025-08-19 12:23:03,NHB250819122303.RAWK3ZE,2025-08-19 12:30:08,NHB250819123008.RAWK3ZH,2025-08-19 12:33:04,NHB250819123304.RAWK3ZM
1334,2025-08-19 12:40:09,NHB250819124009.RAWK3ZR,2025-08-19 12:43:04,NHB250819124304.RAWK3ZV,2025-08-19 12:50:07,NHB250819125007.RAWK3ZY,2025-08-19 12:53:04,NHB250819125304.RAWK402
1335,2025-08-19 13:00:08,NHB250819130008.RAWK405,2025-08-19 13:03:03,NHB250819130303.RAWK409,2025-08-19 13:10:08,NHB250819131008.RAWK40C,2025-08-19 13:13:03,NHB250819131303.RAWK40G
1336,2025-08-19 13:20:07,NHB250819132007.RAWK40K,2025-08-19 13:23:03,NHB250819132303.RAWK40P,2025-08-19 13:30:08,NHB250819133008.RAWK40T,2025-08-19 13:33:03,NHB250819133303.RAWK40X
1337,2025-08-19 13:40:08,NHB250819134008.RAWK410,2025-08-19 13:43:04,NHB250819134304.RAWK414,2025-08-19 13:50:08,NHB250819135008.RAWK417,2025-08-19 13:53:03,NHB250819135303.RAWK41B
1338,2025-08-19 14:00:09,NHB250819140009.RAWK41E,2025-08-19 14:03:03,NHB250819140303.RAWK41J,2025-08-19 14:10:08,NHB250819141008.RAWK41M,2025-08-19 14:13:03,NHB250819141303.RAWK41S
1339,2025-08-19 14:20:08,NHB250819142008.RAWK41V,2025-08-19 14:23:04,NHB250819142304.RAWK41Z,2025-08-19 14:30:08,NHB250819143008.RAWK422,2025-08-19 14:33:04,NHB250819143304.RAWK426
1340,2025-08-19 14:40:08,NHB250819144008.RAWK429,2025-08-19 14:43:03,NHB250819144303.RAWK42D,2025-08-19 14:50:08,NHB250819145008.RAWK42G,2025-08-19 14:53:03,NHB250819145303.RAWK42L
1341,2025-08-19 15:00:08,NHB250819150008.RAWK42P,2025-08-19 15:03:04,NHB250819150304.RAWK42U,2025-08-19 15:10:08,NHB250819151008.RAWK42X,2025-08-19 15:13:03,NHB250819151303.RAWK431
1342,2025-08-19 15:20:07,NHB250819152007.RAWK434,2025-08-19 15:23:04,NHB250819152304.RAWK438,2025-08-19 15:30:08,NHB250819153008.RAWK43B,2025-08-19 15:33:03,NHB250819153303.RAWK43F
1343,2025-08-19 15:40:07,NHB250819154007.RAWK43J,2025-08-19 15:43:04,NHB250819154304.RAWK43N,2025-08-19 15:50:08,NHB250819155008.RAWK43S,2025-08-19 15:53:03,NHB250819155303.RAWK43W
1344,2025-08-19 16:00:08,NHB250819160008.RAWK43Z,2025-08-19 16:03:05,NHB250819160305.RAWK443,2025-08-19 16:10:07,NHB250819161007.RAWK446,2025-08-19 16:13:04,NHB250819161304.RAWK44A
1345,2025-08-19 16:20:08,NHB250819162008.RAWK44D,2025-08-19 16:23:04,NHB250819162304.RAWK44H,2025-08-19 16:30:09,NHB250819163009.RAWK44L,2025-08-19 16:33:03,NHB250819163303.RAWK44R
1346,2025-08-19 16:40:08,NHB250819164008.RAWK44U,2025-08-19 16:43:04,NHB250819164304.RAWK44Y,2025-08-19 16:50:08,NHB250819165008.RAWK451,2025-08-19 16:53:03,NHB250819165303.RAWK455
1347,2025-08-19 17:00:08,NHB250819170008.RAWK458,2025-08-19 17:03:03,NHB250819170303.RAWK45C,2025-08-19 17:10:07,NHB250819171007.RAWK45F,2025-08-19 17:13:05,NHB250819171305.RAWK45K
1348,2025-08-19 17:20:07,NHB250819172007.RAWK45N,2025-08-19 17:23:04,NHB250819172304.RAWK45T,2025-08-19 17:30:08,NHB250819173008.RAWK45W,2025-08-19 17:33:03,NHB250819173303.RAWK460
1349,2025-08-19 17:40:08,NHB250819174008.RAWK463,2025-08-19 17:43:03,NHB250819174303.RAWK467,2025-08-19 17:50:07,NHB250819175007.RAWK46A,2025-08-19 17:53:04,NHB250819175304.RAWK46E
1350,2025-08-19 18:00:08,NHB250819180008.RAWK46H,2025-08-19 18:03:05,NHB250819180305.RAWK46M,2025-08-19 18:10:08,NHB250819181008.RAWK46R,2025-08-19 18:13:03,NHB250819181303.RAWK46V
1351,2025-08-19 18:20:07,NHB250819182007.RAWK46Y,2025-08-19 18:23:04,NHB250819182304.RAWK472,2025-08-19 18:30:08,NHB250819183008.RAWK475,2025-08-19 18:33:04,NHB250819183304.RAWK479
1352,2025-08-19 18:40:08,NHB250819184008.RAWK47C,2025-08-19 18:43:03,NHB250819184303.RAWK47G,2025-08-19 18:50:07,NHB250819185007.RAWK47K,2025-08-19 18:53:04,NHB250819185304.RAWK47P
1353,2025-08-19 19:00:07,NHB250819190007.RAWK47T,2025-08-19 19:03:04,NHB250819190304.RAWK47X,2025-08-19 19:10:08,NHB250819191008.RAWK480,2025-08-19 19:13:03,NHB250819191303.RAWK484
1354,2025-08-19 19:20:08,NHB250819192008.RAWK487,2025-08-19 19:23:04,NHB250819192304.RAWK48B,2025-08-19 19:30:08,NHB250819193008.RAWK48E,2025-08-19 19:33:03,NHB250819193303.RAWK48J
1355,2025-08-19 19:40:08,NHB250819194008.RAWK48M,2025-08-19 19:43:03,NHB250819194303.RAWK48S,2025-08-19 19:50:08,NHB250819195008.RAWK48V,2025-08-19 19:53:04,NHB250819195304.RAWK48Z
1356,2025-08-19 20:00:08,NHB250819200008.RAWK492,2025-08-19 20:03:03,NHB250819200303.RAWK496,2025-08-19 20:10:08,NHB250819201008.RAWK499,2025-08-19 20:13:04,NHB250819201304.RAWK49D
1357,2025-08-19 20:20:08,NHB250819202008.RAWK49G,2025-08-19 20:23:04,NHB250819202304.RAWK49L,2025-08-19 20:30:08,NHB250819203008.RAWK49P,2025-08-19 20:33:03,NHB250819203303.RAWK49U
1358,2025-08-19 20:40:08,NHB250819204008.RAWK49X,2025-08-19 20:43:03,NHB250819204303.RAWK4A1,2025-08-19 20:50:08,NHB250819205008.RAWK4A4,2025-08-19 20:53:03,NHB250819205303.RAWK4A8
1359,2025-08-19 21:00:08,NHB250819210008.RAWK4AB,2025-08-19 21:03:04,NHB250819210304.RAWK4AF,2025-08-19 21:10:08,NHB250819211008.RAWK4AJ,2025-08-19 21:13:04,NHB250819211304.RAWK4AN
1360,2025-08-19 21:20:09,NHB250819212009.RAWK4AS,2025-08-19 21:23:04,NHB250819212304.RAWK4AW,2025-08-19 21:30:08,NHB250819213008.RAWK4AZ,2025-08-19 21:33:03,NHB250819213303.RAWK4B3
1361,2025-08-19 21:40:08,NHB250819214008.RAWK4B6,2025-08-19 21:43:04,NHB250819214304.RAWK4BA,2025-08-19 21:50:07,NHB250819215007.RAWK4BD,2025-08-19 21:53:03,NHB250819215303.RAWK4BH
1362,2025-08-19 22:00:07,NHB250819220007.RAWK4BL,2025-08-19 22:03:03,NHB250819220303.RAWK4BR,2025-08-19 22:10:08,NHB250819221008.RAWK4BU,2025-08-19 22:13:03,NHB250819221303.RAWK4BY
1363,2025-08-19 22:20:08,NHB250819222008.RAWK4C1,2025-08-19 22:23:04,NHB250819222304.RAWK4C5,2025-08-19 22:30:07,NHB250819223007.RAWK4C8,2025-08-19 22:33:03,NHB250819223303.RAWK4CC
1364,2025-08-19 22:40:08,NHB250819224008.RAWK4CF,2025-08-19 22:43:03,NHB250819224303.RAWK4CK,2025-08-19 22:50:08,NHB250819225008.RAWK4CN,2025-08-19 22:53:03,NHB250819225303.RAWK4CT
1365,2025-08-19 23:00:07,NHB250819230007.RAWK4CW,2025-08-19 23:03:03,NHB250819230303.RAWK4D0,2025-08-19 23:10:08,NHB250819231008.RAWK4D3,2025-08-19 23:13:04,NHB250819231304.RAWK4D7
1366,2025-08-19 23:20:08,NHB250819232008.RAWK4DA,2025-08-19 23:23:04,NHB250819232304.RAWK4DE,2025-08-19 23:30:07,NHB250819233007.RAWK4DH,2025-08-19 23:33:04,NHB250819233304.RAWK4DM
1367,2025-08-19 23:40:07,NHB250819234007.RAWK4DR,2025-08-19 23:43:03,NHB250819234303.RAWK4DV,2025-08-19 23:50:08,NHB250819235008.RAWK4DY,2025-08-19 23:53:03,NHB250819235303.RAWK4E2
1368,2025-08-20 00:00:08,NHB250820000008.RAWK4E5,2025-08-20 00:03:03,NHB250820000303.RAWK4E9,2025-08-20 00:10:08,NHB250820001008.RAWK4EC,2025-08-20 00:13:03,NHB250820001303.RAWK4EG
1369,2025-08-20 00:20:08,NHB250820002008.RAWK4EK,2025-08-20 00:23:04,NHB250820002304.RAWK4EP,2025-08-20 00:30:08,NHB250820003008.RAWK4ET,2025-08-20 00:33:04,NHB250820003304.RAWK4EX
1370,2025-08-20 00:40:08,NHB250820004008.RAWK4F0,2025-08-20 00:43:05,NHB250820004305.RAWK4F4,2025-08-20 00:50:08,NHB250820005008.RAWK4F7,2025-08-20 00:53:05,NHB250820005305.RAWK4FB
1371,2025-08-20 01:00:08,NHB250820010008.RAWK4FE,2025-08-20 01:03:03,NHB250820010303.RAWK4FJ,2025-08-20 01:10:08,NHB250820011008.RAWK4FM,2025-08-20 01:13:03,NHB250820011303.RAWK4FS
1372,2025-08-20 01:20:08,NHB250820012008.RAWK4FV,2025-08-20 01:23:03,NHB250820012303.RAWK4FZ,2025-08-20 01:30:08,NHB250820013008.RAWK4G2,2025-08-20 01:33:04,NHB250820013304.RAWK4G6
1373,2025-08-20 01:40:07,NHB250820014007.RAWK4G9,2025-08-20 01:43:04,NHB250820014304.RAWK4GD,2025-08-20 01:50:08,NHB250820015008.RAWK4GG,2025-08-20 01:53:03,NHB250820015303.RAWK4GL
1374,2025-08-20 02:00:08,NHB250820020008.RAWK4GP,2025-08-20 02:03:03,NHB250820020303.RAWK4GU,2025-08-20 02:10:08,NHB250820021008.RAWK4GX,2025-08-20 02:13:03,NHB250820021303.RAWK4H1
1375,2025-08-20 02:20:08,NHB250820022008.RAWK4H4,2025-08-20 02:23:04,NHB250820022304.RAWK4H8,2025-08-20 02:30:07,NHB250820023007.RAWK4HB,2025-08-20 02:33:03,NHB250820023303.RAWK4HF
1376,2025-08-20 02:40:07,NHB250820024007.RAWK4HJ,2025-08-20 02:43:04,NHB250820024304.RAWK4HN,2025-08-20 02:50:07,NHB250820025007.RAWK4HS,2025-08-20 02:53:04,NHB250820025304.RAWK4HW
1377,2025-08-20 03:00:08,NHB250820030008.RAWK4HZ,2025-08-20 03:03:04,NHB250820030304.RAWK4J3,2025-08-20 03:10:07,NHB250820031007.RAWK4J6,2025-08-20 03:13:05,NHB250820031305.RAWK4JA
1378,2025-08-20 03:20:08,NHB250820032008.RAWK4JD,2025-08-20 03:23:03,NHB250820032303.RAWK4JH,2025-08-20 03:30:08,NHB250820033008.RAWK4JL,2025-08-20 03:33:03,NHB250820033303.RAWK4JR
1379,2025-08-20 03:40:08,NHB250820034008.RAWK4JU,2025-08-20 03:43:03,NHB250820034303.RAWK4JY,2025-08-20 03:50:07,NHB250820035007.RAWK4K1,2025-08-20 03:53:03,NHB250820035303.RAWK4K5
1380,2025-08-20 04:00:07,NHB250820040007.RAWK4K8,2025-08-20 04:03:03,NHB250820040303.RAWK4KC,2025-08-20 04:10:07,NHB250820041007.RAWK4KF,2025-08-20 04:13:04,NHB250820041304.RAWK4KK
1381,2025-08-20 04:20:08,NHB250820042008.RAWK4KN,2025-08-20 04:23:04,NHB250820042304.RAWK4KT,2025-08-20 04:30:07,NHB250820043007.RAWK4KW,2025-08-20 04:33:03,NHB250820043303.RAWK4L0
1382,2025-08-20 04:40:08,NHB250820044008.RAWK4L3,2025-08-20 04:43:03,NHB250820044303.RAWK4L7,2025-08-20 04:50:08,NHB250820045008.RAWK4LA,2025-08-20 04:53:04,NHB250820045304.RAWK4LE
1383,2025-08-20 05:00:07,NHB250820050007.RAWK4LH,2025-08-20 05:03:04,NHB250820050304.RAWK4LM,2025-08-20 05:10:08,NHB250820051008.RAWK4LR,2025-08-20 05:13:03,NHB250820051303.RAWK4LV
1384,2025-08-20 05:20:08,NHB250820052008.RAWK4LY,2025-08-20 05:23:03,NHB250820052303.RAWK4M2,2025-08-20 05:30:07,NHB250820053007.RAWK4M5,2025-08-20 05:33:04,NHB250820053304.RAWK4M9
1385,2025-08-20 05:40:08,NHB250820054008.RAWK4MC,2025-08-20 05:43:03,NHB250820054303.RAWK4MG,2025-08-20 05:50:08,NHB250820055008.RAWK4MK,2025-08-20 05:53:04,NHB250820055304.RAWK4MP
1386,2025-08-20 06:00:09,NHB250820060009.RAWK4MT,2025-08-20 06:03:03,NHB250820060303.RAWK4MX,2025-08-20 06:10:07,NHB250820061007.RAWK4N0,2025-08-20 06:13:03,NHB250820061303.RAWK4N4
1387,2025-08-20 06:20:08,NHB250820062008.RAWK4N7,2025-08-20 06:23:03,NHB250820062303.RAWK4NB,2025-08-20 06:30:07,NHB250820063007.RAWK4NE,2025-08-20 06:33:04,NHB250820063304.RAWK4NJ
1388,2025-08-20 06:40:07,NHB250820064007.RAWK4NM,2025-08-20 06:43:03,NHB250820064303.RAWK4NS,2025-08-20 06:50:08,NHB250820065008.RAWK4NV,2025-08-20 06:53:04,NHB250820065304.RAWK4NZ
1389,2025-08-20 07:00:07,NHB250820070007.RAWK4P2,2025-08-20 07:03:03,NHB250820070303.RAWK4P6,2025-08-20 07:10:08,NHB250820071008.RAWK4P9,2025-08-20 07:13:04,NHB250820071304.RAWK4PD
1390,2025-08-20 07:20:08,NHB250820072008.RAWK4PG,2025-08-20 07:23:04,NHB250820072304.RAWK4PL,2025-08-20 07:30:07,NHB250820073007.RAWK4PP,2025-08-20 07:33:03,NHB250820073303.RAWK4PU
1391,2025-08-20 07:40:08,NHB250820074008.RAWK4PX,2025-08-20 07:43:03,NHB250820074303.RAWK4R1,2025-08-20 07:50:07,NHB250820075007.RAWK4R4,2025-08-20 07:53:04,NHB250820075304.RAWK4R8
1392,2025-08-20 08:00:08,NHB250820080008.RAWK4RB,2025-08-20 08:03:03,NHB250820080303.RAWK4RF,2025-08-20 08:10:08,NHB250820081008.RAWK4RJ,2025-08-20 08:13:03,NHB250820081303.RAWK4RN
1393,2025-08-20 08:20:08,NHB250820082008.RAWK4RS,2025-08-20 08:23:04,NHB250820082304.RAWK4RW,2025-08-20 08:30:08,NHB250820083008.RAWK4RZ,2025-08-20 08:33:03,NHB250820083303.RAWK4S3
1394,2025-08-20 08:40:08,NHB250820084008.RAWK4S6,2025-08-20 08:43:04,NHB250820084304.RAWK4SA,2025-08-20 08:50:07,NHB250820085007.RAWK4SD,2025-08-20 08:53:04,NHB250820085304.RAWK4SH
1395,2025-08-20 09:00:07,NHB250820090007.RAWK4SL,2025-08-20 09:03:03,NHB250820090303.RAWK4SR,2025-08-20 09:10:08,NHB250820091008.RAWK4SU,2025-08-20 09:13:05,NHB250820091305.RAWK4SY
1396,2025-08-20 09:20:08,NHB250820092008.RAWK4T1,2025-08-20 09:23:03,NHB250820092303.RAWK4T5,2025-08-20 09:30:07,NHB250820093007.RAWK4T8,2025-08-20 09:33:03,NHB250820093303.RAWNCCD
1397,2025-08-20 09:40:07,NHB250820094007.RAWNCCG,2025-08-20 09:43:04,NHB250820094304.RAWNCCL,2025-08-20 09:50:09,NHB250820095009.RAWNCCP,2025-08-20 09:53:04,NHB250820095304.RAWNCCU
1398,2025-08-20 10:00:08,NHB250820100008.RAWNCCX,2025-08-20 10:03:04,NHB250820100304.RAWNCD1,2025-08-20 10:10:08,NHB250820101008.RAWNCD4,2025-08-20 10:13:03,NHB250820101303.RAWNCD8
1399,2025-08-20 10:20:07,NHB250820102007.RAWNCDB,2025-08-20 10:23:04,NHB250820102304.RAWNCDF,2025-08-20 10:30:07,NHB250820103007.RAWNCDJ,2025-08-20 10:33:03,NHB250820103303.RAWNCDN
1400,2025-08-20 10:40:08,NHB250820104008.RAWNCDS,2025-08-20 10:43:04,NHB250820104304.RAWNCDW,2025-08-20 10:50:08,NHB250820105008.RAWNCDZ,2025-08-20 10:53:03,NHB250820105303.RAWNCE3
1401,2025-08-20 11:00:08,NHB250820110008.RAWNCE6,2025-08-20 11:03:03,NHB250820110303.RAWNCEA,2025-08-20 11:10:07,NHB250820111007.RAWNCED,2025-08-20 11:13:04,NHB250820111304.RAWNCEH
1402,2025-08-20 11:20:08,NHB250820112008.RAWNCEL,2025-08-20 11:23:03,NHB250820112303.RAWNCER,2025-08-20 11:30:08,NHB250820113008.RAWNCEU,2025-08-20 11:33:04,NHB250820113304.RAWNCEY
1403,2025-08-20 11:40:08,NHB250820114008.RAWNCF1,2025-08-20 11:43:04,NHB250820114304.RAWNCF5,2025-08-20 11:50:07,NHB250820115007.RAWNCF8,2025-08-20 11:53:03,NHB250820115303.RAWNCFC
1404,2025-08-20 12:00:08,NHB250820120008.RAWNCFF,2025-08-20 12:03:04,NHB250820120304.RAWNCFK,2025-08-20 12:10:07,NHB250820121007.RAWNCFN,2025-08-20 12:13:04,NHB250820121304.RAWNCFT
1405,2025-08-20 12:20:08,NHB250820122008.RAWNCFW,2025-08-20 12:23:03,NHB250820122303.RAWNCG0,2025-08-20 12:30:07,NHB250820123007.RAWNCG3,2025-08-20 12:33:04,NHB250820123304.RAWNCG7
1406,2025-08-20 12:40:08,NHB250820124008.RAWNCGA,2025-08-20 12:43:03,NHB250820124303.RAWNCGE,2025-08-20 12:50:08,NHB250820125008.RAWNCGH,2025-08-20 12:53:03,NHB250820125303.RAWNCGM
1407,2025-08-20 13:00:07,NHB250820130007.RAWNCGR,2025-08-20 13:03:03,NHB250820130303.RAWNCGV,2025-08-20 13:10:07,NHB250820131007.RAWNCGY,2025-08-20 13:13:03,NHB250820131303.RAWNCH2
1408,2025-08-20 13:20:08,NHB250820132008.RAWNCH5,2025-08-20 13:23:03,NHB250820132303.RAWNCH9,2025-08-20 13:30:08,NHB250820133008.RAWNCHC,2025-08-20 13:33:03,NHB250820133303.RAWNCHG
1409,2025-08-20 13:40:08,NHB250820134008.RAWNCHK,2025-08-20 13:43:03,NHB250820134303.RAWNCHP,2025-08-20 13:50:07,NHB250820135007.RAWNCHT,2025-08-20 13:53:03,NHB250820135303.RAWNCHX
1410,2025-08-20 14:00:08,NHB250820140008.RAWNCJ0,2025-08-20 14:03:03,NHB250820140303.RAWNCJ4,2025-08-20 14:10:07,NHB250820141007.RAWNCJ7,2025-08-20 14:13:04,NHB250820141304.RAWNCJB
1411,2025-08-20 14:20:07,NHB250820142007.RAWNCJE,2025-08-20 14:23:04,NHB250820142304.RAWNCJJ,2025-08-20 14:30:08,NHB250820143008.RAWNCJM,2025-08-20 14:33:03,NHB250820143303.RAWNCJS
1412,2025-08-20 14:40:07,NHB250820144007.RAWNCJV,2025-08-20 14:43:03,NHB250820144303.RAWNCJZ,2025-08-20 14:50:08,NHB250820145008.RAWNCK2,2025-08-20 14:53:03,NHB250820145303.RAWNCK6
1413,2025-08-20 15:00:08,NHB250820150008.RAWNCK9,2025-08-20 15:03:03,NHB250820150303.RAWNCKD,2025-08-20 15:10:08,NHB250820151008.RAWNCKG,2025-08-20 15:13:04,NHB250820151304.RAWNCKL
1414,2025-08-20 15:20:08,NHB250820152008.RAWNCKP,2025-08-20 15:23:04,NHB250820152304.RAWNCKU,2025-08-20 15:30:07,NHB250820153007.RAWNCKX,2025-08-20 15:33:03,NHB250820153303.RAWNCL1
1415,2025-08-20 15:40:08,NHB250820154008.RAWNCL4,2025-08-20 15:43:03,NHB250820154303.RAWNCL8,2025-08-20 15:50:08,NHB250820155008.RAWNCLB,2025-08-20 15:53:03,NHB250820155303.RAWNCLF
1416,2025-08-20 16:00:08,NHB250820160008.RAWNCLJ,2025-08-20 16:03:04,NHB250820160304.RAWNCLN,2025-08-20 16:10:07,NHB250820161007.RAWNCLS,2025-08-20 16:13:04,NHB250820161304.RAWNCLW
1417,2025-08-20 16:20:08,NHB250820162008.RAWNCLZ,2025-08-20 16:23:04,NHB250820162304.RAWNCM3,2025-08-20 16:30:08,NHB250820163008.RAWNCM6,2025-08-20 16:33:04,NHB250820163304.RAWNCMA
1418,2025-08-20 16:40:08,NHB250820164008.RAWNCMD,2025-08-20 16:43:05,NHB250820164305.RAWNCMH,2025-08-20 16:50:08,NHB250820165008.RAWNCML,2025-08-20 16:53:03,NHB250820165303.RAWNCMR
1419,2025-08-20 17:00:07,NHB250820170007.RAWNCMU,2025-08-20 17:03:04,NHB250820170304.RAWNCMY,2025-08-20 17:10:07,NHB250820171007.RAWNCN1,2025-08-20 17:13:03,NHB250820171303.RAWNCN5
1420,2025-08-20 17:20:08,NHB250820172008.RAWNCN8,2025-08-20 17:23:04,NHB250820172304.RAWNCNC,2025-08-20 17:30:07,NHB250820173007.RAWNCNF,2025-08-20 17:33:04,NHB250820173304.RAWNCNK
1421,2025-08-20 17:40:07,NHB250820174007.RAWNCNN,2025-08-20 17:43:03,NHB250820174303.RAWNCNT,2025-08-20 17:50:08,NHB250820175008.RAWNCNW,2025-08-20 17:53:03,NHB250820175303.RAWNCP0
1422,2025-08-20 18:00:07,NHB250820180007.RAWNCP3,2025-08-20 18:03:03,NHB250820180303.RAWNCP7,2025-08-20 18:10:08,NHB250820181008.RAWNCPA,2025-08-20 18:13:03,NHB250820181303.RAWNCPE
1423,2025-08-20 18:20:08,NHB250820182008.RAWNCPH,2025-08-20 18:23:03,NHB250820182303.RAWNCPM,2025-08-20 18:30:08,NHB250820183008.RAWNCPR,2025-08-20 18:33:03,NHB250820183303.RAWNCPV
1424,2025-08-20 18:40:08,NHB250820184008.RAWNCPY,2025-08-20 18:43:04,NHB250820184304.RAWNCR2,2025-08-20 18:50:07,NHB250820185007.RAWNCR5,2025-08-20 18:53:04,NHB250820185304.RAWNCR9
1425,2025-08-20 19:00:08,NHB250820190008.RAWNCRC,2025-08-20 19:03:03,NHB250820190303.RAWNCRG,2025-08-20 19:10:07,NHB250820191007.RAWNCRK,2025-08-20 19:13:03,NHB250820191303.RAWNCRP
1426,2025-08-20 19:20:08,NHB250820192008.RAWNCRT,2025-08-20 19:23:03,NHB250820192303.RAWNCRX,2025-08-20 19:30:07,NHB250820193007.RAWNCS0,2025-08-20 19:33:04,NHB250820193304.RAWNCS4
1427,2025-08-20 19:40:08,NHB250820194008.RAWNCS7,2025-08-20 19:43:05,NHB250820194305.RAWNCSB,2025-08-20 19:50:07,NHB250820195007.RAWNCSE,2025-08-20 19:53:03,NHB250820195303.RAWNCSJ
1428,2025-08-20 20:00:07,NHB250820200007.RAWNCSM,2025-08-20 20:03:04,NHB250820200304.RAWNCSS,2025-08-20 20:10:08,NHB250820201008.RAWNCSV,2025-08-20 20:13:04,NHB250820201304.RAWNCSZ
1429,2025-08-20 20:20:07,NHB250820202007.RAWNCT2,2025-08-20 20:23:04,NHB250820202304.RAWNCT6,2025-08-20 20:30:08,NHB250820203008.RAWNCT9,2025-08-20 20:33:03,NHB250820203303.RAWNCTD
1430,2025-08-20 20:40:07,NHB250820204007.RAWNCTG,2025-08-20 20:43:03,NHB250820204303.RAWNCTL,2025-08-20 20:50:07,NHB250820205007.RAWNCTP,2025-08-20 20:53:04,NHB250820205304.RAWNCTU
1431,2025-08-20 21:00:08,NHB250820210008.RAWNCTX,2025-08-20 21:03:03,NHB250820210303.RAWNCU1,2025-08-20 21:10:08,NHB250820211008.RAWNCU4,2025-08-20 21:13:04,NHB250820211304.RAWNCU8
1432,2025-08-20 21:20:08,NHB250820212008.RAWNCUB,2025-08-20 21:23:03,NHB250820212303.RAWNCUF,2025-08-20 21:30:08,NHB250820213008.RAWNCUJ,2025-08-20 21:33:04,NHB250820213304.RAWNCUN
1433,2025-08-20 21:40:08,NHB250820214008.RAWNCUS,2025-08-20 21:43:04,NHB250820214304.RAWNCUW,2025-08-20 21:50:08,NHB250820215008.RAWNCUZ,2025-08-20 21:53:04,NHB250820215304.RAWNCV3
1434,2025-08-20 22:00:07,NHB250820220007.RAWNCV6,2025-08-20 22:03:03,NHB250820220303.RAWNCVA,2025-08-20 22:10:08,NHB250820221008.RAWNCVD,2025-08-20 22:13:03,NHB250820221303.RAWNCVH
1435,2025-08-20 22:20:09,NHB250820222009.RAWNCVL,2025-08-20 22:23:03,NHB250820222303.RAWNCVR,2025-08-20 22:30:08,NHB250820223008.RAWNCVU,2025-08-20 22:33:03,NHB250820223303.RAWNCVY
1436,2025-08-20 22:40:08,NHB250820224008.RAWNCW1,2025-08-20 22:43:03,NHB250820224303.RAWNCW5,2025-08-20 22:50:08,NHB250820225008.RAWNCW8,2025-08-20 22:53:03,NHB250820225303.RAWNCWC
1437,2025-08-20 23:00:07,NHB250820230007.RAWNCWF,2025-08-20 23:03:03,NHB250820230303.RAWNCWK,2025-08-20 23:10:08,NHB250820231008.RAWNCWN,2025-08-20 23:13:03,NHB250820231303.RAWNCWT
1438,2025-08-20 23:20:08,NHB250820232008.RAWNCWW,2025-08-20 23:23:03,NHB250820232303.RAWNCX0,2025-08-20 23:30:07,NHB250820233007.RAWNCX3,2025-08-20 23:33:04,NHB250820233304.RAWNCX7
1439,2025-08-20 23:40:07,NHB250820234007.RAWNCXA,2025-08-20 23:43:04,NHB250820234304.RAWNCXE,2025-08-20 23:50:08,NHB250820235008.RAWNCXH,2025-08-20 23:53:04,NHB250820235304.RAWNCXM
1440,2025-08-21 00:00:08,NHB250821000008.RAWNCXR,2025-08-21 00:03:03,NHB250821000303.RAWNCXV,2025-08-21 00:10:08,NHB250821001008.RAWNCXY,2025-08-21 00:13:03,NHB250821001303.RAWNCY2
1441,2025-08-21 00:20:08,NHB250821002008.RAWNCY5,2025-08-21 00:23:04,NHB250821002304.RAWNCY9,2025-08-21 00:30:08,NHB250821003008.RAWNCYC,2025-08-21 00:33:04,NHB250821003304.RAWNCYG
1442,2025-08-21 00:40:08,NHB250821004008.RAWNCYK,2025-08-21 00:43:03,NHB250821004303.RAWNCYP,2025-08-21 00:50:08,NHB250821005008.RAWNCYT,2025-08-21 00:53:03,NHB250821005303.RAWNCYX
1443,2025-08-21 01:00:08,NHB250821010008.RAWNCZ0,2025-08-21 01:03:03,NHB250821010303.RAWNCZ4,2025-08-21 01:10:08,NHB250821011008.RAWNCZ7,2025-08-21 01:13:04,NHB250821011304.RAWNCZB
1444,2025-08-21 01:20:07,NHB250821012007.RAWNCZE,2025-08-21 01:23:03,NHB250821012303.RAWNCZJ,2025-08-21 01:30:08,NHB250821013008.RAWNCZM,2025-08-21 01:33:05,NHB250821013305.RAWNCZS
1445,2025-08-21 01:40:07,NHB250821014007.RAWNCZV,2025-08-21 01:43:03,NHB250821014303.RAWNCZZ,2025-08-21 01:50:08,NHB250821015008.RAWND02,2025-08-21 01:53:04,NHB250821015304.RAWND06
1446,2025-08-21 02:00:07,NHB250821020007.RAWND09,2025-08-21 02:03:04,NHB250821020304.RAWND0D,2025-08-21 02:10:07,NHB250821021007.RAWND0G,2025-08-21 02:13:03,NHB250821021303.RAWND0L
1447,2025-08-21 02:20:07,NHB250821022007.RAWND0P,2025-08-21 02:23:04,NHB250821022304.RAWND0U,2025-08-21 02:30:08,NHB250821023008.RAWND0X,2025-08-21 02:33:03,NHB250821023303.RAWND11
1448,2025-08-21 02:40:08,NHB250821024008.RAWND14,2025-08-21 02:43:03,NHB250821024303.RAWND18,2025-08-21 02:50:07,NHB250821025007.RAWND1B,2025-08-21 02:53:04,NHB250821025304.RAWND1F
1449,2025-08-21 03:00:08,NHB250821030008.RAWND1J,2025-08-21 03:03:03,NHB250821030303.RAWND1N,2025-08-21 03:10:09,NHB250821031009.RAWND1S,2025-08-21 03:13:03,NHB250821031303.RAWND1W
1450,2025-08-21 03:20:08,NHB250821032008.RAWND1Z,2025-08-21 03:23:04,NHB250821032304.RAWND23,2025-08-21 03:30:08,NHB250821033008.RAWND26,2025-08-21 03:33:03,NHB250821033303.RAWND2A
1451,2025-08-21 03:40:08,NHB250821034008.RAWND2D,2025-08-21 03:43:04,NHB250821034304.RAWND2H,2025-08-21 03:50:09,NHB250821035009.RAWND2L,2025-08-21 03:53:03,NHB250821035303.RAWND2R
1452,2025-08-21 04:00:08,NHB250821040008.RAWND2U,2025-08-21 04:03:03,NHB250821040303.RAWND2Y,2025-08-21 04:10:08,NHB250821041008.RAWND31,2025-08-21 04:13:04,NHB250821041304.RAWND35
1453,2025-08-21 04:20:08,NHB250821042008.RAWND38,2025-08-21 04:23:04,NHB250821042304.RAWND3C,2025-08-21 04:30:07,NHB250821043007.RAWND3F,2025-08-21 04:33:03,NHB250821043303.RAWND3K
1454,2025-08-21 04:40:07,NHB250821044007.RAWND3N,2025-08-21 04:43:03,NHB250821044303.RAWND3T,2025-08-21 04:50:08,NHB250821045008.RAWND3W,2025-08-21 04:53:04,NHB250821045304.RAWND40
1455,2025-08-21 05:00:08,NHB250821050008.RAWND43,2025-08-21 05:03:03,NHB250821050303.RAWND47,2025-08-21 05:10:09,NHB250821051009.RAWND4A,2025-08-21 05:13:04,NHB250821051304.RAWND4E
1456,2025-08-21 05:20:07,NHB250821052007.RAWND4H,2025-08-21 05:23:03,NHB250821052303.RAWND4M,2025-08-21 05:30:09,NHB250821053009.RAWND4R,2025-08-21 05:33:04,NHB250821053304.RAWND4V
1457,2025-08-21 05:40:08,NHB250821054008.RAWND4Y,2025-08-21 05:43:03,NHB250821054303.RAWND52,2025-08-21 05:50:09,NHB250821055009.RAWND55,2025-08-21 05:53:03,NHB250821055303.RAWND59
1458,2025-08-21 06:00:08,NHB250821060008.RAWND5C,2025-08-21 06:03:04,NHB250821060304.RAWND5G,2025-08-21 06:10:08,NHB250821061008.RAWND5K,2025-08-21 06:13:03,NHB250821061303.RAWND5P
1459,2025-08-21 06:20:09,NHB250821062009.RAWND5T,2025-08-21 06:23:04,NHB250821062304.RAWND5X,2025-08-21 06:30:08,NHB250821063008.RAWND60,2025-08-21 06:33:03,NHB250821063303.RAWND64
1460,2025-08-21 06:40:08,NHB250821064008.RAWND67,2025-08-21 06:43:03,NHB250821064303.RAWND6B,2025-08-21 06:50:08,NHB250821065008.RAWND6E,2025-08-21 06:53:05,NHB250821065305.RAWND6J
1461,2025-08-21 07:00:08,NHB250821070008.RAWND6M,2025-08-21 07:03:03,NHB250821070303.RAWND6S,2025-08-21 07:10:08,NHB250821071008.RAWND6V,2025-08-21 07:13:03,NHB250821071303.RAWND6Z
1462,2025-08-21 07:20:07,NHB250821072007.RAWND72,2025-08-21 07:23:04,NHB250821072304.RAWND76,2025-08-21 07:30:08,NHB250821073008.RAWND79,2025-08-21 07:33:03,NHB250821073303.RAWND7D
1463,2025-08-21 07:40:08,NHB250821074008.RAWND7G,2025-08-21 07:43:03,NHB250821074303.RAWND7L,2025-08-21 07:50:08,NHB250821075008.RAWND7P,2025-08-21 07:53:03,NHB250821075303.RAWND7U
1464,2025-08-21 08:00:09,NHB250821080009.RAWND7X,2025-08-21 08:03:04,NHB250821080304.RAWND81,2025-08-21 08:10:07,NHB250821081007.RAWND84,2025-08-21 08:13:04,NHB250821081304.RAWND88
1465,2025-08-21 08:20:08,NHB250821082008.RAWND8B,2025-08-21 08:23:03,NHB250821082303.RAWND8F,2025-08-21 08:30:08,NHB250821083008.RAWND8J,2025-08-21 08:33:04,NHB250821083304.RAWND8N
1466,2025-08-21 08:40:08,NHB250821084008.RAWND8S,2025-08-21 08:43:03,NHB250821084303.RAWND8W,2025-08-21 08:50:07,NHB250821085007.RAWND8Z,2025-08-21 08:53:04,NHB250821085304.RAWND93
1467,2025-08-21 09:00:08,NHB250821090008.RAWND96,2025-08-21 09:03:04,NHB250821090304.RAWND9A,2025-08-21 09:10:08,NHB250821091008.RAWND9D,2025-08-21 09:13:04,NHB250821091304.RAWND9H
1468,2025-08-21 09:20:08,NHB250821092008.RAWND9L,2025-08-21 09:23:03,NHB250821092303.RAWND9R,2025-08-21 09:30:08,NHB250821093008.RAWND9U,2025-08-21 09:33:03,NHB250821093303.RAWND9Y
1469,2025-08-21 09:40:08,NHB250821094008.RAWNDA1,2025-08-21 09:43:03,NHB250821094303.RAWNDA5,2025-08-21 09:50:08,NHB250821095008.RAWNDA8,2025-08-21 09:53:04,NHB250821095304.RAWNDAC
1470,2025-08-21 10:00:07,NHB250821100007.RAWNDAF,2025-08-21 10:03:03,NHB250821100303.RAWNDAK,2025-08-21 10:10:07,NHB250821101007.RAWNDAN,2025-08-21 10:13:03,NHB250821101303.RAWNDAT
1471,2025-08-21 10:20:08,NHB250821102008.RAWNDAW,2025-08-21 10:23:04,NHB250821102304.RAWNDB0,2025-08-21 10:30:08,NHB250821103008.RAWNDB3,2025-08-21 10:33:04,NHB250821103304.RAWNDB7
1472,2025-08-21 10:40:07,NHB250821104007.RAWNDBA,2025-08-21 10:43:03,NHB250821104303.RAWNDBE,2025-08-21 10:50:08,NHB250821105008.RAWNDBH,2025-08-21 10:53:05,NHB250821105305.RAWNDBM
1473,2025-08-21 11:00:08,NHB250821110008.RAWNDBR,2025-08-21 11:03:03,NHB250821110303.RAWNDBV,2025-08-21 11:10:08,NHB250821111008.RAWNDBY,2025-08-21 11:13:04,NHB250821111304.RAWNDC2
1474,2025-08-21 11:20:08,NHB250821112008.RAWNDC5,2025-08-21 11:23:03,NHB250821112303.RAWNDC9,2025-08-21 11:30:07,NHB250821113007.RAWNDCC,2025-08-21 11:33:03,NHB250821113303.RAWNDCG
1475,2025-08-21 11:40:08,NHB250821114008.RAWNDCK,2025-08-21 11:43:04,NHB250821114304.RAWNDCP,2025-08-21 11:50:08,NHB250821115008.RAWNDCT,2025-08-21 11:53:03,NHB250821115303.RAWNDCX
1476,2025-08-21 12:00:08,NHB250821120008.RAWNDD0,2025-08-21 12:03:03,NHB250821120303.RAWNDD4,2025-08-21 12:10:08,NHB250821121008.RAWNDD7,2025-08-21 12:13:04,NHB250821121304.RAWNDDB
1477,2025-08-21 12:20:08,NHB250821122008.RAWNDDE,2025-08-21 12:23:04,NHB250821122304.RAWNDDJ,2025-08-21 12:30:07,NHB250821123007.RAWNDDM,2025-08-21 12:33:03,NHB250821123303.RAWNDDS
1478,2025-08-21 12:40:08,NHB250821124008.RAWNDDV,2025-08-21 12:43:03,NHB250821124303.RAWNDDZ,2025-08-21 12:50:08,NHB250821125008.RAWNDE2,2025-08-21 12:53:03,NHB250821125303.RAWNDE6
1479,2025-08-21 13:00:08,NHB250821130008.RAWNDE9,2025-08-21 13:03:04,NHB250821130304.RAWNDED,2025-08-21 13:10:07,NHB250821131007.RAWNDEG,2025-08-21 13:13:04,NHB250821131304.RAWNDEL
1480,2025-08-21 13:20:07,NHB250821132007.RAWNDEP,2025-08-21 13:23:03,NHB250821132303.RAWNDEU,2025-08-21 13:30:07,NHB250821133007.RAWNDEX,2025-08-21 13:33:04,NHB250821133304.RAWNDF1
1481,2025-08-21 13:40:08,NHB250821134008.RAWNDF4,2025-08-21 13:43:04,NHB250821134304.RAWNDF8,2025-08-21 13:50:08,NHB250821135008.RAWNDFB,2025-08-21 13:53:03,NHB250821135303.RAWNDFF
1482,2025-08-21 14:00:09,NHB250821140009.RAWNDFJ,2025-08-21 14:03:03,NHB250821140303.RAWNDFN,2025-08-21 14:10:07,NHB250821141007.RAWNDFS,2025-08-21 14:13:04,NHB250821141304.RAWNDFW
1483,2025-08-21 14:20:07,NHB250821142007.RAWNDFZ,2025-08-21 14:23:03,NHB250821142303.RAWNDG3,2025-08-21 14:30:08,NHB250821143008.RAWNDG6,2025-08-21 14:33:04,NHB250821143304.RAWNDGA
1484,2025-08-21 14:40:07,NHB250821144007.RAWNDGD,2025-08-21 14:43:03,NHB250821144303.RAWNDGH,2025-08-21 14:50:08,NHB250821145008.RAWNDGL,2025-08-21 14:53:03,NHB250821145303.RAWNDGR
1485,2025-08-21 15:00:07,NHB250821150007.RAWNDGU,2025-08-21 15:03:03,NHB250821150303.RAWNDGY,2025-08-21 15:10:09,NHB250821151009.RAWNDH1,2025-08-21 15:13:04,NHB250821151304.RAWNDH5
1486,2025-08-21 15:20:08,NHB250821152008.RAWNDH8,2025-08-21 15:23:04,NHB250821152304.RAWNDHC,2025-08-21 15:30:07,NHB250821153007.RAWNDHF,2025-08-21 15:33:03,NHB250821153303.RAWNDHK
1487,2025-08-21 15:40:08,NHB250821154008.RAWNDHN,2025-08-21 15:43:03,NHB250821154303.RAWNDHT,2025-08-21 15:50:07,NHB250821155007.RAWNDHW,2025-08-21 15:53:03,NHB250821155303.RAWNDJ0
1488,2025-08-21 16:00:07,NHB250821160007.RAWNDJ3,2025-08-21 16:03:04,NHB250821160304.RAWNDJ7,2025-08-21 16:10:07,NHB250821161007.RAWNDJA,2025-08-21 16:13:04,NHB250821161304.RAWNDJE
1489,2025-08-21 16:20:07,NHB250821162007.RAWNDJH,2025-08-21 16:23:04,NHB250821162304.RAWNDJM,2025-08-21 16:30:08,NHB250821163008.RAWNDJR,2025-08-21 16:33:04,NHB250821163304.RAWNDJV
1490,2025-08-21 16:40:08,NHB250821164008.RAWNDJY,2025-08-21 16:43:04,NHB250821164304.RAWNDK2,2025-08-21 16:50:08,NHB250821165008.RAWNDK5,2025-08-21 16:53:03,NHB250821165303.RAWNDK9
1491,2025-08-21 17:00:08,NHB250821170008.RAWNDKC,2025-08-21 17:03:05,NHB250821170305.RAWNDKG,2025-08-21 17:10:08,NHB250821171008.RAWNDKK,2025-08-21 17:13:04,NHB250821171304.RAWNDKP
1492,2025-08-21 17:20:07,NHB250821172007.RAWNDKT,2025-08-21 17:23:03,NHB250821172303.RAWNDKX,2025-08-21 17:30:07,NHB250821173007.RAWNDL0,2025-08-21 17:33:03,NHB250821173303.RAWNDL4
1493,2025-08-21 17:40:08,NHB250821174008.RAWNDL7,2025-08-21 17:43:03,NHB250821174303.RAWNDLB,2025-08-21 17:50:07,NHB250821175007.RAWNDLE,2025-08-21 17:53:04,NHB250821175304.RAWNDLJ
1494,2025-08-21 18:00:07,NHB250821180007.RAWNDLM,2025-08-21 18:03:04,NHB250821180304.RAWNDLS,2025-08-21 18:10:08,NHB250821181008.RAWNDLV,2025-08-21 18:13:04,NHB250821181304.RAWNDLZ
1495,2025-08-21 18:20:08,NHB250821182008.RAWNDM2,2025-08-21 18:23:03,NHB250821182303.RAWNDM6,2025-08-21 18:30:09,NHB250821183009.RAWNDM9,2025-08-21 18:33:04,NHB250821183304.RAWNDMD
1496,2025-08-21 18:40:07,NHB250821184007.RAWNDMG,2025-08-21 18:43:03,NHB250821184303.RAWNDML,2025-08-21 18:50:07,NHB250821185007.RAWNDMP,2025-08-21 18:53:03,NHB250821185303.RAWNDMU
1497,2025-08-21 19:00:08,NHB250821190008.RAWNDMX,2025-08-21 19:03:04,NHB250821190304.RAWNDN1,2025-08-21 19:10:08,NHB250821191008.RAWNDN4,2025-08-21 19:13:04,NHB250821191304.RAWNDN8
1498,2025-08-21 19:20:08,NHB250821192008.RAWNDNB,2025-08-21 19:23:03,NHB250821192303.RAWNDNF,2025-08-21 19:30:08,NHB250821193008.RAWNDNJ,2025-08-21 19:33:03,NHB250821193303.RAWNDNN
1499,2025-08-21 19:40:08,NHB250821194008.RAWNDNS,2025-08-21 19:43:04,NHB250821194304.RAWNDNW,2025-08-21 19:50:08,NHB250821195008.RAWNDNZ,2025-08-21 19:53:03,NHB250821195303.RAWNDP3
1500,2025-08-21 20:00:07,NHB250821200007.RAWNDP6,2025-08-21 20:03:03,NHB250821200303.RAWNDPA,2025-08-21 20:10:08,NHB250821201008.RAWNDPD,2025-08-21 20:13:03,NHB250821201303.RAWNDPH
1501,2025-08-21 20:20:07,NHB250821202007.RAWNDPL,2025-08-21 20:23:04,NHB250821202304.RAWNDPR,2025-08-21 20:30:08,NHB250821203008.RAWNDPU,2025-08-21 20:33:03,NHB250821203303.RAWNDPY
1502,2025-08-21 20:40:08,NHB250821204008.RAWNDR1,2025-08-21 20:43:04,NHB250821204304.RAWNDR5,2025-08-21 20:50:07,NHB250821205007.RAWNDR8,2025-08-21 20:53:03,NHB250821205303.RAWNDRC
1503,2025-08-21 21:00:08,NHB250821210008.RAWNDRF,2025-08-21 21:03:03,NHB250821210303.RAWNDRK,2025-08-21 21:10:08,NHB250821211008.RAWNDRN,2025-08-21 21:13:04,NHB250821211304.RAWNDRT
1504,2025-08-21 21:20:08,NHB250821212008.RAWNDRW,2025-08-21 21:23:03,NHB250821212303.RAWNDS0,2025-08-21 21:30:08,NHB250821213008.RAWNDS3,2025-08-21 21:33:04,NHB250821213304.RAWNDS7
1505,2025-08-21 21:40:08,NHB250821214008.RAWNDSA,2025-08-21 21:43:04,NHB250821214304.RAWNDSE,2025-08-21 21:50:07,NHB250821215007.RAWNDSH,2025-08-21 21:53:03,NHB250821215303.RAWNDSM
1506,2025-08-21 22:00:08,NHB250821220008.RAWNDSR,2025-08-21 22:03:03,NHB250821220303.RAWNDSV,2025-08-21 22:10:07,NHB250821221007.RAWNDSY,2025-08-21 22:13:04,NHB250821221304.RAWNDT2
1507,2025-08-21 22:20:08,NHB250821222008.RAWNDT5,2025-08-21 22:23:03,NHB250821222303.RAWNDT9,2025-08-21 22:30:08,NHB250821223008.RAWNDTC,2025-08-21 22:33:04,NHB250821223304.RAWNDTG
1508,2025-08-21 22:40:08,NHB250821224008.RAWNDTK,2025-08-21 22:43:03,NHB250821224303.RAWNDTP,2025-08-21 22:50:08,NHB250821225008.RAWNDTT,2025-08-21 22:53:04,NHB250821225304.RAWNDTX
1509,2025-08-21 23:00:08,NHB250821230008.RAWNDU0,2025-08-21 23:03:04,NHB250821230304.RAWNDU4,2025-08-21 23:10:08,NHB250821231008.RAWNDU7,2025-08-21 23:13:03,NHB250821231303.RAWNDUB
1510,2025-08-21 23:20:08,NHB250821232008.RAWNDUE,2025-08-21 23:23:03,NHB250821232303.RAWNDUJ,2025-08-21 23:30:08,NHB250821233008.RAWNDUM,2025-08-21 23:33:04,NHB250821233304.RAWNDUS
1511,2025-08-21 23:40:07,NHB250821234007.RAWNDUV,2025-08-21 23:43:03,NHB250821234303.RAWNDUZ,2025-08-21 23:50:07,NHB250821235007.RAWNDV2,2025-08-21 23:53:03,NHB250821235303.RAWNDV6
1512,2025-08-22 00:00:08,NHB250822000008.RAWNDV9,2025-08-22 00:03:03,NHB250822000303.RAWNDVD,2025-08-22 00:10:08,NHB250822001008.RAWNDVG,2025-08-22 00:13:03,NHB250822001303.RAWNDVL
1513,2025-08-22 00:20:08,NHB250822002008.RAWNDVP,2025-08-22 00:23:04,NHB250822002304.RAWNDVU,2025-08-22 00:30:07,NHB250822003007.RAWNDVX,2025-08-22 00:33:04,NHB250822003304.RAWNDW1
1514,2025-08-22 00:40:07,NHB250822004007.RAWNDW4,2025-08-22 00:43:04,NHB250822004304.RAWNDW8,2025-08-22 00:50:07,NHB250822005007.RAWNDWB,2025-08-22 00:53:03,NHB250822005303.RAWNDWF
1515,2025-08-22 01:00:07,NHB250822010007.RAWNDWJ,2025-08-22 01:03:04,NHB250822010304.RAWNDWN,2025-08-22 01:10:08,NHB250822011008.RAWNDWS,2025-08-22 01:13:03,NHB250822011303.RAWNDWW
1516,2025-08-22 01:20:07,NHB250822012007.RAWNDWZ,2025-08-22 01:23:03,NHB250822012303.RAWNDX3,2025-08-22 01:30:08,NHB250822013008.RAWNDX6,2025-08-22 01:33:04,NHB250822013304.RAWNDXA
1517,2025-08-22 01:40:08,NHB250822014008.RAWNDXD,2025-08-22 01:43:05,NHB250822014305.RAWNDXH,2025-08-22 01:50:08,NHB250822015008.RAWNDXL,2025-08-22 01:53:04,NHB250822015304.RAWNDXR
1518,2025-08-22 02:00:07,NHB250822020007.RAWNDXU,2025-08-22 02:03:03,NHB250822020303.RAWNDXY,2025-08-22 02:10:07,NHB250822021007.RAWNDY1,2025-08-22 02:13:04,NHB250822021304.RAWNDY5
1519,2025-08-22 02:20:08,NHB250822022008.RAWNDY8,2025-08-22 02:23:03,NHB250822022303.RAWNDYC,2025-08-22 02:30:07,NHB250822023007.RAWNDYF,2025-08-22 02:33:04,NHB250822023304.RAWNDYK
1520,2025-08-22 02:40:08,NHB250822024008.RAWNDYN,2025-08-22 02:43:04,NHB250822024304.RAWNDYT,2025-08-22 02:50:08,NHB250822025008.RAWNDYW,2025-08-22 02:53:03,NHB250822025303.RAWNDZ0
1521,2025-08-22 03:00:08,NHB250822030008.RAWNDZ3,2025-08-22 03:03:04,NHB250822030304.RAWNDZ7,2025-08-22 03:10:08,NHB250822031008.RAWNDZA,2025-08-22 03:13:03,NHB250822031303.RAWNDZE
1522,2025-08-22 03:20:07,NHB250822032007.RAWNDZH,2025-08-22 03:23:03,NHB250822032303.RAWNDZM,2025-08-22 03:30:08,NHB250822033008.RAWNDZR,2025-08-22 03:33:04,NHB250822033304.RAWNDZV
1523,2025-08-22 03:40:08,NHB250822034008.RAWNDZY,2025-08-22 03:43:03,NHB250822034303.RAWNE02,2025-08-22 03:50:07,NHB250822035007.RAWNE05,2025-08-22 03:53:04,NHB250822035304.RAWNE09
1524,2025-08-22 04:00:07,NHB250822040007.RAWNE0C,2025-08-22 04:03:03,NHB250822040303.RAWNE0G,2025-08-22 04:10:07,NHB250822041007.RAWNE0K,2025-08-22 04:13:05,NHB250822041305.RAWNE0P
1525,2025-08-22 04:20:07,NHB250822042007.RAWNE0T,2025-08-22 04:23:04,NHB250822042304.RAWNE0X,2025-08-22 04:30:08,NHB250822043008.RAWNE10,2025-08-22 04:33:03,NHB250822043303.RAWNE14
1526,2025-08-22 04:40:07,NHB250822044007.RAWNE17,2025-08-22 04:43:04,NHB250822044304.RAWNE1B,2025-08-22 04:50:08,NHB250822045008.RAWNE1E,2025-08-22 04:53:04,NHB250822045304.RAWNE1J
1527,2025-08-22 05:00:08,NHB250822050008.RAWNE1M,2025-08-22 05:03:03,NHB250822050303.RAWNE1S,2025-08-22 05:10:08,NHB250822051008.RAWNE1V,2025-08-22 05:13:03,NHB250822051303.RAWNE1Z
1528,2025-08-22 05:20:07,NHB250822052007.RAWNE22,2025-08-22 05:23:04,NHB250822052304.RAWNE26,2025-08-22 05:30:08,NHB250822053008.RAWNE29,2025-08-22 05:33:04,NHB250822053304.RAWNE2D
1529,2025-08-22 05:40:07,NHB250822054007.RAWNE2G,2025-08-22 05:43:03,NHB250822054303.RAWNE2L,2025-08-22 05:50:07,NHB250822055007.RAWNE2P,2025-08-22 05:53:04,NHB250822055304.RAWNE2U
1530,2025-08-22 06:00:08,NHB250822060008.RAWNE2X,2025-08-22 06:03:05,NHB250822060305.RAWNE31,2025-08-22 06:10:08,NHB250822061008.RAWNE34,2025-08-22 06:13:04,NHB250822061304.RAWNE38
1531,2025-08-22 06:20:08,NHB250822062008.RAWNE3B,2025-08-22 06:23:03,NHB250822062303.RAWNE3F,2025-08-22 06:30:08,NHB250822063008.RAWNE3J,2025-08-22 06:33:04,NHB250822063304.RAWNE3N
1532,2025-08-22 06:40:08,NHB250822064008.RAWNE3S,2025-08-22 06:43:04,NHB250822064304.RAWNE3W,2025-08-22 06:50:07,NHB250822065007.RAWNE3Z,2025-08-22 06:53:04,NHB250822065304.RAWNE43
1533,2025-08-22 07:00:08,NHB250822070008.RAWNE46,2025-08-22 07:03:04,NHB250822070304.RAWNE4A,2025-08-22 07:10:08,NHB250822071008.RAWNE4D,2025-08-22 07:13:03,NHB250822071303.RAWNE4H
1534,2025-08-22 07:20:08,NHB250822072008.RAWNE4L,2025-08-22 07:23:04,NHB250822072304.RAWNE4R,2025-08-22 07:30:08,NHB250822073008.RAWNE4U,2025-08-22 07:33:04,NHB250822073304.RAWNE4Y
1535,2025-08-22 07:40:07,NHB250822074007.RAWNE51,2025-08-22 07:43:03,NHB250822074303.RAWNE55,2025-08-22 07:50:07,NHB250822075007.RAWNE58,2025-08-22 07:53:04,NHB250822075304.RAWNE5C
1536,2025-08-22 08:00:08,NHB250822080008.RAWNE5F,2025-08-22 08:03:03,NHB250822080303.RAWNE5K,2025-08-22 08:10:08,NHB250822081008.RAWNE5N,2025-08-22 08:13:03,NHB250822081303.RAWNE5T
1537,2025-08-22 08:20:08,NHB250822082008.RAWNE5W,2025-08-22 08:23:03,NHB250822082303.RAWNE60,2025-08-22 08:30:07,NHB250822083007.RAWNE63,2025-08-22 08:33:03,NHB250822083303.RAWNE67
1538,2025-08-22 08:40:08,NHB250822084008.RAWNE6A,2025-08-22 08:43:03,NHB250822084303.RAWNE6E,2025-08-22 08:50:08,NHB250822085008.RAWNE6H,2025-08-22 08:53:04,NHB250822085304.RAWNE6M
1539,2025-08-22 09:00:08,NHB250822090008.RAWNE6R,2025-08-22 09:03:03,NHB250822090303.RAWNE6V,2025-08-22 09:10:08,NHB250822091008.RAWNE6Y,2025-08-22 09:13:04,NHB250822091304.RAWNE72
1540,2025-08-22 09:20:08,NHB250822092008.RAWNE75,2025-08-22 09:23:04,NHB250822092304.RAWNE79,2025-08-22 09:30:08,NHB250822093008.RAWNE7C,2025-08-22 09:33:04,NHB250822093304.RAWNE7G
1541,2025-08-22 09:40:08,NHB250822094008.RAWNE7K,2025-08-22 09:43:03,NHB250822094303.RAWNE7P,2025-08-22 09:50:08,NHB250822095008.RAWNE7T,2025-08-22 09:53:04,NHB250822095304.RAWNE7X
1542,2025-08-22 10:00:07,NHB250822100007.RAWNE80,2025-08-22 10:03:05,NHB250822100305.RAWNE84,2025-08-22 10:10:08,NHB250822101008.RAWNE87,2025-08-22 10:13:03,NHB250822101303.RAWNE8B
1543,2025-08-22 10:20:08,NHB250822102008.RAWNE8E,2025-08-22 10:23:03,NHB250822102303.RAWNE8J,2025-08-22 10:30:09,NHB250822103009.RAWNE8M,2025-08-22 10:33:03,NHB250822103303.RAWNE8S
1544,2025-08-22 10:40:07,NHB250822104007.RAWNE8V,2025-08-22 10:43:03,NHB250822104303.RAWNE8Z,2025-08-22 10:50:09,NHB250822105009.RAWNE92,2025-08-22 10:53:03,NHB250822105303.RAWNE96
1545,2025-08-22 11:00:07,NHB250822110007.RAWNE99,2025-08-22 11:03:04,NHB250822110304.RAWNE9D,2025-08-22 11:10:08,NHB250822111008.RAWNE9G,2025-08-22 11:13:04,NHB250822111304.RAWNE9L
1546,2025-08-22 11:20:08,NHB250822112008.RAWNE9P,2025-08-22 11:23:04,NHB250822112304.RAWNE9U,2025-08-22 11:30:07,NHB250822113007.RAWNE9X,2025-08-22 11:33:04,NHB250822113304.RAWNEA1
1547,2025-08-22 11:40:08,NHB250822114008.RAWNEA4,2025-08-22 11:43:05,NHB250822114305.RAWNEA8,2025-08-22 11:50:07,NHB250822115007.RAWNEAB,2025-08-22 11:53:03,NHB250822115303.RAWNEAF
1548,2025-08-22 12:00:07,NHB250822120007.RAWNEAJ,2025-08-22 12:03:03,NHB250822120303.RAWNEAN,2025-08-22 12:10:08,NHB250822121008.RAWNEAS,2025-08-22 12:13:03,NHB250822121303.RAWNEAW
1549,2025-08-22 12:20:08,NHB250822122008.RAWNEAZ,2025-08-22 12:23:03,NHB250822122303.RAWNEB3,2025-08-22 12:30:07,NHB250822123007.RAWNEB6,2025-08-22 12:33:03,NHB250822123303.RAWNEBA
1550,2025-08-22 12:40:08,NHB250822124008.RAWNEBD,2025-08-22 12:43:03,NHB250822124303.RAWNEBH,2025-08-22 12:50:07,NHB250822125007.RAWNEBL,2025-08-22 12:53:03,NHB250822125303.RAWNEBR
1551,2025-08-22 13:00:07,NHB250822130007.RAWNEBU,2025-08-22 13:03:04,NHB250822130304.RAWNEBY,2025-08-22 13:10:07,NHB250822131007.RAWNEC1,2025-08-22 13:13:03,NHB250822131303.RAWNEC5
1552,2025-08-22 13:20:07,NHB250822132007.RAWNEC8,2025-08-22 13:23:04,NHB250822132304.RAWNECC,2025-08-22 13:30:07,NHB250822133007.RAWNECF,2025-08-22 13:33:04,NHB250822133304.RAWNECK
1553,2025-08-22 13:40:08,NHB250822134008.RAWNECN,2025-08-22 13:43:03,NHB250822134303.RAWNECT,2025-08-22 13:50:07,NHB250822135007.RAWNECW,2025-08-22 13:53:05,NHB250822135305.RAWNED0
1554,2025-08-22 14:00:08,NHB250822140008.RAWNED3,2025-08-22 14:03:04,NHB250822140304.RAWNED7,2025-08-22 14:10:08,NHB250822141008.RAWNEDA,2025-08-22 14:13:04,NHB250822141304.RAWNEDE
1555,2025-08-22 14:20:07,NHB250822142007.RAWNEDH,2025-08-22 14:23:03,NHB250822142303.RAWNEDM,2025-08-22 14:30:07,NHB250822143007.RAWNEDR,2025-08-22 14:33:03,NHB250822143303.RAWNEDV
1556,2025-08-22 14:40:08,NHB250822144008.RAWNEDY,2025-08-22 14:43:03,NHB250822144303.RAWNEE2,2025-08-22 14:50:08,NHB250822145008.RAWNEE5,2025-08-22 14:53:03,NHB250822145303.RAWNEE9
1557,2025-08-22 15:00:07,NHB250822150007.RAWNEEC,2025-08-22 15:03:03,NHB250822150303.RAWNEEG,2025-08-22 15:10:07,NHB250822151007.RAWNEEK,2025-08-22 15:13:03,NHB250822151303.RAWNEEP
1558,2025-08-22 15:20:08,NHB250822152008.RAWNEET,2025-08-22 15:23:03,NHB250822152303.RAWNEEX,2025-08-22 15:30:07,NHB250822153007.RAWNEF0,2025-08-22 15:33:04,NHB250822153304.RAWNEF4
1559,2025-08-22 15:40:08,NHB250822154008.RAWNEF7,2025-08-22 15:43:04,NHB250822154304.RAWNEFB,2025-08-22 15:50:07,NHB250822155007.RAWNEFE,2025-08-22 15:53:04,NHB250822155304.RAWNEFJ
1560,2025-08-22 16:00:08,NHB250822160008.RAWNEFM,2025-08-22 16:03:03,NHB250822160303.RAWNEFS,2025-08-22 16:10:08,NHB250822161008.RAWNEFV,2025-08-22 16:13:04,NHB250822161304.RAWNEFZ
1561,2025-08-22 16:20:08,NHB250822162008.RAWNEG2,2025-08-22 16:23:03,NHB250822162303.RAWNEG6,2025-08-22 16:30:07,NHB250822163007.RAWNEG9,2025-08-22 16:33:05,NHB250822163305.RAWNEGD
1562,2025-08-22 16:40:08,NHB250822164008.RAWNEGG,2025-08-22 16:43:03,NHB250822164303.RAWNEGL,2025-08-22 16:50:08,NHB250822165008.RAWNEGP,2025-08-22 16:53:03,NHB250822165303.RAWNEGU
1563,2025-08-22 17:00:08,NHB250822170008.RAWNEGX,2025-08-22 17:03:03,NHB250822170303.RAWNEH1,2025-08-22 17:10:08,NHB250822171008.RAWNEH4,2025-08-22 17:13:03,NHB250822171303.RAWNEH8
1564,2025-08-22 17:20:07,NHB250822172007.RAWNEHB,2025-08-22 17:23:03,NHB250822172303.RAWNEHF,2025-08-22 17:30:08,NHB250822173008.RAWNEHJ,2025-08-22 17:33:04,NHB250822173304.RAWNEHN
1565,2025-08-22 17:40:07,NHB250822174007.RAWNEHS,2025-08-22 17:43:04,NHB250822174304.RAWNEHW,2025-08-22 17:50:07,NHB250822175007.RAWNEHZ,2025-08-22 17:53:03,NHB250822175303.RAWNEJ3
1566,2025-08-22 18:00:08,NHB250822180008.RAWNEJ6,2025-08-22 18:03:03,NHB250822180303.RAWNEJA,2025-08-22 18:10:07,NHB250822181007.RAWNEJD,2025-08-22 18:13:03,NHB250822181303.RAWNEJH
1567,2025-08-22 18:20:07,NHB250822182007.RAWNEJL,2025-08-22 18:23:03,NHB250822182303.RAWNEJR,2025-08-22 18:30:09,NHB250822183009.RAWNEJU,2025-08-22 18:33:03,NHB250822183303.RAWNEJY
1568,2025-08-22 18:40:08,NHB250822184008.RAWNEK1,2025-08-22 18:43:03,NHB250822184303.RAWNEK5,2025-08-22 18:50:07,NHB250822185007.RAWNEK8,2025-08-22 18:53:03,NHB250822185303.RAWNEKC
1569,2025-08-22 19:00:07,NHB250822190007.RAWNEKF,2025-08-22 19:03:04,NHB250822190304.RAWNEKK,2025-08-22 19:10:07,NHB250822191007.RAWNEKN,2025-08-22 19:13:03,NHB250822191303.RAWNEKT
1570,2025-08-22 19:20:07,NHB250822192007.RAWNEKW,2025-08-22 19:23:03,NHB250822192303.RAWNEL0,2025-08-22 19:30:07,NHB250822193007.RAWNEL3,2025-08-22 19:33:04,NHB250822193304.RAWNEL7
1571,2025-08-22 19:40:07,NHB250822194007.RAWNELA,2025-08-22 19:43:04,NHB250822194304.RAWNELE,2025-08-22 19:50:07,NHB250822195007.RAWNELH,2025-08-22 19:53:03,NHB250822195303.RAWNELM
1572,2025-08-22 20:00:08,NHB250822200008.RAWNELR,2025-08-22 20:03:04,NHB250822200304.RAWNELV,2025-08-22 20:10:07,NHB250822201007.RAWNELY,2025-08-22 20:13:03,NHB250822201303.RAWNEM2
1573,2025-08-22 20:20:07,NHB250822202007.RAWNEM5,2025-08-22 20:23:04,NHB250822202304.RAWNEM9,2025-08-22 20:30:07,NHB250822203007.RAWNEMC,2025-08-22 20:33:03,NHB250822203303.RAWNEMG
1574,2025-08-22 20:40:07,NHB250822204007.RAWNEMK,2025-08-22 20:43:03,NHB250822204303.RAWNEMP,2025-08-22 20:50:07,NHB250822205007.RAWNEMT,2025-08-22 20:53:03,NHB250822205303.RAWNEMX
1575,2025-08-22 21:00:08,NHB250822210008.RAWNEN0,2025-08-22 21:03:04,NHB250822210304.RAWNEN4,2025-08-22 21:10:07,NHB250822211007.RAWNEN7,2025-08-22 21:13:03,NHB250822211303.RAWNENB
1576,2025-08-22 21:20:08,NHB250822212008.RAWNENE,2025-08-22 21:23:04,NHB250822212304.RAWNENJ,2025-08-22 21:30:08,NHB250822213008.RAWNENM,2025-08-22 21:33:03,NHB250822213303.RAWNENS
1577,2025-08-22 21:40:08,NHB250822214008.RAWNENV,2025-08-22 21:43:03,NHB250822214303.RAWNENZ,2025-08-22 21:50:07,NHB250822215007.RAWNEP2,2025-08-22 21:53:04,NHB250822215304.RAWNEP6
1578,2025-08-22 22:00:08,NHB250822220008.RAWNEP9,2025-08-22 22:03:04,NHB250822220304.RAWNEPD,2025-08-22 22:10:08,NHB250822221008.RAWNEPG,2025-08-22 22:13:04,NHB250822221304.RAWNEPL
1579,2025-08-22 22:20:08,NHB250822222008.RAWNEPP,2025-08-22 22:23:03,NHB250822222303.RAWNEPU,2025-08-22 22:30:07,NHB250822223007.RAWNEPX,2025-08-22 22:33:03,NHB250822223303.RAWNER1
1580,2025-08-22 22:40:09,NHB250822224009.RAWNER4,2025-08-22 22:43:03,NHB250822224303.RAWNER8,2025-08-22 22:50:07,NHB250822225007.RAWNERB,2025-08-22 22:53:04,NHB250822225304.RAWNERF
1581,2025-08-22 23:00:07,NHB250822230007.RAWNERJ,2025-08-22 23:03:05,NHB250822230305.RAWNERN,2025-08-22 23:10:08,NHB250822231008.RAWNERS,2025-08-22 23:13:04,NHB250822231304.RAWNERW
1582,2025-08-22 23:20:09,NHB250822232009.RAWNERZ,2025-08-22 23:23:04,NHB250822232304.RAWNES3,2025-08-22 23:30:08,NHB250822233008.RAWNES6,2025-08-22 23:33:04,NHB250822233304.RAWNESA
1583,2025-08-22 23:40:08,NHB250822234008.RAWNESD,2025-08-22 23:43:03,NHB250822234303.RAWNESH,2025-08-22 23:50:07,NHB250822235007.RAWNESL,2025-08-22 23:53:04,NHB250822235304.RAWNESR
1584,2025-08-23 00:00:08,NHB250823000008.RAWNESU,2025-08-23 00:03:03,NHB250823000303.RAWNESY,2025-08-23 00:10:07,NHB250823001007.RAWNET1,2025-08-23 00:13:03,NHB250823001303.RAWNET5
1585,2025-08-23 00:20:07,NHB250823002007.RAWNET8,2025-08-23 00:23:04,NHB250823002304.RAWNETC,2025-08-23 00:30:08,NHB250823003008.RAWNETF,2025-08-23 00:33:04,NHB250823003304.RAWNETK
1586,2025-08-23 00:40:08,NHB250823004008.RAWNETN,2025-08-23 00:43:03,NHB250823004303.RAWNETT,2025-08-23 00:50:08,NHB250823005008.RAWNETW,2025-08-23 00:53:04,NHB250823005304.RAWNEU0
1587,2025-08-23 01:00:08,NHB250823010008.RAWNEU3,2025-08-23 01:03:04,NHB250823010304.RAWNEU7,2025-08-23 01:10:07,NHB250823011007.RAWNEUA,2025-08-23 01:13:04,NHB250823011304.RAWNEUE
1588,2025-08-23 01:20:07,NHB250823012007.RAWNEUH,2025-08-23 01:23:03,NHB250823012303.RAWNEUM,2025-08-23 01:30:08,NHB250823013008.RAWNEUR,2025-08-23 01:33:03,NHB250823013303.RAWNEUV
1589,2025-08-23 01:40:08,NHB250823014008.RAWNEUY,2025-08-23 01:43:04,NHB250823014304.RAWNEV2,2025-08-23 01:50:08,NHB250823015008.RAWNEV5,2025-08-23 01:53:03,NHB250823015303.RAWNEV9
1590,2025-08-23 02:00:07,NHB250823020007.RAWNEVC,2025-08-23 02:03:05,NHB250823020305.RAWNEVG,2025-08-23 02:10:08,NHB250823021008.RAWNEVK,2025-08-23 02:13:03,NHB250823021303.RAWNEVP
1591,2025-08-23 02:20:08,NHB250823022008.RAWNEVT,2025-08-23 02:23:04,NHB250823022304.RAWNEVX,2025-08-23 02:30:08,NHB250823023008.RAWNEW0,2025-08-23 02:33:03,NHB250823023303.RAWNEW4
1592,2025-08-23 02:40:07,NHB250823024007.RAWNEW7,2025-08-23 02:43:03,NHB250823024303.RAWNEWB,2025-08-23 02:50:07,NHB250823025007.RAWNEWE,2025-08-23 02:53:04,NHB250823025304.RAWNEWJ
1593,2025-08-23 03:00:08,NHB250823030008.RAWNEWM,2025-08-23 03:03:04,NHB250823030304.RAWNEWS,2025-08-23 03:10:07,NHB250823031007.RAWNEWV,2025-08-23 03:13:04,NHB250823031304.RAWNEWZ
1594,2025-08-23 03:20:07,NHB250823032007.RAWNEX2,2025-08-23 03:23:05,NHB250823032305.RAWNEX6,2025-08-23 03:30:07,NHB250823033007.RAWNEX9,2025-08-23 03:33:03,NHB250823033303.RAWNEXD
1595,2025-08-23 03:40:08,NHB250823034008.RAWNEXG,2025-08-23 03:43:04,NHB250823034304.RAWNEXL,2025-08-23 03:50:08,NHB250823035008.RAWNEXP,2025-08-23 03:53:03,NHB250823035303.RAWNEXU
1596,2025-08-23 04:00:08,NHB250823040008.RAWNEXX,2025-08-23 04:03:04,NHB250823040304.RAWNEY1,2025-08-23 04:10:07,NHB250823041007.RAWNEY4,2025-08-23 04:13:03,NHB250823041303.RAWNEY8
1597,2025-08-23 04:20:08,NHB250823042008.RAWNEYB,2025-08-23 04:23:04,NHB250823042304.RAWNEYF,2025-08-23 04:30:08,NHB250823043008.RAWNEYJ,2025-08-23 04:33:04,NHB250823043304.RAWNEYN
1598,2025-08-23 04:40:08,NHB250823044008.RAWNEYS,2025-08-23 04:43:03,NHB250823044303.RAWNEYW,2025-08-23 04:50:07,NHB250823045007.RAWNEYZ,2025-08-23 04:53:04,NHB250823045304.RAWNEZ3
1599,2025-08-23 05:00:08,NHB250823050008.RAWNEZ6,2025-08-23 05:03:03,NHB250823050303.RAWNEZA,2025-08-23 05:10:08,NHB250823051008.RAWNEZD,2025-08-23 05:13:04,NHB250823051304.RAWNEZH
1600,2025-08-23 05:20:08,NHB250823052008.RAWNEZL,2025-08-23 05:23:03,NHB250823052303.RAWNEZR,2025-08-23 05:30:09,NHB250823053009.RAWNEZU,2025-08-23 05:33:04,NHB250823053304.RAWNEZY
1601,2025-08-23 05:40:08,NHB250823054008.RAWNF01,2025-08-23 05:43:03,NHB250823054303.RAWNF05,2025-08-23 05:50:07,NHB250823055007.RAWNF08,2025-08-23 05:53:03,NHB250823055303.RAWNF0C
1602,2025-08-23 06:00:08,NHB250823060008.RAWNF0F,2025-08-23 06:03:04,NHB250823060304.RAWNF0K,2025-08-23 06:10:08,NHB250823061008.RAWNF0N,2025-08-23 06:13:04,NHB250823061304.RAWNF0T
1603,2025-08-23 06:20:08,NHB250823062008.RAWNF0W,2025-08-23 06:23:04,NHB250823062304.RAWNF10,2025-08-23 06:30:09,NHB250823063009.RAWNF13,2025-08-23 06:33:03,NHB250823063303.RAWNF17
1604,2025-08-23 06:40:08,NHB250823064008.RAWNF1A,2025-08-23 06:43:04,NHB250823064304.RAWNF1E,2025-08-23 06:50:08,NHB250823065008.RAWNF1H,2025-08-23 06:53:03,NHB250823065303.RAWNF1M
1605,2025-08-23 07:00:07,NHB250823070007.RAWNF1R,2025-08-23 07:03:04,NHB250823070304.RAWNF1V,2025-08-23 07:10:07,NHB250823071007.RAWNF1Y,2025-08-23 07:13:03,NHB250823071303.RAWNF22
1606,2025-08-23 07:20:07,NHB250823072007.RAWNF25,2025-08-23 07:23:04,NHB250823072304.RAWNF29,2025-08-23 07:30:08,NHB250823073008.RAWNF2C,2025-08-23 07:33:03,NHB250823073303.RAWNF2G
1607,2025-08-23 07:40:07,NHB250823074007.RAWNF2K,2025-08-23 07:43:03,NHB250823074303.RAWNF2P,2025-08-23 07:50:08,NHB250823075008.RAWNF2T,2025-08-23 07:53:03,NHB250823075303.RAWNF2X
1608,2025-08-23 08:00:08,NHB250823080008.RAWNF30,2025-08-23 08:03:03,NHB250823080303.RAWNF34,2025-08-23 08:10:08,NHB250823081008.RAWNF37,2025-08-23 08:13:04,NHB250823081304.RAWNF3B
1609,2025-08-23 08:20:08,NHB250823082008.RAWNF3E,2025-08-23 08:23:04,NHB250823082304.RAWNF3J,2025-08-23 08:30:08,NHB250823083008.RAWNF3M,2025-08-23 08:33:04,NHB250823083304.RAWNF3S
1610,2025-08-23 08:40:08,NHB250823084008.RAWNF3V,2025-08-23 08:43:03,NHB250823084303.RAWNF3Z,2025-08-23 08:50:07,NHB250823085007.RAWNF42,2025-08-23 08:53:05,NHB250823085305.RAWNF46
1611,2025-08-23 09:00:08,NHB250823090008.RAWNF49,2025-08-23 09:03:03,NHB250823090303.RAWNF4D,2025-08-23 09:10:08,NHB250823091008.RAWNF4G,2025-08-23 09:13:04,NHB250823091304.RAWNF4L
1612,2025-08-23 09:20:08,NHB250823092008.RAWNF4P,2025-08-23 09:23:04,NHB250823092304.RAWNF4U,2025-08-23 09:30:07,NHB250823093007.RAWNF4X,2025-08-23 09:33:03,NHB250823093303.RAWNF51
1613,2025-08-23 09:40:08,NHB250823094008.RAWNF54,2025-08-23 09:43:04,NHB250823094304.RAWNF58,2025-08-23 09:50:07,NHB250823095007.RAWNF5B,2025-08-23 09:53:03,NHB250823095303.RAWNF5F
1614,2025-08-23 10:00:08,NHB250823100008.RAWNF5J,2025-08-23 10:03:04,NHB250823100304.RAWNF5N,2025-08-23 10:10:08,NHB250823101008.RAWNF5S,2025-08-23 10:13:04,NHB250823101304.RAWNF5W
1615,2025-08-23 10:20:08,NHB250823102008.RAWNF5Z,2025-08-23 10:23:04,NHB250823102304.RAWNF63,2025-08-23 10:30:07,NHB250823103007.RAWNF66,2025-08-23 10:33:04,NHB250823103304.RAWNF6A
1616,2025-08-23 10:40:08,NHB250823104008.RAWNF6D,2025-08-23 10:43:04,NHB250823104304.RAWNF6H,2025-08-23 10:50:08,NHB250823105008.RAWNF6L,2025-08-23 10:53:04,NHB250823105304.RAWNF6R
1617,2025-08-23 11:00:07,NHB250823110007.RAWNF6U,2025-08-23 11:03:03,NHB250823110303.RAWNF6Y,2025-08-23 11:10:08,NHB250823111008.RAWNF71,2025-08-23 11:13:04,NHB250823111304.RAWNF75
1618,2025-08-23 11:20:08,NHB250823112008.RAWNF78,2025-08-23 11:23:04,NHB250823112304.RAWNF7C,2025-08-23 11:30:08,NHB250823113008.RAWNF7F,2025-08-23 11:33:03,NHB250823113303.RAWNF7K
1619,2025-08-23 11:40:08,NHB250823114008.RAWNF7N,2025-08-23 11:43:04,NHB250823114304.RAWNF7T,2025-08-23 11:50:08,NHB250823115008.RAWNF7W,2025-08-23 11:53:04,NHB250823115304.RAWNF80
1620,2025-08-23 12:00:08,NHB250823120008.RAWNF83,2025-08-23 12:03:04,NHB250823120304.RAWNF87,2025-08-23 12:10:07,NHB250823121007.RAWNF8A,2025-08-23 12:13:03,NHB250823121303.RAWNF8E
1621,2025-08-23 12:20:08,NHB250823122008.RAWNF8H,2025-08-23 12:23:03,NHB250823122303.RAWNF8M,2025-08-23 12:30:08,NHB250823123008.RAWNF8R,2025-08-23 12:33:05,NHB250823123305.RAWNF8V
1622,2025-08-23 12:40:08,NHB250823124008.RAWNF8Y,2025-08-23 12:43:04,NHB250823124304.RAWNF92,2025-08-23 12:50:07,NHB250823125007.RAWNF95,2025-08-23 12:53:05,NHB250823125305.RAWNF99
1623,2025-08-23 13:00:08,NHB250823130008.RAWNF9C,2025-08-23 13:03:04,NHB250823130304.RAWNF9G,2025-08-23 13:10:07,NHB250823131007.RAWNF9K,2025-08-23 13:13:04,NHB250823131304.RAWNF9P
1624,2025-08-23 13:20:08,NHB250823132008.RAWNF9T,2025-08-23 13:23:03,NHB250823132303.RAWNF9X,2025-08-23 13:30:07,NHB250823133007.RAWNFA0,2025-08-23 13:33:03,NHB250823133303.RAWNFA4
1625,2025-08-23 13:40:07,NHB250823134007.RAWNFA7,2025-08-23 13:43:03,NHB250823134303.RAWNFAB,2025-08-23 13:50:08,NHB250823135008.RAWNFAE,2025-08-23 13:53:04,NHB250823135304.RAWNFAJ
1626,2025-08-23 14:00:08,NHB250823140008.RAWNFAM,2025-08-23 14:03:04,NHB250823140304.RAWNFAS,2025-08-23 14:10:09,NHB250823141009.RAWNFAV,2025-08-23 14:13:04,NHB250823141304.RAWNFAZ
1627,2025-08-23 14:20:09,NHB250823142009.RAWNFB2,2025-08-23 14:23:03,NHB250823142303.RAWNFB6,2025-08-23 14:30:08,NHB250823143008.RAWNFB9,2025-08-23 14:33:04,NHB250823143304.RAWNFBD
1628,2025-08-23 14:40:07,NHB250823144007.RAWNFBG,2025-08-23 14:43:04,NHB250823144304.RAWNFBL,2025-08-23 14:50:08,NHB250823145008.RAWNFBP,2025-08-23 14:53:04,NHB250823145304.RAWNFBU
1629,2025-08-23 15:00:08,NHB250823150008.RAWNFBX,2025-08-23 15:03:04,NHB250823150304.RAWNFC1,2025-08-23 15:10:07,NHB250823151007.RAWNFC4,2025-08-23 15:13:03,NHB250823151303.RAWNFC8
1630,2025-08-23 15:20:08,NHB250823152008.RAWNFCB,2025-08-23 15:23:03,NHB250823152303.RAWNFCF,2025-08-23 15:30:07,NHB250823153007.RAWNFCJ,2025-08-23 15:33:03,NHB250823153303.RAWNFCN
1631,2025-08-23 15:40:07,NHB250823154007.RAWNFCS,2025-08-23 15:43:04,NHB250823154304.RAWNFCW,2025-08-23 15:50:07,NHB250823155007.RAWNFCZ,2025-08-23 15:53:04,NHB250823155304.RAWNFD3
1632,2025-08-23 16:00:08,NHB250823160008.RAWNFD6,2025-08-23 16:03:05,NHB250823160305.RAWNFDA,2025-08-23 16:10:07,NHB250823161007.RAWNFDD,2025-08-23 16:13:04,NHB250823161304.RAWNFDH
1633,2025-08-23 16:20:07,NHB250823162007.RAWNFDL,2025-08-23 16:23:04,NHB250823162304.RAWNFDR,2025-08-23 16:30:07,NHB250823163007.RAWNFDU,2025-08-23 16:33:03,NHB250823163303.RAWNFDY
1634,2025-08-23 16:40:08,NHB250823164008.RAWNFE1,2025-08-23 16:43:03,NHB250823164303.RAWNFE5,2025-08-23 16:50:09,NHB250823165009.RAWNFE8,2025-08-23 16:53:03,NHB250823165303.RAWNFEC
1635,2025-08-23 17:00:08,NHB250823170008.RAWNFEF,2025-08-23 17:03:03,NHB250823170303.RAWNFEK,2025-08-23 17:10:07,NHB250823171007.RAWNFEN,2025-08-23 17:13:04,NHB250823171304.RAWNFET
1636,2025-08-23 17:20:07,NHB250823172007.RAWNFEW,2025-08-23 17:23:03,NHB250823172303.RAWNFF0,2025-08-23 17:30:08,NHB250823173008.RAWNFF3,2025-08-23 17:33:03,NHB250823173303.RAWNFF7
1637,2025-08-23 17:40:08,NHB250823174008.RAWNFFA,2025-08-23 17:43:03,NHB250823174303.RAWNFFE,2025-08-23 17:50:08,NHB250823175008.RAWNFFH,2025-08-23 17:53:04,NHB250823175304.RAWNFFM
1638,2025-08-23 18:00:08,NHB250823180008.RAWNFFR,2025-08-23 18:03:03,NHB250823180303.RAWNFFV,2025-08-23 18:10:07,NHB250823181007.RAWNFFY,2025-08-23 18:13:03,NHB250823181303.RAWNFG2
1639,2025-08-23 18:20:07,NHB250823182007.RAWNFG5,2025-08-23 18:23:03,NHB250823182303.RAWNFG9,2025-08-23 18:30:08,NHB250823183008.RAWNFGC,2025-08-23 18:33:04,NHB250823183304.RAWNFGG
1640,2025-08-23 18:40:08,NHB250823184008.RAWNFGK,2025-08-23 18:43:04,NHB250823184304.RAWNFGP,2025-08-23 18:50:07,NHB250823185007.RAWNFGT,2025-08-23 18:53:03,NHB250823185303.RAWNFGX
1641,2025-08-23 19:00:08,NHB250823190008.RAWNFH0,2025-08-23 19:03:03,NHB250823190303.RAWNFH4,2025-08-23 19:10:08,NHB250823191008.RAWNFH7,2025-08-23 19:13:04,NHB250823191304.RAWNFHB
1642,2025-08-23 19:20:09,NHB250823192009.RAWNFHE,2025-08-23 19:23:03,NHB250823192303.RAWNFHJ,2025-08-23 19:30:08,NHB250823193008.RAWNFHM,2025-08-23 19:33:04,NHB250823193304.RAWNFHS
1643,2025-08-23 19:40:08,NHB250823194008.RAWNFHV,2025-08-23 19:43:03,NHB250823194303.RAWNFHZ,2025-08-23 19:50:07,NHB250823195007.RAWNFJ2,2025-08-23 19:53:03,NHB250823195303.RAWNFJ6
1644,2025-08-23 20:00:08,NHB250823200008.RAWNFJ9,2025-08-23 20:03:03,NHB250823200303.RAWNFJD,2025-08-23 20:10:08,NHB250823201008.RAWNFJG,2025-08-23 20:13:03,NHB250823201303.RAWNFJL
1645,2025-08-23 20:20:07,NHB250823202007.RAWNFJP,2025-08-23 20:23:04,NHB250823202304.RAWNFJU,2025-08-23 20:30:08,NHB250823203008.RAWNFJX,2025-08-23 20:33:04,NHB250823203304.RAWNFK1
1646,2025-08-23 20:40:07,NHB250823204007.RAWNFK4,2025-08-23 20:43:03,NHB250823204303.RAWNFK8,2025-08-23 20:50:08,NHB250823205008.RAWNFKB,2025-08-23 20:53:03,NHB250823205303.RAWNFKF
1647,2025-08-23 21:00:08,NHB250823210008.RAWNFKJ,2025-08-23 21:03:04,NHB250823210304.RAWNFKN,2025-08-23 21:10:08,NHB250823211008.RAWNFKS,2025-08-23 21:13:03,NHB250823211303.RAWNFKW
1648,2025-08-23 21:20:08,NHB250823212008.RAWNFKZ,2025-08-23 21:23:03,NHB250823212303.RAWNFL3,2025-08-23 21:30:07,NHB250823213007.RAWNFL6,2025-08-23 21:33:04,NHB250823213304.RAWNFLA
1649,2025-08-23 21:40:08,NHB250823214008.RAWNFLD,2025-08-23 21:43:03,NHB250823214303.RAWNFLH,2025-08-23 21:50:08,NHB250823215008.RAWNFLL,2025-08-23 21:53:03,NHB250823215303.RAWNFLR
1650,2025-08-23 22:00:08,NHB250823220008.RAWNFLU,2025-08-23 22:03:03,NHB250823220303.RAWNFLY,2025-08-23 22:10:08,NHB250823221008.RAWNFM1,2025-08-23 22:13:03,NHB250823221303.RAWNFM5
1651,2025-08-23 22:20:07,NHB250823222007.RAWNFM8,2025-08-23 22:23:03,NHB250823222303.RAWNFMC,2025-08-23 22:30:08,NHB250823223008.RAWNFMF,2025-08-23 22:33:04,NHB250823223304.RAWNFMK
1652,2025-08-23 22:40:08,NHB250823224008.RAWNFMN,2025-08-23 22:43:03,NHB250823224303.RAWNFMT,2025-08-23 22:50:07,NHB250823225007.RAWNFMW,2025-08-23 22:53:04,NHB250823225304.RAWNFN0
1653,2025-08-23 23:00:07,NHB250823230007.RAWNFN3,2025-08-23 23:03:03,NHB250823230303.RAWNFN7,2025-08-23 23:10:08,NHB250823231008.RAWNFNA,2025-08-23 23:13:04,NHB250823231304.RAWNFNE
1654,2025-08-23 23:20:07,NHB250823232007.RAWNFNH,2025-08-23 23:23:04,NHB250823232304.RAWNFNM,2025-08-23 23:30:08,NHB250823233008.RAWNFNR,2025-08-23 23:33:04,NHB250823233304.RAWNFNV
1655,2025-08-23 23:40:08,NHB250823234008.RAWNFNY,2025-08-23 23:43:03,NHB250823234303.RAWNFP2,2025-08-23 23:50:07,NHB250823235007.RAWNFP5,2025-08-23 23:53:04,NHB250823235304.RAWNFP9
1656,2025-08-24 00:00:07,NHB250824000007.RAWNFPC,2025-08-24 00:03:03,NHB250824000303.RAWNFPG,2025-08-24 00:10:08,NHB250824001008.RAWNFPK,2025-08-24 00:13:05,NHB250824001305.RAWNFPP
1657,2025-08-24 00:20:08,NHB250824002008.RAWNFPT,2025-08-24 00:23:03,NHB250824002303.RAWNFPX,2025-08-24 00:30:09,NHB250824003009.RAWNFR0,2025-08-24 00:33:03,NHB250824003303.RAWNFR4
1658,2025-08-24 00:40:08,NHB250824004008.RAWNFR7,2025-08-24 00:43:04,NHB250824004304.RAWNFRB,2025-08-24 00:50:08,NHB250824005008.RAWNFRE,2025-08-24 00:53:03,NHB250824005303.RAWNFRJ
1659,2025-08-24 02:10:09,NHB250824021009.RAW6TS8,2025-08-24 02:13:04,NHB250824021304.RAW6TSC,2025-08-24 02:20:07,NHB250824022007.RAW6TSF,2025-08-24 02:23:04,NHB250824022304.RAW6TSK
1660,2025-08-24 02:30:08,NHB250824023008.RAW6TSN,2025-08-24 02:33:03,NHB250824023303.RAW6TST,2025-08-24 02:40:09,NHB250824024009.RAW6TSW,2025-08-24 02:43:03,NHB250824024303.RAW6TT0
1661,2025-08-24 02:50:07,NHB250824025007.RAW6TT3,2025-08-24 02:53:03,NHB250824025303.RAW6TT7,2025-08-24 03:00:08,NHB250824030008.RAW6TTA,2025-08-24 03:03:04,NHB250824030304.RAW6TTE
1662,2025-08-24 03:10:08,NHB250824031008.RAW6TTH,2025-08-24 03:13:03,NHB250824031303.RAW6TTM,2025-08-24 03:20:09,NHB250824032009.RAW6TTR,2025-08-24 03:23:04,NHB250824032304.RAW6TTV
1663,2025-08-24 03:30:07,NHB250824033007.RAW6TTY,2025-08-24 03:33:03,NHB250824033303.RAW6TU2,2025-08-24 03:40:08,NHB250824034008.RAW6TU5,2025-08-24 03:43:04,NHB250824034304.RAW6TU9
1664,2025-08-24 03:50:09,NHB250824035009.RAW6TUC,2025-08-24 03:53:04,NHB250824035304.RAW6TUG,2025-08-24 04:00:07,NHB250824040007.RAW6TUK,2025-08-24 04:03:04,NHB250824040304.RAW6TUP
1665,2025-08-24 04:10:08,NHB250824041008.RAW6TUT,2025-08-24 04:13:04,NHB250824041304.RAW6TUX,2025-08-24 04:20:08,NHB250824042008.RAW6TV0,2025-08-24 04:23:04,NHB250824042304.RAW6TV4
1666,2025-08-24 04:30:07,NHB250824043007.RAW6TV7,2025-08-24 04:33:04,NHB250824043304.RAW6TVB,2025-08-24 04:40:07,NHB250824044007.RAW6TVE,2025-08-24 04:43:04,NHB250824044304.RAW6TVJ
1667,2025-08-24 04:50:08,NHB250824045008.RAW6TVM,2025-08-24 04:53:03,NHB250824045303.RAW6TVS,2025-08-24 05:00:07,NHB250824050007.RAW6TVV,2025-08-24 05:03:04,NHB250824050304.RAW6TVZ
1668,2025-08-24 05:10:07,NHB250824051007.RAW6TW2,2025-08-24 05:13:03,NHB250824051303.RAW6TW6,2025-08-24 05:20:07,NHB250824052007.RAW6TW9,2025-08-24 05:23:05,NHB250824052305.RAW6TWD
1669,2025-08-24 05:30:08,NHB250824053008.RAW6TWG,2025-08-24 05:33:03,NHB250824053303.RAW6TWL,2025-08-24 05:40:08,NHB250824054008.RAW6TWP,2025-08-24 05:43:03,NHB250824054303.RAW6TWU
1670,2025-08-24 05:50:07,NHB250824055007.RAW6TWX,2025-08-24 05:53:04,NHB250824055304.RAW6TX1,2025-08-24 06:00:08,NHB250824060008.RAW6TX4,2025-08-24 06:03:03,NHB250824060303.RAW6TX8
1671,2025-08-24 06:10:08,NHB250824061008.RAW6TXB,2025-08-24 06:13:03,NHB250824061303.RAW6TXF,2025-08-24 06:20:07,NHB250824062007.RAW6TXJ,2025-08-24 06:23:03,NHB250824062303.RAW6TXN
1672,2025-08-24 06:30:08,NHB250824063008.RAW6TXS,2025-08-24 06:33:03,NHB250824063303.RAW6TXW,2025-08-24 06:40:07,NHB250824064007.RAW6TXZ,2025-08-24 06:43:03,NHB250824064303.RAW6TY3
1673,2025-08-24 06:50:08,NHB250824065008.RAW6TY6,2025-08-24 06:53:04,NHB250824065304.RAW6TYA,2025-08-24 07:00:08,NHB250824070008.RAW6TYD,2025-08-24 07:03:03,NHB250824070303.RAW6TYH
1674,2025-08-24 07:10:08,NHB250824071008.RAW6TYL,2025-08-24 07:13:04,NHB250824071304.RAW6TYR,2025-08-24 07:20:07,NHB250824072007.RAW6TYU,2025-08-24 07:23:04,NHB250824072304.RAW6TYY
1675,2025-08-24 07:30:07,NHB250824073007.RAW6TZ1,2025-08-24 07:33:03,NHB250824073303.RAW6TZ5,2025-08-24 07:40:07,NHB250824074007.RAW6TZ8,2025-08-24 07:43:04,NHB250824074304.RAW6TZC
1676,2025-08-24 07:50:08,NHB250824075008.RAW6TZF,2025-08-24 07:53:03,NHB250824075303.RAW6TZK,2025-08-24 08:00:08,NHB250824080008.RAW6TZN,2025-08-24 08:03:04,NHB250824080304.RAW6TZT
1677,2025-08-24 08:10:08,NHB250824081008.RAW6TZW,2025-08-24 08:13:04,NHB250824081304.RAW6U00,2025-08-24 08:20:08,NHB250824082008.RAW6U03,2025-08-24 08:23:03,NHB250824082303.RAW6U07
1678,2025-08-24 08:30:08,NHB250824083008.RAW6U0A,2025-08-24 08:33:03,NHB250824083303.RAW6U0E,2025-08-24 08:40:08,NHB250824084008.RAW6U0H,2025-08-24 08:43:04,NHB250824084304.RAW6U0M
1679,2025-08-24 08:50:07,NHB250824085007.RAW6U0R,2025-08-24 08:53:05,NHB250824085305.RAW6U0V,2025-08-24 09:00:08,NHB250824090008.RAW6U0Y,2025-08-24 09:03:03,NHB250824090303.RAW6U12
1680,2025-08-24 09:10:08,NHB250824091008.RAW6U15,2025-08-24 09:13:03,NHB250824091303.RAW6U19,2025-08-24 09:20:08,NHB250824092008.RAW6U1C,2025-08-24 09:23:03,NHB250824092303.RAW6U1G
1681,2025-08-24 09:30:07,NHB250824093007.RAW6U1K,2025-08-24 09:33:03,NHB250824093303.RAW6U1P,2025-08-24 09:40:08,NHB250824094008.RAW6U1T,2025-08-24 09:43:04,NHB250824094304.RAW6U1X
1682,2025-08-24 09:50:08,NHB250824095008.RAW6U20,2025-08-24 09:53:04,NHB250824095304.RAW6U24,2025-08-24 10:00:08,NHB250824100008.RAW6U27,2025-08-24 10:03:04,NHB250824100304.RAW6U2B
1683,2025-08-24 10:10:08,NHB250824101008.RAW6U2E,2025-08-24 10:13:03,NHB250824101303.RAW6U2J,2025-08-24 10:20:08,NHB250824102008.RAW6U2M,2025-08-24 10:23:04,NHB250824102304.RAW6U2S
1684,2025-08-24 10:30:08,NHB250824103008.RAW6U2V,2025-08-24 10:33:04,NHB250824103304.RAW6U2Z,2025-08-24 10:40:08,NHB250824104008.RAW6U32,2025-08-24 10:43:04,NHB250824104304.RAW6U36
1685,2025-08-24 10:50:08,NHB250824105008.RAW6U39,2025-08-24 10:53:04,NHB250824105304.RAW6U3D,2025-08-24 11:00:08,NHB250824110008.RAW6U3G,2025-08-24 11:03:04,NHB250824110304.RAW6U3L
1686,2025-08-24 11:10:08,NHB250824111008.RAW6U3P,2025-08-24 11:13:04,NHB250824111304.RAW6U3U,2025-08-24 11:20:09,NHB250824112009.RAW6U3X,2025-08-24 11:23:03,NHB250824112303.RAW6U41
1687,2025-08-24 11:30:07,NHB250824113007.RAW6U44,2025-08-24 11:33:04,NHB250824113304.RAW6U48,2025-08-24 11:40:08,NHB250824114008.RAW6U4B,2025-08-24 11:43:04,NHB250824114304.RAW6U4F
1688,2025-08-24 11:50:08,NHB250824115008.RAW6U4J,2025-08-24 11:53:04,NHB250824115304.RAW6U4N,2025-08-24 12:00:07,NHB250824120007.RAW6U4S,2025-08-24 12:03:04,NHB250824120304.RAW6U4W
1689,2025-08-24 12:10:08,NHB250824121008.RAW6U4Z,2025-08-24 12:13:05,NHB250824121305.RAW6U53,2025-08-24 12:20:07,NHB250824122007.RAW6U56,2025-08-24 12:23:04,NHB250824122304.RAW6U5A
1690,2025-08-24 12:30:08,NHB250824123008.RAW6U5D,2025-08-24 12:33:05,NHB250824123305.RAW6U5H,2025-08-24 12:40:08,NHB250824124008.RAW6U5L,2025-08-24 12:43:03,NHB250824124303.RAW6U5R
1691,2025-08-24 12:50:08,NHB250824125008.RAW6U5U,2025-08-24 12:53:04,NHB250824125304.RAW6U5Y,2025-08-24 13:00:07,NHB250824130007.RAW6U61,2025-08-24 13:03:05,NHB250824130305.RAW6U65
1692,2025-08-24 13:10:08,NHB250824131008.RAW6U68,2025-08-24 13:13:03,NHB250824131303.RAW6U6C,2025-08-24 13:20:08,NHB250824132008.RAW6U6F,2025-08-24 13:23:03,NHB250824132303.RAW6U6K
1693,2025-08-24 13:30:08,NHB250824133008.RAW6U6N,2025-08-24 13:33:03,NHB250824133303.RAW6U6T,2025-08-24 13:40:08,NHB250824134008.RAW6U6W,2025-08-24 13:43:03,NHB250824134303.RAW6U70
1694,2025-08-24 13:50:08,NHB250824135008.RAW6U73,2025-08-24 13:53:04,NHB250824135304.RAW6U77,2025-08-24 14:00:08,NHB250824140008.RAW6U7A,2025-08-24 14:03:04,NHB250824140304.RAW6U7E
1695,2025-08-24 14:10:08,NHB250824141008.RAW6U7H,2025-08-24 14:13:03,NHB250824141303.RAW6U7M,2025-08-24 14:20:08,NHB250824142008.RAW6U7R,2025-08-24 14:23:04,NHB250824142304.RAW6U7V
1696,2025-08-24 14:30:08,NHB250824143008.RAW6U7Y,2025-08-24 14:33:04,NHB250824143304.RAW6U82,2025-08-24 14:40:08,NHB250824144008.RAW6U85,2025-08-24 14:43:04,NHB250824144304.RAW6U89
1697,2025-08-24 14:50:08,NHB250824145008.RAW6U8C,2025-08-24 14:53:04,NHB250824145304.RAW6U8G,2025-08-24 15:00:08,NHB250824150008.RAW6U8K,2025-08-24 15:03:04,NHB250824150304.RAW6U8P
1698,2025-08-24 15:10:07,NHB250824151007.RAW6U8T,2025-08-24 15:13:03,NHB250824151303.RAW6U8X,2025-08-24 15:20:07,NHB250824152007.RAW6U90,2025-08-24 15:23:04,NHB250824152304.RAW6U94
1699,2025-08-24 15:30:08,NHB250824153008.RAW6U97,2025-08-24 15:33:04,NHB250824153304.RAW6U9B,2025-08-24 15:40:08,NHB250824154008.RAW6U9E,2025-08-24 15:43:03,NHB250824154303.RAW6U9J
1700,2025-08-24 15:50:08,NHB250824155008.RAW6U9M,2025-08-24 15:53:04,NHB250824155304.RAW6U9S,2025-08-24 16:00:08,NHB250824160008.RAW6U9V,2025-08-24 16:03:04,NHB250824160304.RAW6U9Z
1701,2025-08-24 16:10:08,NHB250824161008.RAW6UA2,2025-08-24 16:13:04,NHB250824161304.RAW6UA6,2025-08-24 16:20:08,NHB250824162008.RAW6UA9,2025-08-24 16:23:03,NHB250824162303.RAW6UAD
1702,2025-08-24 16:30:07,NHB250824163007.RAW6UAG,2025-08-24 16:33:03,NHB250824163303.RAW6UAL,2025-08-24 16:40:08,NHB250824164008.RAW6UAP,2025-08-24 16:43:04,NHB250824164304.RAW6UAU
1703,2025-08-24 16:50:07,NHB250824165007.RAW6UAX,2025-08-24 16:53:04,NHB250824165304.RAW6UB1,2025-08-24 17:00:08,NHB250824170008.RAW6UB4,2025-08-24 17:03:03,NHB250824170303.RAW6UB8
1704,2025-08-24 17:10:08,NHB250824171008.RAW6UBB,2025-08-24 17:13:03,NHB250824171303.RAW6UBF,2025-08-24 17:20:08,NHB250824172008.RAW6UBJ,2025-08-24 17:23:03,NHB250824172303.RAW6UBN
1705,2025-08-24 17:30:08,NHB250824173008.RAW6UBS,2025-08-24 17:33:03,NHB250824173303.RAW6UBW,2025-08-24 17:40:07,NHB250824174007.RAW6UBZ,2025-08-24 17:43:03,NHB250824174303.RAW6UC3
1706,2025-08-24 17:50:07,NHB250824175007.RAW6UC6,2025-08-24 17:53:03,NHB250824175303.RAW6UCA,2025-08-24 18:00:07,NHB250824180007.RAW6UCD,2025-08-24 18:03:04,NHB250824180304.RAW6UCH
1707,2025-08-24 18:10:08,NHB250824181008.RAW6UCL,2025-08-24 18:13:03,NHB250824181303.RAW6UCR,2025-08-24 18:20:07,NHB250824182007.RAW6UCU,2025-08-24 18:23:03,NHB250824182303.RAW6UCY
1708,2025-08-24 18:30:07,NHB250824183007.RAW6UD1,2025-08-24 18:33:03,NHB250824183303.RAW6UD5,2025-08-24 18:40:08,NHB250824184008.RAW6UD8,2025-08-24 18:43:03,NHB250824184303.RAW6UDC
1709,2025-08-24 18:50:07,NHB250824185007.RAW6UDF,2025-08-24 18:53:04,NHB250824185304.RAW6UDK,2025-08-24 19:00:08,NHB250824190008.RAW6UDN,2025-08-24 19:03:04,NHB250824190304.RAW6UDT
1710,2025-08-24 19:10:09,NHB250824191009.RAW6UDW,2025-08-24 19:13:04,NHB250824191304.RAW6UE0,2025-08-24 19:20:07,NHB250824192007.RAW6UE3,2025-08-24 19:23:03,NHB250824192303.RAW6UE7
1711,2025-08-24 19:30:08,NHB250824193008.RAW6UEA,2025-08-24 19:33:03,NHB250824193303.RAW6UEE,2025-08-24 19:40:08,NHB250824194008.RAW6UEH,2025-08-24 19:43:03,NHB250824194303.RAW6UEM
1712,2025-08-24 19:50:08,NHB250824195008.RAW6UER,2025-08-24 19:53:04,NHB250824195304.RAW6UEV,2025-08-24 20:00:08,NHB250824200008.RAW6UEY,2025-08-24 20:03:04,NHB250824200304.RAW6UF2
1713,2025-08-24 20:10:07,NHB250824201007.RAW6UF5,2025-08-24 20:13:04,NHB250824201304.RAW6UF9,2025-08-24 20:20:08,NHB250824202008.RAW6UFC,2025-08-24 20:23:04,NHB250824202304.RAW6UFG
1714,2025-08-24 20:30:08,NHB250824203008.RAW6UFK,2025-08-24 20:33:04,NHB250824203304.RAW6UFP,2025-08-24 20:40:08,NHB250824204008.RAW6UFT,2025-08-24 20:43:03,NHB250824204303.RAW6UFX
1715,2025-08-24 20:50:08,NHB250824205008.RAW6UG0,2025-08-24 20:53:04,NHB250824205304.RAW6UG4,2025-08-24 21:00:08,NHB250824210008.RAW6UG7,2025-08-24 21:03:04,NHB250824210304.RAW6UGB
1716,2025-08-24 21:10:07,NHB250824211007.RAW6UGE,2025-08-24 21:13:03,NHB250824211303.RAW6UGJ,2025-08-24 21:20:08,NHB250824212008.RAW6UGM,2025-08-24 21:23:03,NHB250824212303.RAW6UGS
1717,2025-08-24 21:30:08,NHB250824213008.RAW6UGV,2025-08-24 21:33:04,NHB250824213304.RAW6UGZ,2025-08-24 21:40:08,NHB250824214008.RAW6UH2,2025-08-24 21:43:04,NHB250824214304.RAW6UH6
1718,2025-08-24 21:50:07,NHB250824215007.RAW6UH9,2025-08-24 21:53:04,NHB250824215304.RAW6UHD,2025-08-24 22:00:08,NHB250824220008.RAW6UHG,2025-08-24 22:03:04,NHB250824220304.RAW6UHL
1719,2025-08-24 22:10:07,NHB250824221007.RAW6UHP,2025-08-24 22:13:03,NHB250824221303.RAW6UHU,2025-08-24 22:20:08,NHB250824222008.RAW6UHX,2025-08-24 22:23:04,NHB250824222304.RAW6UJ1
1720,2025-08-24 22:30:08,NHB250824223008.RAW6UJ4,2025-08-24 22:33:04,NHB250824223304.RAW6UJ8,2025-08-24 22:40:08,NHB250824224008.RAW6UJB,2025-08-24 22:43:03,NHB250824224303.RAW6UJF
1721,2025-08-24 22:50:07,NHB250824225007.RAW6UJJ,2025-08-24 22:53:03,NHB250824225303.RAW6UJN,2025-08-24 23:00:07,NHB250824230007.RAW6UJS,2025-08-24 23:03:04,NHB250824230304.RAW6UJW
1722,2025-08-24 23:10:07,NHB250824231007.RAW6UJZ,2025-08-24 23:13:03,NHB250824231303.RAW6UK3,2025-08-24 23:20:07,NHB250824232007.RAW6UK6,2025-08-24 23:23:04,NHB250824232304.RAW6UKA
1723,2025-08-24 23:30:08,NHB250824233008.RAW6UKD,2025-08-24 23:33:04,NHB250824233304.RAW6UKH,2025-08-24 23:40:07,NHB250824234007.RAW6UKL,2025-08-24 23:43:03,NHB250824234303.RAW6UKR
1724,2025-08-24 23:50:07,NHB250824235007.RAW6UKU,2025-08-24 23:53:03,NHB250824235303.RAW6UKY,2025-08-25 00:00:07,NHB250825000007.RAW6UL1,2025-08-25 00:03:04,NHB250825000304.RAW6UL5
1725,2025-08-25 00:10:07,NHB250825001007.RAW6UL8,2025-08-25 00:13:03,NHB250825001303.RAW6ULC,2025-08-25 00:20:07,NHB250825002007.RAW6ULF,2025-08-25 00:23:04,NHB250825002304.RAW6ULK
1726,2025-08-25 00:30:08,NHB250825003008.RAW6ULN,2025-08-25 00:33:03,NHB250825003303.RAW6ULT,2025-08-25 00:40:07,NHB250825004007.RAW6ULW,2025-08-25 00:43:04,NHB250825004304.RAW6UM0
1727,2025-08-25 00:50:08,NHB250825005008.RAW6UM3,2025-08-25 00:53:03,NHB250825005303.RAW6UM7,2025-08-25 01:00:07,NHB250825010007.RAW6UMA,2025-08-25 01:03:03,NHB250825010303.RAW6UME
1728,2025-08-25 01:10:07,NHB250825011007.RAW6UMH,2025-08-25 01:13:04,NHB250825011304.RAW6UMM,2025-08-25 01:20:07,NHB250825012007.RAW6UMR,2025-08-25 01:23:03,NHB250825012303.RAW6UMV
1729,2025-08-25 01:30:08,NHB250825013008.RAW6UMY,2025-08-25 01:33:03,NHB250825013303.RAW6UN2,2025-08-25 01:40:08,NHB250825014008.RAW6UN5,2025-08-25 01:43:03,NHB250825014303.RAW6UN9
1730,2025-08-25 01:50:07,NHB250825015007.RAW6UNC,2025-08-25 01:53:04,NHB250825015304.RAW6UNG,2025-08-25 02:00:08,NHB250825020008.RAW6UNK,2025-08-25 02:03:03,NHB250825020303.RAW6UNP
1731,2025-08-25 02:10:07,NHB250825021007.RAW6UNT,2025-08-25 02:13:04,NHB250825021304.RAW6UNX,2025-08-25 02:20:07,NHB250825022007.RAW6UP0,2025-08-25 02:23:04,NHB250825022304.RAW6UP4
1732,2025-08-25 02:30:07,NHB250825023007.RAW6UP7,2025-08-25 02:33:04,NHB250825023304.RAW6UPB,2025-08-25 02:40:08,NHB250825024008.RAW6UPE,2025-08-25 02:43:04,NHB250825024304.RAW6UPJ
1733,2025-08-25 02:50:08,NHB250825025008.RAW6UPM,2025-08-25 02:53:03,NHB250825025303.RAW6UPS,2025-08-25 03:00:08,NHB250825030008.RAW6UPV,2025-08-25 03:03:04,NHB250825030304.RAW6UPZ
1734,2025-08-25 03:10:07,NHB250825031007.RAW6UR2,2025-08-25 03:13:03,NHB250825031303.RAW6UR6,2025-08-25 03:20:07,NHB250825032007.RAW6UR9,2025-08-25 03:23:04,NHB250825032304.RAW6URD
1735,2025-08-25 03:30:07,NHB250825033007.RAW6URG,2025-08-25 03:33:04,NHB250825033304.RAW6URL,2025-08-25 03:40:08,NHB250825034008.RAW6URP,2025-08-25 03:43:03,NHB250825034303.RAW6URU
1736,2025-08-25 03:50:08,NHB250825035008.RAW6URX,2025-08-25 03:53:04,NHB250825035304.RAW6US1,2025-08-25 04:00:08,NHB250825040008.RAW6US4,2025-08-25 04:03:03,NHB250825040303.RAW6US8
1737,2025-08-25 04:10:08,NHB250825041008.RAW6USB,2025-08-25 04:13:03,NHB250825041303.RAW6USF,2025-08-25 04:20:07,NHB250825042007.RAW6USJ,2025-08-25 04:23:03,NHB250825042303.RAW6USN
1738,2025-08-25 04:30:08,NHB250825043008.RAW6USS,2025-08-25 04:33:03,NHB250825043303.RAW6USW,2025-08-25 04:40:08,NHB250825044008.RAW6USZ,2025-08-25 04:43:04,NHB250825044304.RAW6UT3
1739,2025-08-25 04:50:08,NHB250825045008.RAW6UT6,2025-08-25 04:53:04,NHB250825045304.RAW6UTA,2025-08-25 05:00:08,NHB250825050008.RAW6UTD,2025-08-25 05:03:03,NHB250825050303.RAW6UTH
1740,2025-08-25 05:10:09,NHB250825051009.RAW6UTL,2025-08-25 05:13:04,NHB250825051304.RAW6UTR,2025-08-25 05:20:08,NHB250825052008.RAW6UTU,2025-08-25 05:23:04,NHB250825052304.RAW6UTY
1741,2025-08-25 05:30:08,NHB250825053008.RAW6UU1,2025-08-25 05:33:03,NHB250825053303.RAW6UU5,2025-08-25 05:40:08,NHB250825054008.RAW6UU8,2025-08-25 05:43:04,NHB250825054304.RAW6UUC
1742,2025-08-25 05:50:07,NHB250825055007.RAW6UUF,2025-08-25 05:53:04,NHB250825055304.RAW6UUK,2025-08-25 06:00:08,NHB250825060008.RAW6UUN,2025-08-25 06:03:03,NHB250825060303.RAW6UUT
1743,2025-08-25 06:10:08,NHB250825061008.RAW6UUW,2025-08-25 06:13:03,NHB250825061303.RAW6UV0,2025-08-25 06:20:07,NHB250825062007.RAW6UV3,2025-08-25 06:23:04,NHB250825062304.RAW6UV7
1744,2025-08-25 06:30:08,NHB250825063008.RAW6UVA,2025-08-25 06:33:04,NHB250825063304.RAW6UVE,2025-08-25 06:40:09,NHB250825064009.RAW6UVH,2025-08-25 06:43:04,NHB250825064304.RAW6UVM
1745,2025-08-25 06:50:08,NHB250825065008.RAW6UVR,2025-08-25 06:53:04,NHB250825065304.RAW6UVV,2025-08-25 07:00:07,NHB250825070007.RAW6UVY,2025-08-25 07:03:03,NHB250825070303.RAW6UW2
1746,2025-08-25 07:10:08,NHB250825071008.RAW6UW5,2025-08-25 07:13:03,NHB250825071303.RAW6UW9,2025-08-25 07:20:08,NHB250825072008.RAW6UWC,2025-08-25 07:23:03,NHB250825072303.RAW6UWG
1747,2025-08-25 07:30:08,NHB250825073008.RAW6UWK,2025-08-25 07:33:04,NHB250825073304.RAW6UWP,2025-08-25 07:40:09,NHB250825074009.RAW6UWT,2025-08-25 07:43:04,NHB250825074304.RAW6UWX
1748,2025-08-25 07:50:08,NHB250825075008.RAW6UX0,2025-08-25 07:53:04,NHB250825075304.RAW6UX4,2025-08-25 08:00:08,NHB250825080008.RAW6UX7,2025-08-25 08:03:04,NHB250825080304.RAW6UXB
1749,2025-08-25 08:10:08,NHB250825081008.RAW6UXE,2025-08-25 08:13:04,NHB250825081304.RAW6UXJ,2025-08-25 08:20:08,NHB250825082008.RAW6UXM,2025-08-25 08:23:03,NHB250825082303.RAW6UXS
1750,2025-08-25 08:30:08,NHB250825083008.RAW6UXV,2025-08-25 08:33:03,NHB250825083303.RAW6UXZ,2025-08-25 08:40:08,NHB250825084008.RAW6UY2,2025-08-25 08:43:04,NHB250825084304.RAW6UY6
1751,2025-08-25 08:50:08,NHB250825085008.RAW6UY9,2025-08-25 08:53:03,NHB250825085303.RAW6UYD,2025-08-25 09:00:07,NHB250825090007.RAW6UYG,2025-08-25 09:03:04,NHB250825090304.RAW6UYL
1752,2025-08-25 09:10:08,NHB250825091008.RAW6UYP,2025-08-25 09:13:03,NHB250825091303.RAW6UYU,2025-08-25 09:20:07,NHB250825092007.RAW6UYX,2025-08-25 09:23:04,NHB250825092304.RAW6UZ1
1753,2025-08-25 09:30:08,NHB250825093008.RAW6UZ4,2025-08-25 09:33:04,NHB250825093304.RAW6UZ8,2025-08-25 09:40:08,NHB250825094008.RAW6UZB,2025-08-25 09:43:03,NHB250825094303.RAW6UZF
1754,2025-08-25 09:50:08,NHB250825095008.RAW6UZJ,2025-08-25 09:53:04,NHB250825095304.RAW6UZN,2025-08-25 10:00:07,NHB250825100007.RAW6UZS,2025-08-25 10:03:04,NHB250825100304.RAW6UZW
1755,2025-08-25 10:10:07,NHB250825101007.RAW6UZZ,2025-08-25 10:13:04,NHB250825101304.RAW6V03,2025-08-25 10:20:08,NHB250825102008.RAW6V06,2025-08-25 10:23:04,NHB250825102304.RAW6V0A
1756,2025-08-25 10:30:08,NHB250825103008.RAW6V0D,2025-08-25 10:33:03,NHB250825103303.RAW6V0H,2025-08-25 10:40:08,NHB250825104008.RAW6V0L,2025-08-25 10:43:05,NHB250825104305.RAW6V0R
1757,2025-08-25 10:50:07,NHB250825105007.RAW6V0U,2025-08-25 10:53:03,NHB250825105303.RAW6V0Y,2025-08-25 11:00:08,NHB250825110008.RAW6V11,2025-08-25 11:03:03,NHB250825110303.RAW6V15
1758,2025-08-25 11:10:08,NHB250825111008.RAW6V18,2025-08-25 11:13:03,NHB250825111303.RAW6V1C,2025-08-25 11:20:08,NHB250825112008.RAW6V1F,2025-08-25 11:23:04,NHB250825112304.RAW6V1K
1759,2025-08-25 11:30:08,NHB250825113008.RAW6V1N,2025-08-25 11:33:03,NHB250825113303.RAW6V1T,2025-08-25 11:40:07,NHB250825114007.RAW6V1W,2025-08-25 11:43:03,NHB250825114303.RAW6V20
1760,2025-08-25 11:50:08,NHB250825115008.RAW6V23,2025-08-25 11:53:03,NHB250825115303.RAW6V27,2025-08-25 12:00:08,NHB250825120008.RAW6V2A,2025-08-25 12:03:04,NHB250825120304.RAW6V2E
1761,2025-08-25 12:10:08,NHB250825121008.RAW6V2H,2025-08-25 12:13:03,NHB250825121303.RAW6V2M,2025-08-25 12:20:08,NHB250825122008.RAW6V2R,2025-08-25 12:23:03,NHB250825122303.RAW6V2V
1762,2025-08-25 12:30:08,NHB250825123008.RAW6V2Y,2025-08-25 12:33:04,NHB250825123304.RAW6V32,2025-08-25 12:40:08,NHB250825124008.RAW6V35,2025-08-25 12:43:04,NHB250825124304.RAW6V39
1763,2025-08-25 12:50:08,NHB250825125008.RAW6V3C,2025-08-25 12:53:03,NHB250825125303.RAW6V3G,2025-08-25 13:00:08,NHB250825130008.RAW6V3K,2025-08-25 13:03:03,NHB250825130303.RAW6V3P
1764,2025-08-25 13:10:08,NHB250825131008.RAW6V3T,2025-08-25 13:13:03,NHB250825131303.RAW6V3X,2025-08-25 13:20:08,NHB250825132008.RAW6V40,2025-08-25 13:23:04,NHB250825132304.RAW6V44
1765,2025-08-25 13:30:07,NHB250825133007.RAW6V47,2025-08-25 13:33:04,NHB250825133304.RAW6V4B,2025-08-25 13:40:07,NHB250825134007.RAW6V4E,2025-08-25 13:43:03,NHB250825134303.RAW6V4J
1766,2025-08-25 13:50:08,NHB250825135008.RAW6V4M,2025-08-25 13:53:03,NHB250825135303.RAW6V4S,2025-08-25 14:00:08,NHB250825140008.RAW6V4V,2025-08-25 14:03:04,NHB250825140304.RAW6V4Z
1767,2025-08-25 14:10:07,NHB250825141007.RAW6V52,2025-08-25 14:13:03,NHB250825141303.RAW6V56,2025-08-25 14:20:07,NHB250825142007.RAW6V59,2025-08-25 14:23:04,NHB250825142304.RAW6V5D
1768,2025-08-25 14:30:08,NHB250825143008.RAW6V5G,2025-08-25 14:33:04,NHB250825143304.RAW6V5L,2025-08-25 14:40:08,NHB250825144008.RAW6V5P,2025-08-25 14:43:03,NHB250825144303.RAW6V5U
1769,2025-08-25 14:50:07,NHB250825145007.RAW6V5X,2025-08-25 14:53:04,NHB250825145304.RAW6V61,2025-08-25 15:00:08,NHB250825150008.RAW6V64,2025-08-25 15:03:03,NHB250825150303.RAW6V68
1770,2025-08-25 15:10:08,NHB250825151008.RAW6V6B,2025-08-25 15:13:04,NHB250825151304.RAW6V6F,2025-08-25 15:20:08,NHB250825152008.RAW6V6J,2025-08-25 15:23:04,NHB250825152304.RAW6V6N
1771,2025-08-25 15:30:07,NHB250825153007.RAW6V6S,2025-08-25 15:33:03,NHB250825153303.RAW6V6W,2025-08-25 15:40:07,NHB250825154007.RAW6V6Z,2025-08-25 15:43:03,NHB250825154303.RAW6V73
1772,2025-08-25 15:50:08,NHB250825155008.RAW6V76,2025-08-25 15:53:04,NHB250825155304.RAW6V7A,2025-08-25 16:00:08,NHB250825160008.RAW6V7D,2025-08-25 16:03:03,NHB250825160303.RAW6V7H
1773,2025-08-25 16:10:08,NHB250825161008.RAW6V7L,2025-08-25 16:13:03,NHB250825161303.RAW6V7R,2025-08-25 16:20:07,NHB250825162007.RAW6V7U,2025-08-25 16:23:03,NHB250825162303.RAW6V7Y
1774,2025-08-25 16:30:09,NHB250825163009.RAW6V81,2025-08-25 16:33:03,NHB250825163303.RAW6V85,2025-08-25 16:40:09,NHB250825164009.RAW6V88,2025-08-25 16:43:04,NHB250825164304.RAW6V8C
1775,2025-08-25 16:50:08,NHB250825165008.RAW6V8F,2025-08-25 16:53:04,NHB250825165304.RAW6V8K,2025-08-25 17:00:07,NHB250825170007.RAW6V8N,2025-08-25 17:03:04,NHB250825170304.RAW6V8T
1776,2025-08-25 17:10:08,NHB250825171008.RAW6V8W,2025-08-25 17:13:04,NHB250825171304.RAW6V90,2025-08-25 17:20:07,NHB250825172007.RAW6V93,2025-08-25 17:23:04,NHB250825172304.RAW6V97
1777,2025-08-25 17:30:08,NHB250825173008.RAW6V9A,2025-08-25 17:33:03,NHB250825173303.RAW6V9E,2025-08-25 17:40:07,NHB250825174007.RAW6V9H,2025-08-25 17:43:03,NHB250825174303.RAW6V9M
1778,2025-08-25 17:50:08,NHB250825175008.RAW6V9R,2025-08-25 17:53:03,NHB250825175303.RAW6V9V,2025-08-25 18:00:07,NHB250825180007.RAW6V9Y,2025-08-25 18:03:04,NHB250825180304.RAW6VA2
1779,2025-08-25 18:10:08,NHB250825181008.RAW6VA5,2025-08-25 18:13:03,NHB250825181303.RAW6VA9,2025-08-25 18:20:07,NHB250825182007.RAW6VAC,2025-08-25 18:23:04,NHB250825182304.RAW6VAG
1780,2025-08-25 18:30:07,NHB250825183007.RAW6VAK,2025-08-25 18:33:03,NHB250825183303.RAW6VAP,2025-08-25 18:40:08,NHB250825184008.RAW6VAT,2025-08-25 18:43:05,NHB250825184305.RAW6VAX
1781,2025-08-25 18:50:08,NHB250825185008.RAW6VB0,2025-08-25 18:53:03,NHB250825185303.RAW6VB4,2025-08-25 19:00:08,NHB250825190008.RAW6VB7,2025-08-25 19:03:04,NHB250825190304.RAW6VBB
1782,2025-08-25 19:10:08,NHB250825191008.RAW6VBE,2025-08-25 19:13:03,NHB250825191303.RAW6VBJ,2025-08-25 19:20:08,NHB250825192008.RAW6VBM,2025-08-25 19:23:03,NHB250825192303.RAW6VBS
1783,2025-08-25 19:30:08,NHB250825193008.RAW6VBV,2025-08-25 19:33:04,NHB250825193304.RAW6VBZ,2025-08-25 19:40:08,NHB250825194008.RAW6VC2,2025-08-25 19:43:04,NHB250825194304.RAW6VC6
1784,2025-08-25 19:50:07,NHB250825195007.RAW6VC9,2025-08-25 19:53:04,NHB250825195304.RAW6VCD,2025-08-25 20:00:07,NHB250825200007.RAW6VCG,2025-08-25 20:03:03,NHB250825200303.RAW6VCL
1785,2025-08-25 20:10:07,NHB250825201007.RAW6VCP,2025-08-25 20:13:03,NHB250825201303.RAW6VCU,2025-08-25 20:20:08,NHB250825202008.RAW6VCX,2025-08-25 20:23:04,NHB250825202304.RAW6VD1
1786,2025-08-25 20:30:07,NHB250825203007.RAW6VD4,2025-08-25 20:33:04,NHB250825203304.RAW6VD8,2025-08-25 20:40:07,NHB250825204007.RAW6VDB,2025-08-25 20:43:04,NHB250825204304.RAW6VDF
1787,2025-08-25 20:50:07,NHB250825205007.RAW6VDJ,2025-08-25 20:53:05,NHB250825205305.RAW6VDN,2025-08-25 21:00:07,NHB250825210007.RAW6VDS,2025-08-25 21:03:05,NHB250825210305.RAW6VDW
1788,2025-08-25 21:10:07,NHB250825211007.RAW6VDZ,2025-08-25 21:13:04,NHB250825211304.RAW6VE3,2025-08-25 21:20:08,NHB250825212008.RAW6VE6,2025-08-25 21:23:04,NHB250825212304.RAW6VEA
1789,2025-08-25 21:30:08,NHB250825213008.RAW6VED,2025-08-25 21:33:04,NHB250825213304.RAW6VEH,2025-08-25 21:40:07,NHB250825214007.RAW6VEL,2025-08-25 21:43:03,NHB250825214303.RAW6VER
1790,2025-08-25 21:50:08,NHB250825215008.RAW6VEU,2025-08-25 21:53:04,NHB250825215304.RAW6VEY,2025-08-25 22:00:08,NHB250825220008.RAW6VF1,2025-08-25 22:03:04,NHB250825220304.RAW6VF5
1791,2025-08-25 22:10:09,NHB250825221009.RAW6VF8,2025-08-25 22:13:03,NHB250825221303.RAW6VFC,2025-08-25 22:20:07,NHB250825222007.RAW6VFF,2025-08-25 22:23:04,NHB250825222304.RAW6VFK
1792,2025-08-25 22:30:08,NHB250825223008.RAW6VFN,2025-08-25 22:33:04,NHB250825223304.RAW6VFT,2025-08-25 22:40:08,NHB250825224008.RAW6VFW,2025-08-25 22:43:04,NHB250825224304.RAW6VG0
1793,2025-08-25 22:50:07,NHB250825225007.RAW6VG3,2025-08-25 22:53:03,NHB250825225303.RAW6VG7,2025-08-25 23:00:07,NHB250825230007.RAW6VGA,2025-08-25 23:03:04,NHB250825230304.RAW6VGE
1794,2025-08-25 23:10:08,NHB250825231008.RAW6VGH,2025-08-25 23:13:04,NHB250825231304.RAW6VGM,2025-08-25 23:20:08,NHB250825232008.RAW6VGR,2025-08-25 23:23:04,NHB250825232304.RAW6VGV
1795,2025-08-25 23:30:08,NHB250825233008.RAW6VGY,2025-08-25 23:33:04,NHB250825233304.RAW6VH2,2025-08-25 23:40:08,NHB250825234008.RAW6VH5,2025-08-25 23:43:03,NHB250825234303.RAW6VH9
1796,2025-08-25 23:50:08,NHB250825235008.RAW6VHC,2025-08-25 23:53:03,NHB250825235303.RAW6VHG,2025-08-26 00:00:08,NHB250826000008.RAW6VHK,2025-08-26 00:03:04,NHB250826000304.RAW6VHP
1797,2025-08-26 00:10:08,NHB250826001008.RAW6VHT,2025-08-26 00:13:03,NHB250826001303.RAW6VHX,2025-08-26 00:20:08,NHB250826002008.RAW6VJ0,2025-08-26 00:23:03,NHB250826002303.RAW6VJ4
1798,2025-08-26 00:30:07,NHB250826003007.RAW6VJ7,2025-08-26 00:33:04,NHB250826003304.RAW6VJB,2025-08-26 00:40:07,NHB250826004007.RAW6VJE,2025-08-26 00:43:03,NHB250826004303.RAW6VJJ
1799,2025-08-26 00:50:08,NHB250826005008.RAW6VJM,2025-08-26 00:53:04,NHB250826005304.RAW6VJS,2025-08-26 01:00:08,NHB250826010008.RAW6VJV,2025-08-26 01:03:04,NHB250826010304.RAW6VJZ
1800,2025-08-26 01:10:08,NHB250826011008.RAW6VK2,2025-08-26 01:13:03,NHB250826011303.RAW6VK6,2025-08-26 01:20:08,NHB250826012008.RAW6VK9,2025-08-26 01:23:03,NHB250826012303.RAW6VKD
1801,2025-08-26 01:30:09,NHB250826013009.RAW6VKG,2025-08-26 01:33:05,NHB250826013305.RAW6VKL,2025-08-26 01:40:07,NHB250826014007.RAW6VKP,2025-08-26 01:43:04,NHB250826014304.RAW6VKU
1802,2025-08-26 01:50:07,NHB250826015007.RAW6VKX,2025-08-26 01:53:03,NHB250826015303.RAW6VL1,2025-08-26 02:00:08,NHB250826020008.RAW6VL4,2025-08-26 02:03:03,NHB250826020303.RAW6VL8
1803,2025-08-26 02:10:07,NHB250826021007.RAW6VLB,2025-08-26 02:13:04,NHB250826021304.RAW6VLF,2025-08-26 02:20:08,NHB250826022008.RAW6VLJ,2025-08-26 02:23:03,NHB250826022303.RAW6VLN
1804,2025-08-26 02:30:08,NHB250826023008.RAW6VLS,2025-08-26 02:33:04,NHB250826023304.RAW6VLW,2025-08-26 02:40:08,NHB250826024008.RAW6VLZ,2025-08-26 02:43:04,NHB250826024304.RAW6VM3
1805,2025-08-26 02:50:08,NHB250826025008.RAW6VM6,2025-08-26 02:53:03,NHB250826025303.RAW6VMA,2025-08-26 03:00:08,NHB250826030008.RAW6VMD,2025-08-26 03:03:04,NHB250826030304.RAW6VMH
1806,2025-08-26 03:10:07,NHB250826031007.RAW6VML,2025-08-26 03:13:04,NHB250826031304.RAW6VMR,2025-08-26 03:20:08,NHB250826032008.RAW6VMU,2025-08-26 03:23:03,NHB250826032303.RAW6VMY
1807,2025-08-26 03:30:08,NHB250826033008.RAW6VN1,2025-08-26 03:33:03,NHB250826033303.RAW6VN5,2025-08-26 03:40:08,NHB250826034008.RAW6VN8,2025-08-26 03:43:04,NHB250826034304.RAW6VNC
1808,2025-08-26 03:50:07,NHB250826035007.RAW6VNF,2025-08-26 03:53:03,NHB250826035303.RAW6VNK,2025-08-26 04:00:08,NHB250826040008.RAW6VNN,2025-08-26 04:03:03,NHB250826040303.RAW6VNT
1809,2025-08-26 04:10:08,NHB250826041008.RAW6VNW,2025-08-26 04:13:03,NHB250826041303.RAW6VP0,2025-08-26 04:20:07,NHB250826042007.RAW6VP3,2025-08-26 04:23:03,NHB250826042303.RAW6VP7
1810,2025-08-26 04:30:08,NHB250826043008.RAW6VPA,2025-08-26 04:33:03,NHB250826043303.RAW6VPE,2025-08-26 04:40:07,NHB250826044007.RAW6VPH,2025-08-26 04:43:04,NHB250826044304.RAW6VPM
1811,2025-08-26 04:50:07,NHB250826045007.RAW6VPR,2025-08-26 04:53:03,NHB250826045303.RAW6VPV,2025-08-26 05:00:09,NHB250826050009.RAW6VPY,2025-08-26 05:03:03,NHB250826050303.RAW6VR2
1812,2025-08-26 05:10:08,NHB250826051008.RAW6VR5,2025-08-26 05:13:05,NHB250826051305.RAW6VR9,2025-08-26 05:20:08,NHB250826052008.RAW6VRC,2025-08-26 05:23:04,NHB250826052304.RAW6VRG
1813,2025-08-26 05:30:08,NHB250826053008.RAW6VRK,2025-08-26 05:33:04,NHB250826053304.RAW6VRP,2025-08-26 05:40:08,NHB250826054008.RAW6VRT,2025-08-26 05:43:04,NHB250826054304.RAW6VRX
1814,2025-08-26 05:50:07,NHB250826055007.RAW6VS0,2025-08-26 05:53:03,NHB250826055303.RAW6VS4,2025-08-26 06:00:07,NHB250826060007.RAW6VS7,2025-08-26 06:03:04,NHB250826060304.RAW6VSB
1815,2025-08-26 06:10:09,NHB250826061009.RAW6VSE,2025-08-26 06:13:04,NHB250826061304.RAW6VSJ,2025-08-26 06:20:07,NHB250826062007.RAW6VSM,2025-08-26 06:23:03,NHB250826062303.RAW6VSS
1816,2025-08-26 06:30:08,NHB250826063008.RAW6VSV,2025-08-26 06:33:04,NHB250826063304.RAW6VSZ,2025-08-26 06:40:08,NHB250826064008.RAW6VT2,2025-08-26 06:43:04,NHB250826064304.RAW6VT6
1817,2025-08-26 06:50:07,NHB250826065007.RAW6VT9,2025-08-26 06:53:04,NHB250826065304.RAW6VTD,2025-08-26 07:00:08,NHB250826070008.RAW6VTG,2025-08-26 07:03:04,NHB250826070304.RAW6VTL
1818,2025-08-26 07:10:09,NHB250826071009.RAW6VTP,2025-08-26 07:13:03,NHB250826071303.RAW6VTU,2025-08-26 07:20:08,NHB250826072008.RAW6VTX,2025-08-26 07:23:03,NHB250826072303.RAW6VU1
1819,2025-08-26 07:30:08,NHB250826073008.RAW6VU4,2025-08-26 07:33:03,NHB250826073303.RAW6VU8,2025-08-26 07:40:08,NHB250826074008.RAW6VUB,2025-08-26 07:43:03,NHB250826074303.RAW6VUF
1820,2025-08-26 07:50:07,NHB250826075007.RAW6VUJ,2025-08-26 07:53:03,NHB250826075303.RAW6VUN,2025-08-26 08:00:08,NHB250826080008.RAW6VUS,2025-08-26 08:03:03,NHB250826080303.RAW6VUW
1821,2025-08-26 08:10:08,NHB250826081008.RAW6VUZ,2025-08-26 08:13:04,NHB250826081304.RAW6VV3,2025-08-26 08:20:07,NHB250826082007.RAW6VV6,2025-08-26 08:23:04,NHB250826082304.RAW6VVA
1822,2025-08-26 08:30:08,NHB250826083008.RAW6VVD,2025-08-26 08:33:03,NHB250826083303.RAW6VVH,2025-08-26 08:40:08,NHB250826084008.RAW6VVL,2025-08-26 08:43:04,NHB250826084304.RAW6VVR
1823,2025-08-26 08:50:08,NHB250826085008.RAW6VVU,2025-08-26 08:53:03,NHB250826085303.RAW6VVY,2025-08-26 09:00:08,NHB250826090008.RAW6VW1,2025-08-26 09:03:03,NHB250826090303.RAW6VW5
1824,2025-08-26 09:10:08,NHB250826091008.RAW6VW8,2025-08-26 09:13:03,NHB250826091303.RAW6VWC,2025-08-26 09:20:08,NHB250826092008.RAW6VWF,2025-08-26 09:23:04,NHB250826092304.RAW6VWK
1825,2025-08-26 09:30:07,NHB250826093007.RAW6VWN,2025-08-26 09:33:03,NHB250826093303.RAW6VWT,2025-08-26 09:40:07,NHB250826094007.RAW6VWW,2025-08-26 09:43:03,NHB250826094303.RAW6VX0
1826,2025-08-26 09:50:07,NHB250826095007.RAW6VX3,2025-08-26 09:53:04,NHB250826095304.RAW6VX7,2025-08-26 10:00:07,NHB250826100007.RAW6VXA,2025-08-26 10:03:03,NHB250826100303.RAW6VXE
1827,2025-08-26 10:10:08,NHB250826101008.RAW6VXH,2025-08-26 10:13:03,NHB250826101303.RAW6VXM,2025-08-26 10:20:08,NHB250826102008.RAW6VXR,2025-08-26 10:23:03,NHB250826102303.RAW6VXV
1828,2025-08-26 10:30:08,NHB250826103008.RAW6VXY,2025-08-26 10:33:04,NHB250826103304.RAW6VY2,2025-08-26 10:40:07,NHB250826104007.RAW6VY5,2025-08-26 10:43:03,NHB250826104303.RAW6VY9
1829,2025-08-26 10:50:07,NHB250826105007.RAW6VYC,2025-08-26 10:53:04,NHB250826105304.RAW6VYG,2025-08-26 11:00:08,NHB250826110008.RAW6VYK,2025-08-26 11:03:03,NHB250826110303.RAW6VYP
1830,2025-08-26 11:10:08,NHB250826111008.RAW6VYT,2025-08-26 11:13:03,NHB250826111303.RAW6VYX,2025-08-26 11:20:08,NHB250826112008.RAW6VZ0,2025-08-26 11:23:03,NHB250826112303.RAW6VZ4
1831,2025-08-26 11:30:07,NHB250826113007.RAW6VZ7,2025-08-26 11:33:03,NHB250826113303.RAW6VZB,2025-08-26 11:40:08,NHB250826114008.RAW6VZE,2025-08-26 11:43:04,NHB250826114304.RAW6VZJ
1832,2025-08-26 11:50:07,NHB250826115007.RAW6VZM,2025-08-26 11:53:04,NHB250826115304.RAW6VZS,2025-08-26 12:00:08,NHB250826120008.RAW6VZV,2025-08-26 12:03:04,NHB250826120304.RAW6VZZ
1833,2025-08-26 12:10:08,NHB250826121008.RAW6W02,2025-08-26 12:13:04,NHB250826121304.RAW6W06,2025-08-26 12:20:08,NHB250826122008.RAW6W09,2025-08-26 12:23:03,NHB250826122303.RAW6W0D
1834,2025-08-26 12:30:08,NHB250826123008.RAW6W0G,2025-08-26 12:33:03,NHB250826123303.RAW6W0L,2025-08-26 12:40:08,NHB250826124008.RAW6W0P,2025-08-26 12:43:04,NHB250826124304.RAW6W0U
1835,2025-08-26 12:50:07,NHB250826125007.RAW6W0X,2025-08-26 12:53:04,NHB250826125304.RAW6W11,2025-08-26 13:00:08,NHB250826130008.RAW6W14,2025-08-26 13:03:04,NHB250826130304.RAW6W18
1836,2025-08-26 13:10:07,NHB250826131007.RAW6W1B,2025-08-26 13:13:04,NHB250826131304.RAW6W1F,2025-08-26 13:20:08,NHB250826132008.RAW6W1J,2025-08-26 13:23:03,NHB250826132303.RAW6W1N
1837,2025-08-26 13:30:08,NHB250826133008.RAW6W1S,2025-08-26 13:33:03,NHB250826133303.RAW6W1W,2025-08-26 13:40:07,NHB250826134007.RAW6W1Z,2025-08-26 13:43:03,NHB250826134303.RAW6W23
1838,2025-08-26 13:50:07,NHB250826135007.RAW6W26,2025-08-26 13:53:04,NHB250826135304.RAW6W2A,2025-08-26 14:00:08,NHB250826140008.RAW6W2D,2025-08-26 14:03:04,NHB250826140304.RAW6W2H
1839,2025-08-26 14:10:08,NHB250826141008.RAW6W2L,2025-08-26 14:13:03,NHB250826141303.RAW6W2R,2025-08-26 14:20:08,NHB250826142008.RAW6W2U,2025-08-26 14:23:03,NHB250826142303.RAW6W2Y
1840,2025-08-26 14:30:08,NHB250826143008.RAW6W31,2025-08-26 14:33:03,NHB250826143303.RAW6W35,2025-08-26 14:40:07,NHB250826144007.RAW6W38,2025-08-26 14:43:04,NHB250826144304.RAW6W3C
1841,2025-08-26 14:50:08,NHB250826145008.RAW6W3F,2025-08-26 14:53:03,NHB250826145303.RAW6W3K,2025-08-26 15:00:07,NHB250826150007.RAW6W3N,2025-08-26 15:03:04,NHB250826150304.RAW6W3T
1842,2025-08-26 15:10:07,NHB250826151007.RAW6W3W,2025-08-26 15:13:03,NHB250826151303.RAW6W40,2025-08-26 15:20:08,NHB250826152008.RAW6W43,2025-08-26 15:23:03,NHB250826152303.RAW6W47
1843,2025-08-26 15:30:07,NHB250826153007.RAW6W4A,2025-08-26 15:33:03,NHB250826153303.RAW6W4E,2025-08-26 15:40:07,NHB250826154007.RAW6W4H,2025-08-26 15:43:04,NHB250826154304.RAW6W4M
1844,2025-08-26 15:50:08,NHB250826155008.RAW6W4R,2025-08-26 15:53:04,NHB250826155304.RAW6W4V,2025-08-26 16:00:08,NHB250826160008.RAW6W4Y,2025-08-26 16:03:04,NHB250826160304.RAW6W52
1845,2025-08-26 16:10:07,NHB250826161007.RAW6W55,2025-08-26 16:13:03,NHB250826161303.RAW6W59,2025-08-26 16:20:08,NHB250826162008.RAW6W5C,2025-08-26 16:23:05,NHB250826162305.RAW6W5G
1846,2025-08-26 16:30:07,NHB250826163007.RAW6W5K,2025-08-26 16:33:04,NHB250826163304.RAW6W5P,2025-08-26 16:40:08,NHB250826164008.RAW6W5T,2025-08-26 16:43:03,NHB250826164303.RAW6W5X
1847,2025-08-26 16:50:08,NHB250826165008.RAW6W60,2025-08-26 16:53:04,NHB250826165304.RAW6W64,2025-08-26 17:00:08,NHB250826170008.RAW6W67,2025-08-26 17:03:03,NHB250826170303.RAW6W6B
1848,2025-08-26 17:10:08,NHB250826171008.RAW6W6E,2025-08-26 17:13:04,NHB250826171304.RAW6W6J,2025-08-26 17:20:08,NHB250826172008.RAW6W6M,2025-08-26 17:23:04,NHB250826172304.RAW6W6S
1849,2025-08-26 17:30:07,NHB250826173007.RAW6W6V,2025-08-26 17:33:04,NHB250826173304.RAW6W6Z,2025-08-26 17:40:08,NHB250826174008.RAW6W72,2025-08-26 17:43:03,NHB250826174303.RAW6W76
1850,2025-08-26 17:50:07,NHB250826175007.RAW6W79,2025-08-26 17:53:03,NHB250826175303.RAW6W7D,2025-08-26 18:00:08,NHB250826180008.RAW6W7G,2025-08-26 18:03:04,NHB250826180304.RAW6W7L
1851,2025-08-26 18:10:08,NHB250826181008.RAW6W7P,2025-08-26 18:13:03,NHB250826181303.RAW6W7U,2025-08-26 18:20:08,NHB250826182008.RAW6W7X,2025-08-26 18:23:03,NHB250826182303.RAW6W81
1852,2025-08-26 18:30:08,NHB250826183008.RAW6W84,2025-08-26 18:33:03,NHB250826183303.RAW6W88,2025-08-26 18:40:07,NHB250826184007.RAW6W8B,2025-08-26 18:43:03,NHB250826184303.RAW6W8F
1853,2025-08-26 18:50:07,NHB250826185007.RAW6W8J,2025-08-26 18:53:04,NHB250826185304.RAW6W8N,2025-08-26 19:00:07,NHB250826190007.RAW6W8S,2025-08-26 19:03:03,NHB250826190303.RAW6W8W
1854,2025-08-26 19:10:08,NHB250826191008.RAW6W8Z,2025-08-26 19:13:04,NHB250826191304.RAW6W93,2025-08-26 19:20:08,NHB250826192008.RAW6W96,2025-08-26 19:23:03,NHB250826192303.RAW6W9A
1855,2025-08-26 19:30:08,NHB250826193008.RAW6W9D,2025-08-26 19:33:03,NHB250826193303.RAW6W9H,2025-08-26 19:40:08,NHB250826194008.RAW6W9L,2025-08-26 19:43:03,NHB250826194303.RAW6W9R
1856,2025-08-26 19:50:08,NHB250826195008.RAW6W9U,2025-08-26 19:53:03,NHB250826195303.RAW6W9Y,2025-08-26 20:00:07,NHB250826200007.RAW6WA1,2025-08-26 20:03:04,NHB250826200304.RAW6WA5
1857,2025-08-26 20:10:08,NHB250826201008.RAW6WA8,2025-08-26 20:13:04,NHB250826201304.RAW6WAC,2025-08-26 20:20:08,NHB250826202008.RAW6WAF,2025-08-26 20:23:03,NHB250826202303.RAW6WAK
1858,2025-08-26 20:30:08,NHB250826203008.RAW6WAN,2025-08-26 20:33:04,NHB250826203304.RAW6WAT,2025-08-26 20:40:07,NHB250826204007.RAW6WAW,2025-08-26 20:43:04,NHB250826204304.RAW6WB0
1859,2025-08-26 20:50:07,NHB250826205007.RAW6WB3,2025-08-26 20:53:03,NHB250826205303.RAW6WB7,2025-08-26 21:00:07,NHB250826210007.RAW6WBA,2025-08-26 21:03:03,NHB250826210303.RAW6WBE
1860,2025-08-26 21:10:08,NHB250826211008.RAW6WBH,2025-08-26 21:13:03,NHB250826211303.RAW6WBM,2025-08-26 21:20:09,NHB250826212009.RAW6WBR,2025-08-26 21:23:03,NHB250826212303.RAW6WBV
1861,2025-08-26 21:30:09,NHB250826213009.RAW6WBY,2025-08-26 21:33:05,NHB250826213305.RAW6WC2,2025-08-26 21:40:08,NHB250826214008.RAW6WC5,2025-08-26 21:43:04,NHB250826214304.RAW6WC9
1862,2025-08-26 21:50:07,NHB250826215007.RAW6WCC,2025-08-26 21:53:04,NHB250826215304.RAW6WCG,2025-08-26 22:00:07,NHB250826220007.RAW6WCK,2025-08-26 22:03:03,NHB250826220303.RAW6WCP
1863,2025-08-26 22:10:09,NHB250826221009.RAW6WCT,2025-08-26 22:13:03,NHB250826221303.RAW6WCX,2025-08-26 22:20:08,NHB250826222008.RAW6WD0,2025-08-26 22:23:04,NHB250826222304.RAW6WD4
1864,2025-08-26 22:30:08,NHB250826223008.RAW6WD7,2025-08-26 22:33:04,NHB250826223304.RAW6WDB,2025-08-26 22:40:07,NHB250826224007.RAW6WDE,2025-08-26 22:43:03,NHB250826224303.RAW6WDJ
1865,2025-08-26 22:50:08,NHB250826225008.RAW6WDM,2025-08-26 22:53:03,NHB250826225303.RAW6WDS,2025-08-26 23:00:08,NHB250826230008.RAW6WDV,2025-08-26 23:03:04,NHB250826230304.RAW6WDZ
1866,2025-08-26 23:10:08,NHB250826231008.RAW6WE2,2025-08-26 23:13:03,NHB250826231303.RAW6WE6,2025-08-26 23:20:08,NHB250826232008.RAW6WE9,2025-08-26 23:23:03,NHB250826232303.RAW6WED
1867,2025-08-26 23:30:08,NHB250826233008.RAW6WEG,2025-08-26 23:33:03,NHB250826233303.RAW6WEL,2025-08-26 23:40:07,NHB250826234007.RAW6WEP,2025-08-26 23:43:03,NHB250826234303.RAW6WEU
1868,2025-08-26 23:50:08,NHB250826235008.RAW6WEX,2025-08-26 23:53:03,NHB250826235303.RAW6WF1,2025-08-27 00:00:07,NHB250827000007.RAW6WF4,2025-08-27 00:03:04,NHB250827000304.RAW6WF8
1869,2025-08-27 00:10:09,NHB250827001009.RAW6WFB,2025-08-27 00:13:05,NHB250827001305.RAW6WFF,2025-08-27 00:20:08,NHB250827002008.RAW6WFJ,2025-08-27 00:23:04,NHB250827002304.RAW6WFN
1870,2025-08-27 00:30:08,NHB250827003008.RAW6WFS,2025-08-27 00:33:03,NHB250827003303.RAW6WFW,2025-08-27 00:40:07,NHB250827004007.RAW6WFZ,2025-08-27 00:43:03,NHB250827004303.RAW6WG3
1871,2025-08-27 00:50:08,NHB250827005008.RAW6WG6,2025-08-27 00:53:03,NHB250827005303.RAW6WGA,2025-08-27 01:00:07,NHB250827010007.RAW6WGD,2025-08-27 01:03:04,NHB250827010304.RAW6WGH
1872,2025-08-27 01:10:08,NHB250827011008.RAW6WGL,2025-08-27 01:13:04,NHB250827011304.RAW6WGR,2025-08-27 01:20:09,NHB250827012009.RAW6WGU,2025-08-27 01:23:03,NHB250827012303.RAW6WGY
1873,2025-08-27 01:30:08,NHB250827013008.RAW6WH1,2025-08-27 01:33:04,NHB250827013304.RAW6WH5,2025-08-27 01:40:08,NHB250827014008.RAW6WH8,2025-08-27 01:43:04,NHB250827014304.RAW6WHC
1874,2025-08-27 01:50:07,NHB250827015007.RAW6WHF,2025-08-27 01:53:04,NHB250827015304.RAW6WHK,2025-08-27 02:00:08,NHB250827020008.RAW6WHN,2025-08-27 02:03:03,NHB250827020303.RAW6WHT
1875,2025-08-27 02:10:08,NHB250827021008.RAW6WHW,2025-08-27 02:13:04,NHB250827021304.RAW6WJ0,2025-08-27 02:20:07,NHB250827022007.RAW6WJ3,2025-08-27 02:23:03,NHB250827022303.RAW6WJ7
1876,2025-08-27 02:30:08,NHB250827023008.RAW6WJA,2025-08-27 02:33:04,NHB250827023304.RAW6WJE,2025-08-27 02:40:07,NHB250827024007.RAW6WJH,2025-08-27 02:43:03,NHB250827024303.RAW6WJM
1877,2025-08-27 02:50:08,NHB250827025008.RAW6WJR,2025-08-27 02:53:03,NHB250827025303.RAW6WJV,2025-08-27 03:00:07,NHB250827030007.RAW6WJY,2025-08-27 03:03:04,NHB250827030304.RAW6WK2
1878,2025-08-27 03:10:08,NHB250827031008.RAW6WK5,2025-08-27 03:13:03,NHB250827031303.RAW6WK9,2025-08-27 03:20:08,NHB250827032008.RAW6WKC,2025-08-27 03:23:03,NHB250827032303.RAW6WKG
1879,2025-08-27 03:30:08,NHB250827033008.RAW6WKK,2025-08-27 03:33:03,NHB250827033303.RAW6WKP,2025-08-27 03:40:08,NHB250827034008.RAW6WKT,2025-08-27 03:43:03,NHB250827034303.RAW6WKX
1880,2025-08-27 03:50:07,NHB250827035007.RAW6WL0,2025-08-27 03:53:04,NHB250827035304.RAW6WL4,2025-08-27 04:00:07,NHB250827040007.RAW6WL7,2025-08-27 04:03:03,NHB250827040303.RAW6WLB
1881,2025-08-27 04:10:08,NHB250827041008.RAW6WLE,2025-08-27 04:13:03,NHB250827041303.RAW6WLJ,2025-08-27 04:20:08,NHB250827042008.RAW6WLM,2025-08-27 04:23:04,NHB250827042304.RAW6WLS
1882,2025-08-27 04:30:07,NHB250827043007.RAW6WLV,2025-08-27 04:33:04,NHB250827043304.RAW6WLZ,2025-08-27 04:40:08,NHB250827044008.RAW6WM2,2025-08-27 04:43:04,NHB250827044304.RAW6WM6
1883,2025-08-27 04:50:08,NHB250827045008.RAW6WM9,2025-08-27 04:53:04,NHB250827045304.RAW6WMD,2025-08-27 05:00:08,NHB250827050008.RAW6WMG,2025-08-27 05:03:03,NHB250827050303.RAW6WML
1884,2025-08-27 05:10:08,NHB250827051008.RAW6WMP,2025-08-27 05:13:04,NHB250827051304.RAW6WMU,2025-08-27 05:20:09,NHB250827052009.RAW6WMX,2025-08-27 05:23:03,NHB250827052303.RAW6WN1
1885,2025-08-27 05:30:07,NHB250827053007.RAW6WN4,2025-08-27 05:33:04,NHB250827053304.RAW6WN8,2025-08-27 05:40:08,NHB250827054008.RAW6WNB,2025-08-27 05:43:03,NHB250827054303.RAW6WNF
1886,2025-08-27 05:50:08,NHB250827055008.RAW6WNJ,2025-08-27 05:53:03,NHB250827055303.RAW6WNN,2025-08-27 06:00:08,NHB250827060008.RAW6WNS,2025-08-27 06:03:03,NHB250827060303.RAW6WNW
1887,2025-08-27 06:10:08,NHB250827061008.RAW6WNZ,2025-08-27 06:13:03,NHB250827061303.RAW6WP3,2025-08-27 06:20:07,NHB250827062007.RAW6WP6,2025-08-27 06:23:05,NHB250827062305.RAW6WPA
1888,2025-08-27 06:30:07,NHB250827063007.RAW6WPD,2025-08-27 06:33:04,NHB250827063304.RAW6WPH,2025-08-27 06:40:08,NHB250827064008.RAW6WPL,2025-08-27 06:43:04,NHB250827064304.RAW6WPR
1889,2025-08-27 06:50:08,NHB250827065008.RAW6WPU,2025-08-27 06:53:04,NHB250827065304.RAW6WPY,2025-08-27 07:00:09,NHB250827070009.RAW6WR1,2025-08-27 07:03:04,NHB250827070304.RAW6WR5
1890,2025-08-27 07:10:07,NHB250827071007.RAW6WR8,2025-08-27 07:13:03,NHB250827071303.RAW6WRC,2025-08-27 07:20:08,NHB250827072008.RAW6WRF,2025-08-27 07:23:03,NHB250827072303.RAW6WRK
1891,2025-08-27 07:30:08,NHB250827073008.RAW6WRN,2025-08-27 07:33:04,NHB250827073304.RAW6WRT,2025-08-27 07:40:08,NHB250827074008.RAW6WRW,2025-08-27 07:43:03,NHB250827074303.RAW6WS0
1892,2025-08-27 07:50:08,NHB250827075008.RAW6WS3,2025-08-27 07:53:04,NHB250827075304.RAW6WS7,2025-08-27 08:00:08,NHB250827080008.RAW6WSA,2025-08-27 08:03:04,NHB250827080304.RAW6WSE
1893,2025-08-27 08:10:07,NHB250827081007.RAW6WSH,2025-08-27 08:13:04,NHB250827081304.RAW6WSM,2025-08-27 08:20:08,NHB250827082008.RAW6WSR,2025-08-27 08:23:03,NHB250827082303.RAW6WSV
1894,2025-08-27 08:30:08,NHB250827083008.RAW6WSY,2025-08-27 08:33:04,NHB250827083304.RAW6WT2,2025-08-27 08:40:07,NHB250827084007.RAW6WT5,2025-08-27 08:43:04,NHB250827084304.RAW6WT9
1895,2025-08-27 08:50:08,NHB250827085008.RAW6WTC,2025-08-27 08:53:03,NHB250827085303.RAW6WTG,2025-08-27 09:00:08,NHB250827090008.RAW6WTK,2025-08-27 09:03:04,NHB250827090304.RAW6WTP
1896,2025-08-27 09:10:08,NHB250827091008.RAW6WTT,2025-08-27 09:13:03,NHB250827091303.RAW6WTX,2025-08-27 09:20:08,NHB250827092008.RAW6WU0,2025-08-27 09:23:04,NHB250827092304.RAW6WU4
1897,2025-08-27 09:30:08,NHB250827093008.RAW6WU7,2025-08-27 09:33:03,NHB250827093303.RAW6WUB,2025-08-27 09:40:09,NHB250827094009.RAW6WUE,2025-08-27 09:43:04,NHB250827094304.RAW6WUJ
1898,2025-08-27 09:50:07,NHB250827095007.RAW6WUM,2025-08-27 09:53:04,NHB250827095304.RAW6WUS,2025-08-27 10:00:09,NHB250827100009.RAW6WUV,2025-08-27 10:03:04,NHB250827100304.RAW6WUZ
1899,2025-08-27 10:10:07,NHB250827101007.RAW6WV2,2025-08-27 10:13:03,NHB250827101303.RAW6WV6,2025-08-27 10:20:08,NHB250827102008.RAW6WV9,2025-08-27 10:23:03,NHB250827102303.RAW6WVD
1900,2025-08-27 10:30:09,NHB250827103009.RAW6WVG,2025-08-27 10:33:03,NHB250827103303.RAW6WVL,2025-08-27 10:40:08,NHB250827104008.RAW6WVP,2025-08-27 10:43:05,NHB250827104305.RAW6WVU
1901,2025-08-27 10:50:08,NHB250827105008.RAW6WVX,2025-08-27 10:53:03,NHB250827105303.RAW6WW1,2025-08-27 11:00:07,NHB250827110007.RAW6WW4,2025-08-27 11:03:03,NHB250827110303.RAW6WW8
1902,2025-08-27 11:10:08,NHB250827111008.RAW6WWB,2025-08-27 11:13:03,NHB250827111303.RAW6WWF,2025-08-27 11:20:08,NHB250827112008.RAW6WWJ,2025-08-27 11:23:04,NHB250827112304.RAW6WWN
1903,2025-08-27 11:30:07,NHB250827113007.RAW6WWS,2025-08-27 11:33:03,NHB250827113303.RAW6WWW,2025-08-27 11:40:07,NHB250827114007.RAW6WWZ,2025-08-27 11:43:03,NHB250827114303.RAW6WX3
1904,2025-08-27 11:50:07,NHB250827115007.RAW6WX6,2025-08-27 11:53:03,NHB250827115303.RAW6WXA,2025-08-27 12:00:08,NHB250827120008.RAW6WXD,2025-08-27 12:03:03,NHB250827120303.RAW6WXH
1905,2025-08-27 12:10:09,NHB250827121009.RAW6WXL,2025-08-27 12:13:03,NHB250827121303.RAW6WXR,2025-08-27 12:20:07,NHB250827122007.RAW6WXU,2025-08-27 12:23:03,NHB250827122303.RAW6WXY
1906,2025-08-27 12:30:08,NHB250827123008.RAW6WY1,2025-08-27 12:33:04,NHB250827123304.RAW6WY5,2025-08-27 12:40:08,NHB250827124008.RAW6WY8,2025-08-27 12:43:03,NHB250827124303.RAW6WYC
1907,2025-08-27 12:50:08,NHB250827125008.RAW6WYF,2025-08-27 12:53:03,NHB250827125303.RAW6WYK,2025-08-27 13:00:07,NHB250827130007.RAW6WYN,2025-08-27 13:03:03,NHB250827130303.RAW6WYT
1908,2025-08-27 13:10:07,NHB250827131007.RAW6WYW,2025-08-27 13:13:03,NHB250827131303.RAW6WZ0,2025-08-27 13:20:08,NHB250827132008.RAW6WZ3,2025-08-27 13:23:05,NHB250827132305.RAW6WZ7
1909,2025-08-27 13:30:08,NHB250827133008.RAW6WZA,2025-08-27 13:33:03,NHB250827133303.RAW6WZE,2025-08-27 13:40:08,NHB250827134008.RAW6WZH,2025-08-27 13:43:03,NHB250827134303.RAW6WZM
1910,2025-08-27 13:50:07,NHB250827135007.RAW6WZR,2025-08-27 13:53:04,NHB250827135304.RAW6WZV,2025-08-27 14:00:08,NHB250827140008.RAW6WZY,2025-08-27 14:03:04,NHB250827140304.RAW6X02
1911,2025-08-27 14:10:08,NHB250827141008.RAW6X05,2025-08-27 14:13:05,NHB250827141305.RAW6X09,2025-08-27 14:20:08,NHB250827142008.RAW6X0C,2025-08-27 14:23:03,NHB250827142303.RAW6X0G
1912,2025-08-27 14:30:08,NHB250827143008.RAW6X0K,2025-08-27 14:33:03,NHB250827143303.RAW6X0P,2025-08-27 14:40:07,NHB250827144007.RAW6X0T,2025-08-27 14:43:04,NHB250827144304.RAW6X0X
1913,2025-08-27 14:50:07,NHB250827145007.RAW6X10,2025-08-27 14:53:03,NHB250827145303.RAW6X14,2025-08-27 15:00:07,NHB250827150007.RAW6X17,2025-08-27 15:03:03,NHB250827150303.RAW6X1B
1914,2025-08-27 15:10:08,NHB250827151008.RAW6X1E,2025-08-27 15:13:04,NHB250827151304.RAW6X1J,2025-08-27 15:20:08,NHB250827152008.RAW6X1M,2025-08-27 15:23:03,NHB250827152303.RAW6X1S
1915,2025-08-27 15:30:07,NHB250827153007.RAW6X1V,2025-08-27 15:33:04,NHB250827153304.RAW6X1Z,2025-08-27 15:40:07,NHB250827154007.RAW6X22,2025-08-27 15:43:04,NHB250827154304.RAW6X26
1916,2025-08-27 15:50:07,NHB250827155007.RAW6X29,2025-08-27 15:53:03,NHB250827155303.RAW6X2D,2025-08-27 16:00:08,NHB250827160008.RAW6X2G,2025-08-27 16:03:03,NHB250827160303.RAW6X2L
1917,2025-08-27 16:10:08,NHB250827161008.RAW6X2P,2025-08-27 16:13:04,NHB250827161304.RAW6X2U,2025-08-27 16:20:08,NHB250827162008.RAW6X2X,2025-08-27 16:23:03,NHB250827162303.RAW6X31
1918,2025-08-27 16:30:08,NHB250827163008.RAW6X34,2025-08-27 16:33:03,NHB250827163303.RAW6X38,2025-08-27 16:40:07,NHB250827164007.RAW6X3B,2025-08-27 16:43:04,NHB250827164304.RAW6X3F
1919,2025-08-27 16:50:08,NHB250827165008.RAW6X3J,2025-08-27 16:53:04,NHB250827165304.RAW6X3N,2025-08-27 17:00:08,NHB250827170008.RAW6X3S,2025-08-27 17:03:03,NHB250827170303.RAW6X3W
1920,2025-08-27 17:10:08,NHB250827171008.RAW6X3Z,2025-08-27 17:13:04,NHB250827171304.RAW6X43,2025-08-27 17:20:08,NHB250827172008.RAW6X46,2025-08-27 17:23:04,NHB250827172304.RAW6X4A
1921,2025-08-27 17:30:07,NHB250827173007.RAW6X4D,2025-08-27 17:33:04,NHB250827173304.RAW6X4H,2025-08-27 17:40:08,NHB250827174008.RAW6X4L,2025-08-27 17:43:03,NHB250827174303.RAW6X4R
1922,2025-08-27 17:50:08,NHB250827175008.RAW6X4U,2025-08-27 17:53:04,NHB250827175304.RAW6X4Y,2025-08-27 18:00:09,NHB250827180009.RAW6X51,2025-08-27 18:03:04,NHB250827180304.RAW6X55
1923,2025-08-27 18:10:08,NHB250827181008.RAWCX47,2025-08-27 18:13:04,NHB250827181304.RAWCX43,2025-08-27 18:20:07,NHB250827182007.RAWCX46,2025-08-27 18:23:03,NHB250827182303.RAWCX36
1924,2025-08-27 18:30:07,NHB250827183007.RAWCX37,2025-08-27 18:33:05,NHB250827183305.RAWCX38,2025-08-27 18:40:08,NHB250827184008.RAWCX39,2025-08-27 18:43:03,NHB250827184303.RAWCX3A
1925,2025-08-27 18:50:07,NHB250827185007.RAWCX3B,2025-08-27 18:53:04,NHB250827185304.RAWCX3E,2025-08-27 19:00:07,NHB250827190007.RAWCX3W,2025-08-27 19:03:03,NHB250827190303.RAWCX40
1926,2025-08-27 19:10:07,NHB250827191007.RAWCX44,2025-08-27 19:13:03,NHB250827191303.RAWCX4A,2025-08-27 19:20:08,NHB250827192008.RAWCX4D,2025-08-27 19:23:03,NHB250827192303.RAWCX4H
1927,2025-08-27 19:30:09,NHB250827193009.RAWCX4L,2025-08-27 19:33:03,NHB250827193303.RAWCX4R,2025-08-27 19:40:08,NHB250827194008.RAWCX4U,2025-08-27 19:43:04,NHB250827194304.RAWCX4Y
1928,2025-08-27 19:50:08,NHB250827195008.RAWCX51,2025-08-27 19:53:03,NHB250827195303.RAWCX55,2025-08-27 20:00:08,NHB250827200008.RAWCX58,2025-08-27 20:03:04,NHB250827200304.RAWCX5C
1929,2025-08-27 20:10:08,NHB250827201008.RAWCX5F,2025-08-27 20:13:05,NHB250827201305.RAWCX5K,2025-08-27 20:20:08,NHB250827202008.RAWCX5N,2025-08-27 20:23:03,NHB250827202303.RAWCX5T
1930,2025-08-27 20:30:08,NHB250827203008.RAWCX5W,2025-08-27 20:33:04,NHB250827203304.RAWCX60,2025-08-27 20:40:08,NHB250827204008.RAWCX63,2025-08-27 20:43:03,NHB250827204303.RAWCX67
1931,2025-08-27 20:50:08,NHB250827205008.RAWCX6A,2025-08-27 20:53:04,NHB250827205304.RAWCX6E,2025-08-27 21:00:07,NHB250827210007.RAWCX6H,2025-08-27 21:03:04,NHB250827210304.RAWCX6M
1932,2025-08-27 21:10:08,NHB250827211008.RAWCX6R,2025-08-27 21:13:04,NHB250827211304.RAWCX6V,2025-08-27 21:20:08,NHB250827212008.RAWCX6Y,2025-08-27 21:23:03,NHB250827212303.RAWCX72
1933,2025-08-27 21:30:08,NHB250827213008.RAWCX75,2025-08-27 21:33:04,NHB250827213304.RAWCX79,2025-08-27 21:40:08,NHB250827214008.RAWCX7C,2025-08-27 21:43:03,NHB250827214303.RAWCX7G
1934,2025-08-27 21:50:08,NHB250827215008.RAWCX7K,2025-08-27 21:53:03,NHB250827215303.RAWCX7P,2025-08-27 22:00:09,NHB250827220009.RAWCX7T,2025-08-27 22:03:04,NHB250827220304.RAWCX7X
1935,2025-08-27 22:10:07,NHB250827221007.RAWCX80,2025-08-27 22:13:03,NHB250827221303.RAWCX84,2025-08-27 22:20:07,NHB250827222007.RAWCX87,2025-08-27 22:23:03,NHB250827222303.RAWCX8B
1936,2025-08-27 22:30:08,NHB250827223008.RAWCX8E,2025-08-27 22:33:03,NHB250827223303.RAWCX8J,2025-08-27 22:40:08,NHB250827224008.RAWCX8M,2025-08-27 22:43:03,NHB250827224303.RAWCX8S
1937,2025-08-27 22:50:08,NHB250827225008.RAWCX8V,2025-08-27 22:53:04,NHB250827225304.RAWCX8Z,2025-08-27 23:00:08,NHB250827230008.RAWCX92,2025-08-27 23:03:04,NHB250827230304.RAWCX96
1938,2025-08-27 23:10:08,NHB250827231008.RAWCX99,2025-08-27 23:13:03,NHB250827231303.RAWCX9D,2025-08-27 23:20:08,NHB250827232008.RAWCX9G,2025-08-27 23:23:03,NHB250827232303.RAWCX9L
1939,2025-08-27 23:30:08,NHB250827233008.RAWCX9P,2025-08-27 23:33:03,NHB250827233303.RAWCX9U,2025-08-27 23:40:08,NHB250827234008.RAWCX9X,2025-08-27 23:43:04,NHB250827234304.RAWCXA1
1940,2025-08-27 23:50:07,NHB250827235007.RAWCXA4,2025-08-27 23:53:03,NHB250827235303.RAWCXA8,2025-08-28 00:00:08,NHB250828000008.RAWCXAB,2025-08-28 00:03:04,NHB250828000304.RAWCXAF
1941,2025-08-28 00:10:07,NHB250828001007.RAWCXAJ,2025-08-28 00:13:04,NHB250828001304.RAWCXAN,2025-08-28 00:20:08,NHB250828002008.RAWCXAS,2025-08-28 00:23:03,NHB250828002303.RAWCXAW
1942,2025-08-28 00:30:08,NHB250828003008.RAWCXAZ,2025-08-28 00:33:03,NHB250828003303.RAWCXB3,2025-08-28 00:40:08,NHB250828004008.RAWCXB6,2025-08-28 00:43:03,NHB250828004303.RAWCXBA
1943,2025-08-28 00:50:07,NHB250828005007.RAWCXBD,2025-08-28 00:53:03,NHB250828005303.RAWCXBH,2025-08-28 01:00:07,NHB250828010007.RAWCXBL,2025-08-28 01:03:03,NHB250828010303.RAWCXBR
1944,2025-08-28 01:10:07,NHB250828011007.RAWCXBU,2025-08-28 01:13:03,NHB250828011303.RAWCXBY,2025-08-28 01:20:07,NHB250828012007.RAWCXC1,2025-08-28 01:23:04,NHB250828012304.RAWCXC5
1945,2025-08-28 01:30:08,NHB250828013008.RAWCXC8,2025-08-28 01:33:03,NHB250828013303.RAWCXCC,2025-08-28 01:40:07,NHB250828014007.RAWCXCF,2025-08-28 01:43:03,NHB250828014303.RAWCXCK
1946,2025-08-28 01:50:08,NHB250828015008.RAWCXCN,2025-08-28 01:53:03,NHB250828015303.RAWCXCT,2025-08-28 02:00:08,NHB250828020008.RAWCXCW,2025-08-28 02:03:03,NHB250828020303.RAWCXD0
1947,2025-08-28 02:10:07,NHB250828021007.RAWCXD3,2025-08-28 02:13:04,NHB250828021304.RAWCXD7,2025-08-28 02:20:07,NHB250828022007.RAWCXDA,2025-08-28 02:23:03,NHB250828022303.RAWCXDE
1948,2025-08-28 02:30:08,NHB250828023008.RAWCXDH,2025-08-28 02:33:04,NHB250828023304.RAWCXDM,2025-08-28 02:40:07,NHB250828024007.RAWCXDR,2025-08-28 02:43:03,NHB250828024303.RAWCXDV
1949,2025-08-28 02:50:07,NHB250828025007.RAWCXDY,2025-08-28 02:53:03,NHB250828025303.RAWCXE2,2025-08-28 03:00:08,NHB250828030008.RAWCXE5,2025-08-28 03:03:04,NHB250828030304.RAWCXE9
1950,2025-08-28 03:10:08,NHB250828031008.RAWCXEC,2025-08-28 03:13:04,NHB250828031304.RAWCXEG,2025-08-28 03:20:08,NHB250828032008.RAWCXEK,2025-08-28 03:23:03,NHB250828032303.RAWCXEP
1951,2025-08-28 03:30:08,NHB250828033008.RAWCXET,2025-08-28 03:33:03,NHB250828033303.RAWCXEX,2025-08-28 03:40:08,NHB250828034008.RAWCXF0,2025-08-28 03:43:03,NHB250828034303.RAWCXF4
1952,2025-08-28 03:50:08,NHB250828035008.RAWCXF7,2025-08-28 03:53:04,NHB250828035304.RAWCXFB,2025-08-28 04:00:08,NHB250828040008.RAWCXFE,2025-08-28 04:03:03,NHB250828040303.RAWCXFJ
1953,2025-08-28 04:10:08,NHB250828041008.RAWCXFM,2025-08-28 04:13:03,NHB250828041303.RAWCXFS,2025-08-28 04:20:07,NHB250828042007.RAWCXFV,2025-08-28 04:23:03,NHB250828042303.RAWCXFZ
1954,2025-08-28 04:30:08,NHB250828043008.RAWCXG2,2025-08-28 04:33:03,NHB250828043303.RAWCXG6,2025-08-28 04:40:08,NHB250828044008.RAWCXG9,2025-08-28 04:43:04,NHB250828044304.RAWCXGD
1955,2025-08-28 04:50:08,NHB250828045008.RAWCXGG,2025-08-28 04:53:04,NHB250828045304.RAWCXGL,2025-08-28 05:00:08,NHB250828050008.RAWCXGP,2025-08-28 05:03:04,NHB250828050304.RAWCXGU
1956,2025-08-28 05:10:07,NHB250828051007.RAWCXGX,2025-08-28 05:13:03,NHB250828051303.RAWCXH1,2025-08-28 05:20:07,NHB250828052007.RAWCXH4,2025-08-28 05:23:04,NHB250828052304.RAWCXH8
1957,2025-08-28 05:30:07,NHB250828053007.RAWCXHB,2025-08-28 05:33:04,NHB250828053304.RAWCXHF,2025-08-28 05:40:07,NHB250828054007.RAWCXHJ,2025-08-28 05:43:03,NHB250828054303.RAWCXHN
1958,2025-08-28 05:50:07,NHB250828055007.RAWCXHS,2025-08-28 05:53:04,NHB250828055304.RAWCXHW,2025-08-28 06:00:09,NHB250828060009.RAWCXHZ,2025-08-28 06:03:04,NHB250828060304.RAWCXJ3
1959,2025-08-28 06:10:08,NHB250828061008.RAWCXJ6,2025-08-28 06:13:04,NHB250828061304.RAWCXJA,2025-08-28 06:20:08,NHB250828062008.RAWCXJD,2025-08-28 06:23:04,NHB250828062304.RAWCXJH
1960,2025-08-28 06:30:07,NHB250828063007.RAWCXJL,2025-08-28 06:33:04,NHB250828063304.RAWCXJR,2025-08-28 06:40:08,NHB250828064008.RAWCXJU,2025-08-28 06:43:03,NHB250828064303.RAWCXJY
1961,2025-08-28 06:50:09,NHB250828065009.RAWCXK1,2025-08-28 06:53:04,NHB250828065304.RAWCXK5,2025-08-28 07:00:07,NHB250828070007.RAWCXK8,2025-08-28 07:03:03,NHB250828070303.RAWCXKC
1962,2025-08-28 07:10:08,NHB250828071008.RAWCXKF,2025-08-28 07:13:03,NHB250828071303.RAWCXKK,2025-08-28 07:20:08,NHB250828072008.RAWCXKN,2025-08-28 07:23:04,NHB250828072304.RAWCXKT
1963,2025-08-28 07:30:08,NHB250828073008.RAWCXKW,2025-08-28 07:33:04,NHB250828073304.RAWCXL0,2025-08-28 07:40:07,NHB250828074007.RAWCXL3,2025-08-28 07:43:04,NHB250828074304.RAWCXL7
1964,2025-08-28 07:50:08,NHB250828075008.RAWCXLA,2025-08-28 07:53:04,NHB250828075304.RAWCXLE,2025-08-28 08:00:07,NHB250828080007.RAWCXLH,2025-08-28 08:03:04,NHB250828080304.RAWCXLM
1965,2025-08-28 08:10:08,NHB250828081008.RAWCXLR,2025-08-28 08:13:05,NHB250828081305.RAWCXLV,2025-08-28 08:20:08,NHB250828082008.RAWCXLY,2025-08-28 08:23:04,NHB250828082304.RAWCXM2
1966,2025-08-28 08:30:08,NHB250828083008.RAWCXM5,2025-08-28 08:33:04,NHB250828083304.RAWCXM9,2025-08-28 08:40:08,NHB250828084008.RAWCXMC,2025-08-28 08:43:04,NHB250828084304.RAWCXMG
1967,2025-08-28 08:50:07,NHB250828085007.RAWCXMK,2025-08-28 08:53:04,NHB250828085304.RAWCXMP,2025-08-28 09:00:08,NHB250828090008.RAWCXMT,2025-08-28 09:03:04,NHB250828090304.RAWCXMX
1968,2025-08-28 09:10:07,NHB250828091007.RAWCXN0,2025-08-28 09:13:04,NHB250828091304.RAWCXN4,2025-08-28 09:20:08,NHB250828092008.RAWCXN7,2025-08-28 09:23:03,NHB250828092303.RAWCXNB
1969,2025-08-28 09:30:08,NHB250828093008.RAWCXNE,2025-08-28 09:33:04,NHB250828093304.RAWCXNJ,2025-08-28 09:40:07,NHB250828094007.RAWCXNM,2025-08-28 09:43:03,NHB250828094303.RAWCXNS
1970,2025-08-28 09:50:07,NHB250828095007.RAWCXNV,2025-08-28 09:53:03,NHB250828095303.RAWCXNZ,2025-08-28 10:00:08,NHB250828100008.RAWCXP2,2025-08-28 10:03:03,NHB250828100303.RAWCXP6
1971,2025-08-28 10:10:08,NHB250828101008.RAWCXP9,2025-08-28 10:13:05,NHB250828101305.RAWCXPD,2025-08-28 10:20:08,NHB250828102008.RAWCXPG,2025-08-28 10:23:04,NHB250828102304.RAWCXPL
1972,2025-08-28 10:30:08,NHB250828103008.RAWCXPP,2025-08-28 10:33:04,NHB250828103304.RAWCXPU,2025-08-28 10:40:07,NHB250828104007.RAWCXPX,2025-08-28 10:43:03,NHB250828104303.RAWCXR1
1973,2025-08-28 10:50:08,NHB250828105008.RAWCXR4,2025-08-28 10:53:03,NHB250828105303.RAWCXR8,2025-08-28 11:00:08,NHB250828110008.RAWCXRB,2025-08-28 11:03:04,NHB250828110304.RAWCXRF
1974,2025-08-28 11:10:08,NHB250828111008.RAWCXRJ,2025-08-28 11:13:04,NHB250828111304.RAWCXRN,2025-08-28 11:20:09,NHB250828112009.RAWCXRS,2025-08-28 11:23:03,NHB250828112303.RAWCXRW
1975,2025-08-28 11:30:08,NHB250828113008.RAWCXRZ,2025-08-28 11:33:04,NHB250828113304.RAWCXS3,2025-08-28 11:40:07,NHB250828114007.RAWCXS6,2025-08-28 11:43:05,NHB250828114305.RAWCXSA
1976,2025-08-28 11:50:08,NHB250828115008.RAWCXSD,2025-08-28 11:53:04,NHB250828115304.RAWCXSH,2025-08-28 12:00:07,NHB250828120007.RAWCXSL,2025-08-28 12:03:04,NHB250828120304.RAWCXSR
1977,2025-08-28 12:10:08,NHB250828121008.RAWCXSU,2025-08-28 12:13:03,NHB250828121303.RAWCXSY,2025-08-28 12:20:07,NHB250828122007.RAWCXT1,2025-08-28 12:23:04,NHB250828122304.RAWCXT5
1978,2025-08-28 12:30:07,NHB250828123007.RAWCXT8,2025-08-28 12:33:03,NHB250828123303.RAWCXTC,2025-08-28 12:40:07,NHB250828124007.RAWCXTF,2025-08-28 12:43:03,NHB250828124303.RAWCXTK
1979,2025-08-28 12:50:07,NHB250828125007.RAWCXTN,2025-08-28 12:53:04,NHB250828125304.RAWCXTT,2025-08-28 13:00:07,NHB250828130007.RAWCXTW,2025-08-28 13:03:04,NHB250828130304.RAWCXU0
1980,2025-08-28 13:10:07,NHB250828131007.RAWCXU3,2025-08-28 13:13:03,NHB250828131303.RAWCXU7,2025-08-28 13:20:09,NHB250828132009.RAWCXUA,2025-08-28 13:23:04,NHB250828132304.RAWCXUE
1981,2025-08-28 13:30:08,NHB250828133008.RAWCXUH,2025-08-28 13:33:03,NHB250828133303.RAWCXUM,2025-08-28 13:40:07,NHB250828134007.RAWCXUR,2025-08-28 13:43:04,NHB250828134304.RAWCXUV
1982,2025-08-28 13:50:07,NHB250828135007.RAWCXUY,2025-08-28 13:53:04,NHB250828135304.RAWCXV2,2025-08-28 14:00:08,NHB250828140008.RAWCXV5,2025-08-28 14:03:03,NHB250828140303.RAWCXV9
1983,2025-08-28 14:10:08,NHB250828141008.RAWCXVC,2025-08-28 14:13:03,NHB250828141303.RAWCXVG,2025-08-28 14:20:08,NHB250828142008.RAWCXVK,2025-08-28 14:23:03,NHB250828142303.RAWCXVP
1984,2025-08-28 14:30:08,NHB250828143008.RAWCXVT,2025-08-28 14:33:05,NHB250828143305.RAWCXVX,2025-08-28 14:40:07,NHB250828144007.RAWCXW0,2025-08-28 14:43:03,NHB250828144303.RAWCXW4
1985,2025-08-28 14:50:08,NHB250828145008.RAWCXW7,2025-08-28 14:53:03,NHB250828145303.RAWCXWB,2025-08-28 15:00:07,NHB250828150007.RAWCXWE,2025-08-28 15:03:03,NHB250828150303.RAWCXWJ
1986,2025-08-28 15:10:08,NHB250828151008.RAWCXWM,2025-08-28 15:13:04,NHB250828151304.RAWCXWS,2025-08-28 15:20:08,NHB250828152008.RAWCXWV,2025-08-28 15:23:04,NHB250828152304.RAWCXWZ
1987,2025-08-28 15:30:09,NHB250828153009.RAWCXX2,2025-08-28 15:33:03,NHB250828153303.RAWCXX6,2025-08-28 15:40:07,NHB250828154007.RAWCXX9,2025-08-28 15:43:03,NHB250828154303.RAWCXXD
1988,2025-08-28 15:50:07,NHB250828155007.RAWCXXG,2025-08-28 15:53:04,NHB250828155304.RAWCXXL,2025-08-28 16:00:08,NHB250828160008.RAWCXXP,2025-08-28 16:03:03,NHB250828160303.RAWCXXU
1989,2025-08-28 16:10:08,NHB250828161008.RAWCXXX,2025-08-28 16:13:04,NHB250828161304.RAWCXY1,2025-08-28 16:20:08,NHB250828162008.RAWCXY4,2025-08-28 16:23:03,NHB250828162303.RAWCXY8
1990,2025-08-28 16:30:08,NHB250828163008.RAWCXYB,2025-08-28 16:33:03,NHB250828163303.RAWCXYF,2025-08-28 16:40:07,NHB250828164007.RAWCXYJ,2025-08-28 16:43:03,NHB250828164303.RAWCXYN
1991,2025-08-28 16:50:07,NHB250828165007.RAWCXYS,2025-08-28 16:53:03,NHB250828165303.RAWCXYW,2025-08-28 17:00:08,NHB250828170008.RAWCXYZ,2025-08-28 17:03:03,NHB250828170303.RAWCXZ3
1992,2025-08-28 17:10:07,NHB250828171007.RAWCXZ6,2025-08-28 17:13:03,NHB250828171303.RAWCXZA,2025-08-28 17:20:07,NHB250828172007.RAWCXZD,2025-08-28 17:23:03,NHB250828172303.RAWCXZH
1993,2025-08-28 17:30:08,NHB250828173008.RAWCXZL,2025-08-28 17:33:03,NHB250828173303.RAWCXZR,2025-08-28 17:40:07,NHB250828174007.RAWCXZU,2025-08-28 17:43:03,NHB250828174303.RAWCXZY
1994,2025-08-28 17:50:09,NHB250828175009.RAWCY01,2025-08-28 17:53:04,NHB250828175304.RAWCY05,2025-08-28 18:00:07,NHB250828180007.RAWCY08,2025-08-28 18:03:04,NHB250828180304.RAWCY0C
1995,2025-08-28 18:10:09,NHB250828181009.RAWCY0F,2025-08-28 18:13:04,NHB250828181304.RAWCY0K,2025-08-28 18:20:08,NHB250828182008.RAWCY0N,2025-08-28 18:23:04,NHB250828182304.RAWCY0T
1996,2025-08-28 18:30:08,NHB250828183008.RAWCY0W,2025-08-28 18:33:03,NHB250828183303.RAWCY10,2025-08-28 18:40:08,NHB250828184008.RAWCY13,2025-08-28 18:43:03,NHB250828184303.RAWCY17
1997,2025-08-28 18:50:08,NHB250828185008.RAWCY1A,2025-08-28 18:53:03,NHB250828185303.RAWCY1E,2025-08-28 19:00:07,NHB250828190007.RAWCY1H,2025-08-28 19:03:03,NHB250828190303.RAWCY1M
1998,2025-08-28 19:10:08,NHB250828191008.RAWCY1R,2025-08-28 19:13:03,NHB250828191303.RAWCY1V,2025-08-28 19:20:07,NHB250828192007.RAWCY1Y,2025-08-28 19:23:03,NHB250828192303.RAWCY22
1999,2025-08-28 19:30:08,NHB250828193008.RAWCY25,2025-08-28 19:33:04,NHB250828193304.RAWCY29,2025-08-28 19:40:07,NHB250828194007.RAWCY2C,2025-08-28 19:43:04,NHB250828194304.RAWCY2G
2000,2025-08-28 19:50:08,NHB250828195008.RAWCY2K,2025-08-28 19:53:04,NHB250828195304.RAWCY2P,2025-08-28 20:00:07,NHB250828200007.RAWCY2T,2025-08-28 20:03:04,NHB250828200304.RAWCY2X
2001,2025-08-28 20:10:08,NHB250828201008.RAWCY30,2025-08-28 20:13:04,NHB250828201304.RAWCY34,2025-08-28 20:20:08,NHB250828202008.RAWCY37,2025-08-28 20:23:03,NHB250828202303.RAWCY3B
2002,2025-08-28 20:30:08,NHB250828203008.RAWCY3E,2025-08-28 20:33:04,NHB250828203304.RAWCY3J,2025-08-28 20:40:07,NHB250828204007.RAWCY3M,2025-08-28 20:43:03,NHB250828204303.RAWCY3S
2003,2025-08-28 20:50:07,NHB250828205007.RAWCY3V,2025-08-28 20:53:03,NHB250828205303.RAWCY3Z,2025-08-28 21:00:08,NHB250828210008.RAWCY42,2025-08-28 21:03:03,NHB250828210303.RAWCY46
2004,2025-08-28 21:10:07,NHB250828211007.RAWCY49,2025-08-28 21:13:03,NHB250828211303.RAWCY4D,2025-08-28 21:20:07,NHB250828212007.RAWCY4G,2025-08-28 21:23:04,NHB250828212304.RAWCY4L
2005,2025-08-28 21:30:08,NHB250828213008.RAWCY4P,2025-08-28 21:33:04,NHB250828213304.RAWCY4U,2025-08-28 21:40:07,NHB250828214007.RAWCY4X,2025-08-28 21:43:03,NHB250828214303.RAWCY51
2006,2025-08-28 21:50:07,NHB250828215007.RAWCY54,2025-08-28 21:53:05,NHB250828215305.RAWCY58,2025-08-28 22:00:07,NHB250828220007.RAWCY5B,2025-08-28 22:03:05,NHB250828220305.RAWCY5F
2007,2025-08-28 22:10:07,NHB250828221007.RAWCY5J,2025-08-28 22:13:04,NHB250828221304.RAWCY5N,2025-08-28 22:20:08,NHB250828222008.RAWCY5S,2025-08-28 22:23:03,NHB250828222303.RAWCY5W
2008,2025-08-28 22:30:08,NHB250828223008.RAWCY5Z,2025-08-28 22:33:04,NHB250828223304.RAWCY63,2025-08-28 22:40:08,NHB250828224008.RAWCY66,2025-08-28 22:43:03,NHB250828224303.RAWCY6A
2009,2025-08-28 22:50:07,NHB250828225007.RAWCY6D,2025-08-28 22:53:03,NHB250828225303.RAWCY6H,2025-08-28 23:00:08,NHB250828230008.RAWCY6L,2025-08-28 23:03:03,NHB250828230303.RAWCY6R
2010,2025-08-28 23:10:07,NHB250828231007.RAWCY6U,2025-08-28 23:13:03,NHB250828231303.RAWCY6Y,2025-08-28 23:20:08,NHB250828232008.RAWCY71,2025-08-28 23:23:04,NHB250828232304.RAWCY75
2011,2025-08-28 23:30:08,NHB250828233008.RAWCY78,2025-08-28 23:33:03,NHB250828233303.RAWCY7C,2025-08-28 23:40:08,NHB250828234008.RAWCY7F,2025-08-28 23:43:03,NHB250828234303.RAWCY7K
2012,2025-08-28 23:50:07,NHB250828235007.RAWCY7N,2025-08-28 23:53:03,NHB250828235303.RAWCY7T,2025-08-29 00:00:08,NHB250829000008.RAWCY7W,2025-08-29 00:03:03,NHB250829000303.RAWCY80
2013,2025-08-29 00:10:08,NHB250829001008.RAWCY83,2025-08-29 00:13:03,NHB250829001303.RAWCY87,2025-08-29 00:20:08,NHB250829002008.RAWCY8A,2025-08-29 00:23:03,NHB250829002303.RAWCY8E
2014,2025-08-29 00:30:08,NHB250829003008.RAWCY8H,2025-08-29 00:33:03,NHB250829003303.RAWCY8M,2025-08-29 00:40:08,NHB250829004008.RAWCY8R,2025-08-29 00:43:04,NHB250829004304.RAWCY8V
2015,2025-08-29 00:50:08,NHB250829005008.RAWCY8Y,2025-08-29 00:53:04,NHB250829005304.RAWCY92,2025-08-29 01:00:08,NHB250829010008.RAWCY95,2025-08-29 01:03:04,NHB250829010304.RAWCY99
2016,2025-08-29 01:10:07,NHB250829011007.RAWCY9C,2025-08-29 01:13:04,NHB250829011304.RAWCY9G,2025-08-29 01:20:07,NHB250829012007.RAWCY9K,2025-08-29 01:23:03,NHB250829012303.RAWLFWF
2017,2025-08-29 01:30:07,NHB250829013007.RAWLFWJ,2025-08-29 01:33:03,NHB250829013303.RAWLFWN,2025-08-29 01:40:08,NHB250829014008.RAWLFWS,2025-08-29 01:43:03,NHB250829014303.RAWLFWW
2018,2025-08-29 01:50:07,NHB250829015007.RAWLFWZ,2025-08-29 01:53:04,NHB250829015304.RAWLFX3,2025-08-29 02:00:08,NHB250829020008.RAWLFX6,2025-08-29 02:03:04,NHB250829020304.RAWLFXA
2019,2025-08-29 02:10:07,NHB250829021007.RAWLFXD,2025-08-29 02:13:04,NHB250829021304.RAWLFXH,2025-08-29 02:20:08,NHB250829022008.RAWLFXL,2025-08-29 02:23:04,NHB250829022304.RAWLFXR
2020,2025-08-29 02:30:09,NHB250829023009.RAWLFXU,2025-08-29 02:33:03,NHB250829023303.RAWLFXY,2025-08-29 02:40:08,NHB250829024008.RAWLFY1,2025-08-29 02:43:04,NHB250829024304.RAWLFY5
2021,2025-08-29 02:50:07,NHB250829025007.RAWLFY8,2025-08-29 02:53:03,NHB250829025303.RAWLFYC,2025-08-29 03:00:08,NHB250829030008.RAWLFYF,2025-08-29 03:03:04,NHB250829030304.RAWLFYK
2022,2025-08-29 03:10:08,NHB250829031008.RAWLFYN,2025-08-29 03:13:04,NHB250829031304.RAWLFYT,2025-08-29 03:20:08,NHB250829032008.RAWLFYW,2025-08-29 03:23:04,NHB250829032304.RAWLFZ0
2023,2025-08-29 03:30:08,NHB250829033008.RAWLFZ3,2025-08-29 03:33:04,NHB250829033304.RAWLFZ7,2025-08-29 03:40:08,NHB250829034008.RAWLFZA,2025-08-29 03:43:03,NHB250829034303.RAWLFZE
2024,2025-08-29 03:50:09,NHB250829035009.RAWLFZH,2025-08-29 03:53:04,NHB250829035304.RAWLFZM,2025-08-29 04:00:08,NHB250829040008.RAWLFZR,2025-08-29 04:03:03,NHB250829040303.RAWLFZV
2025,2025-08-29 04:10:09,NHB250829041009.RAWLFZY,2025-08-29 04:13:04,NHB250829041304.RAWLG02,2025-08-29 04:20:07,NHB250829042007.RAWLG05,2025-08-29 04:23:03,NHB250829042303.RAWLG09
2026,2025-08-29 04:30:08,NHB250829043008.RAWLG0C,2025-08-29 04:33:04,NHB250829043304.RAWLG0G,2025-08-29 04:40:08,NHB250829044008.RAWLG0K,2025-08-29 04:43:03,NHB250829044303.RAWLG0P
2027,2025-08-29 04:50:09,NHB250829045009.RAWLG0T,2025-08-29 04:53:03,NHB250829045303.RAWLG0X,2025-08-29 05:00:08,NHB250829050008.RAWLG10,2025-08-29 05:03:03,NHB250829050303.RAWLG14
2028,2025-08-29 05:10:07,NHB250829051007.RAWLG17,2025-08-29 05:13:03,NHB250829051303.RAWLG1B,2025-08-29 05:20:07,NHB250829052007.RAWLG1E,2025-08-29 05:23:04,NHB250829052304.RAWLG1J
2029,2025-08-29 05:30:08,NHB250829053008.RAWLG1M,2025-08-29 05:33:05,NHB250829053305.RAWLG1S,2025-08-29 05:40:07,NHB250829054007.RAWLG1V,2025-08-29 05:43:03,NHB250829054303.RAWLG1Z
2030,2025-08-29 05:50:08,NHB250829055008.RAWLG22,2025-08-29 05:53:04,NHB250829055304.RAWLG26,2025-08-29 06:00:08,NHB250829060008.RAWLG29,2025-08-29 06:03:03,NHB250829060303.RAWLG2D
2031,2025-08-29 06:10:08,NHB250829061008.RAWLG2G,2025-08-29 06:13:05,NHB250829061305.RAWLG2L,2025-08-29 06:20:08,NHB250829062008.RAWLG2P,2025-08-29 06:23:04,NHB250829062304.RAWLG2U
2032,2025-08-29 06:30:09,NHB250829063009.RAWLG2X,2025-08-29 06:33:04,NHB250829063304.RAWLG31,2025-08-29 06:40:09,NHB250829064009.RAWLG34,2025-08-29 06:43:03,NHB250829064303.RAWLG38
2033,2025-08-29 06:50:08,NHB250829065008.RAWLG3B,2025-08-29 06:53:05,NHB250829065305.RAWLG3F,2025-08-29 07:00:08,NHB250829070008.RAWLG3J,2025-08-29 07:03:03,NHB250829070303.RAWLG3N
2034,2025-08-29 07:10:07,NHB250829071007.RAWLG3S,2025-08-29 07:13:04,NHB250829071304.RAWLG3W,2025-08-29 07:20:08,NHB250829072008.RAWLG3Z,2025-08-29 07:23:04,NHB250829072304.RAWLG43
2035,2025-08-29 07:30:08,NHB250829073008.RAWLG46,2025-08-29 07:33:04,NHB250829073304.RAWLG4A,2025-08-29 07:40:08,NHB250829074008.RAWLG4D,2025-08-29 07:43:03,NHB250829074303.RAWLG4H
2036,2025-08-29 07:50:08,NHB250829075008.RAWLG4L,2025-08-29 07:53:04,NHB250829075304.RAWLG4R,2025-08-29 08:00:09,NHB250829080009.RAWLG4U,2025-08-29 08:03:05,NHB250829080305.RAWLG4Y
2037,2025-08-29 08:10:08,NHB250829081008.RAWLG51,2025-08-29 08:13:03,NHB250829081303.RAWLG55,2025-08-29 08:20:08,NHB250829082008.RAWLG58,2025-08-29 08:23:04,NHB250829082304.RAWLG5C
2038,2025-08-29 08:30:08,NHB250829083008.RAWLG5F,2025-08-29 08:33:03,NHB250829083303.RAWLG5K,2025-08-29 08:40:08,NHB250829084008.RAWLG5N,2025-08-29 08:43:04,NHB250829084304.RAWLG5T
2039,2025-08-29 08:50:08,NHB250829085008.RAWLG5W,2025-08-29 08:53:03,NHB250829085303.RAWLG60,2025-08-29 09:00:08,NHB250829090008.RAWLG63,2025-08-29 09:03:04,NHB250829090304.RAWLG67
2040,2025-08-29 09:10:08,NHB250829091008.RAWLG6A,2025-08-29 09:13:03,NHB250829091303.RAWLG6E,2025-08-29 09:20:07,NHB250829092007.RAWLG6H,2025-08-29 09:23:04,NHB250829092304.RAWLG6M
2041,2025-08-29 09:30:08,NHB250829093008.RAWLG6R,2025-08-29 09:33:03,NHB250829093303.RAWLG6V,2025-08-29 09:40:08,NHB250829094008.RAWLG6Y,2025-08-29 09:43:04,NHB250829094304.RAWLG72
2042,2025-08-29 09:50:08,NHB250829095008.RAWLG75,2025-08-29 09:53:04,NHB250829095304.RAWLG79,2025-08-29 10:00:08,NHB250829100008.RAWLG7C,2025-08-29 10:03:03,NHB250829100303.RAWLG7G
2043,2025-08-29 10:10:07,NHB250829101007.RAWLG7K,2025-08-29 10:13:04,NHB250829101304.RAWLG7P,2025-08-29 10:20:07,NHB250829102007.RAWLG7T,2025-08-29 10:23:04,NHB250829102304.RAWLG7X
2044,2025-08-29 10:30:08,NHB250829103008.RAWLG80,2025-08-29 10:33:03,NHB250829103303.RAWLG84,2025-08-29 10:40:08,NHB250829104008.RAWLG87,2025-08-29 10:43:03,NHB250829104303.RAWLG8B
2045,2025-08-29 10:50:09,NHB250829105009.RAWLG8E,2025-08-29 10:53:03,NHB250829105303.RAWLG8J,2025-08-29 11:00:08,NHB250829110008.RAWLG8M,2025-08-29 11:03:03,NHB250829110303.RAWLG8S
2046,2025-08-29 11:10:07,NHB250829111007.RAWLG8V,2025-08-29 11:13:03,NHB250829111303.RAWLG8Z,2025-08-29 11:20:08,NHB250829112008.RAWLG92,2025-08-29 11:23:04,NHB250829112304.RAWLG96
2047,2025-08-29 11:30:08,NHB250829113008.RAWLG99,2025-08-29 11:33:03,NHB250829113303.RAWLG9D,2025-08-29 11:40:08,NHB250829114008.RAWLG9G,2025-08-29 11:43:03,NHB250829114303.RAWLG9L
2048,2025-08-29 11:50:08,NHB250829115008.RAWLG9P,2025-08-29 11:53:04,NHB250829115304.RAWLG9U,2025-08-29 12:00:08,NHB250829120008.RAWLG9X,2025-08-29 12:03:03,NHB250829120303.RAWLGA1
2049,2025-08-29 12:10:08,NHB250829121008.RAWLGA4,2025-08-29 12:13:04,NHB250829121304.RAWLGA8,2025-08-29 12:20:07,NHB250829122007.RAWLGAB,2025-08-29 12:23:03,NHB250829122303.RAWLGAF
2050,2025-08-29 12:30:08,NHB250829123008.RAWLGAJ,2025-08-29 12:33:04,NHB250829123304.RAWLGAN,2025-08-29 12:40:08,NHB250829124008.RAWLGAS,2025-08-29 12:43:03,NHB250829124303.RAWLGAW
2051,2025-08-29 12:50:08,NHB250829125008.RAWLGAZ,2025-08-29 12:53:03,NHB250829125303.RAWLGB3,2025-08-29 13:00:08,NHB250829130008.RAWLGB6,2025-08-29 13:03:03,NHB250829130303.RAWLGBA
2052,2025-08-29 13:10:08,NHB250829131008.RAWLGBD,2025-08-29 13:13:04,NHB250829131304.RAWLGBH,2025-08-29 13:20:08,NHB250829132008.RAWLGBL,2025-08-29 13:23:03,NHB250829132303.RAWLGBR
2053,2025-08-29 13:30:08,NHB250829133008.RAWLGBU,2025-08-29 13:33:03,NHB250829133303.RAWLGBY,2025-08-29 13:40:08,NHB250829134008.RAWLGC1,2025-08-29 13:43:03,NHB250829134303.RAWLGC5
2054,2025-08-29 13:50:08,NHB250829135008.RAWLGC8,2025-08-29 13:53:03,NHB250829135303.RAWLGCC,2025-08-29 14:00:08,NHB250829140008.RAWLGCF,2025-08-29 14:03:03,NHB250829140303.RAWLGCK
2055,2025-08-29 14:10:07,NHB250829141007.RAWLGCN,2025-08-29 14:13:03,NHB250829141303.RAWLGCT,2025-08-29 14:20:08,NHB250829142008.RAWLGCW,2025-08-29 14:23:03,NHB250829142303.RAWLGD0
2056,2025-08-29 14:30:07,NHB250829143007.RAWLGD3,2025-08-29 14:33:03,NHB250829143303.RAWLGD7,2025-08-29 14:40:07,NHB250829144007.RAWLGDA,2025-08-29 14:43:05,NHB250829144305.RAWLGDE
2057,2025-08-29 14:50:07,NHB250829145007.RAWLGDH,2025-08-29 14:53:03,NHB250829145303.RAWLGDM,2025-08-29 15:00:08,NHB250829150008.RAWLGDR,2025-08-29 15:03:03,NHB250829150303.RAWLGDV
2058,2025-08-29 15:10:09,NHB250829151009.RAWLGDY,2025-08-29 15:13:03,NHB250829151303.RAWLGE2,2025-08-29 15:20:07,NHB250829152007.RAWLGE5,2025-08-29 15:23:03,NHB250829152303.RAWLGE9
2059,2025-08-29 15:30:07,NHB250829153007.RAWLGEC,2025-08-29 15:33:03,NHB250829153303.RAWLGEG,2025-08-29 15:40:07,NHB250829154007.RAWLGEK,2025-08-29 15:43:03,NHB250829154303.RAWLGEP
2060,2025-08-29 15:50:07,NHB250829155007.RAWLGET,2025-08-29 15:53:03,NHB250829155303.RAWLGEX,2025-08-29 16:00:08,NHB250829160008.RAWLGF0,2025-08-29 16:03:03,NHB250829160303.RAWLGF4
2061,2025-08-29 16:10:07,NHB250829161007.RAWLGF7,2025-08-29 16:13:04,NHB250829161304.RAWLGFB,2025-08-29 16:20:08,NHB250829162008.RAWLGFE,2025-08-29 16:23:03,NHB250829162303.RAWLGFJ
2062,2025-08-29 16:30:08,NHB250829163008.RAWLGFM,2025-08-29 16:33:04,NHB250829163304.RAWLGFS,2025-08-29 16:40:08,NHB250829164008.RAWLGFV,2025-08-29 16:43:03,NHB250829164303.RAWLGFZ
2063,2025-08-29 16:50:08,NHB250829165008.RAWLGG2,2025-08-29 16:53:03,NHB250829165303.RAWLGG6,2025-08-29 17:00:08,NHB250829170008.RAWLGG9,2025-08-29 17:03:03,NHB250829170303.RAWLGGD
2064,2025-08-29 17:10:08,NHB250829171008.RAWLGGG,2025-08-29 17:13:03,NHB250829171303.RAWLGGL,2025-08-29 17:20:08,NHB250829172008.RAWLGGP,2025-08-29 17:23:03,NHB250829172303.RAWLGGU
2065,2025-08-29 17:30:08,NHB250829173008.RAWLGGX,2025-08-29 17:33:04,NHB250829173304.RAWLGH1,2025-08-29 17:40:08,NHB250829174008.RAWLGH4,2025-08-29 17:43:05,NHB250829174305.RAWLGH8
2066,2025-08-29 17:50:07,NHB250829175007.RAWLGHB,2025-08-29 17:53:03,NHB250829175303.RAWLGHF,2025-08-29 18:00:08,NHB250829180008.RAWLGHJ,2025-08-29 18:03:04,NHB250829180304.RAWLGHN
2067,2025-08-29 18:10:08,NHB250829181008.RAWLGHS,2025-08-29 18:13:03,NHB250829181303.RAWLGHW,2025-08-29 18:20:07,NHB250829182007.RAWLGHZ,2025-08-29 18:23:04,NHB250829182304.RAWLGJ3
2068,2025-08-29 18:30:08,NHB250829183008.RAWLGJ6,2025-08-29 18:33:04,NHB250829183304.RAWLGJA,2025-08-29 18:40:08,NHB250829184008.RAWLGJD,2025-08-29 18:43:03,NHB250829184303.RAWLGJH
2069,2025-08-29 18:50:07,NHB250829185007.RAWLGJL,2025-08-29 18:53:03,NHB250829185303.RAWLGJR,2025-08-29 19:00:08,NHB250829190008.RAWLGJU,2025-08-29 19:03:04,NHB250829190304.RAWLGJY
2070,2025-08-29 19:10:07,NHB250829191007.RAWLGK1,2025-08-29 19:13:03,NHB250829191303.RAWLGK5,2025-08-29 19:20:08,NHB250829192008.RAWLGK8,2025-08-29 19:23:03,NHB250829192303.RAWLGKC
2071,2025-08-29 19:30:09,NHB250829193009.RAWLGKF,2025-08-29 19:33:03,NHB250829193303.RAWLGKK,2025-08-29 19:40:08,NHB250829194008.RAWLGKN,2025-08-29 19:43:04,NHB250829194304.RAWLGKT
2072,2025-08-29 19:50:08,NHB250829195008.RAWLGKW,2025-08-29 19:53:03,NHB250829195303.RAWLGL0,2025-08-29 20:00:07,NHB250829200007.RAWLGL3,2025-08-29 20:03:04,NHB250829200304.RAWLGL7
2073,2025-08-29 20:10:08,NHB250829201008.RAWLGLA,2025-08-29 20:13:04,NHB250829201304.RAWLGLE,2025-08-29 20:20:08,NHB250829202008.RAWLGLH,2025-08-29 20:23:03,NHB250829202303.RAWLGLM
2074,2025-08-29 20:30:08,NHB250829203008.RAWLGLR,2025-08-29 20:33:04,NHB250829203304.RAWLGLV,2025-08-29 20:40:08,NHB250829204008.RAWLGLY,2025-08-29 20:43:04,NHB250829204304.RAWLGM2
2075,2025-08-29 20:50:08,NHB250829205008.RAWLGM5,2025-08-29 20:53:03,NHB250829205303.RAWLGM9,2025-08-29 21:00:07,NHB250829210007.RAWLGMC,2025-08-29 21:03:03,NHB250829210303.RAWLGMG
2076,2025-08-29 21:10:07,NHB250829211007.RAWLGMK,2025-08-29 21:13:03,NHB250829211303.RAWLGMP,2025-08-29 21:20:08,NHB250829212008.RAWLGMT,2025-08-29 21:23:04,NHB250829212304.RAWLGMX
2077,2025-08-29 21:30:08,NHB250829213008.RAWLGN0,2025-08-29 21:33:04,NHB250829213304.RAWLGN4,2025-08-29 21:40:07,NHB250829214007.RAWLGN7,2025-08-29 21:43:04,NHB250829214304.RAWLGNB
2078,2025-08-29 21:50:08,NHB250829215008.RAWLGNE,2025-08-29 21:53:03,NHB250829215303.RAWLGNJ,2025-08-29 22:00:08,NHB250829220008.RAWLGNM,2025-08-29 22:03:04,NHB250829220304.RAWLGNS
2079,2025-08-29 22:10:08,NHB250829221008.RAWLGNV,2025-08-29 22:13:04,NHB250829221304.RAWLGNZ,2025-08-29 22:20:07,NHB250829222007.RAWLGP2,2025-08-29 22:23:04,NHB250829222304.RAWLGP6
2080,2025-08-29 22:30:08,NHB250829223008.RAWLGP9,2025-08-29 22:33:04,NHB250829223304.RAWLGPD,2025-08-29 22:40:08,NHB250829224008.RAWLGPG,2025-08-29 22:43:03,NHB250829224303.RAWLGPL
2081,2025-08-29 22:50:08,NHB250829225008.RAWLGPP,2025-08-29 22:53:03,NHB250829225303.RAWLGPU,2025-08-29 23:00:08,NHB250829230008.RAWLGPX,2025-08-29 23:03:03,NHB250829230303.RAWLGR1
2082,2025-08-29 23:10:08,NHB250829231008.RAWLGR4,2025-08-29 23:13:03,NHB250829231303.RAWLGR8,2025-08-29 23:20:08,NHB250829232008.RAWLGRB,2025-08-29 23:23:04,NHB250829232304.RAWLGRF
2083,2025-08-29 23:30:07,NHB250829233007.RAWLGRJ,2025-08-29 23:33:04,NHB250829233304.RAWLGRN,2025-08-29 23:40:07,NHB250829234007.RAWLGRS,2025-08-29 23:43:03,NHB250829234303.RAWLGRW
2084,2025-08-29 23:50:08,NHB250829235008.RAWLGRZ,2025-08-29 23:53:04,NHB250829235304.RAWLGS3,2025-08-30 00:00:07,NHB250830000007.RAWLGS6,2025-08-30 00:03:03,NHB250830000303.RAWLGSA
2085,2025-08-30 00:10:07,NHB250830001007.RAWLGSD,2025-08-30 00:13:03,NHB250830001303.RAWLGSH,2025-08-30 00:20:07,NHB250830002007.RAWLGSL,2025-08-30 00:23:03,NHB250830002303.RAWLGSR
2086,2025-08-30 00:30:07,NHB250830003007.RAWLGSU,2025-08-30 00:33:03,NHB250830003303.RAWLGSY,2025-08-30 00:40:08,NHB250830004008.RAWLGT1,2025-08-30 00:43:04,NHB250830004304.RAWLGT5
2087,2025-08-30 00:50:08,NHB250830005008.RAWLGT8,2025-08-30 00:53:04,NHB250830005304.RAWLGTC,2025-08-30 01:00:08,NHB250830010008.RAWLGTF,2025-08-30 01:03:05,NHB250830010305.RAWLGTK
2088,2025-08-30 01:10:08,NHB250830011008.RAWLGTN,2025-08-30 01:13:03,NHB250830011303.RAWLGTT,2025-08-30 01:20:08,NHB250830012008.RAWLGTW,2025-08-30 01:23:03,NHB250830012303.RAWLGU0
2089,2025-08-30 01:30:07,NHB250830013007.RAWLGU3,2025-08-30 01:33:03,NHB250830013303.RAWLGU7,2025-08-30 01:40:08,NHB250830014008.RAWLGUA,2025-08-30 01:43:03,NHB250830014303.RAWLGUE
2090,2025-08-30 01:50:08,NHB250830015008.RAWLGUH,2025-08-30 01:53:03,NHB250830015303.RAWLGUM,2025-08-30 02:00:08,NHB250830020008.RAWLGUR,2025-08-30 02:03:03,NHB250830020303.RAWLGUV
2091,2025-08-30 02:10:08,NHB250830021008.RAWLGUY,2025-08-30 02:13:04,NHB250830021304.RAWLGV2,2025-08-30 02:20:08,NHB250830022008.RAWLGV5,2025-08-30 02:23:03,NHB250830022303.RAWLGV9
2092,2025-08-30 02:30:07,NHB250830023007.RAWLGVC,2025-08-30 02:33:04,NHB250830023304.RAWLGVG,2025-08-30 02:40:08,NHB250830024008.RAWLGVK,2025-08-30 02:43:04,NHB250830024304.RAWLGVP
2093,2025-08-30 02:50:08,NHB250830025008.RAWLGVT,2025-08-30 02:53:04,NHB250830025304.RAWLGVX,2025-08-30 03:00:08,NHB250830030008.RAWLGW0,2025-08-30 03:03:04,NHB250830030304.RAWLGW4
2094,2025-08-30 03:10:07,NHB250830031007.RAWLGW7,2025-08-30 03:13:04,NHB250830031304.RAWLGWB,2025-08-30 03:20:08,NHB250830032008.RAWLGWE,2025-08-30 03:23:04,NHB250830032304.RAWLGWJ
2095,2025-08-30 03:30:08,NHB250830033008.RAWLGWM,2025-08-30 03:33:03,NHB250830033303.RAWLGWS,2025-08-30 03:40:07,NHB250830034007.RAWLGWV,2025-08-30 03:43:03,NHB250830034303.RAWLGWZ
2096,2025-08-30 03:50:08,NHB250830035008.RAWLGX2,2025-08-30 03:53:04,NHB250830035304.RAWLGX6,2025-08-30 04:00:08,NHB250830040008.RAWLGX9,2025-08-30 04:03:04,NHB250830040304.RAWLGXD
2097,2025-08-30 04:10:07,NHB250830041007.RAWLGXG,2025-08-30 04:13:05,NHB250830041305.RAWLGXL,2025-08-30 04:20:08,NHB250830042008.RAWLGXP,2025-08-30 04:23:03,NHB250830042303.RAWLGXU
2098,2025-08-30 04:30:07,NHB250830043007.RAWLGXX,2025-08-30 04:33:04,NHB250830043304.RAWLGY1,2025-08-30 04:40:07,NHB250830044007.RAWLGY4,2025-08-30 04:43:03,NHB250830044303.RAWLGY8
2099,2025-08-30 04:50:08,NHB250830045008.RAWLGYB,2025-08-30 04:53:04,NHB250830045304.RAWLGYF,2025-08-30 05:00:08,NHB250830050008.RAWLGYJ,2025-08-30 05:03:04,NHB250830050304.RAWLGYN
2100,2025-08-30 05:10:08,NHB250830051008.RAWLGYS,2025-08-30 05:13:03,NHB250830051303.RAWLGYW,2025-08-30 05:20:08,NHB250830052008.RAWLGYZ,2025-08-30 05:23:03,NHB250830052303.RAWLGZ3
2101,2025-08-30 05:30:07,NHB250830053007.RAWLGZ6,2025-08-30 05:33:03,NHB250830053303.RAWLGZA,2025-08-30 05:40:08,NHB250830054008.RAWLGZD,2025-08-30 05:43:03,NHB250830054303.RAWLGZH
2102,2025-08-30 05:50:08,NHB250830055008.RAWLGZL,2025-08-30 05:53:04,NHB250830055304.RAWLGZR,2025-08-30 06:00:09,NHB250830060009.RAWLGZU,2025-08-30 06:03:04,NHB250830060304.RAWLGZY
2103,2025-08-30 06:10:08,NHB250830061008.RAWLH01,2025-08-30 06:13:04,NHB250830061304.RAWLH05,2025-08-30 06:20:08,NHB250830062008.RAWLH08,2025-08-30 06:23:04,NHB250830062304.RAWLH0C
2104,2025-08-30 06:30:08,NHB250830063008.RAWLH0F,2025-08-30 06:33:04,NHB250830063304.RAWLH0K,2025-08-30 06:40:07,NHB250830064007.RAWLH0N,2025-08-30 06:43:04,NHB250830064304.RAWLH0T
2105,2025-08-30 06:50:07,NHB250830065007.RAWLH0W,2025-08-30 06:53:04,NHB250830065304.RAWLH10,2025-08-30 07:00:07,NHB250830070007.RAWLH13,2025-08-30 07:03:03,NHB250830070303.RAWLH17
2106,2025-08-30 07:10:07,NHB250830071007.RAWLH1A,2025-08-30 07:13:04,NHB250830071304.RAWLH1E,2025-08-30 07:20:08,NHB250830072008.RAWLH1H,2025-08-30 07:23:04,NHB250830072304.RAWLH1M
2107,2025-08-30 07:30:08,NHB250830073008.RAWLH1R,2025-08-30 07:33:03,NHB250830073303.RAWLH1V,2025-08-30 07:40:08,NHB250830074008.RAWLH1Y,2025-08-30 07:43:04,NHB250830074304.RAWLH22
2108,2025-08-30 07:50:08,NHB250830075008.RAWLH25,2025-08-30 07:53:03,NHB250830075303.RAWLH29,2025-08-30 08:00:07,NHB250830080007.RAWLH2C,2025-08-30 08:03:03,NHB250830080303.RAWLH2G
2109,2025-08-30 08:10:07,NHB250830081007.RAWLH2K,2025-08-30 08:13:04,NHB250830081304.RAWLH2P,2025-08-30 08:20:08,NHB250830082008.RAWLH2T,2025-08-30 08:23:03,NHB250830082303.RAWLH2X
2110,2025-08-30 08:30:08,NHB250830083008.RAWLH30,2025-08-30 08:33:03,NHB250830083303.RAWLH34,2025-08-30 08:40:07,NHB250830084007.RAWLH37,2025-08-30 08:43:03,NHB250830084303.RAWLH3B
2111,2025-08-30 08:50:07,NHB250830085007.RAWLH3E,2025-08-30 08:53:03,NHB250830085303.RAWLH3J,2025-08-30 09:00:08,NHB250830090008.RAWLH3M,2025-08-30 09:03:03,NHB250830090303.RAWLH3S
2112,2025-08-30 09:10:08,NHB250830091008.RAWLH3V,2025-08-30 09:13:03,NHB250830091303.RAWLH3Z,2025-08-30 09:20:08,NHB250830092008.RAWLH42,2025-08-30 09:23:03,NHB250830092303.RAWLH46
2113,2025-08-30 09:30:08,NHB250830093008.RAWLH49,2025-08-30 09:33:03,NHB250830093303.RAWLH4D,2025-08-30 09:40:08,NHB250830094008.RAWLH4G,2025-08-30 09:43:03,NHB250830094303.RAWLH4L
2114,2025-08-30 09:50:08,NHB250830095008.RAWLH4P,2025-08-30 09:53:03,NHB250830095303.RAWLH4U,2025-08-30 10:00:08,NHB250830100008.RAWLH4X,2025-08-30 10:03:03,NHB250830100303.RAWLH51
2115,2025-08-30 10:10:07,NHB250830101007.RAWLH54,2025-08-30 10:13:05,NHB250830101305.RAWLH58,2025-08-30 10:20:07,NHB250830102007.RAWLH5B,2025-08-30 10:23:04,NHB250830102304.RAWLH5F
2116,2025-08-30 10:30:07,NHB250830103007.RAWLH5J,2025-08-30 10:33:04,NHB250830103304.RAWLH5N,2025-08-30 10:40:08,NHB250830104008.RAWLH5S,2025-08-30 10:43:03,NHB250830104303.RAWLH5W
2117,2025-08-30 10:50:08,NHB250830105008.RAWLH5Z,2025-08-30 10:53:04,NHB250830105304.RAWLH63,2025-08-30 11:00:07,NHB250830110007.RAWLH66,2025-08-30 11:03:03,NHB250830110303.RAWLH6A
2118,2025-08-30 11:10:08,NHB250830111008.RAWLH6D,2025-08-30 11:13:03,NHB250830111303.RAWLH6H,2025-08-30 11:20:08,NHB250830112008.RAWLH6L,2025-08-30 11:23:03,NHB250830112303.RAWLH6R
2119,2025-08-30 11:30:08,NHB250830113008.RAWLH6U,2025-08-30 11:33:04,NHB250830113304.RAWLH6Y,2025-08-30 11:40:08,NHB250830114008.RAWLH71,2025-08-30 11:43:04,NHB250830114304.RAWLH75
2120,2025-08-30 11:50:08,NHB250830115008.RAWLH78,2025-08-30 11:53:03,NHB250830115303.RAWLH7C,2025-08-30 12:00:07,NHB250830120007.RAWLH7F,2025-08-30 12:03:03,NHB250830120303.RAWLH7K
2121,2025-08-30 12:10:07,NHB250830121007.RAWLH7N,2025-08-30 12:13:04,NHB250830121304.RAWLH7T,2025-08-30 12:20:08,NHB250830122008.RAWLH7W,2025-08-30 12:23:03,NHB250830122303.RAWLH80
2122,2025-08-30 12:30:08,NHB250830123008.RAWLH83,2025-08-30 12:33:04,NHB250830123304.RAWLH87,2025-08-30 12:40:08,NHB250830124008.RAWLH8A,2025-08-30 12:43:03,NHB250830124303.RAWLH8E
2123,2025-08-30 12:50:07,NHB250830125007.RAWLH8H,2025-08-30 12:53:03,NHB250830125303.RAWLH8M,2025-08-30 13:00:08,NHB250830130008.RAWLH8R,2025-08-30 13:03:04,NHB250830130304.RAWLH8V
2124,2025-08-30 13:10:08,NHB250830131008.RAWLH8Y,2025-08-30 13:13:03,NHB250830131303.RAWLH92,2025-08-30 13:20:07,NHB250830132007.RAWLH95,2025-08-30 13:23:04,NHB250830132304.RAWLH99
2125,2025-08-30 13:30:08,NHB250830133008.RAWLH9C,2025-08-30 13:33:04,NHB250830133304.RAWLH9G,2025-08-30 13:40:08,NHB250830134008.RAWLH9K,2025-08-30 13:43:03,NHB250830134303.RAWLH9P
2126,2025-08-30 13:50:07,NHB250830135007.RAWLH9T,2025-08-30 13:53:04,NHB250830135304.RAWLH9X,2025-08-30 14:00:07,NHB250830140007.RAWLHA0,2025-08-30 14:03:03,NHB250830140303.RAWLHA4
2127,2025-08-30 14:10:08,NHB250830141008.RAWLHA7,2025-08-30 14:13:03,NHB250830141303.RAWLHAB,2025-08-30 14:20:07,NHB250830142007.RAWLHAE,2025-08-30 14:23:04,NHB250830142304.RAWLHAJ
2128,2025-08-30 14:30:07,NHB250830143007.RAWLHAM,2025-08-30 14:33:04,NHB250830143304.RAWLHAS,2025-08-30 14:40:08,NHB250830144008.RAWLHAV,2025-08-30 14:43:04,NHB250830144304.RAWLHAZ
2129,2025-08-30 14:50:07,NHB250830145007.RAWLHB2,2025-08-30 14:53:04,NHB250830145304.RAWLHB6,2025-08-30 15:00:08,NHB250830150008.RAWLHB9,2025-08-30 15:03:03,NHB250830150303.RAWLHBD
2130,2025-08-30 15:10:08,NHB250830151008.RAWLHBG,2025-08-30 15:13:03,NHB250830151303.RAWLHBL,2025-08-30 15:20:08,NHB250830152008.RAWLHBP,2025-08-30 15:23:04,NHB250830152304.RAWLHBU
2131,2025-08-30 15:30:08,NHB250830153008.RAWLHBX,2025-08-30 15:33:04,NHB250830153304.RAWLHC1,2025-08-30 15:40:07,NHB250830154007.RAWLHC4,2025-08-30 15:43:04,NHB250830154304.RAWLHC8
2132,2025-08-30 15:50:08,NHB250830155008.RAWLHCB,2025-08-30 15:53:03,NHB250830155303.RAWLHCF,2025-08-30 16:00:08,NHB250830160008.RAWLHCJ,2025-08-30 16:03:03,NHB250830160303.RAWLHCN
2133,2025-08-30 16:10:08,NHB250830161008.RAWLHCS,2025-08-30 16:13:03,NHB250830161303.RAWLHCW,2025-08-30 16:20:08,NHB250830162008.RAWLHCZ,2025-08-30 16:23:03,NHB250830162303.RAWLHD3
2134,2025-08-30 16:30:07,NHB250830163007.RAWLHD6,2025-08-30 16:33:03,NHB250830163303.RAWLHDA,2025-08-30 16:40:08,NHB250830164008.RAWLHDD,2025-08-30 16:43:04,NHB250830164304.RAWLHDH
2135,2025-08-30 16:50:07,NHB250830165007.RAWLHDL,2025-08-30 16:53:05,NHB250830165305.RAWLHDR,2025-08-30 17:00:08,NHB250830170008.RAWLHDU,2025-08-30 17:03:03,NHB250830170303.RAWLHDY
2136,2025-08-30 17:10:07,NHB250830171007.RAWLHE1,2025-08-30 17:13:03,NHB250830171303.RAWLHE5,2025-08-30 17:20:08,NHB250830172008.RAWLHE8,2025-08-30 17:23:03,NHB250830172303.RAWLHEC
2137,2025-08-30 17:30:07,NHB250830173007.RAWLHEF,2025-08-30 17:33:04,NHB250830173304.RAWLHEK,2025-08-30 17:40:07,NHB250830174007.RAWLHEN,2025-08-30 17:43:04,NHB250830174304.RAWLHET
2138,2025-08-30 17:50:08,NHB250830175008.RAWLHEW,2025-08-30 17:53:03,NHB250830175303.RAWLHF0,2025-08-30 18:00:08,NHB250830180008.RAWLHF3,2025-08-30 18:03:04,NHB250830180304.RAWLHF7
2139,2025-08-30 18:10:08,NHB250830181008.RAWLHFA,2025-08-30 18:13:03,NHB250830181303.RAWLHFE,2025-08-30 18:20:08,NHB250830182008.RAWLHFH,2025-08-30 18:23:03,NHB250830182303.RAWLHFM
2140,2025-08-30 18:30:08,NHB250830183008.RAWLHFR,2025-08-30 18:33:03,NHB250830183303.RAWLHFV,2025-08-30 18:40:07,NHB250830184007.RAWLHFY,2025-08-30 18:43:04,NHB250830184304.RAWLHG2
2141,2025-08-30 18:50:07,NHB250830185007.RAWLHG5,2025-08-30 18:53:04,NHB250830185304.RAWLHG9,2025-08-30 19:00:08,NHB250830190008.RAWLHGC,2025-08-30 19:03:03,NHB250830190303.RAWLHGG
2142,2025-08-30 19:10:07,NHB250830191007.RAWLHGK,2025-08-30 19:13:04,NHB250830191304.RAWLHGP,2025-08-30 19:20:08,NHB250830192008.RAWLHGT,2025-08-30 19:23:04,NHB250830192304.RAWLHGX
2143,2025-08-30 19:30:08,NHB250830193008.RAWLHH0,2025-08-30 19:33:04,NHB250830193304.RAWLHH4,2025-08-30 19:40:07,NHB250830194007.RAWLHH7,2025-08-30 19:43:03,NHB250830194303.RAWLHHB
2144,2025-08-30 19:50:09,NHB250830195009.RAWLHHE,2025-08-30 19:53:03,NHB250830195303.RAWLHHJ,2025-08-30 20:00:08,NHB250830200008.RAWLHHM,2025-08-30 20:03:04,NHB250830200304.RAWLHHS
2145,2025-08-30 20:10:08,NHB250830201008.RAWLHHV,2025-08-30 20:13:03,NHB250830201303.RAWLHHZ,2025-08-30 20:20:08,NHB250830202008.RAWLHJ2,2025-08-30 20:23:04,NHB250830202304.RAWLHJ6
2146,2025-08-30 20:30:07,NHB250830203007.RAWLHJ9,2025-08-30 20:33:03,NHB250830203303.RAWLHJD,2025-08-30 20:40:08,NHB250830204008.RAWLHJG,2025-08-30 20:43:04,NHB250830204304.RAWLHJL
2147,2025-08-30 20:50:08,NHB250830205008.RAWLHJP,2025-08-30 20:53:03,NHB250830205303.RAWLHJU,2025-08-30 21:00:09,NHB250830210009.RAWLHJX,2025-08-30 21:03:03,NHB250830210303.RAWLHK1
2148,2025-08-30 21:10:07,NHB250830211007.RAWLHK4,2025-08-30 21:13:04,NHB250830211304.RAWLHK8,2025-08-30 21:20:07,NHB250830212007.RAWLHKB,2025-08-30 21:23:03,NHB250830212303.RAWLHKF
2149,2025-08-30 21:30:08,NHB250830213008.RAWLHKJ,2025-08-30 21:33:04,NHB250830213304.RAWLHKN,2025-08-30 21:40:07,NHB250830214007.RAWLHKS,2025-08-30 21:43:04,NHB250830214304.RAWLHKW
2150,2025-08-30 21:50:08,NHB250830215008.RAWLHKZ,2025-08-30 21:53:04,NHB250830215304.RAWLHL3,2025-08-30 22:00:07,NHB250830220007.RAWLHL6,2025-08-30 22:03:03,NHB250830220303.RAWLHLA
2151,2025-08-30 22:10:08,NHB250830221008.RAWLHLD,2025-08-30 22:13:03,NHB250830221303.RAWLHLH,2025-08-30 22:20:08,NHB250830222008.RAWLHLL,2025-08-30 22:23:03,NHB250830222303.RAWLHLR
2152,2025-08-30 22:30:08,NHB250830223008.RAWLHLU,2025-08-30 22:33:03,NHB250830223303.RAWLHLY,2025-08-30 22:40:08,NHB250830224008.RAWLHM1,2025-08-30 22:43:03,NHB250830224303.RAWLHM5
2153,2025-08-30 22:50:08,NHB250830225008.RAWLHM8,2025-08-30 22:53:03,NHB250830225303.RAWLHMC,2025-08-30 23:00:08,NHB250830230008.RAWLHMF,2025-08-30 23:03:03,NHB250830230303.RAWLHMK
2154,2025-08-30 23:10:08,NHB250830231008.RAWLHMN,2025-08-30 23:13:03,NHB250830231303.RAWLHMT,2025-08-30 23:20:08,NHB250830232008.RAWLHMW,2025-08-30 23:23:03,NHB250830232303.RAWLHN0
2155,2025-08-30 23:30:08,NHB250830233008.RAWLHN3,2025-08-30 23:33:03,NHB250830233303.RAWLHN7,2025-08-30 23:40:08,NHB250830234008.RAWLHNA,2025-08-30 23:43:04,NHB250830234304.RAWLHNE
2156,2025-08-30 23:50:08,NHB250830235008.RAWLHNH,2025-08-30 23:53:04,NHB250830235304.RAWLHNM,2025-08-31 00:00:08,NHB250831000008.RAWLHNR,2025-08-31 00:03:04,NHB250831000304.RAWLHNV
2157,2025-08-31 00:10:07,NHB250831001007.RAWLHNY,2025-08-31 00:13:04,NHB250831001304.RAWLHP2,2025-08-31 00:20:09,NHB250831002009.RAWLHP5,2025-08-31 00:23:04,NHB250831002304.RAWLHP9
2158,2025-08-31 00:30:08,NHB250831003008.RAWLHPC,2025-08-31 00:33:03,NHB250831003303.RAWLHPG,2025-08-31 00:40:09,NHB250831004009.RAWLHPK,2025-08-31 00:43:03,NHB250831004303.RAWLHPP
2159,2025-08-31 00:50:09,NHB250831005009.RAWLHPT,2025-08-31 00:53:03,NHB250831005303.RAWLHPX,2025-08-31 01:00:07,NHB250831010007.RAWLHR0,2025-08-31 01:03:04,NHB250831010304.RAWLHR4
2160,2025-08-31 01:10:07,NHB250831011007.RAWLHR7,2025-08-31 01:13:03,NHB250831011303.RAWLHRB,2025-08-31 01:20:07,NHB250831012007.RAWLHRE,2025-08-31 01:23:04,NHB250831012304.RAWLHRJ
2161,2025-08-31 01:30:07,NHB250831013007.RAWLHRM,2025-08-31 01:33:04,NHB250831013304.RAWLHRS,2025-08-31 01:40:07,NHB250831014007.RAWLHRV,2025-08-31 01:43:03,NHB250831014303.RAWLHRZ
2162,2025-08-31 01:50:08,NHB250831015008.RAWLHS2,2025-08-31 01:53:03,NHB250831015303.RAWLHS6,2025-08-31 02:00:08,NHB250831020008.RAWLHS9,2025-08-31 02:03:03,NHB250831020303.RAWLHSD
2163,2025-08-31 02:10:08,NHB250831021008.RAWLHSG,2025-08-31 02:13:03,NHB250831021303.RAWLHSL,2025-08-31 02:20:08,NHB250831022008.RAWLHSP,2025-08-31 02:23:04,NHB250831022304.RAWLHSU
2164,2025-08-31 02:30:07,NHB250831023007.RAWLHSX,2025-08-31 02:33:03,NHB250831023303.RAWLHT1,2025-08-31 02:40:08,NHB250831024008.RAWLHT4,2025-08-31 02:43:03,NHB250831024303.RAWLHT8
2165,2025-08-31 02:50:07,NHB250831025007.RAWLHTB,2025-08-31 02:53:04,NHB250831025304.RAWLHTF,2025-08-31 03:00:08,NHB250831030008.RAWLHTJ,2025-08-31 03:03:03,NHB250831030303.RAWLHTN
2166,2025-08-31 03:10:08,NHB250831031008.RAWLHTS,2025-08-31 03:13:03,NHB250831031303.RAWLHTW,2025-08-31 03:20:08,NHB250831032008.RAWLHTZ,2025-08-31 03:23:03,NHB250831032303.RAWLHU3
2167,2025-08-31 03:30:08,NHB250831033008.RAWLHU6,2025-08-31 03:33:03,NHB250831033303.RAWLHUA,2025-08-31 03:40:07,NHB250831034007.RAWLHUD,2025-08-31 03:43:04,NHB250831034304.RAWLHUH
2168,2025-08-31 03:50:08,NHB250831035008.RAWLHUL,2025-08-31 03:53:03,NHB250831035303.RAWLHUR,2025-08-31 04:00:09,NHB250831040009.RAWLHUU,2025-08-31 04:03:05,NHB250831040305.RAWLHUY
2169,2025-08-31 04:10:07,NHB250831041007.RAWLHV1,2025-08-31 04:13:03,NHB250831041303.RAWLHV5,2025-08-31 04:20:08,NHB250831042008.RAWLHV8,2025-08-31 04:23:03,NHB250831042303.RAWLHVC
2170,2025-08-31 04:30:08,NHB250831043008.RAWLHVF,2025-08-31 04:33:04,NHB250831043304.RAWLHVK,2025-08-31 04:40:08,NHB250831044008.RAWLHVN,2025-08-31 04:43:03,NHB250831044303.RAWLHVT
2171,2025-08-31 04:50:08,NHB250831045008.RAWLHVW,2025-08-31 04:53:03,NHB250831045303.RAWLHW0,2025-08-31 05:00:08,NHB250831050008.RAWLHW3,2025-08-31 05:03:04,NHB250831050304.RAWLHW7
2172,2025-08-31 05:10:09,NHB250831051009.RAWLHWA,2025-08-31 05:13:03,NHB250831051303.RAWLHWE,2025-08-31 05:20:08,NHB250831052008.RAWLHWH,2025-08-31 05:23:04,NHB250831052304.RAWLHWM
2173,2025-08-31 05:30:08,NHB250831053008.RAWLHWR,2025-08-31 05:33:04,NHB250831053304.RAWLHWV,2025-08-31 05:40:08,NHB250831054008.RAWLHWY,2025-08-31 05:43:03,NHB250831054303.RAWLHX2
2174,2025-08-31 05:50:07,NHB250831055007.RAWLHX5,2025-08-31 05:53:04,NHB250831055304.RAWLHX9,2025-08-31 06:00:07,NHB250831060007.RAWLHXC,2025-08-31 06:03:03,NHB250831060303.RAWLHXG
2175,2025-08-31 06:10:08,NHB250831061008.RAWLHXK,2025-08-31 06:13:03,NHB250831061303.RAWLHXP,2025-08-31 06:20:07,NHB250831062007.RAWLHXT,2025-08-31 06:23:03,NHB250831062303.RAWLHXX
2176,2025-08-31 06:30:07,NHB250831063007.RAWLHY0,2025-08-31 06:33:03,NHB250831063303.RAWLHY4,2025-08-31 06:40:09,NHB250831064009.RAWLHY7,2025-08-31 06:43:03,NHB250831064303.RAWLHYB
2177,2025-08-31 06:50:07,NHB250831065007.RAWLHYE,2025-08-31 06:53:03,NHB250831065303.RAWLHYJ,2025-08-31 07:00:07,NHB250831070007.RAWLHYM,2025-08-31 07:03:04,NHB250831070304.RAWLHYS
2178,2025-08-31 07:10:07,NHB250831071007.RAWLHYV,2025-08-31 07:13:03,NHB250831071303.RAWLHYZ,2025-08-31 07:20:08,NHB250831072008.RAWLHZ2,2025-08-31 07:23:04,NHB250831072304.RAWLHZ6
2179,2025-08-31 07:30:07,NHB250831073007.RAWLHZ9,2025-08-31 07:33:03,NHB250831073303.RAWLHZD,2025-08-31 07:40:09,NHB250831074009.RAWLHZG,2025-08-31 07:43:03,NHB250831074303.RAWLHZL
2180,2025-08-31 07:50:08,NHB250831075008.RAWLHZP,2025-08-31 07:53:03,NHB250831075303.RAWLHZU,2025-08-31 08:00:08,NHB250831080008.RAWLHZX,2025-08-31 08:03:03,NHB250831080303.RAWLJ01
2181,2025-08-31 08:10:08,NHB250831081008.RAWLJ04,2025-08-31 08:13:03,NHB250831081303.RAWLJ08,2025-08-31 08:20:07,NHB250831082007.RAWLJ0B,2025-08-31 08:23:04,NHB250831082304.RAWLJ0F
2182,2025-08-31 08:30:07,NHB250831083007.RAWLJ0J,2025-08-31 08:33:03,NHB250831083303.RAWLJ0N,2025-08-31 08:40:08,NHB250831084008.RAWLJ0S,2025-08-31 08:43:03,NHB250831084303.RAWLJ0W
2183,2025-08-31 08:50:08,NHB250831085008.RAWLJ0Z,2025-08-31 08:53:04,NHB250831085304.RAWLJ13,2025-08-31 09:00:08,NHB250831090008.RAWLJ16,2025-08-31 09:03:03,NHB250831090303.RAWLJ1A
2184,2025-08-31 09:10:08,NHB250831091008.RAWLJ1D,2025-08-31 09:13:03,NHB250831091303.RAWLJ1H,2025-08-31 09:20:07,NHB250831092007.RAWLJ1L,2025-08-31 09:23:03,NHB250831092303.RAWLJ1R
2185,2025-08-31 09:30:08,NHB250831093008.RAWLJ1U,2025-08-31 09:33:04,NHB250831093304.RAWLJ1Y,2025-08-31 09:40:07,NHB250831094007.RAWLJ21,2025-08-31 09:43:04,NHB250831094304.RAWLJ25
2186,2025-08-31 09:50:08,NHB250831095008.RAWLJ28,2025-08-31 09:53:04,NHB250831095304.RAWLJ2C,2025-08-31 10:00:07,NHB250831100007.RAWLJ2F,2025-08-31 10:03:03,NHB250831100303.RAWLJ2K
2187,2025-08-31 10:10:07,NHB250831101007.RAWLJ2N,2025-08-31 10:13:03,NHB250831101303.RAWLJ2T,2025-08-31 10:20:08,NHB250831102008.RAWLJ2W,2025-08-31 10:23:04,NHB250831102304.RAWLJ30
2188,2025-08-31 10:30:08,NHB250831103008.RAWLJ33,2025-08-31 10:33:04,NHB250831103304.RAWLJ37,2025-08-31 10:40:07,NHB250831104007.RAWLJ3A,2025-08-31 10:43:03,NHB250831104303.RAWLJ3E
2189,2025-08-31 10:50:07,NHB250831105007.RAWLJ3H,2025-08-31 10:53:04,NHB250831105304.RAWLJ3M,2025-08-31 11:00:08,NHB250831110008.RAWLJ3R,2025-08-31 11:03:04,NHB250831110304.RAWLJ3V
2190,2025-08-31 11:10:08,NHB250831111008.RAWLJ3Y,2025-08-31 11:13:03,NHB250831111303.RAWLJ42,2025-08-31 11:20:08,NHB250831112008.RAWLJ45,2025-08-31 11:23:04,NHB250831112304.RAWLJ49
2191,2025-08-31 11:30:07,NHB250831113007.RAWLJ4C,2025-08-31 11:33:03,NHB250831113303.RAWLJ4G,2025-08-31 11:40:07,NHB250831114007.RAWLJ4K,2025-08-31 11:43:03,NHB250831114303.RAWLJ4P
2192,2025-08-31 11:50:07,NHB250831115007.RAWLJ4T,2025-08-31 11:53:04,NHB250831115304.RAWLJ4X,2025-08-31 12:00:07,NHB250831120007.RAWLJ50,2025-08-31 12:03:03,NHB250831120303.RAWLJ54
2193,2025-08-31 12:10:07,NHB250831121007.RAWLJ57,2025-08-31 12:13:03,NHB250831121303.RAWLJ5B,2025-08-31 12:20:08,NHB250831122008.RAWLJ5E,2025-08-31 12:23:04,NHB250831122304.RAWLJ5J
2194,2025-08-31 12:30:08,NHB250831123008.RAWLJ5M,2025-08-31 12:33:03,NHB250831123303.RAWLJ5S,2025-08-31 12:40:08,NHB250831124008.RAWLJ5V,2025-08-31 12:43:03,NHB250831124303.RAWLJ5Z
2195,2025-08-31 12:50:07,NHB250831125007.RAWLJ62,2025-08-31 12:53:04,NHB250831125304.RAWLJ66,2025-08-31 13:00:08,NHB250831130008.RAWLJ69,2025-08-31 13:03:05,NHB250831130305.RAWLJ6D
2196,2025-08-31 13:10:08,NHB250831131008.RAWLJ6G,2025-08-31 13:13:04,NHB250831131304.RAWLJ6L,2025-08-31 13:20:08,NHB250831132008.RAWLJ6P,2025-08-31 13:23:04,NHB250831132304.RAWLJ6U
2197,2025-08-31 13:30:09,NHB250831133009.RAWLJ6X,2025-08-31 13:33:03,NHB250831133303.RAWLJ71,2025-08-31 13:40:07,NHB250831134007.RAWLJ74,2025-08-31 13:43:03,NHB250831134303.RAWLJ78
2198,2025-08-31 13:50:07,NHB250831135007.RAWLJ7B,2025-08-31 13:53:04,NHB250831135304.RAWLJ7F,2025-08-31 14:00:08,NHB250831140008.RAWLJ7J,2025-08-31 14:03:04,NHB250831140304.RAWLJ7N
2199,2025-08-31 14:10:08,NHB250831141008.RAWLJ7S,2025-08-31 14:13:03,NHB250831141303.RAWLJ7W,2025-08-31 14:20:07,NHB250831142007.RAWLJ7Z,2025-08-31 14:23:03,NHB250831142303.RAWLJ83
2200,2025-08-31 14:30:07,NHB250831143007.RAWLJ86,2025-08-31 14:33:03,NHB250831143303.RAWLJ8A,2025-08-31 14:40:07,NHB250831144007.RAWLJ8D,2025-08-31 14:43:03,NHB250831144303.RAWLJ8H
2201,2025-08-31 14:50:07,NHB250831145007.RAWLJ8L,2025-08-31 14:53:05,NHB250831145305.RAWLJ8R,2025-08-31 15:00:08,NHB250831150008.RAWLJ8U,2025-08-31 15:03:03,NHB250831150303.RAWLJ8Y
2202,2025-08-31 15:10:08,NHB250831151008.RAWLJ91,2025-08-31 15:13:03,NHB250831151303.RAWLJ95,2025-08-31 15:20:08,NHB250831152008.RAWLJ98,2025-08-31 15:23:03,NHB250831152303.RAWLJ9C
2203,2025-08-31 15:30:08,NHB250831153008.RAWLJ9F,2025-08-31 15:33:04,NHB250831153304.RAWLJ9K,2025-08-31 15:40:08,NHB250831154008.RAWLJ9N,2025-08-31 15:43:03,NHB250831154303.RAWLJ9T
2204,2025-08-31 15:50:07,NHB250831155007.RAWLJ9W,2025-08-31 15:53:03,NHB250831155303.RAWLJA0,2025-08-31 16:00:08,NHB250831160008.RAWLJA3,2025-08-31 16:03:03,NHB250831160303.RAWLJA7
2205,2025-08-31 16:10:07,NHB250831161007.RAWLJAA,2025-08-31 16:13:03,NHB250831161303.RAWLJAE,2025-08-31 16:20:08,NHB250831162008.RAWLJAH,2025-08-31 16:23:04,NHB250831162304.RAWLJAM
2206,2025-08-31 16:30:08,NHB250831163008.RAWLJAR,2025-08-31 16:33:03,NHB250831163303.RAWLJAV,2025-08-31 16:40:07,NHB250831164007.RAWLJAY,2025-08-31 16:43:03,NHB250831164303.RAWLJB2
2207,2025-08-31 16:50:08,NHB250831165008.RAWLJB5,2025-08-31 16:53:03,NHB250831165303.RAWLJB9,2025-08-31 17:00:07,NHB250831170007.RAWLJBC,2025-08-31 17:03:03,NHB250831170303.RAWLJBG
2208,2025-08-31 17:10:08,NHB250831171008.RAWLJBK,2025-08-31 17:13:03,NHB250831171303.RAWLJBP,2025-08-31 17:20:07,NHB250831172007.RAWLJBT,2025-08-31 17:23:04,NHB250831172304.RAWLJBX
2209,2025-08-31 17:30:07,NHB250831173007.RAWLJC0,2025-08-31 17:33:04,NHB250831173304.RAWLJC4,2025-08-31 17:40:08,NHB250831174008.RAWLJC7,2025-08-31 17:43:04,NHB250831174304.RAWLJCB
2210,2025-08-31 17:50:07,NHB250831175007.RAWLJCE,2025-08-31 17:53:03,NHB250831175303.RAWLJCJ,2025-08-31 18:00:08,NHB250831180008.RAWLJCM,2025-08-31 18:03:04,NHB250831180304.RAWLJCS
2211,2025-08-31 18:10:07,NHB250831181007.RAWLJCV,2025-08-31 18:13:03,NHB250831181303.RAWLJCZ,2025-08-31 18:20:08,NHB250831182008.RAWLJD2,2025-08-31 18:23:03,NHB250831182303.RAWLJD6
2212,2025-08-31 18:30:08,NHB250831183008.RAWLJD9,2025-08-31 18:33:03,NHB250831183303.RAWLJDD,2025-08-31 18:40:08,NHB250831184008.RAWLJDG,2025-08-31 18:43:03,NHB250831184303.RAWLJDL
2213,2025-08-31 18:50:08,NHB250831185008.RAWLJDP,2025-08-31 18:53:04,NHB250831185304.RAWLJDU,2025-08-31 19:00:08,NHB250831190008.RAWLJDX,2025-08-31 19:03:03,NHB250831190303.RAWLJE1
2214,2025-08-31 19:10:08,NHB250831191008.RAWLJE4,2025-08-31 19:13:03,NHB250831191303.RAWLJE8,2025-08-31 19:20:07,NHB250831192007.RAWLJEB,2025-08-31 19:23:04,NHB250831192304.RAWLJEF
2215,2025-08-31 19:30:07,NHB250831193007.RAWLJEJ,2025-08-31 19:33:03,NHB250831193303.RAWLJEN,2025-08-31 19:40:07,NHB250831194007.RAWLJES,2025-08-31 19:43:04,NHB250831194304.RAWLJEW
2216,2025-08-31 19:50:08,NHB250831195008.RAWLJEZ,2025-08-31 19:53:03,NHB250831195303.RAWLJF3,2025-08-31 20:00:07,NHB250831200007.RAWLJF6,2025-08-31 20:03:03,NHB250831200303.RAWLJFA
2217,2025-08-31 20:10:08,NHB250831201008.RAWLJFD,2025-08-31 20:13:04,NHB250831201304.RAWLJFH,2025-08-31 20:20:08,NHB250831202008.RAWLJFL,2025-08-31 20:23:05,NHB250831202305.RAWLJFR
2218,2025-08-31 20:30:09,NHB250831203009.RAWLJFU,2025-08-31 20:33:03,NHB250831203303.RAWLJFY,2025-08-31 20:40:07,NHB250831204007.RAWLJG1,2025-08-31 20:43:03,NHB250831204303.RAWLJG5
2219,2025-08-31 20:50:08,NHB250831205008.RAWLJG8,2025-08-31 20:53:04,NHB250831205304.RAWLJGC,2025-08-31 21:00:07,NHB250831210007.RAWLJGF,2025-08-31 21:03:03,NHB250831210303.RAWLJGK
2220,2025-08-31 21:10:08,NHB250831211008.RAWLJGN,2025-08-31 21:13:03,NHB250831211303.RAWLJGT,2025-08-31 21:20:08,NHB250831212008.RAWLJGW,2025-08-31 21:23:04,NHB250831212304.RAWLJH0
2221,2025-08-31 21:30:08,NHB250831213008.RAWLJH3,2025-08-31 21:33:03,NHB250831213303.RAWLJH7,2025-08-31 21:40:08,NHB250831214008.RAWLJHA,2025-08-31 21:43:04,NHB250831214304.RAWLJHE
2222,2025-08-31 21:50:08,NHB250831215008.RAWLJHH,2025-08-31 21:53:04,NHB250831215304.RAWLJHM,2025-08-31 22:00:07,NHB250831220007.RAWLJHR,2025-08-31 22:03:03,NHB250831220303.RAWLJHV
2223,2025-08-31 22:10:08,NHB250831221008.RAWLJHY,2025-08-31 22:13:04,NHB250831221304.RAWLJJ2,2025-08-31 22:20:07,NHB250831222007.RAWLJJ5,2025-08-31 22:23:05,NHB250831222305.RAWLJJ9
2224,2025-08-31 22:30:08,NHB250831223008.RAWLJJC,2025-08-31 22:33:03,NHB250831223303.RAWLJJG,2025-08-31 22:40:07,NHB250831224007.RAWLJJK,2025-08-31 22:43:03,NHB250831224303.RAWLJJP
2225,2025-08-31 22:50:07,NHB250831225007.RAWLJJT,2025-08-31 22:53:04,NHB250831225304.RAWLJJX,2025-08-31 23:00:08,NHB250831230008.RAWLJK0,2025-08-31 23:03:03,NHB250831230303.RAWLJK4
2226,2025-08-31 23:10:08,NHB250831231008.RAWLJK7,2025-08-31 23:13:03,NHB250831231303.RAWLJKB,2025-08-31 23:20:08,NHB250831232008.RAWLJKE,2025-08-31 23:23:04,NHB250831232304.RAWLJKJ
2227,2025-08-31 23:30:08,NHB250831233008.RAWLJKM,2025-08-31 23:33:03,NHB250831233303.RAWLJKS,2025-08-31 23:40:08,NHB250831234008.RAWLJKV,2025-08-31 23:43:03,NHB250831234303.RAWLJKZ
